file,unit,ours_firing_rate_hz,ours_isi_cv,ours_lv,ours_fano_factor,elephant_firing_rate_hz,elephant_isi_cv,elephant_lv,elephant_fano_factor
sub-anm369962_ses-20170309.nwb,1001,19.725429334239625,1.9752872874196667,0.6793142381260043,8.860358793837364,19.72542932299125,1.9752872874196667,0.6793142381260042,8.860358793837364
sub-anm369962_ses-20170309.nwb,1002,5.412218490684521,1.6034519294008982,0.6776771946464891,2.5176088323247368,5.412218487598218,1.6034519294008982,0.6776771946464891,2.5176088323247368
sub-anm369962_ses-20170309.nwb,1003,10.728635410782697,3.1320706143271297,1.2594697949394398,10.387830503958877,10.728635404664722,3.1320706143271297,1.2594697949394398,10.387830503958877
sub-anm369962_ses-20170310.nwb,1,2.860913307175361,2.6261134510994424,0.9367158263822902,4.989536220038653,2.8609133055491296,2.6261134510994424,0.9367158263822903,4.989536220038653
sub-anm369962_ses-20170310.nwb,2,6.401670110353451,1.4764315572595463,0.860697309770521,2.7153256728176816,6.401670106714543,1.4764315572595463,0.860697309770521,2.7153256728176816
sub-anm369962_ses-20170310.nwb,3,5.422831899553536,5.384929368553027,0.86850172817317,12.033633504859917,5.42283189647103,5.384929368553027,0.86850172817317,12.033633504859917
sub-anm369962_ses-20170310.nwb,4,2.5857926950806114,3.031073210099545,1.0307879277440335,9.117033588800735,2.585792693610767,3.031073210099545,1.0307879277440335,9.117033588800735
sub-anm369962_ses-20170310.nwb,5,1.3733293364068493,1.6311761998807384,1.1061606014641554,4.835054184226369,1.3733293356262064,1.6311761998807384,1.1061606014641554,4.835054184226369
sub-anm369962_ses-20170310.nwb,6,2.550549972043681,1.8724666593542099,0.9392864946618953,5.7645864568348975,2.5505499705938695,1.8724666593542099,0.9392864946618953,5.7645864568348975
sub-anm369962_ses-20170310.nwb,7,2.083299676295986,1.5413415480726438,0.9727777313075124,3.0824158191740048,2.0832996751117743,1.5413415480726438,0.9727777313075124,3.0824158191740048
sub-anm369962_ses-20170310.nwb,8,2.050330677325954,1.2836689078552699,1.0892798066674596,1.6225947967336243,2.050330676160483,1.2836689078552699,1.0892798066674594,1.6225947967336243
sub-anm369962_ses-20170310.nwb,9,5.753658751287305,1.755450659959314,1.011307709856055,4.477079403998491,5.753658748016747,1.755450659959314,1.011307709856055,4.477079403998491
sub-anm369962_ses-20170310.nwb,10,48.16372847809965,2.458043017230383,0.5524610007799442,12.515693240694349,48.16372845072189,2.458043017230383,0.5524610007799442,12.515693240694349
sub-anm369962_ses-20170310.nwb,11,0.21373006228848318,1.3472607858806742,1.3334924860484978,2.339555125725339,0.2137300621669924,1.3472607858806742,1.3334924860484976,2.339555125725339
sub-anm369962_ses-20170310.nwb,12,6.162360652312357,3.0066187685863324,0.6957941670870323,14.239658315234257,6.16236064880948,3.0066187685863324,0.6957941670870323,14.239658315234257
sub-anm369962_ses-20170310.nwb,13,2.46073787140118,2.5733499848209265,1.126385607082646,6.311188679938681,2.4607378700024203,2.5733499848209265,1.1263856070826457,6.311188679938681
sub-anm369962_ses-20170310.nwb,14,2.255534274363567,1.8601532661225666,0.9316533541279202,4.565010997067449,2.2555342730814516,1.8601532661225666,0.93165335412792,4.565010997067449
sub-anm369962_ses-20170310.nwb,15,2.5926138672813077,1.2909454568847913,1.0357238103630237,1.7779592543501224,2.5926138658075857,1.2909454568847913,1.035723810363024,1.7779592543501224
sub-anm369962_ses-20170310.nwb,16,0.26829943989405336,4.223417276655403,1.9890145299206554,7.066563944530044,0.26829943974154363,4.223417276655403,1.9890145299206554,7.066563944530044
sub-anm369962_ses-20170310.nwb,17,0.6576746863504656,1.854668528383997,1.3348325227132503,2.579432996778503,0.6576746859766228,1.854668528383997,1.3348325227132503,2.579432996778503
sub-anm369962_ses-20170310.nwb,18,1.066376587375517,2.6516475656170586,0.9492924577790443,4.065220973056793,1.0663765867693555,2.6516475656170586,0.9492924577790443,4.065220973056793
sub-anm369962_ses-20170310.nwb,19,1.7314408769434035,2.248736893412502,1.1451631818672399,3.968595923118248,1.731440875959199,2.248736893412502,1.1451631818672399,3.968595923118248
sub-anm369962_ses-20170310.nwb,20,1.2425902025601707,1.4779821480826487,1.1323031716947078,1.8128493304499709,1.242590201853844,1.4779821480826487,1.1323031716947076,1.8128493304499709
sub-anm369962_ses-20170310.nwb,21,3.847141121192697,3.6545047530775694,0.9996733340262256,7.710987534923706,3.847141119005863,3.6545047530775694,0.9996733340262256,7.710987534923706
sub-anm369962_ses-20170310.nwb,22,1.6535658276521212,2.5630339533384356,0.8412468892598772,5.298345065470797,1.653565826712183,2.5630339533384356,0.8412468892598772,5.298345065470797
sub-anm369962_ses-20170310.nwb,23,3.5617887507969033,1.7487528804142434,1.092279876727707,3.8381129762353825,3.561788748772272,1.7487528804142434,1.092279876727707,3.8381129762353825
sub-anm369962_ses-20170310.nwb,24,0.7582869763107355,1.8451888303855306,0.9950669701785764,3.4954187678887836,0.7582869758797017,1.8451888303855306,0.9950669701785764,3.4954187678887836
sub-anm369962_ses-20170310.nwb,25,11.644877808621985,2.056397355859779,0.6672697474795563,7.039422820906517,11.644877802002675,2.056397355859779,0.6672697474795563,7.039422820906517
sub-anm369962_ses-20170310.nwb,26,0.4575869684633749,2.2573308311948717,1.1649027007888075,4.420874505928854,0.4575869682032683,2.2573308311948717,1.1649027007888073,4.420874505928854
sub-anm369962_ses-20170310.nwb,27,0.3626589886703518,1.632274554577048,1.4589635518491466,2.389851097178683,0.3626589884642052,1.632274554577048,1.4589635518491466,2.389851097178683
sub-anm369962_ses-20170310.nwb,28,12.469102782872785,2.561127139919882,0.5493730773199277,8.828212651680923,12.469102775784961,2.561127139919882,0.5493730773199277,8.828212651680923
sub-anm369962_ses-20170310.nwb,29,3.113865109617848,1.2933783302943573,0.9762972922120776,1.8685149689667766,3.1138651078478308,1.2933783302943573,0.9762972922120776,1.8685149689667766
sub-anm369962_ses-20170310.nwb,30,5.667257236745153,2.134914601738474,1.327908869827793,5.377554253670102,5.667257233523708,2.134914601738474,1.327908869827793,5.377554253670102
sub-anm369962_ses-20170310.nwb,31,0.17280302908430553,1.998364440314734,1.3725345703848364,4.715430622009569,0.17280302898607897,1.998364440314734,1.3725345703848364,4.715430622009569
sub-anm369962_ses-20170310.nwb,32,4.615091424787752,2.602696186432785,0.9219375449547839,6.278790421458084,4.615091422164392,2.602696186432785,0.9219375449547839,6.278790421458084
sub-anm369962_ses-20170310.nwb,33,30.76632878022381,2.0291842181321993,0.5596697435094643,7.711066712156205,30.766328762735274,2.0291842181321993,0.5596697435094642,7.711066712156205
sub-anm369962_ses-20170310.nwb,34,1.4682573161998724,2.349761082338505,1.0906552284227289,5.615235763558935,1.4682573153652696,2.349761082338505,1.0906552284227289,5.615235763558935
sub-anm369962_ses-20170310.nwb,35,1.8144318053852082,1.7672719141269442,0.8194297891721309,4.676965140123034,1.814431804353829,1.7672719141269442,0.8194297891721309,4.676965140123034
sub-anm369962_ses-20170310.nwb,36,2.321472272303631,2.616505688051434,0.9627701532477712,7.6423270412251805,2.3214722709840343,2.616505688051434,0.9627701532477712,7.6423270412251805
sub-anm369962_ses-20170310.nwb,37,0.2228249585560782,1.6718564323870495,1.4990290651625113,4.134415584415585,0.2228249584294176,1.6718564323870495,1.499029065162511,4.134415584415585
sub-anm369962_ses-20170310.nwb,38,2.9194617018980042,1.9663036811992065,0.9554342344335143,3.5907745681110166,2.9194617002384917,1.9663036811992065,0.9554342344335143,3.5907745681110166
sub-anm369962_ses-20170310.nwb,39,3.926153032517429,1.5624183340783773,0.9081663613305819,3.533943742843229,3.926153030285682,1.5624183340783773,0.9081663613305819,3.533943742843229
sub-anm369962_ses-20170310.nwb,40,12.13031789690487,1.784923848580923,0.6177707156174498,4.4900890346766635,12.130317890009621,1.784923848580923,0.6177707156174499,4.4900890346766635
sub-anm369962_ses-20170310.nwb,41,8.030224973269686,2.274580358385146,0.6903750599790678,7.480551064370612,8.030224968705058,2.274580358385146,0.6903750599790678,7.480551064370612
sub-anm369962_ses-20170310.nwb,42,1.136293602432654,3.2892680960505225,1.0634021448338977,5.3179314088862615,1.1362936017867495,3.2892680960505225,1.0634021448338977,5.3179314088862615
sub-anm369962_ses-20170310.nwb,43,16.976760745499572,2.506398946427653,0.7408920994426273,16.107826397301885,16.976760735849453,2.506398946427653,0.7408920994426273,16.107826397301885
sub-anm369962_ses-20170310.nwb,44,3.5003982009906367,2.5885498129611557,0.7626759978776211,12.506008075231037,3.500398199000902,2.5885498129611557,0.7626759978776212,12.506008075231037
sub-anm369962_ses-20170310.nwb,45,1.4602992819657268,2.635666353983861,1.1204810959035045,6.561750017693479,1.4602992811356474,2.635666353983861,1.1204810959035045,6.561750017693479
sub-anm369962_ses-20170310.nwb,46,6.012294863897038,2.1250763012418514,0.8104870257912202,8.979940984726724,6.012294860479464,2.1250763012418514,0.8104870257912202,8.979940984726724
sub-anm369962_ses-20170310.nwb,47,2.4237898553140753,1.973722756718352,1.0190309608086745,5.575865597816819,2.423789853936318,1.973722756718352,1.0190309608086745,5.575865597816819
sub-anm369962_ses-20170310.nwb,48,23.609213848643243,2.419278773491934,0.7848946004040437,9.137496935697808,23.609213835223038,2.419278773491934,0.7848946004040436,9.137496935697808
sub-anm369962_ses-20170310.nwb,49,5.618372169306829,2.76537931891642,1.062247785575919,9.756814502777674,5.618372166113172,2.76537931891642,1.062247785575919,9.756814502777674
sub-anm369962_ses-20170310.nwb,50,12.914184268968215,1.8404242306359773,0.78159971048349,7.452628731858397,12.914184261627394,1.8404242306359773,0.78159971048349,7.452628731858397
sub-anm369962_ses-20170310.nwb,51,7.140062001078822,3.2613796886050177,0.7836721203686209,12.42480689688864,7.14006199702019,3.2613796886050177,0.7836721203686208,12.42480689688864
sub-anm369962_ses-20170310.nwb,52,7.767609843542879,2.786455899937937,1.2753453720067118,8.224306248544721,7.7676098391275294,2.786455899937937,1.2753453720067118,8.224306248544721
sub-anm369962_ses-20170310.nwb,53,0.9975964343518297,1.3616860361953895,1.3166085328535921,1.8501343563843562,0.997596433784765,1.3616860361953895,1.3166085328535921,1.8501343563843562
sub-anm369962_ses-20170310.nwb,54,14.547286580018248,2.146681895661773,1.0497185312237403,8.211982437693598,14.54728657174912,2.146681895661773,1.04971853122374,8.211982437693598
sub-anm369962_ses-20170310.nwb,55,10.242558490362176,2.1162770064237235,1.2257819362755544,5.148301761019933,10.24255848453999,2.1162770064237235,1.2257819362755544,5.148301761019933
sub-anm369962_ses-20170310.nwb,56,5.505254396978616,2.1852815221965662,0.8073868105392945,7.7115111817712485,5.505254393849259,2.1852815221965662,0.8073868105392945,7.7115111817712485
sub-anm369962_ses-20170310.nwb,57,13.227958190200244,1.5244523643395256,0.8762863625200075,3.9358057580445425,13.227958182681064,1.5244523643395256,0.8762863625200075,3.9358057580445425
sub-anm369962_ses-20170310.nwb,58,2.4743802158025723,2.8626608115173435,0.7308767366509946,5.847173187770191,2.4743802143960583,2.8626608115173435,0.7308767366509947,5.847173187770191
sub-anm369962_ses-20170310.nwb,59,2.052604401392853,3.002733066559313,0.8401852778478571,6.2858750723798495,2.0526044002260893,3.002733066559313,0.8401852778478571,6.2858750723798495
sub-anm369962_ses-20170310.nwb,60,0.07219073912403554,1.4873184354633036,1.6647207364409935,2.3136676807444516,0.07219073908300008,1.4873184354633036,1.6647207364409935,2.3136676807444516
sub-anm369962_ses-20170310.nwb,61,6.502850831330446,2.0558416357370697,0.7651605836235628,5.0680069930069935,6.502850827634024,2.0558416357370697,0.7651605836235627,5.0680069930069935
sub-anm369962_ses-20170310.nwb,62,0.23817259600764482,2.7590517012110998,1.139956857351516,6.107993870687783,0.23817259587226014,2.7590517012110998,1.1399568573515158,6.107993870687783
sub-anm369962_ses-20170310.nwb,63,1.9178862504291017,1.5534476204558998,1.046221655908716,2.4759598803685945,1.9178862493389157,1.5534476204558998,1.046221655908716,2.4759598803685945
sub-anm369962_ses-20170310.nwb,64,27.08175892981437,2.495979281127366,0.5661848740448163,18.17287752612709,27.081758914420263,2.495979281127366,0.5661848740448163,18.17287752612709
sub-anm369962_ses-20170310.nwb,65,0.3223003864828988,1.7626468371387944,1.5217304097422701,2.646094877344878,0.3223003862996933,1.7626468371387944,1.5217304097422701,2.646094877344878
sub-anm369962_ses-20170310.nwb,66,0.6940542714208456,2.234633891058393,1.2781104735265294,2.7878224815724812,0.6940542710263237,2.234633891058393,1.2781104735265294,2.7878224815724812
sub-anm369962_ses-20170310.nwb,67,21.03535820491385,2.5610683324397017,1.3103667651604998,10.280678747426705,21.035358192956704,2.5610683324397017,1.3103667651604995,10.280678747426705
sub-anm369962_ses-20170310.nwb,68,0.030126843886408534,1.478574966302668,1.6036610459635319,1.5736599485420242,0.030126843869283503,1.478574966302668,1.603661045963532,1.5736599485420242
sub-anm369962_ses-20170310.nwb,69,2.1344584678012084,1.6492451621923383,0.7552594584863032,2.074466620263891,2.134458466587916,1.6492451621923383,0.755259458486303,2.074466620263891
sub-anm369962_ses-20170310.nwb,70,2.420379269213727,2.500450406761445,1.0949450192506325,7.32704161151202,2.4203792678379084,2.500450406761445,1.0949450192506325,7.32704161151202
sub-anm369962_ses-20170310.nwb,71,1.551248244641677,2.2914052970967127,0.9482754327234628,4.417552008727806,1.5512482437598996,2.2914052970967127,0.9482754327234628,4.417552008727806
sub-anm369962_ses-20170310.nwb,72,0.5917366884104015,2.141570453680875,1.1974848136183598,4.913806108636799,0.5917366880740401,2.141570453680875,1.19748481361836,4.913806108636799
sub-anm369962_ses-20170310.nwb,73,7.058207934670467,3.2815796864812277,0.7200090859614002,10.05634645866737,7.058207930658363,3.2815796864812277,0.7200090859614002,10.05634645866737
sub-anm369962_ses-20170310.nwb,74,2.3407989268722704,2.59281770703909,0.9674330836379653,7.283345291182833,2.340798925541688,2.59281770703909,0.9674330836379654,7.283345291182833
sub-anm369962_ses-20170310.nwb,1001,3.5680414919808747,2.2915471034255384,1.092370654659419,5.285681401798775,3.5680414899526895,2.2915471034255384,1.092370654659419,5.285681401798775
sub-anm369962_ses-20170310.nwb,1002,7.431098681641863,2.507336659727,1.2732137439896063,5.766605660173987,7.431098677417797,2.507336659727,1.2732137439896063,5.766605660173987
sub-anm369962_ses-20170310.nwb,1003,4.0529131492470345,2.405036054229381,1.2942383900005527,5.522776679841897,4.052913146943233,2.405036054229381,1.2942383900005527,5.522776679841897
sub-anm369962_ses-20170310.nwb,1004,12.572557227916677,1.516577293224418,0.8886498950859533,3.7286413164103283,12.572557220770047,1.516577293224418,0.8886498950859533,3.7286413164103283
sub-anm369962_ses-20170310.nwb,1005,1.772936341164306,1.9391052811807352,0.9972875654791145,2.7571772348363406,1.772936340156514,1.9391052811807352,0.9972875654791145,2.7571772348363406
sub-anm369962_ses-20170313.nwb,1,5.8914456434747615,1.687012147640461,0.9306033676987578,3.903468618681042,5.8914456408750215,1.687012147640461,0.9306033676987577,3.903468618681042
sub-anm369962_ses-20170313.nwb,2,7.106713511209724,2.2800759039349465,0.8640196887919923,6.357990179960113,7.106713508073719,2.2800759039349465,0.8640196887919922,6.357990179960113
sub-anm369962_ses-20170313.nwb,3,2.5430605380379787,1.5364333056366188,0.8592539379841758,2.6404176560678185,2.543060536915793,1.5364333056366188,0.8592539379841759,2.6404176560678185
sub-anm369962_ses-20170313.nwb,4,7.077148170927138,1.350914706712545,0.7021936258864155,2.788652039628203,7.07714816780418,1.350914706712545,0.7021936258864157,2.788652039628203
sub-anm369962_ses-20170313.nwb,5,3.035963300659603,2.97439267056689,0.7157335092140601,4.043931253269867,3.035963299319912,2.97439267056689,0.7157335092140601,4.043931253269867
sub-anm369962_ses-20170313.nwb,6,1.1971756445769626,2.6023250986759567,1.2107888663833193,7.781885678116002,1.1971756440486805,2.6023250986759567,1.2107888663833193,7.781885678116002
sub-anm369962_ses-20170313.nwb,7,11.936895820660308,1.4331460671934084,0.5946937161856788,3.82613116034626,11.93689581539287,1.4331460671934084,0.5946937161856787,3.82613116034626
sub-anm369962_ses-20170313.nwb,8,0.8997571468088562,1.9444114287300787,1.2005914093273837,3.8906666280144164,0.899757146411817,1.9444114287300787,1.200591409327384,3.8906666280144164
sub-anm369962_ses-20170313.nwb,9,12.873278687520726,1.9127041296579683,0.7362655368482551,7.911316200780307,12.873278681840088,1.9127041296579683,0.7362655368482551,7.911316200780307
sub-anm369962_ses-20170313.nwb,10,1.6057951237064383,3.0968528115831693,1.0803296608470154,16.14115377291032,1.605795122997843,3.0968528115831693,1.0803296608470156,16.14115377291032
sub-anm369962_ses-20170313.nwb,11,10.936086988407986,1.9067009067763425,0.6817966642560527,5.984648291056978,10.936086983582179,1.9067009067763425,0.6817966642560527,5.984648291056978
sub-anm369962_ses-20170313.nwb,12,2.57041950964276,3.1010862828565573,1.1021336117542964,11.120997025809762,2.5704195085085013,3.1010862828565573,1.1021336117542964,11.120997025809762
sub-anm369962_ses-20170313.nwb,13,21.38412522528552,2.203294771238838,1.013001522962257,11.435659166919868,21.384125215849267,2.203294771238838,1.013001522962257,11.435659166919868
sub-anm369962_ses-20170313.nwb,14,21.659921310011136,1.485084080852578,0.6574618668876931,4.256909417640573,21.65992130045318,1.485084080852578,0.6574618668876931,4.256909417640573
sub-anm369962_ses-20170313.nwb,15,3.6921373454387933,3.0492379861837895,1.0288596868905737,10.369097324972088,3.6921373438095504,3.0492379861837895,1.0288596868905737,10.369097324972088
sub-anm369962_ses-20170313.nwb,16,12.28153060813344,2.0099186134972213,1.3577948992312916,4.811513101547086,12.281530602713925,2.0099186134972213,1.3577948992312916,4.811513101547086
sub-anm369962_ses-20170313.nwb,17,10.39332029366797,1.514172431889725,0.6383690910258604,3.544222397857793,10.39332028908167,1.514172431889725,0.6383690910258604,3.544222397857793
sub-anm369962_ses-20170313.nwb,18,1.5674043087126321,2.0503428792270557,1.0322722852523416,5.262563484304772,1.567404308020978,2.0503428792270557,1.0322722852523416,5.262563484304772
sub-anm369962_ses-20170313.nwb,19,15.585788340014124,1.3739560096579138,0.6633079874453758,3.761048097150459,15.585788333136527,1.3739560096579138,0.6633079874453758,3.761048097150459
sub-anm369962_ses-20170313.nwb,20,0.5330586725576745,1.7924893597724736,1.4388623660221365,3.119455066502686,0.5330586723224497,1.7924893597724736,1.4388623660221365,3.119455066502686
sub-anm369962_ses-20170313.nwb,21,1.5859378056061937,2.4092210896374597,0.8653054391408025,5.8937767916384685,1.5859378049063613,2.4092210896374597,0.8653054391408026,5.8937767916384685
sub-anm369962_ses-20170313.nwb,22,4.612634357819016,2.372428797848586,0.669154579866912,5.95243936656661,4.612634355783582,2.372428797848586,0.669154579866912,5.95243936656661
sub-anm369962_ses-20170313.nwb,23,7.007426920708502,5.259517315122027,1.032351284545325,14.432175480194978,7.007426917616309,5.259517315122027,1.0323512845453249,14.432175480194978
sub-anm369962_ses-20170313.nwb,24,3.5593139510349356,3.793096612163313,1.1292349090888574,20.394634538546182,3.559313949464304,3.793096612163313,1.1292349090888574,20.394634538546182
sub-anm369962_ses-20170313.nwb,25,13.973374110274271,2.5463962443281196,0.577729740282614,13.404462618501205,13.97337410410819,2.5463962443281196,0.577729740282614,13.404462618501205
sub-anm369962_ses-20170313.nwb,26,1.7849522603441998,2.4089655439657536,0.9592020630922414,5.650808640989138,1.7849522595565472,2.4089655439657536,0.9592020630922415,5.650808640989138
sub-anm369962_ses-20170313.nwb,27,8.583656704132354,6.39374330262707,0.6792847656225426,41.06395528617784,8.583656700344612,6.39374330262707,0.6792847656225426,41.06395528617784
sub-anm369962_ses-20170313.nwb,28,8.593806000050257,2.581879956954363,0.7677215971558801,7.385782888154144,8.593805996258036,2.581879956954363,0.7677215971558801,7.385782888154144
sub-anm369962_ses-20170313.nwb,29,3.82451946610709,2.9799295679689393,0.8148533020740163,9.24703690012805,3.82451946441943,2.9799295679689393,0.8148533020740163,9.24703690012805
sub-anm369962_ses-20170313.nwb,30,27.40530534701521,2.6073802606728154,0.5678953504896422,19.633135311951424,27.40530533492197,2.6073802606728154,0.5678953504896422,19.633135311951424
sub-anm369962_ses-20170313.nwb,31,1.8449654883804942,2.3293176317677973,1.2689904751374244,5.932081684879619,1.8449654875663595,2.3293176317677973,1.2689904751374244,5.932081684879619
sub-anm369962_ses-20170313.nwb,32,2.91417174964477,1.6946991805947085,1.1277686653052756,3.938504073268878,2.914171748358823,1.6946991805947085,1.1277686653052756,3.938504073268878
sub-anm369962_ses-20170313.nwb,33,15.561077010822709,2.657392641111379,0.5577602175455249,13.752830149217404,15.561077003956015,2.657392641111379,0.5577602175455247,13.752830149217404
sub-anm369962_ses-20170313.nwb,34,0.17209675686878564,1.291524918661831,1.5017860542924475,2.012581860133691,0.17209675679284386,1.291524918661831,1.5017860542924475,2.012581860133691
sub-anm369962_ses-20170313.nwb,35,18.909903389995055,2.9448397370772597,0.7193155809118171,12.799305770856188,18.90990338165061,2.9448397370772597,0.719315580911817,12.799305770856188
sub-anm369962_ses-20170313.nwb,36,24.8829846745486,2.4992007142991324,0.45851229788261577,19.710332136329164,24.88298466356839,2.4992007142991324,0.4585122978826158,19.710332136329164
sub-anm369962_ses-20170313.nwb,37,2.493637879655148,2.8711690463896886,0.8063899381796099,5.758030420698384,2.493637878554771,2.8711690463896886,0.8063899381796099,5.758030420698384
sub-anm369962_ses-20170313.nwb,38,2.052364144094159,2.9304519537452984,0.9242954224556549,12.81422524689114,2.0523641431885045,2.9304519537452984,0.9242954224556549,12.81422524689114
sub-anm369962_ses-20170313.nwb,39,3.899536001152458,2.9709331344596652,0.921081407348131,9.219583777735261,3.8995359994316954,2.9709331344596652,0.921081407348131,9.219583777735261
sub-anm369962_ses-20170313.nwb,40,8.105315974784242,3.0449820809608514,0.786150704297852,11.63089381583053,8.10531597120758,3.0449820809608514,0.786150704297852,11.63089381583053
sub-anm369962_ses-20170313.nwb,41,0.18798261134898123,1.818023396786427,1.7595008665606386,2.4224150963714948,0.18798261126602944,1.818023396786427,1.7595008665606386,2.4224150963714948
sub-anm369962_ses-20170313.nwb,42,20.911079780764137,2.078566776569977,0.8578150042495827,10.727902503724426,20.911079771536627,2.078566776569977,0.8578150042495827,10.727902503724426
sub-anm369962_ses-20170313.nwb,43,16.053538499708772,2.7522059493796722,1.2410408178545256,7.357252745307399,16.053538492624767,2.7522059493796722,1.2410408178545258,7.357252745307399
sub-anm369962_ses-20170313.nwb,44,0.6283737994388481,2.5480514876420144,1.1682484327775768,5.0586548326501894,0.6283737991615632,2.5480514876420144,1.1682484327775768,5.0586548326501894
sub-anm369962_ses-20170313.nwb,45,7.230711430902363,2.5531382824628412,1.5177848156443072,5.264805060491729,7.23071142771164,2.5531382824628412,1.5177848156443072,5.264805060491729
sub-anm369962_ses-20170313.nwb,46,5.679634250405487,2.549389252828425,0.6609754320600677,5.2460016442896755,5.679634247899214,2.549389252828425,0.6609754320600677,5.2460016442896755
sub-anm369962_ses-20170313.nwb,47,33.497089266434664,2.335464897266916,1.087341671390246,10.830855288722391,33.49708925165328,2.335464897266916,1.087341671390246,10.830855288722391
sub-anm369962_ses-20170313.nwb,48,1.3714787701235531,2.3038687566154255,0.9906993677447498,5.423748438084564,1.3714787695183557,2.3038687566154255,0.9906993677447498,5.423748438084564
sub-anm369962_ses-20170313.nwb,49,26.033385303156095,3.5720731455996044,0.9765058531687555,18.006385411190095,26.03338529166825,3.5720731455996044,0.9765058531687556,18.006385411190095
sub-anm369962_ses-20170313.nwb,50,33.58093127619125,1.5231649149856503,0.37000353129404345,5.166439997519109,33.58093126137287,1.5231649149856503,0.37000353129404345,5.166439997519109
sub-anm369962_ses-20170313.nwb,51,29.567546651264056,1.4790453881075165,0.5356958419842437,6.258569752331356,29.567546638216676,1.4790453881075165,0.5356958419842437,6.258569752331356
sub-anm369962_ses-20170313.nwb,52,2.499815711953002,2.193093254010235,0.8634742916791674,4.740114252966017,2.499815710849899,2.193093254010235,0.8634742916791676,4.740114252966017
sub-anm369962_ses-20170313.nwb,53,8.571742313272207,2.717513297504301,0.6645660668605904,7.78111113571193,8.571742309489723,2.717513297504301,0.6645660668605903,7.78111113571193
sub-anm369962_ses-20170313.nwb,54,2.5796862580895406,2.9864856950609453,0.734510104634327,6.5858185412048496,2.579686256951193,2.9864856950609453,0.7345101046343269,6.5858185412048496
sub-anm369962_ses-20170313.nwb,55,3.5571075823571308,2.38486848417478,1.2244605621766294,5.852833546939478,3.557107580787473,2.38486848417478,1.2244605621766294,5.852833546939478
sub-anm369962_ses-20170313.nwb,56,0.7744354059095354,1.766808211282548,1.092662198961022,2.921005834989073,0.7744354055677974,1.766808211282548,1.092662198961022,2.921005834989073
sub-anm369962_ses-20170313.nwb,57,2.746929003867155,2.1066965804394004,0.8420512769930034,3.6394618084158425,2.746929002655008,2.1066965804394004,0.8420512769930035,3.6394618084158425
sub-anm369962_ses-20170313.nwb,58,17.244977585723444,2.804886586176347,0.4674252611097915,18.898564355563945,17.244977578113687,2.804886586176347,0.46742526110979143,18.898564355563945
sub-anm369962_ses-20170313.nwb,59,1.653452687147025,2.502798819278568,0.849654368104069,4.01542277786352,1.6534526864174,2.502798819278568,0.8496543681040691,4.01542277786352
sub-anm369962_ses-20170313.nwb,60,8.205043839021027,3.1015856402299975,0.508852733113534,9.396443512212462,8.205043835400357,3.1015856402299975,0.508852733113534,9.396443512212462
sub-anm369962_ses-20170313.nwb,61,2.5938070176274923,2.1895145269178604,0.7702222196777179,5.439129675854265,2.5938070164829132,2.1895145269178604,0.7702222196777179,5.439129675854265
sub-anm369962_ses-20170313.nwb,62,5.406485808093235,1.8714282110711737,0.795788416382548,5.498373661993879,5.406485805707495,1.8714282110711737,0.795788416382548,5.498373661993879
sub-anm369962_ses-20170313.nwb,63,1.1949692758991577,2.1466986025270707,1.0501461815406912,5.796607154608639,1.1949692753718493,2.1466986025270707,1.0501461815406914,5.796607154608639
sub-anm369962_ses-20170313.nwb,64,2.103993171154795,2.569726769987225,0.834619943148155,6.182014784639843,2.103993170226358,2.569726769987225,0.8346199431481551,6.182014784639843
sub-anm369962_ses-20170313.nwb,65,10.727364511487638,2.733647483502329,0.6166353190084459,12.26160371194233,10.727364506753934,2.733647483502329,0.6166353190084458,12.26160371194233
sub-anm369962_ses-20170313.nwb,66,0.671618625523825,2.344309556782897,1.4236757179797122,4.696565068018713,0.6716186252274573,2.344309556782897,1.423675717979712,4.696565068018713
sub-anm369962_ses-20170313.nwb,1001,1.5907918166973647,2.3224430533420684,1.0026566554425596,4.907157448698597,1.59079181599539,2.3224430533420684,1.0026566554425596,4.907157448698597
sub-anm369962_ses-20170313.nwb,1002,16.691179047594403,2.9084920243601147,0.7503718094646387,11.976394529283194,16.691179040229024,2.9084920243601147,0.7503718094646386,11.976394529283194
sub-anm369962_ses-20170313.nwb,1003,13.982640858721052,3.113040933414619,1.229896770678986,9.850154721769975,13.982640852550881,3.113040933414619,1.229896770678986,9.850154721769975
sub-anm369962_ses-20170313.nwb,1004,19.636681232464003,3.9432023041923356,1.0537820375329636,15.8259944191948,19.636681223798853,3.9432023041923356,1.0537820375329636,15.8259944191948
sub-anm369962_ses-20170313.nwb,1005,0.7232476525844607,1.7511713570701932,1.1018195160563633,2.8102700684920627,0.7232476522653105,1.7511713570701932,1.1018195160563633,2.8102700684920627
sub-anm369962_ses-20170314.nwb,1,11.272509937062585,3.8990012491821413,0.7884903658170747,6.864636301803977,11.272509931299798,3.8990012491821413,0.7884903658170747,6.864636301803977
sub-anm369962_ses-20170314.nwb,2,12.967731839615851,2.0716189612212474,0.6981070536616599,7.466219573547506,12.967731832986425,2.0716189612212474,0.6981070536616598,7.466219573547506
sub-anm369962_ses-20170314.nwb,3,4.441011057744339,2.630938676865209,1.1503055721862743,6.331754689682201,4.441011055473984,2.630938676865209,1.1503055721862743,6.331754689682201
sub-anm369962_ses-20170314.nwb,4,5.363772075268057,2.8974847524490692,0.7606313029633245,11.135301568550366,5.363772072525963,2.8974847524490692,0.7606313029633245,11.135301568550366
sub-anm369962_ses-20170314.nwb,5,3.209981401125441,2.8096252533914168,0.9750103324234385,5.964793628386973,3.2099813994844184,2.8096252533914168,0.9750103324234385,5.964793628386973
sub-anm369962_ses-20170314.nwb,6,19.073291303486076,2.687457959052274,0.5962949401274344,17.286925073924124,19.073291293735334,2.687457959052274,0.5962949401274346,17.286925073924124
sub-anm369962_ses-20170314.nwb,7,17.356086728493185,2.763335896228157,0.5258693889144199,23.52276950006886,17.356086719620322,2.763335896228157,0.5258693889144199,23.52276950006886
sub-anm369962_ses-20170314.nwb,8,5.035054438554622,2.8146013795183684,0.6271870779011675,6.252198903493856,5.035054435980577,2.8146013795183684,0.6271870779011675,6.252198903493856
sub-anm369962_ses-20170314.nwb,9,12.800050059146168,1.9212495830179641,0.9017781663401402,6.878185607544391,12.800050052602463,1.9212495830179641,0.9017781663401402,6.878185607544391
sub-anm369962_ses-20170314.nwb,10,8.356482876699546,1.744463854613709,1.6288518496597224,3.7866584772160987,8.356482872427506,1.744463854613709,1.6288518496597226,3.7866584772160987
sub-anm369962_ses-20170314.nwb,11,11.012296442370301,2.789265114267945,1.1334533691670945,6.6588319876841435,11.012296436740542,2.789265114267945,1.1334533691670945,6.6588319876841435
sub-anm369962_ses-20170314.nwb,12,5.599446772818435,2.3873176272989283,0.8567557509648752,5.633789861927357,5.5994467699558585,2.3873176272989283,0.8567557509648752,5.633789861927357
sub-anm369962_ses-20170314.nwb,13,20.4996088873593,2.4111170411222957,0.7643206102844716,17.015862133656608,20.499608876879392,2.4111170411222957,0.7643206102844715,17.015862133656608
sub-anm369962_ses-20170314.nwb,14,0.4902647178976426,1.4005611981660206,1.3498634727221435,2.117889152759299,0.4902647176470071,1.4005611981660206,1.3498634727221435,2.117889152759299
sub-anm369962_ses-20170314.nwb,15,4.363304866794973,2.4517646219988434,1.174287344034343,7.677279912973691,4.363304864564343,2.4517646219988434,1.174287344034343,7.677279912973691
sub-anm369962_ses-20170314.nwb,16,10.247503931447596,2.159734693435797,0.7512586087078231,6.279556434914646,10.247503926208818,2.159734693435797,0.751258608707823,6.279556434914646
sub-anm369962_ses-20170314.nwb,17,25.376183594372453,1.8487359317212313,0.47991670772405337,6.231097756855187,25.376183581399516,1.8487359317212313,0.47991670772405337,6.231097756855187
sub-anm369962_ses-20170314.nwb,18,8.964840555842608,2.3071176476281776,0.6796797021246742,6.71509867488596,8.964840551259558,2.3071176476281776,0.6796797021246743,6.71509867488596
sub-anm369962_ses-20170314.nwb,19,3.3556805091555013,1.6969515415896714,0.8685720870491974,3.0331504245607177,3.355680507439994,1.6969515415896714,0.8685720870491973,3.0331504245607177
sub-anm369962_ses-20170314.nwb,20,1.2673266273912993,3.155616068333421,0.9642616482585914,9.8478275253571,1.2673266267434105,3.155616068333421,0.9642616482585914,9.8478275253571
sub-anm369962_ses-20170314.nwb,21,0.6952659190206402,6.434586668354806,1.2613188934603816,4.321235234001624,0.6952659186652029,6.434586668354806,1.2613188934603816,4.321235234001624
sub-anm369962_ses-20170314.nwb,22,19.31816804996467,1.4736559158682194,0.732225429411109,4.380807829864258,19.318168040088743,1.4736559158682194,0.7322254294111091,4.380807829864258
sub-anm369962_ses-20170314.nwb,23,9.153482558871001,1.5137261345496738,0.5824031552690986,4.168468655255831,9.153482554191514,1.5137261345496738,0.5824031552690986,4.168468655255831
sub-anm369962_ses-20170314.nwb,24,31.39023379390099,1.8922593820721074,0.9031584273557567,7.892299151139753,31.390233777853524,1.8922593820721074,0.9031584273557567,7.892299151139753
sub-anm369962_ses-20170314.nwb,25,4.203802685372591,1.509163197980719,0.9160666191835765,2.9117442998441936,4.203802683223503,1.509163197980719,0.9160666191835763,2.9117442998441936
sub-anm369962_ses-20170314.nwb,26,13.069976827707123,2.2461062872302517,0.5492814692378736,12.682508638057275,13.069976821025426,2.2461062872302517,0.5492814692378736,12.682508638057275
sub-anm369962_ses-20170314.nwb,27,0.7320741147334976,2.099686169226852,1.2018137267647886,3.169105745597383,0.7320741143592431,2.099686169226852,1.2018137267647886,3.169105745597383
sub-anm369962_ses-20170314.nwb,28,5.955770556316513,3.2173945936507606,0.6598628177428727,15.197053649165207,5.955770553271775,3.2173945936507606,0.6598628177428726,15.197053649165207
sub-anm369962_ses-20170314.nwb,29,54.95719232399841,3.9084538603695953,0.47915365561218415,22.6113322176699,54.95719229590293,3.9084538603695953,0.47915365561218415,22.6113322176699
sub-anm369962_ses-20170314.nwb,30,2.4451888902027368,2.860853640191168,0.8160386663716039,5.429881486028646,2.4451888889526954,2.860853640191168,0.8160386663716039,5.429881486028646
sub-anm369962_ses-20170314.nwb,31,9.063506969350684,1.5427176928564796,0.9866854556509979,3.286204758849762,9.063506964717194,1.5427176928564796,0.9866854556509979,3.286204758849762
sub-anm369962_ses-20170314.nwb,32,8.749103630970026,2.5070094116403276,0.5940675077241878,10.411462190275447,8.749103626497266,2.5070094116403276,0.5940675077241878,10.411462190275447
sub-anm369962_ses-20170314.nwb,33,5.001824817424958,1.79747277428114,0.9245958387674137,3.177739113758565,5.001824814867901,1.79747277428114,0.9245958387674136,3.177739113758565
sub-anm369962_ses-20170314.nwb,34,3.1905548533880994,5.5247412680213825,0.714129656998925,10.842500559006297,3.1905548517570086,5.5247412680213825,0.714129656998925,10.842500559006297
sub-anm369962_ses-20170314.nwb,35,2.361859224908351,2.4047080492433195,0.8427563608474885,6.555261056436325,2.36185922370091,2.4047080492433195,0.8427563608474885,6.555261056436325
sub-anm369962_ses-20170314.nwb,36,4.5616601436920385,2.2454022781564293,0.7892701031092512,5.45918578589054,4.561660141360004,2.2454022781564293,0.789270103109251,5.45918578589054
sub-anm369962_ses-20170314.nwb,37,5.786043876085004,2.346593110570514,0.5880513741560546,6.3658011083497525,5.786043873127034,2.346593110570514,0.5880513741560546,6.3658011083497525
sub-anm369962_ses-20170314.nwb,38,7.5405678717312075,1.7988572598332022,0.6482685627534476,3.6103433307639676,7.540567867876282,1.7988572598332022,0.6482685627534476,3.6103433307639676
sub-anm369962_ses-20170314.nwb,39,9.295091867377412,2.5310574038906912,0.6973597262682928,11.177184170927836,9.29509186262553,2.5310574038906912,0.6973597262682928,11.177184170927836
sub-anm369962_ses-20170314.nwb,40,5.208359693369325,2.345383677845711,0.49787423728026303,5.925010918894433,5.208359690706682,2.345383677845711,0.49787423728026303,5.925010918894433
sub-anm369962_ses-20170314.nwb,41,4.421073285066542,1.6147614617860706,0.7553292084151195,3.2937572706813505,4.421073282806379,1.6147614617860706,0.7553292084151195,3.2937572706813505
sub-anm369962_ses-20170314.nwb,42,3.474795920281832,1.9365749861287032,0.7377181010093247,5.122825010192284,3.47479591850543,1.9365749861287032,0.7377181010093246,5.122825010192284
sub-anm369962_ses-20170314.nwb,43,2.3869092469907125,1.93611057665898,0.9539312961220002,3.1612176246353787,2.386909245770465,1.93611057665898,0.9539312961220001,3.1612176246353787
sub-anm369962_ses-20170314.nwb,44,8.533877931037901,1.4132157978726223,0.5963769738666911,3.376115813662344,8.53387792667517,1.4132157978726223,0.5963769738666911,3.376115813662344
sub-anm369962_ses-20170314.nwb,45,10.322142772754225,1.6075856075557795,0.5925077233358883,3.904112860657978,10.322142767477288,1.6075856075557795,0.5925077233358884,3.904112860657978
sub-anm369962_ses-20170314.nwb,46,8.159150049683396,1.4784611298779684,0.7709422619345294,3.4266150813928022,8.159150045512234,1.4784611298779684,0.7709422619345293,3.4266150813928022
sub-anm369962_ses-20170314.nwb,47,1.8179158882627915,1.8095927459960195,0.8141559485997595,3.5428880664316544,1.8179158873334276,1.8095927459960195,0.8141559485997594,3.5428880664316544
sub-anm369962_ses-20170314.nwb,1001,7.762439495889265,2.4219964253141524,1.315218903528862,5.134230798845355,7.7624394919209125,2.4219964253141524,1.3152189035288617,5.134230798845355
sub-anm369962_ses-20170314.nwb,1002,10.761796221546689,2.204200771725942,0.8116553560616215,7.745865887130524,10.76179621604499,2.204200771725942,0.8116553560616214,7.745865887130524
sub-anm369962_ses-20170314.nwb,1003,3.7186502168795124,2.7681336680864868,0.7552696282986394,8.526418773495426,3.7186502149784455,2.7681336680864868,0.7552696282986393,8.526418773495426
sub-anm369962_ses-20170314.nwb,1004,0.6952659190206402,2.034418240233426,1.2210764602007473,2.503588175178094,0.6952659186652029,2.034418240233426,1.2210764602007473,2.503588175178094
sub-anm369962_ses-20170316.nwb,1001,9.934715263484478,2.1591135383404976,0.703231339391582,6.4822232032463365,9.934715257372732,2.1591135383404976,0.7032313393915821,6.4822232032463365
sub-anm369962_ses-20170316.nwb,1002,14.316718905926729,2.7403579640155513,0.9270384616842468,11.751860134620598,14.316718897119216,2.7403579640155513,0.9270384616842469,11.751860134620598
sub-anm369962_ses-20170317.nwb,1,4.280528300988207,1.5180369464052907,0.6841999917122281,2.713050695731537,4.280528298545477,1.5180369464052907,0.6841999917122281,2.713050695731537
sub-anm369962_ses-20170317.nwb,2,2.06065693839067,1.8698844368912244,0.9451438341415355,3.5144588151529765,2.060656937214733,1.8698844368912244,0.9451438341415354,3.5144588151529765
sub-anm369962_ses-20170317.nwb,3,4.525341877994465,1.245625896803475,0.7192985483255079,1.9308029686453558,4.525341875412029,1.245625896803475,0.7192985483255079,1.9308029686453558
sub-anm369962_ses-20170317.nwb,4,3.7600854519679103,1.3766751483680661,0.8637678216790599,2.1197343807207933,3.760085449822176,1.3766751483680661,0.8637678216790599,2.1197343807207933
sub-anm369962_ses-20170317.nwb,5,1.2286331731805904,1.8848476407320418,1.530719003326627,4.078368738986103,1.2286331724794575,1.8848476407320418,1.530719003326627,4.078368738986103
sub-anm369962_ses-20170317.nwb,6,14.49707251810484,1.2725278843302983,0.5870458192821579,2.9927621659088954,14.497072509831927,1.2725278843302983,0.5870458192821579,2.9927621659088954
sub-anm369962_ses-20170317.nwb,7,3.296708704813874,2.598154923576417,0.9179125372273474,5.166164860338335,3.2967087029325715,2.598154923576417,0.9179125372273474,5.166164860338335
sub-anm369962_ses-20170317.nwb,8,10.170891335623624,1.9126783629718391,0.8461310047292792,6.684734746206109,10.170891329819494,1.9126783629718391,0.846131004729279,6.684734746206109
sub-anm369962_ses-20170317.nwb,9,8.390428957396294,1.4097292982599365,0.7622393810470469,3.6637420158538174,8.390428952608204,1.4097292982599365,0.7622393810470469,3.6637420158538174
sub-anm369962_ses-20170317.nwb,10,2.0920432944171132,3.1997489512048496,1.1491335142055572,11.845989215277125,2.092043293223266,3.1997489512048496,1.1491335142055572,11.845989215277125
sub-anm369962_ses-20170317.nwb,11,17.862260545158225,1.2777339166710573,0.8859964892502921,3.70807597277911,17.862260534964932,1.2777339166710573,0.8859964892502921,3.70807597277911
sub-anm369962_ses-20170317.nwb,12,2.8030869236707203,1.951248554530557,0.7915233842609752,3.5928975177034816,2.803086922071108,1.951248554530557,0.7915233842609752,3.5928975177034816
sub-anm369962_ses-20170317.nwb,13,3.1255103992150923,1.669718793283117,1.5020309842041581,2.547177269129704,3.1255103974314857,1.669718793283117,1.5020309842041581,2.547177269129704
sub-anm369962_ses-20170317.nwb,14,0.22712308542771714,3.452979040027646,1.5898986688360708,6.3960762167941825,0.22712308529810687,3.452979040027646,1.5898986688360708,6.3960762167941825
sub-anm369962_ses-20170317.nwb,15,2.4099014818121844,1.7855626383171705,1.1873897941952747,3.6883110567601776,2.409901480436948,1.7855626383171705,1.1873897941952747,3.6883110567601776
sub-anm369962_ses-20170317.nwb,16,7.348972598337038,1.8286405816629205,0.9839337201255121,5.581986180015587,7.348972594143267,1.8286405816629205,0.9839337201255121,5.581986180015587
sub-anm369962_ses-20170317.nwb,17,2.361965956244526,2.8650963948758394,1.1274009253167578,9.269975041577846,2.361965954896644,2.8650963948758394,1.1274009253167578,9.269975041577846
sub-anm369962_ses-20170317.nwb,18,11.725371950460563,2.070875566315177,0.7604218965191591,12.579286186240436,11.725371943769352,2.070875566315177,0.7604218965191591,12.579286186240436
sub-anm369962_ses-20170317.nwb,19,0.013695864447902542,1.0736067243703253,1.2043553391320654,1.1529758509222288,0.013695864440086846,1.0736067243703253,1.2043553391320656,1.1529758509222288
sub-anm369962_ses-20170317.nwb,20,3.7053019941763,2.4296266583125945,0.8843342597937675,6.351970251169609,3.7053019920618286,2.4296266583125945,0.8843342597937675,6.351970251169609
sub-anm369962_ses-20170317.nwb,21,9.936349656953293,2.315065590235161,1.5933041154564491,5.30473564467411,9.936349651283008,2.315065590235161,1.5933041154564493,5.30473564467411
sub-anm369962_ses-20170317.nwb,22,11.543331085507193,2.4103491752869948,0.617316461931039,23.583921954860063,11.543331078919863,2.4103491752869948,0.617316461931039,23.583921954860063
sub-anm369962_ses-20170317.nwb,23,6.911846258041482,1.6892490153483726,0.6582554330544526,4.843013411242173,6.911846254097162,1.6892490153483726,0.6582554330544526,4.843013411242173
sub-anm369962_ses-20170317.nwb,24,10.67992096427067,2.433334043865283,1.1206284013006342,8.81485220024327,10.679920958176055,2.433334043865283,1.1206284013006345,8.81485220024327
sub-anm369962_ses-20170317.nwb,25,14.078207330406487,2.18280385963512,0.7568838601678862,14.850452117407858,14.078207322372604,2.18280385963512,0.7568838601678862,14.850452117407858
sub-anm369962_ses-20170317.nwb,26,10.670790387972067,2.6368462945926616,1.4187079719016868,8.125645455963475,10.670790381882664,2.6368462945926616,1.4187079719016868,8.125645455963475
sub-anm369962_ses-20170317.nwb,27,32.461481385603676,1.7803522186239613,0.6009934878561736,9.209580586594637,32.46148136707917,1.7803522186239613,0.6009934878561736,9.209580586594637
sub-anm369962_ses-20170317.nwb,28,26.337147333316587,1.614629412100531,0.5396796712687696,5.423861375447602,26.337147318287006,1.614629412100531,0.5396796712687696,5.423861375447602
sub-anm369962_ses-20170317.nwb,29,12.303451562365783,2.5668175030284037,0.5739314410728651,9.50126938500339,12.303451555344683,2.5668175030284037,0.5739314410728651,9.50126938500339
sub-anm369962_ses-20170317.nwb,30,1.0882505625895895,2.1526996473815387,0.96724890682298,3.6940069177985686,1.0882505619685674,2.1526996473815387,0.9672489068229799,3.6940069177985686
sub-anm369962_ses-20170317.nwb,31,0.854279544937921,1.6757997639536995,1.2551212432718575,2.7258616872459505,0.854279544450417,1.6757997639536995,1.2551212432718577,2.7258616872459505
sub-anm369962_ses-20170317.nwb,32,4.251995250055076,2.942438212060604,0.8312236978503753,10.459141347352237,4.251995247628629,2.942438212060604,0.8312236978503753,10.459141347352237
sub-anm369962_ses-20170317.nwb,33,2.2061754981496344,1.92737872003811,0.9396670099591699,3.5602870137040954,2.206175496890656,1.92737872003811,0.93966700995917,3.5602870137040954
sub-anm369962_ses-20170317.nwb,34,13.35175585364899,5.1005207201752505,1.2120735592869718,19.924226393498895,13.351755846029665,5.1005207201752505,1.2120735592869716,19.924226393498895
sub-anm369962_ses-20170317.nwb,35,20.052457534785308,4.033882649836104,0.48383964521497075,32.306481112651355,20.052457523342152,4.033882649836104,0.48383964521497075,32.306481112651355
sub-anm369962_ses-20170317.nwb,36,27.275884709016573,2.5968705664593967,0.5399801686461274,17.532525539622604,27.275884693451292,2.5968705664593967,0.5399801686461275,17.532525539622604
sub-anm369962_ses-20170317.nwb,37,13.91899290619962,2.884529120739295,0.6212174766180903,14.088966961362479,13.918992898256594,2.884529120739295,0.6212174766180903,14.088966961362479
sub-anm369962_ses-20170317.nwb,38,1.149881952605151,3.39300147187525,1.1369728452258776,5.448556816460687,1.149881951948958,3.39300147187525,1.1369728452258778,5.448556816460687
sub-anm369962_ses-20170317.nwb,39,8.557632635864438,5.315114932540285,0.9679503226362183,33.25827202903471,8.557632630980931,5.315114932540285,0.9679503226362183,33.25827202903471
sub-anm369962_ses-20170317.nwb,40,7.7729737352033546,3.667179332994489,1.1874637604119391,9.461592664224852,7.772973730767622,3.667179332994489,1.1874637604119391,9.461592664224852
sub-anm369962_ses-20170317.nwb,41,2.2706601932585087,4.91913566034194,1.4052664667824866,17.971192170188413,2.270660191962732,4.91913566034194,1.4052664667824866,17.971192170188413
sub-anm369962_ses-20170317.nwb,42,9.635040639099438,2.5249312887835327,0.6482720087133216,11.715348366147422,9.635040633601097,2.5249312887835327,0.6482720087133216,11.715348366147422
sub-anm369962_ses-20170317.nwb,43,9.294356010957863,3.792799644342874,0.7903669814318511,21.828060771435474,9.294356005653936,3.792799644342874,0.7903669814318512,21.828060771435474
sub-anm369962_ses-20170317.nwb,44,6.240748900094258,2.0596030118725843,0.6398517860096352,4.6454214136409915,6.2407488965329065,2.0596030118725843,0.6398517860096353,4.6454214136409915
sub-anm369962_ses-20170317.nwb,45,16.005329590430108,6.612977579557458,0.5545653519985545,35.36453094553961,16.00532958129649,6.612977579557458,0.5545653519985545,35.36453094553961
sub-anm369962_ses-20170317.nwb,46,75.84712665146562,2.432083281355186,0.3934188319011395,22.250450873020498,75.84712660818262,2.432083281355186,0.39341883190113947,22.250450873020498
sub-anm369962_ses-20170317.nwb,47,0.0776098985381144,2.4227230161356847,1.3938574619485626,1.407712828428576,0.07760989849382546,2.4227230161356847,1.3938574619485626,1.407712828428576
sub-anm369962_ses-20170317.nwb,48,1.7119830559878177,7.459370857899449,1.242954154837154,8.344648031945235,1.7119830550108557,7.459370857899449,1.242954154837154,8.344648031945235
sub-anm369962_ses-20170317.nwb,49,23.921539241317777,2.4831714722245075,0.8495235849148283,21.674649832309765,23.92153922766669,2.4831714722245075,0.8495235849148284,21.674649832309765
sub-anm369962_ses-20170317.nwb,50,2.0349771925508526,1.8161230967450903,0.84737421864458,3.2439557985525336,2.0349771913895705,1.8161230967450903,0.8473742186445801,3.2439557985525336
sub-anm369962_ses-20170317.nwb,51,2.328296956143432,1.8976582032901466,0.945713642198789,3.6029534803082663,2.328296954814764,1.8976582032901466,0.9457136421987888,3.6029534803082663
sub-anm369962_ses-20170317.nwb,52,3.1112438737485273,3.257972602999709,1.0402185228350727,8.03920603145891,3.1112438719730617,3.257972602999709,1.0402185228350727,8.03920603145891
sub-anm369962_ses-20170317.nwb,53,6.247026171299547,2.6297029033688823,1.63155614749692,4.608204411328742,6.247026167734613,2.6297029033688823,1.63155614749692,4.608204411328742
sub-anm369962_ses-20170317.nwb,54,1.7610599035928018,1.9521489948781285,0.7591914499551259,3.6128880441602007,1.7610599025878337,1.9521489948781285,0.7591914499551259,3.6128880441602007
sub-anm369962_ses-20170317.nwb,55,2.3060411764155906,8.427096510015692,0.8891418310432861,8.443880910908481,2.306041175099623,8.427096510015692,0.8891418310432861,8.443880910908481
sub-anm369962_ses-20170317.nwb,56,9.463842333500656,2.024712988289965,0.9313590063760108,5.9235102858609965,9.46384232810001,2.024712988289965,0.9313590063760109,5.9235102858609965
sub-anm369962_ses-20170317.nwb,57,29.542550275144443,2.270913901439627,0.386046216406188,17.361673837033102,29.542550258285665,2.270913901439627,0.386046216406188,17.361673837033102
sub-anm369962_ses-20170317.nwb,1001,9.399928299410444,4.452024200412427,1.4520073457959979,14.276072005334917,9.399928294046273,4.452024200412427,1.4520073457959977,14.276072005334917
sub-anm369962_ses-20170317.nwb,1002,10.009394267342108,3.4862796583106728,1.2724122321733127,7.863166645093184,10.009394261630137,3.4862796583106728,1.272412232173313,7.863166645093184
sub-anm369963_ses-20170226.nwb,1,6.176254713671373,1.7581778389779552,0.4914654102116915,3.115417376706696,6.176254709805735,1.7581778389779552,0.49146541021169143,3.115417376706696
sub-anm369963_ses-20170226.nwb,2,7.989449880423092,1.5227324326519696,0.7702953695304648,3.320703023314984,7.989449875422599,1.5227324326519696,0.770295369530465,3.320703023314984
sub-anm369963_ses-20170226.nwb,3,2.116750450105045,1.8088506036802647,0.8607294448687133,3.2543910224859722,2.116750448780198,1.8088506036802647,0.8607294448687133,3.2543910224859722
sub-anm369963_ses-20170226.nwb,4,11.980106553950522,1.2699402725612374,0.554818538225904,3.284480090735644,11.980106546452328,1.2699402725612374,0.554818538225904,3.284480090735644
sub-anm369963_ses-20170226.nwb,5,14.623854011444227,1.9957829655932127,0.5210195523453943,10.142261847210575,14.623854002291345,1.9957829655932127,0.5210195523453944,10.142261847210575
sub-anm369963_ses-20170226.nwb,6,0.15271647244992045,1.480685838952092,1.3748348764686285,2.035833726584461,0.1527164723543372,1.480685838952092,1.3748348764686285,2.035833726584461
sub-anm369963_ses-20170226.nwb,7,13.546076283744378,1.2836446270748783,0.6368651363449411,2.9956306273198656,13.546076275266064,1.2836446270748783,0.6368651363449411,2.9956306273198656
sub-anm369963_ses-20170226.nwb,8,6.812781977940099,2.7830334312131555,0.7286669731646113,10.690335645785986,6.812781973676066,2.7830334312131555,0.7286669731646113,10.690335645785986
sub-anm369963_ses-20170226.nwb,9,4.67037015336601,2.524916655772626,0.6614925088042897,6.305218698393094,4.670370150442886,2.524916655772626,0.6614925088042897,6.305218698393094
sub-anm369963_ses-20170226.nwb,10,46.597300712690895,1.8022375973797318,0.5886040351334122,8.122910723696764,46.59730068352624,1.8022375973797318,0.5886040351334121,8.122910723696764
sub-anm369963_ses-20170226.nwb,11,29.95746408747128,3.3881138029870543,0.4225562220272364,22.697693161496158,29.95746406872129,3.3881138029870543,0.4225562220272364,22.697693161496158
sub-anm369963_ses-20170226.nwb,12,7.827970987422767,2.3743699444682425,0.6414666220042843,6.58295229515026,7.827970982523341,2.3743699444682425,0.6414666220042844,6.58295229515026
sub-anm369963_ses-20170226.nwb,13,13.524796119550537,2.587819287423052,0.6169099702304951,17.76762871887791,13.524796111085541,2.587819287423052,0.6169099702304951,17.76762871887791
sub-anm369963_ses-20170226.nwb,14,4.659730071269089,1.7696298841126608,0.7394047465786849,3.631313234894861,4.659730068352625,1.7696298841126608,0.7394047465786849,3.631313234894861
sub-anm369963_ses-20170226.nwb,15,7.810446146321956,2.798511596060883,0.5637797310386041,10.186936982791917,7.8104461414334985,2.798511596060883,0.5637797310386041,10.186936982791917
sub-anm369963_ses-20170226.nwb,16,17.380887048911028,1.599549658817978,0.7205424845561175,4.713133043960695,17.380887038032554,1.599549658817978,0.7205424845561175,4.713133043960695
sub-anm369963_ses-20170226.nwb,17,6.767718100823729,2.9198642801753083,0.47163313000840673,10.796072833111118,6.767718096587902,2.9198642801753083,0.4716331300084068,10.796072833111118
sub-anm369963_ses-20170226.nwb,18,0.7103819517649989,5.110151144530653,0.8916933740715247,3.743481664856401,0.71038195132038,5.110151144530653,0.8916933740715247,3.743481664856401
sub-anm369963_ses-20170226.nwb,19,1.4908632679332399,2.0211033095482853,0.9236748340552857,4.609302770360516,1.4908632670001278,2.0211033095482853,0.9236748340552856,4.609302770360516
sub-anm369963_ses-20170226.nwb,20,2.5385984108888415,1.9232303587199824,0.7977665190909822,2.8784939507717984,2.5385984092999654,1.9232303587199824,0.7977665190909822,2.8784939507717984
sub-anm369963_ses-20170226.nwb,21,13.899076654489276,2.0572076319898582,0.6261557810174482,6.670507636279035,13.899076645790023,2.0572076319898582,0.6261557810174483,6.670507636279035
sub-anm369963_ses-20170226.nwb,22,1.313737195378619,2.5041810592856075,1.0586794925923098,7.962805162002765,1.3137371945563678,2.5041810592856075,1.0586794925923098,7.962805162002765
sub-anm369963_ses-20170226.nwb,23,7.439295047294076,2.956315065895959,0.4881692764725843,19.329073423219373,7.439295042637917,2.956315065895959,0.48816927647258423,19.329073423219373
sub-anm369963_ses-20170226.nwb,24,0.4612788532606204,2.3713126697253655,1.0869798152371368,2.563221835978827,0.4612788529719119,2.3713126697253655,1.0869798152371368,2.563221835978827
sub-anm369963_ses-20170226.nwb,25,1.9821847059381068,1.658779497506487,1.571380247000845,2.8362720925628144,1.982184704697483,1.658779497506487,1.571380247000845,2.8362720925628144
sub-anm369963_ses-20170226.nwb,26,4.0601301507485,1.294046754230931,0.8821609410528676,1.9931173601655994,4.060130148207317,1.294046754230931,0.8821609410528675,1.9931173601655994
sub-anm369963_ses-20170226.nwb,27,1.9765517212985606,2.2059976627333,0.9409330458259859,5.078244575827447,1.9765517200614624,2.2059976627333,0.9409330458259859,5.078244575827447
sub-anm369963_ses-20170226.nwb,28,2.1718285221361637,3.190073385139005,0.6010094606136651,3.90058177909707,2.1718285207768444,3.190073385139005,0.6010094606136651,3.90058177909707
sub-anm369963_ses-20170226.nwb,29,26.25721906647157,1.704539329662244,0.5820354396052765,7.091005490272453,26.257219050037513,1.704539329662244,0.5820354396052765,7.091005490272453
sub-anm369963_ses-20170226.nwb,30,2.569892769997432,2.098316911096618,0.7468715160421412,4.165072999798213,2.569892768388969,2.098316911096618,0.7468715160421413,4.165072999798213
sub-anm369963_ses-20170226.nwb,31,18.757838849689,2.156121111320238,0.6207083673277451,12.615209869861518,18.75783883794871,2.156121111320238,0.6207083673277453,12.615209869861518
sub-anm369963_ses-20170226.nwb,32,0.5044650688304749,2.120078631808447,1.5168381342727941,5.1283738668372685,0.5044650685147367,2.120078631808447,1.5168381342727941,5.1283738668372685
sub-anm369963_ses-20170226.nwb,33,0.5188604740204265,3.0169921614251107,1.129667600269393,3.692324241248484,0.5188604736956783,3.0169921614251107,1.1296676002693933,3.692324241248484
sub-anm369963_ses-20170226.nwb,34,2.682552462788357,1.3322952883551868,0.8466523149621661,2.102778379647448,2.6825524611093816,1.3322952883551868,0.8466523149621661,2.102778379647448
sub-anm369963_ses-20170226.nwb,35,1.3005935645530111,2.471723955839551,0.98293275005488,3.6707506134352252,1.3005935637389863,2.471723955839551,0.98293275005488,3.6707506134352252
sub-anm369963_ses-20170226.nwb,36,13.654980653442273,2.9970368464797663,0.5082416769117966,18.27200089055721,13.654980644895796,2.9970368464797663,0.5082416769117966,18.27200089055721
sub-anm369963_ses-20170226.nwb,37,6.027919451496655,2.7236319879466624,0.782458577590937,11.20712728986199,6.027919447723858,2.7236319879466624,0.782458577590937,11.20712728986199
sub-anm369963_ses-20170226.nwb,38,4.613414419788375,3.0673612024309653,0.8898495456106109,9.894888706528254,4.613414416900899,3.0673612024309653,0.8898495456106108,9.894888706528254
sub-anm369963_ses-20170226.nwb,39,22.181441736168775,2.0419696637748546,0.6846559789764168,11.25354195566128,22.181441722285694,2.0419696637748546,0.6846559789764168,11.25354195566128
sub-anm369963_ses-20170226.nwb,40,24.983538650751946,2.3058191430652633,0.6196762153175678,20.28825609447488,24.98353863511507,2.3058191430652633,0.6196762153175679,20.28825609447488
sub-anm369963_ses-20170226.nwb,41,12.29492780658294,2.3858495236042505,0.5351212181762707,11.394264847960786,12.294927798887704,2.3858495236042505,0.5351212181762708,11.394264847960786
sub-anm369963_ses-20170226.nwb,42,4.8587621951997235,1.612298729800065,0.5474404856864687,3.027792614657282,4.858762192158687,1.612298729800065,0.5474404856864687,3.027792614657282
sub-anm369963_ses-20170226.nwb,43,21.326479845322087,1.6882649931872034,0.5170866731662639,12.015536236636699,21.32647983197412,1.6882649931872034,0.517086673166264,12.015536236636699
sub-anm369963_ses-20170226.nwb,44,28.460341947716323,1.9182792171091896,0.35876502287922624,14.858645879481653,28.46034192990336,1.9182792171091896,0.35876502287922624,14.858645879481653
sub-anm369963_ses-20170226.nwb,45,10.640707984102859,1.9068685342150389,0.7145874124631156,6.952688603534255,10.640707977442977,1.9068685342150389,0.7145874124631155,6.952688603534255
sub-anm369963_ses-20170226.nwb,46,1.4013614008826718,3.051555449482166,0.8583049062264219,7.279981229328084,1.4013614000055776,3.051555449482166,0.8583049062264216,7.279981229328084
sub-anm369963_ses-20170226.nwb,47,15.180893603577134,1.5729506392960642,0.47048615294582435,6.465642994786568,15.180893594075608,1.5729506392960642,0.4704861529458243,6.465642994786568
sub-anm369963_ses-20170226.nwb,1001,2.482268564493379,1.3070615319860945,0.8697432038816084,1.914012535841259,2.482268562939759,1.3070615319860945,0.8697432038816086,1.914012535841259
sub-anm369963_ses-20170226.nwb,1002,14.205135486571288,1.8747709616044608,0.761810780536058,7.50248096073564,14.205135477680479,1.8747709616044608,0.7618107805360581,7.50248096073564
sub-anm369963_ses-20170227.nwb,1,22.625520539234117,1.621078712131755,0.6035483771232237,3.1712067916671463,22.62552052749647,1.621078712131755,0.6035483771232237,3.1712067916671463
sub-anm369963_ses-20170227.nwb,2,2.3739339643577675,2.9846125341529475,0.667496690137142,4.788706366247861,2.37393396312622,2.9846125341529475,0.667496690137142,4.788706366247861
sub-anm369963_ses-20170227.nwb,3,4.251914941406526,2.0239311583507855,0.6746552729225685,5.4968884730735965,4.251914939200721,2.0239311583507855,0.6746552729225685,5.4968884730735965
sub-anm369963_ses-20170227.nwb,4,3.920933763683568,1.779373051254295,0.7992154500832678,2.7546572069495214,3.9209337616494695,1.779373051254295,0.7992154500832678,2.7546572069495214
sub-anm369963_ses-20170227.nwb,5,8.65531343123798,1.581206837648724,0.7498681407107047,3.531800288695608,8.655313426747783,1.581206837648724,0.7498681407107048,3.531800288695608
sub-anm369963_ses-20170227.nwb,6,5.439400702860838,2.738441849866055,0.6904406637024114,7.724049125702197,5.43940070003899,2.738441849866055,0.6904406637024114,7.724049125702197
sub-anm369963_ses-20170227.nwb,7,12.352653327212153,2.0467898554741963,0.6608212142595971,5.209133592845873,12.352653320803853,2.0467898554741963,0.6608212142595971,5.209133592845873
sub-anm369963_ses-20170227.nwb,8,4.973018134251215,2.2593050478548613,0.8252276905737819,4.556904605869728,4.973018131671317,2.2593050478548613,0.825227690573782,4.556904605869728
sub-anm369963_ses-20170227.nwb,9,1.5853894657074603,2.98403142110385,0.9354883143434779,4.457477026351807,1.585389464884993,2.98403142110385,0.935488314343478,4.457477026351807
sub-anm369963_ses-20170227.nwb,10,8.193599876107207,2.8456037949853994,0.6332296536378961,12.997783574517767,8.193599871856538,2.8456037949853994,0.6332296536378961,12.997783574517767
sub-anm369963_ses-20170227.nwb,11,6.192149431506625,2.2404592892435127,0.8215765751917683,7.146427558319335,6.192149428294266,2.2404592892435127,0.8215765751917685,7.146427558319335
sub-anm369963_ses-20170227.nwb,12,1.1828167479754612,2.5567573229607237,0.9846921422076985,5.181462473611414,1.1828167473618405,2.5567573229607237,0.9846921422076984,5.181462473611414
sub-anm369963_ses-20170227.nwb,13,2.423217995523412,3.0568466257713016,0.6402603290177586,10.084882243311117,2.4232179942662966,3.0568466257713016,0.6402603290177586,10.084882243311117
sub-anm369963_ses-20170227.nwb,14,32.63225398296161,2.3468506928948467,0.48430290756707145,10.404591658155987,32.63225396603267,2.3468506928948467,0.4843029075670714,10.404591658155987
sub-anm369963_ses-20170227.nwb,15,0.459119658753633,2.8833822657280144,1.030436544390806,3.3183762336779434,0.4591196585154512,2.8833822657280144,1.030436544390806,3.3183762336779434
sub-anm369963_ses-20170227.nwb,16,0.7434107016880859,2.590186864055486,1.0273810101513234,3.193239598324034,0.7434107013024199,2.590186864055486,1.0273810101513234,3.193239598324034
sub-anm369963_ses-20170227.nwb,17,3.1329080443086887,2.8563636964876196,0.7329336345877022,8.153547497971347,3.132908042683401,2.8563636964876196,0.7329336345877022,8.153547497971347
sub-anm369963_ses-20170227.nwb,18,18.38605630043786,1.8087622351662456,0.7119373631860033,6.746854584809936,18.386056290899557,1.8087622351662456,0.7119373631860033,6.746854584809936
sub-anm369963_ses-20170227.nwb,19,9.18239317507266,2.2532969633039577,0.6686985024078332,8.979841057739646,9.182393170309025,2.2532969633039577,0.6686985024078331,8.979841057739646
sub-anm369963_ses-20170227.nwb,20,4.363452485623511,1.9150660290616548,0.8484526682190137,4.871665229439219,4.3634524833598425,1.9150660290616548,0.8484526682190137,4.871665229439219
sub-anm369963_ses-20170227.nwb,21,12.256679161258003,1.6482877956281734,0.6108454613047444,3.6537487007948553,12.256679154899492,1.6482877956281734,0.6108454613047444,3.6537487007948553
sub-anm369963_ses-20170227.nwb,22,4.647224749282536,2.4324937017059245,0.7559679433986702,4.795350872073364,4.647224746871652,2.4324937017059245,0.7559679433986702,4.795350872073364
sub-anm369963_ses-20170227.nwb,23,18.257917819407183,1.592045575565562,0.5664536980102168,3.8250118430692517,18.257917809935357,1.592045575565562,0.5664536980102168,3.8250118430692517
sub-anm369963_ses-20170227.nwb,24,3.7896826070003264,1.7504453510080313,0.7603521850418641,3.753194040914396,3.7896826050343178,1.7504453510080313,0.7603521850418642,3.753194040914396
sub-anm369963_ses-20170227.nwb,25,0.7802440302434621,1.9790246530093893,1.1816155579762593,3.040395735852388,0.7802440298386877,1.9790246530093893,1.1816155579762593,3.040395735852388
sub-anm369963_ses-20170227.nwb,26,4.030396190798841,1.9997468758282906,0.6688333167926854,3.5970285537424243,4.030396188707956,1.9997468758282906,0.6688333167926854,3.5970285537424243
sub-anm369963_ses-20170227.nwb,27,9.739043337606725,2.0023919632142158,0.6144748216352638,7.443225687416796,9.739043332554312,2.0023919632142158,0.6144748216352638,7.443225687416796
sub-anm369963_ses-20170227.nwb,28,2.538905773943819,2.666629277272932,0.9664752684853489,6.13019202105381,2.5389057726266873,2.666629277272932,0.9664752684853489,6.13019202105381
sub-anm369963_ses-20170227.nwb,29,22.74224587620538,1.7089023617561756,0.6491332564248216,9.107514057320437,22.742245864407177,1.7089023617561756,0.6491332564248216,9.107514057320437
sub-anm369963_ses-20170227.nwb,30,7.633837037920575,2.2294575789119038,1.308791351522875,4.750545249082498,7.633837033960299,2.2294575789119038,1.308791351522875,4.750545249082498
sub-anm369963_ses-20170227.nwb,31,25.742346426004545,1.963452715360886,0.5859384827395132,12.100716951086747,25.74234641264995,1.963452715360886,0.5859384827395133,12.100716951086747
sub-anm369963_ses-20170227.nwb,32,6.231057877163712,3.18805686751645,0.5581892491598713,15.84224553322663,6.231057873931169,3.18805686751645,0.5581892491598713,15.84224553322663
sub-anm369963_ses-20170227.nwb,33,17.98037090705329,1.744181702117674,0.4471456993542902,10.508091684376256,17.98037089772545,1.744181702117674,0.44714569935429016,10.508091684376256
sub-anm369963_ses-20170227.nwb,34,39.96053002765519,2.069695658425775,0.42572036144747344,11.351685230805762,39.96053000692449,2.069695658425775,0.4257203614474734,11.351685230805762
sub-anm369963_ses-20170227.nwb,35,13.063899713823712,2.307448411125133,0.5132124276401626,7.801476372341305,13.063899707046433,2.307448411125133,0.5132124276401626,7.801476372341305
sub-anm369963_ses-20170227.nwb,36,22.2784572039729,2.0706732393927574,0.4176855787673545,10.326923493145179,22.278457192415296,2.0706732393927574,0.41768557876735446,10.326923493145179
sub-anm369963_ses-20170227.nwb,37,11.066080724151124,2.804579828447576,0.4815801590222038,14.719288969495041,11.066080718410271,2.804579828447576,0.48158015902220386,14.719288969495041
sub-anm369963_ses-20170227.nwb,38,0.26872766467161796,2.9238600056938937,1.4193243347649076,3.708161777663852,0.2687276645322076,2.9238600056938937,1.4193243347649076,3.708161777663852
sub-anm369963_ses-20170227.nwb,39,2.626060692215695,2.881873308224159,0.6790152684018508,4.828056989594586,2.626060690853349,2.881873308224159,0.6790152684018507,4.828056989594586
sub-anm369963_ses-20170227.nwb,40,0.2329318946670974,2.6543321631988217,1.0888222612962852,2.5176729754456653,0.23293189454625718,2.6543321631988217,1.0888222612962852,2.5176729754456653
sub-anm369963_ses-20170227.nwb,1001,15.790603585472407,1.7224674949423948,0.49076943954624747,8.836481082966012,15.790603577280569,1.7224674949423948,0.49076943954624747,8.836481082966012
sub-anm369963_ses-20170227.nwb,1002,2.2743283434756236,2.04673880432363,0.8243875991337051,3.938276115334525,2.274328342295749,2.04673880432363,0.824387599133705,3.938276115334525
sub-anm369963_ses-20170228.nwb,1001,1.5432498509798789,3.9537371873502756,0.8733299264917013,4.856444115019445,1.5432498495614033,3.9537371873502756,0.8733299264917012,4.856444115019445
sub-anm369963_ses-20170301.nwb,1001,7.8834491881861,2.125565892037493,0.6152651407626651,5.456492768332911,7.883449182929501,2.125565892037493,0.6152651407626651,5.456492768332911
sub-anm369963_ses-20170301.nwb,1002,3.1572470528682386,3.4504169579867328,0.646608512959854,7.0564273143259415,3.15724705076302,3.4504169579867328,0.646608512959854,7.0564273143259415
sub-anm369963_ses-20170301.nwb,1003,6.347833567751981,2.218931582176652,0.678870630659702,7.348501400560225,6.3478335635193135,2.218931582176652,0.678870630659702,7.348501400560225
sub-anm369963_ses-20170302.nwb,1001,0.774965308823712,2.015319142604409,1.243866994640979,2.2857072751809593,0.7749653081961557,2.015319142604409,1.243866994640979,2.2857072751809593
sub-anm369963_ses-20170302.nwb,1002,1.230065103556132,2.3137561404780476,1.0921830075923953,3.4369265951123826,1.2300651025600424,2.3137561404780476,1.0921830075923953,3.4369265951123826
sub-anm369963_ses-20170306.nwb,1,3.6196535692014478,2.1825490180519664,1.367592772988996,4.228122930534373,3.6196535670005585,2.1825490180519664,1.367592772988996,4.228122930534373
sub-anm369963_ses-20170306.nwb,2,5.087458661768606,2.0145967319856637,0.786569809588065,6.124506065404581,5.087458658675235,2.0145967319856637,0.7865698095880649,6.124506065404581
sub-anm369963_ses-20170306.nwb,3,3.7406532433608777,2.251596634347021,0.6414438159046413,3.46466871672444,3.740653241086416,2.251596634347021,0.6414438159046413,3.46466871672444
sub-anm369963_ses-20170306.nwb,4,3.157544260853875,2.008501896082673,0.9385964370682262,4.90343453924707,3.157544258933966,2.008501896082673,0.9385964370682263,4.90343453924707
sub-anm369963_ses-20170306.nwb,5,1.2963382176276643,2.032944956472158,1.0833003534672885,4.133594894985658,1.2963382168394406,2.032944956472158,1.0833003534672885,4.133594894985658
sub-anm369963_ses-20170306.nwb,6,5.386613635067298,1.100055147645526,0.531147915693716,1.544604339995972,5.386613631792029,1.100055147645526,0.531147915693716,1.544604339995972
sub-anm369963_ses-20170306.nwb,7,4.453882478481539,1.4518303989041605,0.9395217863817813,2.9432899364088096,4.453882475773407,1.4518303989041605,0.9395217863817813,2.9432899364088096
sub-anm369963_ses-20170306.nwb,8,3.048705357966749,1.9457150519509532,0.9647959348930564,4.984285217197318,3.0487053561130186,1.9457150519509532,0.9647959348930564,4.984285217197318
sub-anm369963_ses-20170306.nwb,9,5.72650719212821,1.8355942237957341,0.7278590228112937,3.6748569801989466,5.726507188646273,1.8355942237957341,0.7278590228112937,3.6748569801989466
sub-anm369963_ses-20170306.nwb,10,3.409272226190579,1.7691151152703382,0.8536663383091936,4.260296210284257,3.40927222411761,1.7691151152703382,0.8536663383091936,4.260296210284257
sub-anm369963_ses-20170306.nwb,11,14.534553824658392,1.4811586060245028,0.635024465174093,4.531444013134605,14.534553815820821,1.4811586060245028,0.635024465174093,4.531444013134605
sub-anm369963_ses-20170306.nwb,12,1.4331468944410906,4.919231814624544,0.7235435203877103,3.577355687578744,1.4331468935696818,4.919231814624544,0.7235435203877103,3.577355687578744
sub-anm369963_ses-20170306.nwb,13,40.12568089009607,1.7938823010327227,1.3796153111783973,4.430833893101531,40.12568086569811,1.7938823010327227,1.379615311178397,4.430833893101531
sub-anm369963_ses-20170306.nwb,14,17.11567752720503,0.9914534437706712,0.465042622542416,2.458539161070901,17.115677516798037,0.9914534437706712,0.465042622542416,2.458539161070901
sub-anm369963_ses-20170306.nwb,15,2.084356196072999,2.5066125512748787,1.2139799404615523,5.483787368816788,2.08435619480563,2.5066125512748787,1.2139799404615523,5.483787368816788
sub-anm369963_ses-20170306.nwb,16,5.694889186820218,1.6201932721676915,0.8698192997825389,3.0627357440447804,5.694889183357505,1.6201932721676915,0.8698192997825389,3.0627357440447804
sub-anm369963_ses-20170306.nwb,17,11.608672256541919,1.3855235956591663,0.7148697691403968,3.785917620454978,11.608672249483396,1.3855235956591663,0.7148697691403968,3.785917620454978
sub-anm369963_ses-20170306.nwb,18,6.3777164937601185,1.5010858063583041,0.735368595660602,3.1379612336675766,6.3777164898822205,1.5010858063583041,0.7353685956606021,3.1379612336675766
sub-anm369963_ses-20170306.nwb,19,15.638143817620028,1.558819150070219,0.6013271630326423,7.088433645321053,15.638143808111433,1.558819150070219,0.6013271630326423,7.088433645321053
sub-anm369963_ses-20170306.nwb,20,4.307953223213885,3.054512942998127,1.3547823978738318,12.503030290030097,4.307953220594483,3.054512942998127,1.3547823978738318,12.503030290030097
sub-anm369963_ses-20170306.nwb,21,6.051199785098741,3.384551365441845,0.7276415290112982,14.17040921041058,6.051199781419378,3.384551365441845,0.7276415290112981,14.17040921041058
sub-anm369963_ses-20170306.nwb,22,2.1706976721063613,2.654087119361048,1.4433697408994963,7.406818046367485,2.170697670786493,2.654087119361048,1.443369740899496,7.406818046367485
sub-anm369963_ses-20170306.nwb,23,19.028566848338535,3.524309101545543,1.1119551116105977,17.991980423569995,19.02856683676843,3.524309101545543,1.1119551116105977,17.991980423569995
sub-anm369963_ses-20170306.nwb,24,1.6234629648526566,1.5691617118242824,1.234840367595849,2.069783591179718,1.6234629638655285,1.5691617118242824,1.234840367595849,2.069783591179718
sub-anm369963_ses-20170306.nwb,25,12.37419280813349,2.662816929875673,0.7690065421163433,15.418802866829989,12.374192800609501,2.662816929875673,0.7690065421163435,15.418802866829989
sub-anm369963_ses-20170306.nwb,26,1.6958195539228686,2.444376767610145,0.8947280452127028,4.4296937273112675,1.6958195528917448,2.444376767610145,0.8947280452127029,4.4296937273112675
sub-anm369963_ses-20170306.nwb,27,16.9946778530456,1.325260503952255,0.6434540814532607,4.710299220818765,16.99467784271218,1.325260503952255,0.6434540814532607,4.710299220818765
sub-anm369963_ses-20170306.nwb,28,45.030119944216494,1.6285854401750985,0.737296494414073,6.9271967646158545,45.03011991683645,1.6285854401750985,0.737296494414073,6.9271967646158545
sub-anm369963_ses-20170306.nwb,29,10.595071970995335,1.260528590807393,0.5823135089069795,4.575444043730623,10.59507196455312,1.260528590807393,0.5823135089069796,4.575444043730623
sub-anm369963_ses-20170306.nwb,30,2.148200245252598,1.8358177724484617,0.8173300254153573,2.611690900472058,2.148200243946409,1.8358177724484617,0.8173300254153573,2.611690900472058
sub-anm369963_ses-20170306.nwb,31,15.152929043855078,1.1172965170939744,0.5714763089371869,2.965579718231801,15.152929034641511,1.1172965170939744,0.5714763089371869,2.965579718231801
sub-anm369963_ses-20170306.nwb,32,7.60169812231757,1.3582339330733357,0.6025676067770404,2.5822108462645983,7.601698117695444,1.3582339330733357,0.6025676067770404,2.5822108462645983
sub-anm369963_ses-20170306.nwb,33,4.115813037111473,2.007914208292839,0.9557969143574413,5.051452962975769,4.1158130346089,2.007914208292839,0.9557969143574414,5.051452962975769
sub-anm369963_ses-20170306.nwb,34,7.357874658307864,1.6007860270783438,0.638546843369196,5.269254494026844,7.357874653833992,1.6007860270783438,0.638546843369196,5.269254494026844
sub-anm369963_ses-20170306.nwb,35,24.36714543688023,1.4638170474375811,1.3951724836112798,1.8164388579923283,24.367145422064066,1.4638170474375811,1.3951724836112798,1.8164388579923283
sub-anm369963_ses-20170306.nwb,36,14.300458977666528,2.168208779087444,0.6200083284956295,8.759795811470283,14.300458968971297,2.168208779087444,0.6200083284956295,8.759795811470283
sub-anm369963_ses-20170306.nwb,37,1.2829613692281294,2.3642501895686516,0.8999531508820318,4.183675938864,1.2829613684480394,2.3642501895686516,0.8999531508820318,4.183675938864
sub-anm369963_ses-20170306.nwb,38,1.6076539621986607,1.9571820522675316,1.1154275919460936,4.053068253406233,1.6076539612211451,1.9571820522675316,1.1154275919460934,4.053068253406233
sub-anm369963_ses-20170306.nwb,39,0.8111234438627131,2.4337487176924792,1.1775732910738268,3.9281881855424863,0.8111234433695187,2.4337487176924792,1.1775732910738268,3.9281881855424863
sub-anm369963_ses-20170306.nwb,40,0.9777260102932853,1.9243060006770942,1.5328825447309782,5.253835684797895,0.9777260096987902,1.9243060006770942,1.5328825447309782,5.253835684797895
sub-anm369963_ses-20170306.nwb,41,10.874161671694724,1.6518518257105403,0.7674050815527044,7.119209101001457,10.874161665082813,1.6518518257105403,0.7674050815527044,7.119209101001457
sub-anm369963_ses-20170306.nwb,42,0.299763011862307,2.5169736104876956,1.568110112774762,2.8017238296639277,0.29976301168003955,2.5169736104876956,1.568110112774762,2.8017238296639277
sub-anm369963_ses-20170306.nwb,43,2.962363881933387,2.7978797727309486,0.9247782404016422,12.88435698564092,2.9623638801321555,2.7978797727309486,0.9247782404016422,12.88435698564092
sub-anm369963_ses-20170306.nwb,44,4.1784410091638415,2.2883648043833587,0.8274003359633246,6.470920806338041,4.178441006623188,2.2883648043833587,0.8274003359633246,6.470920806338041
sub-anm369963_ses-20170306.nwb,45,0.05533150928898568,2.649746885936035,1.713816013294654,5.713911620294599,0.05533150925534198,2.649746885936035,1.713816013294654,5.713911620294599
sub-anm369963_ses-20170306.nwb,46,0.3167880916435334,2.890513596309032,1.3381410115898273,4.403052348476451,0.31678809145091397,2.890513596309032,1.3381410115898273,4.403052348476451
sub-anm369963_ses-20170306.nwb,47,15.432626783118081,2.8545396909143466,0.5674243662380387,11.911469185299918,15.432626773734448,2.8545396909143466,0.5674243662380387,11.911469185299918
sub-anm369963_ses-20170306.nwb,48,10.227208640008122,1.9001904382414099,0.6939900845756102,4.9297727773782105,10.227208633789584,1.9001904382414099,0.6939900845756102,4.9297727773782105
sub-anm369963_ses-20170306.nwb,49,1.1230472269973246,2.3986827916321136,0.9547370810256163,4.9567921693438635,1.1230472263144686,2.3986827916321136,0.9547370810256162,4.9567921693438635
sub-anm369963_ses-20170306.nwb,50,0.2590244281000868,1.8364238061859992,1.5242434406162353,2.7410334346504555,0.25902442794258995,1.8364238061859992,1.5242434406162353,2.7410334346504555
sub-anm369963_ses-20170306.nwb,51,7.095810037389701,1.3783364846031498,0.7473260358562178,2.4123731908121777,7.095810033075175,1.3783364846031498,0.7473260358562178,2.4123731908121777
sub-anm369963_ses-20170306.nwb,52,10.405971977710998,1.3037630091022643,0.576412145064277,3.1141742500585203,10.405971971383766,1.3037630091022643,0.576412145064277,3.1141742500585203
sub-anm369963_ses-20170306.nwb,53,17.375309993868733,2.9690892068032118,0.639924827103405,24.939041753319472,17.37530998330387,2.9690892068032118,0.639924827103405,24.939041753319472
sub-anm369963_ses-20170306.nwb,54,1.2969462561912797,2.219666611332118,1.0092243767126392,2.8800898316653774,1.2969462554026863,2.219666611332118,1.0092243767126392,2.8800898316653774
sub-anm369963_ses-20170306.nwb,55,1.375383230897644,2.211834604664801,0.952305332687114,4.474614551503767,1.3753832300613578,2.211834604664801,0.952305332687114,4.474614551503767
sub-anm369963_ses-20170306.nwb,56,24.856008442026873,3.580315945225513,0.41218129933428915,26.11152944441045,24.85600842691346,3.580315945225513,0.41218129933428915,26.11152944441045
sub-anm369963_ses-20170306.nwb,57,0.2882102791536177,2.2072833215623833,1.3393069123197006,2.86375283752068,0.2882102789783747,2.2072833215623833,1.3393069123197006,2.86375283752068
sub-anm369963_ses-20170306.nwb,58,0.6621539957769824,1.9754039238066277,1.1542676575947708,3.0413915334611663,0.6621539953743673,1.9754039238066277,1.1542676575947706,3.0413915334611663
sub-anm369963_ses-20170306.nwb,59,15.618078545020726,3.07252204174979,0.4523967542207929,15.53529743237656,15.618078535524331,3.07252204174979,0.4523967542207929,15.53529743237656
sub-anm369963_ses-20170306.nwb,60,3.288272552031149,3.307792627099188,0.8890405495958221,17.019414668800923,3.288272550031752,3.307792627099188,0.8890405495958221,17.019414668800923
sub-anm369963_ses-20170306.nwb,1001,2.331827891464396,2.0743863810976144,0.9402076556117035,3.309631731413196,2.3318278900465548,2.0743863810976144,0.9402076556117034,3.309631731413196
sub-anm369963_ses-20170309.nwb,1001,5.7584604330323685,2.341915398979032,0.7002811237954141,6.852939114554164,5.758460429356516,2.341915398979032,0.7002811237954141,6.852939114554164
sub-anm369963_ses-20170309.nwb,1002,6.3514778082997525,1.71901895851804,0.7152622358117832,4.06435752470072,6.351477804245353,1.71901895851804,0.7152622358117832,4.06435752470072
sub-anm369963_ses-20170310.nwb,1001,11.57478596602107,1.7878907742433598,0.6374586468418802,12.327759314479202,11.574785960650443,1.7878907742433598,0.6374586468418804,12.327759314479202
sub-anm369963_ses-20170310.nwb,1002,0.8208047933091988,2.567678343053885,1.081701175012731,3.271641525719697,0.8208047929283506,2.567678343053885,1.0817011750127308,3.271641525719697
sub-anm369963_ses-20170310.nwb,1003,4.206566566501524,2.393288474508927,0.7441009842635966,5.150825711428906,4.206566564549704,2.393288474508927,0.7441009842635965,5.150825711428906
sub-anm369963_ses-20170310.nwb,1004,0.3187636478255622,1.9470786723073283,1.4039946823028817,2.6114853642926015,0.3187636476776579,1.9470786723073283,1.4039946823028817,2.6114853642926015
sub-anm369964_ses-20170320.nwb,1,1.7090159897995656,2.0611878317039514,1.1345803644369947,5.3128227977830615,1.7090159889621988,2.0611878317039514,1.1345803644369945,5.3128227977830615
sub-anm369964_ses-20170320.nwb,2,0.17932908608561954,2.604078305192163,1.3522347482631636,2.0775067402403726,0.17932908599775366,2.604078305192163,1.3522347482631636,2.0775067402403726
sub-anm369964_ses-20170320.nwb,3,2.405753586558448,2.528179829906594,0.7437113151558669,4.159693293591356,2.4057535853797005,2.528179829906594,0.7437113151558669,4.159693293591356
sub-anm369964_ses-20170320.nwb,4,20.455275098094113,3.8571859345952344,0.5249201051438842,12.001103234042269,20.455275088071637,3.8571859345952344,0.5249201051438842,12.001103234042269
sub-anm369964_ses-20170320.nwb,5,0.4287239079915768,3.4261739967046743,0.9336293952345297,5.097002869741723,0.42872390778151487,3.4261739967046743,0.9336293952345298,5.097002869741723
sub-anm369964_ses-20170320.nwb,6,2.581652881380135,2.217360162076928,0.780964637802961,4.9707093034619865,2.581652880115202,2.217360162076928,0.7809646378029611,4.9707093034619865
sub-anm369964_ses-20170320.nwb,7,5.672874750544544,2.8575137864497044,0.7316942574770189,9.952096209769174,5.672874747765005,2.8575137864497044,0.7316942574770189,9.952096209769174
sub-anm369964_ses-20170320.nwb,8,22.4269151046748,1.9310214733581523,0.7031854105081751,11.261407681033953,22.426915093686286,1.9310214733581523,0.7031854105081751,11.261407681033953
sub-anm369964_ses-20170320.nwb,9,3.3254276154729503,5.924797452068751,0.9569213739265672,19.993514130214212,3.32542761384359,5.924797452068751,0.9569213739265672,19.993514130214212
sub-anm369964_ses-20170320.nwb,10,10.00862087833593,2.0914772589682302,0.6314621494367619,11.368133274721876,10.008620873432005,2.0914772589682302,0.6314621494367619,11.368133274721876
sub-anm369964_ses-20170320.nwb,11,3.452819862419019,1.708848951861687,0.8200204498534108,3.785396254879136,3.4528198607272405,1.708848951861687,0.8200204498534107,3.785396254879136
sub-anm369964_ses-20170320.nwb,12,18.622786622792972,2.1567440956706916,0.8002145775331418,11.242573935026549,18.622786613668364,2.1567440956706916,0.800214577533142,11.242573935026549
sub-anm369964_ses-20170320.nwb,13,16.92601988750745,3.2140694996245625,0.8161278956990033,22.4980367653436,16.92601987921421,3.2140694996245625,0.8161278956990032,22.4980367653436
sub-anm369964_ses-20170320.nwb,14,23.748854651830545,1.7173753263017424,0.8053346262979656,8.259388397152778,23.748854640194317,1.7173753263017424,0.8053346262979657,8.259388397152778
sub-anm369964_ses-20170320.nwb,15,4.8712835351454356,3.847839737073515,0.6363192910710567,14.993473168384465,4.871283532758652,3.847839737073515,0.6363192910710567,14.993473168384465
sub-anm369964_ses-20170320.nwb,16,1.1886676580429318,3.071919308205571,0.860170957872292,9.017467554053688,1.1886676574605202,3.071919308205571,0.860170957872292,9.017467554053688
sub-anm369964_ses-20170320.nwb,17,32.31598325895365,2.19488740787177,0.38791549628701866,11.502394484443332,32.31598324311979,2.19488740787177,0.38791549628701866,11.502394484443332
sub-anm369964_ses-20170320.nwb,18,4.473427748529253,2.2617983865973277,0.6781783129398363,6.004249146601998,4.473427746337407,2.2617983865973277,0.6781783129398364,6.004249146601998
sub-anm369964_ses-20170320.nwb,19,5.447978437666677,2.374253011424976,0.681920702954321,6.207455058696663,5.447978434997331,2.374253011424976,0.6819207029543208,6.207455058696663
sub-anm369964_ses-20170320.nwb,20,0.6433308470776461,2.278989748128149,1.1096681544107334,4.713123541653529,0.6433308467624332,2.278989748128149,1.1096681544107332,4.713123541653529
sub-anm369964_ses-20170320.nwb,21,0.6604798033973092,2.7114436221693734,0.9596519066039512,8.99680947112386,0.6604798030736938,2.7114436221693734,0.9596519066039513,8.99680947112386
sub-anm369964_ses-20170320.nwb,22,15.263551064861257,2.3949032764401785,0.5830125162521413,8.42127991480253,15.263551057382573,2.3949032764401785,0.5830125162521413,8.42127991480253
sub-anm369964_ses-20170320.nwb,23,11.333990216755605,2.0642837496025503,0.5738021529133086,9.3607028168779,11.333990211202288,2.0642837496025503,0.5738021529133086,9.3607028168779
sub-anm369964_ses-20170320.nwb,24,3.8100081240485726,2.3713945122645392,0.7045923477288247,9.135061738476457,3.8100081221817828,2.3713945122645392,0.7045923477288247,9.135061738476457
sub-anm369964_ses-20170320.nwb,25,0.32779005079584556,3.2953308748940846,1.010000503847078,5.835149246134366,0.32779005063523825,3.2953308748940846,1.010000503847078,5.835149246134366
sub-anm369964_ses-20170320.nwb,26,0.3689475459630369,2.5956432910737046,1.4316444157241237,4.078606365002183,0.3689475457822637,2.5956432910737046,1.431644415724124,4.078606365002183
sub-anm369964_ses-20170320.nwb,27,1.982419350553051,3.272518566262435,0.6235664379735656,3.003797582093044,1.9824193495817248,3.272518566262435,0.6235664379735656,3.003797582093044
sub-anm369964_ses-20170320.nwb,28,2.1548888541108053,2.077653193440939,0.7822038680286676,2.5177523790935217,2.1548888530549744,2.077653193440939,0.7822038680286675,2.5177523790935217
sub-anm369964_ses-20170320.nwb,29,7.9051788931841145,1.6719643920370464,0.7132898235055506,4.343966779447021,7.905178889310813,1.6719643920370464,0.7132898235055506,4.343966779447021
sub-anm369964_ses-20170320.nwb,30,4.073612081190822,2.042048056053478,0.6823674169431133,3.806468125109539,4.073612079194874,2.042048056053478,0.6823674169431133,3.806468125109539
sub-anm369964_ses-20170320.nwb,31,4.795338157158357,2.027833560013694,0.7053909185771391,4.439194129420147,4.795338154808785,2.027833560013694,0.705390918577139,4.439194129420147
sub-anm369964_ses-20170320.nwb,32,2.7580421463823837,3.1109379614352806,0.6631200704942172,6.789559978862872,2.7580421450310255,3.1109379614352806,0.6631200704942171,6.789559978862872
sub-anm369964_ses-20170320.nwb,33,2.957460009871037,1.5998294071218435,0.6723720768601898,2.4955751364749603,2.95746000842197,1.5998294071218435,0.6723720768601898,2.4955751364749603
sub-anm369964_ses-20170320.nwb,34,7.282916763870626,1.8343715062748116,0.5386650984543462,4.248242698523118,7.282916760302214,1.8343715062748116,0.5386650984543462,4.248242698523118
sub-anm369964_ses-20170320.nwb,35,3.1818663525683424,2.5125463743517225,0.797621603196167,5.45081028324944,3.181866351009323,2.5125463743517225,0.797621603196167,5.45081028324944
sub-anm369964_ses-20170320.nwb,36,5.9256993637144335,2.410348307082007,0.7383933048312532,8.29309410110755,5.925699360811018,2.410348307082007,0.7383933048312533,8.29309410110755
sub-anm369964_ses-20170320.nwb,37,43.668592342570605,2.3148121265415096,0.7072828134912459,14.883423396803122,43.6685923211743,2.3148121265415096,0.7072828134912459,14.883423396803122
sub-anm369964_ses-20170320.nwb,38,53.09953837802417,2.156397024593857,0.6344756810117138,13.496538822066762,53.09953835200699,2.156397024593857,0.6344756810117138,13.496538822066762
sub-anm369964_ses-20170320.nwb,39,13.770121954508884,3.8043824800640187,1.0242568098621507,13.909755506006737,13.770121947761936,3.8043824800640187,1.0242568098621507,13.909755506006737
sub-anm369964_ses-20170320.nwb,40,3.3430665419731755,3.2154676038753003,0.7190199650245664,10.001747267632323,3.3430665403351725,3.2154676038753003,0.7190199650245664,10.001747267632323
sub-anm369964_ses-20170320.nwb,41,1.220515719779449,2.994062887536595,1.1415332576029533,7.046480903029447,1.2205157191814326,2.994062887536595,1.1415332576029533,7.046480903029447
sub-anm369964_ses-20170320.nwb,42,1.4091542392957426,5.665634701627793,1.3058073136097044,6.99700643075642,1.409154238605299,5.665634701627793,1.3058073136097044,6.99700643075642
sub-anm369964_ses-20170320.nwb,43,0.9427026274009072,2.717291969497917,1.2440690298986523,6.54692983036932,0.942702626939011,2.717291969497917,1.2440690298986525,6.54692983036932
sub-anm369964_ses-20170320.nwb,44,11.365838278492122,2.3226579074523954,0.924060568294723,8.223448364018923,11.3658382729232,2.3226579074523954,0.9240605682947229,8.223448364018923
sub-anm369964_ses-20170320.nwb,45,1.0333471108048404,2.1499039642335775,0.9736972151469685,3.586407986676173,1.0333471102985312,2.1499039642335775,0.9736972151469685,3.586407986676173
sub-anm369964_ses-20170320.nwb,46,0.9877798840125929,1.9347120679302396,1.050518223658585,2.8336774690277875,0.9877798835286102,1.9347120679302396,1.0505182236585848,2.8336774690277875
sub-anm369964_ses-20170320.nwb,47,31.24343853370387,2.6679589281646674,0.2938997752816892,11.095802599420225,31.243438518395518,2.6679589281646674,0.2938997752816892,11.095802599420225
sub-anm369964_ses-20170320.nwb,48,0.7114367021757365,2.474540195390707,0.9487121385308904,5.63431405498574,0.7114367018271538,2.474540195390707,0.9487121385308903,5.63431405498574
sub-anm369964_ses-20170320.nwb,49,0.9872899138320311,3.983363588883804,0.920973008711253,9.263359200897726,0.9872899133482885,3.983363588883804,0.9209730087112529,9.263359200897726
sub-anm369964_ses-20170320.nwb,50,9.112955388268956,2.412846286797945,0.7867982278300775,6.574551391616756,9.11295538380388,2.412846286797945,0.7867982278300775,6.574551391616756
sub-anm369964_ses-20170320.nwb,1001,4.511645422613073,2.104128154779223,0.9214568788360391,4.918546852937885,4.511645420402502,2.104128154779223,0.9214568788360392,4.918546852937885
sub-anm369964_ses-20170320.nwb,1002,10.147772409615483,4.499553520754717,1.071646908830912,12.792941408195864,10.147772404643376,4.499553520754717,1.071646908830912,12.792941408195864
sub-anm369964_ses-20170320.nwb,1003,0.9672011364289972,2.9533417470314705,1.1973420139284765,6.718743965525372,0.9672011359550976,2.9533417470314705,1.1973420139284765,6.718743965525372
sub-anm369964_ses-20170320.nwb,1004,0.8461785018302321,1.8411595155557494,1.057416622075103,2.5591733107656673,0.8461785014156299,1.8411595155557494,1.057416622075103,2.5591733107656673
sub-anm369964_ses-20170320.nwb,1005,4.875693266770492,1.9593812466578195,0.9202944738624335,3.609927645955136,4.875693264381548,1.9593812466578195,0.9202944738624335,3.609927645955136
sub-anm369964_ses-20170321.nwb,1001,0.9732176938569532,3.416100697511505,0.7867365139895953,7.803880933312614,0.9732176934657295,3.416100697511505,0.7867365139895954,7.803880933312614
sub-anm369964_ses-20170321.nwb,1002,4.901865575750387,2.3952806067325105,0.6014302807787067,6.190395017949369,4.901865573779887,2.3952806067325105,0.6014302807787067,6.190395017949369
sub-anm369964_ses-20170321.nwb,1003,2.9851774450977837,1.81695743762686,0.8004520531548674,2.4957473221314177,2.9851774438977725,1.81695743762686,0.8004520531548673,2.4957473221314177
sub-anm369964_ses-20170322.nwb,1,4.013379461063503,2.212107284188922,0.780189515150013,3.9956310797847356,4.013379458885676,2.212107284188922,0.7801895151500131,3.9956310797847356
sub-anm369964_ses-20170322.nwb,2,1.4602493414983622,2.1352294639744973,1.0714904683081596,3.805952721567622,1.4602493407059698,2.1352294639744973,1.0714904683081596,3.805952721567622
sub-anm369964_ses-20170322.nwb,3,1.2252854006329623,1.7165192089708285,0.8312116392415689,2.361183267355426,1.2252853999680713,1.7165192089708285,0.8312116392415689,2.361183267355426
sub-anm369964_ses-20170322.nwb,4,2.9785613658433707,1.554886164852852,0.6461659649312789,1.996562552421965,2.9785613642270787,1.554886164852852,0.646165964931279,1.996562552421965
sub-anm369964_ses-20170322.nwb,5,4.210901111121252,1.761410837317955,0.7239853293967581,3.0479788388497018,4.210901108836241,1.761410837317955,0.723985329396758,3.0479788388497018
sub-anm369964_ses-20170322.nwb,6,11.800290665263242,1.3074772486094723,0.7230754248480054,2.435561433666723,11.800290658859911,1.3074772486094723,0.7230754248480054,2.435561433666723
sub-anm369964_ses-20170322.nwb,7,6.875272819317819,1.4439650399406772,0.809843246116833,3.127391212553226,6.8752728155870075,1.4439650399406772,0.809843246116833,3.127391212553226
sub-anm369964_ses-20170322.nwb,8,0.17581597422722756,2.698869617205254,1.2701890900545458,3.478520662098162,0.17581597413182246,2.698869617205254,1.2701890900545458,3.478520662098162
sub-anm369964_ses-20170322.nwb,9,0.8725681683869813,2.428538980768544,1.2057491130430937,7.707111485437704,0.8725681679134892,2.428538980768544,1.2057491130430937,7.707111485437704
sub-anm369964_ses-20170322.nwb,10,28.060012429907214,1.9374336504405718,0.6212885842199942,8.479750597917999,28.060012414680678,1.9374336504405718,0.6212885842199941,8.479750597917999
sub-anm369964_ses-20170322.nwb,11,3.224378144624031,1.5961085273496751,0.8677838221692774,2.627810560869377,3.224378142874349,1.5961085273496751,0.8677838221692773,2.627810560869377
sub-anm369964_ses-20170322.nwb,12,3.5662425389547514,1.5574515167751066,1.4673430144200434,2.3674284993406642,3.566242537019559,1.5574515167751066,1.4673430144200434,2.3674284993406642
sub-anm369964_ses-20170322.nwb,13,24.789509724143322,2.2961458117515186,0.6718508800466966,11.537697237428581,24.789509710691497,2.2961458117515186,0.6718508800466966,11.537697237428581
sub-anm369964_ses-20170322.nwb,14,12.019517991151513,1.7285999848703129,0.847243345898677,5.959520214979747,12.01951798462922,1.7285999848703129,0.847243345898677,5.959520214979747
sub-anm369964_ses-20170322.nwb,15,0.46178825329435386,3.9476120201037226,1.217228469157001,4.723916773410745,0.46178825304376825,3.9476120201037226,1.2172284691570012,4.723916773410745
sub-anm369964_ses-20170322.nwb,16,7.94373471207526,2.2375537944159647,0.5645321031510244,7.7202690009965655,7.943734707764657,2.2375537944159647,0.5645321031510244,7.7202690009965655
sub-anm369964_ses-20170322.nwb,17,0.9431116148361774,1.780702567915394,1.3992593650133258,3.181253110235164,0.9431116143244056,1.780702567915394,1.3992593650133258,3.181253110235164
sub-anm369964_ses-20170322.nwb,18,1.448311219791575,1.5703303229414152,1.4238291154208607,2.5836648223092373,1.4483112190056608,1.5703303229414152,1.4238291154208604,2.5836648223092373
sub-anm369964_ses-20170322.nwb,19,2.838559756736504,2.4803582591053526,0.717658282080177,4.132635350444826,2.838559755196183,2.4803582591053526,0.7176582820801771,4.132635350444826
sub-anm369964_ses-20170322.nwb,20,33.02410049234758,2.1656541864780543,0.5169815509940398,7.721551393656353,33.024100474427314,2.1656541864780543,0.5169815509940399,7.721551393656353
sub-anm369964_ses-20170322.nwb,21,4.316716280795047,1.6670944847253502,0.556672728116944,2.5750569962004812,4.316716278452616,1.6670944847253502,0.556672728116944,2.5750569962004812
sub-anm369964_ses-20170322.nwb,22,7.995285692172749,1.0584275853777227,0.6513852438946532,1.651279064791656,7.995285687834173,1.0584275853777227,0.6513852438946534,1.651279064791656
sub-anm369964_ses-20170322.nwb,23,7.695747365711547,1.5897159267263685,0.7851128236496401,3.808533709478508,7.6957473615355125,1.5897159267263685,0.78511282364964,3.808533709478508
sub-anm369964_ses-20170322.nwb,24,10.647176636766766,2.1754465047349902,0.8226478196843938,6.523894872400631,10.647176630989161,2.1754465047349902,0.8226478196843939,6.523894872400631
sub-anm369964_ses-20170322.nwb,25,1.3853647598830616,3.7178275837109855,1.2175256838604516,7.2512646171378385,1.3853647591313047,3.7178275837109855,1.2175256838604516,7.2512646171378385
sub-anm369964_ses-20170322.nwb,26,1.086911717213385,2.380915200620053,0.9350140720777766,4.3255664522749235,1.0869117166235813,2.380915200620053,0.9350140720777766,4.3255664522749235
sub-anm369964_ses-20170322.nwb,27,47.173487924369056,1.8687728115311664,0.5640120530057426,7.835335048472445,47.173487898770745,1.8687728115311664,0.5640120530057425,7.835335048472445
sub-anm369964_ses-20170322.nwb,28,8.669789568606218,1.8644501393137383,0.6283672737228401,3.8973587608693196,8.669789563901627,1.8644501393137383,0.6283672737228401,3.8973587608693196
sub-anm369964_ses-20170322.nwb,29,4.672689364415606,1.866619577792239,0.8518948749761643,6.26664187367002,4.67268936188001,1.866619577792239,0.8518948749761643,6.26664187367002
sub-anm369964_ses-20170322.nwb,30,4.646099911523217,3.1656139945939787,0.6315972008994514,12.218831255165638,4.646099909002049,3.1656139945939787,0.6315972008994514,12.218831255165638
sub-anm369964_ses-20170322.nwb,31,22.27707774676041,1.7214371468020269,0.9206910012714428,5.959455505283001,22.277077734671934,1.7214371468020269,0.9206910012714427,5.959455505283001
sub-anm369964_ses-20170322.nwb,32,2.2546770768954647,2.4507786392181568,1.1264103132917291,5.592695684650609,2.2546770756719825,2.4507786392181568,1.126410313291729,5.592695684650609
sub-anm369964_ses-20170322.nwb,33,4.070356860118623,1.948409265265042,0.7096726065714604,3.6309786295088298,4.070356857909878,1.948409265265042,0.7096726065714604,3.6309786295088298
sub-anm369964_ses-20170322.nwb,34,5.574560195173793,2.0643667813659095,0.6608190849536685,5.105289619433946,5.574560192148803,2.0643667813659095,0.6608190849536684,5.105289619433946
sub-anm369964_ses-20170322.nwb,35,4.279273989987397,2.775959598123411,0.9520113499019025,13.195618683989661,4.279273987665284,2.775959598123411,0.9520113499019025,13.195618683989661
sub-anm369964_ses-20170322.nwb,36,4.522377559289242,4.360165102860729,0.7659742875186332,21.145171587575213,4.5223775568352105,4.360165102860729,0.7659742875186332,21.145171587575213
sub-anm369964_ses-20170322.nwb,37,19.057040737302483,2.054417291544948,0.7474030565770798,7.213882936763936,19.057040726961336,2.054417291544948,0.7474030565770798,7.213882936763936
sub-anm369964_ses-20170322.nwb,38,2.484757240698997,3.287305339194402,0.7428037393005557,8.238110783653747,2.484757239350664,3.287305339194402,0.7428037393005557,8.238110783653747
sub-anm369964_ses-20170322.nwb,1001,4.163148624294104,3.277729210821535,0.6673355308936841,10.893009199196355,4.163148622035005,3.277729210821535,0.6673355308936841,10.893009199196355
sub-anm369964_ses-20170322.nwb,1002,3.6628327964005742,3.9622621694677473,0.7956929813507094,16.098974699061518,3.6628327944129677,3.9622621694677473,0.7956929813507095,16.098974699061518
sub-anm369964_ses-20170323.nwb,1001,2.9055712767627853,3.7411813204464486,1.2686192678347876,11.54252796795855,2.9055712757731778,3.7411813204464486,1.2686192678347874,11.54252796795855
sub-anm369964_ses-20170323.nwb,1002,0.6879913232986551,3.2592059034605545,1.2339248113082995,4.579550089840445,0.6879913230643323,3.2592059034605545,1.2339248113082997,4.579550089840445
sub-anm372793_ses-20170504.nwb,1001,2.2341076946179594,2.048209682847658,0.757993017235167,2.777341734368629,2.2341076934671094,2.048209682847658,0.757993017235167,2.777341734368629
sub-anm372793_ses-20170508.nwb,1001,1.1190700115150691,1.5636631131787857,0.9505427831596173,1.6382127881966262,1.1190700110005591,1.5636631131787857,0.9505427831596173,1.6382127881966262
sub-anm372793_ses-20170512.nwb,1001,7.20893462699536,1.4664560424731932,0.6916326209318526,3.0423459383878595,7.208934623003599,1.4664560424731932,0.6916326209318526,3.0423459383878595
sub-anm372793_ses-20170512.nwb,1002,4.0837155598810035,1.736366958279497,0.6871594780835104,3.176999981230175,4.083715557619752,1.736366958279497,0.6871594780835104,3.176999981230175
sub-anm372793_ses-20170513.nwb,1,1.115923013892927,1.9545719452804737,1.4687110135444106,3.0961178170053207,1.1159230134190745,1.9545719452804737,1.4687110135444104,3.0961178170053207
sub-anm372793_ses-20170513.nwb,2,1.8670903698961947,1.9301425904352922,1.7067882301332238,3.8996779908202575,1.8670903691033756,1.9301425904352922,1.7067882301332236,3.8996779908202575
sub-anm372793_ses-20170513.nwb,3,9.027596375709143,1.4747994118783305,0.8251958290162146,3.8959863090494116,9.02759637187577,1.4747994118783305,0.8251958290162145,3.8959863090494116
sub-anm372793_ses-20170513.nwb,4,5.383436822730033,2.4913430251366835,0.625385084825918,5.500372555589391,5.383436820444074,2.4913430251366835,0.6253850848259179,5.500372555589391
sub-anm372793_ses-20170513.nwb,5,2.8292979610230486,2.8233848297165225,1.0169937589871185,8.699591757639874,2.8292979598216492,2.8233848297165225,1.0169937589871183,8.699591757639874
sub-anm372793_ses-20170513.nwb,6,0.29256885714316083,6.537742058077643,1.0266820165840553,4.45501526535098,0.2925688570189278,6.537742058077643,1.0266820165840556,4.45501526535098
sub-anm372793_ses-20170513.nwb,7,1.8220797764895547,2.1163882695028597,1.1027032477549619,5.7776206883044585,1.8220797757158482,2.1163882695028597,1.1027032477549619,5.7776206883044585
sub-anm372793_ses-20170513.nwb,8,6.736302394367349,2.657320130396921,0.7508608609813484,6.968141982744672,6.736302391506925,2.657320130396921,0.7508608609813485,6.968141982744672
sub-anm372793_ses-20170513.nwb,9,7.374518638614331,1.6793267517239088,0.9439328816546245,4.410089931111666,7.374518635482903,1.6793267517239088,0.9439328816546244,4.410089931111666
sub-anm372793_ses-20170513.nwb,10,3.6458580659378503,4.640333414476771,0.9033271324321897,13.101552968329619,3.6458580643897163,4.640333414476771,0.9033271324321897,13.101552968329619
sub-anm372793_ses-20170513.nwb,11,9.797022746018877,13.898468581044364,0.6799985970042881,10.506281215487828,9.797022741858786,13.898468581044364,0.6799985970042881,10.506281215487828
sub-anm372793_ses-20170513.nwb,12,1.594054411778557,15.656970417353428,0.7290879435672737,18.162614999009545,1.5940544111016766,15.656970417353428,0.7290879435672737,18.162614999009545
sub-anm372793_ses-20170513.nwb,13,4.726536935936899,5.163337211092776,0.8516343753111343,13.743978257696313,4.726536933929878,5.163337211092776,0.8516343753111344,13.743978257696313
sub-anm372793_ses-20170513.nwb,14,2.4781304068033188,3.310524743383004,1.04619265582593,12.386868113262217,2.4781304057510347,3.310524743383004,1.04619265582593,12.386868113262217
sub-anm372793_ses-20170513.nwb,15,3.252227687749592,3.40329528220237,0.830756196927102,6.482144966994011,3.252227686368604,3.40329528220237,0.8307561969271019,6.482144966994011
sub-anm372793_ses-20170513.nwb,16,7.332480442885488,2.757633921218736,0.9558963830211226,10.0201764807904,7.33248043977191,2.757633921218736,0.9558963830211226,10.0201764807904
sub-anm372793_ses-20170513.nwb,17,10.70445329422633,2.197758657156344,0.6763512474431537,7.881583560752988,10.704453289680917,2.197758657156344,0.6763512474431537,7.881583560752988
sub-anm372793_ses-20170513.nwb,18,29.979602978260438,1.8030957564801682,0.43394070617012415,8.813566438019404,29.97960296553025,1.8030957564801682,0.43394070617012415,8.813566438019404
sub-anm372793_ses-20170513.nwb,19,18.456891066160562,2.0305446570536354,0.6268131808081282,7.462036717104647,18.456891058323247,2.0305446570536354,0.6268131808081282,7.462036717104647
sub-anm372793_ses-20170513.nwb,20,2.036092409290938,3.6896378698543404,0.7694146676889858,16.054238994000187,2.0360924084263554,3.6896378698543404,0.7694146676889859,16.054238994000187
sub-anm372793_ses-20170513.nwb,21,0.3702758250055678,3.9425870707778436,1.1495180328503387,4.097771062756032,0.37027582484833826,3.9425870707778436,1.1495180328503387,4.097771062756032
sub-anm372793_ses-20170513.nwb,22,2.1430987256916296,2.2525684305584748,0.7822604081492007,5.041285179078966,2.143098724781609,2.2525684305584748,0.7822604081492006,5.041285179078966
sub-anm372793_ses-20170513.nwb,23,1.4794047870635303,2.122256101322919,1.5117446376732204,4.180235040027757,1.4794047864353332,2.122256101322919,1.5117446376732204,4.180235040027757
sub-anm372793_ses-20170513.nwb,24,31.62631129175997,1.9675295044830234,0.6125721210919507,9.168944250025987,31.626311278330544,1.9675295044830234,0.6125721210919507,9.168944250025987
sub-anm372793_ses-20170513.nwb,25,0.6042459850721594,1.9350634442354782,1.6898780428389066,2.7150544594206028,0.6042459848155796,1.9350634442354782,1.6898780428389064,2.7150544594206028
sub-anm372793_ses-20170513.nwb,26,0.26836504748109963,2.3722910534976216,1.459628769015817,2.7950398658958546,0.2683650473671443,2.3722910534976216,1.4596287690158167,2.7950398658958546
sub-anm372793_ses-20170513.nwb,27,4.505305623060866,1.8377384598566902,0.958804776951891,4.830063415203967,4.5053056211477855,1.8377384598566902,0.958804776951891,4.830063415203967
sub-anm372793_ses-20170513.nwb,28,4.0641168820278555,2.1817234953196136,0.9445364807510062,5.109166032647789,4.064116880302117,2.1817234953196136,0.9445364807510063,5.109166032647789
sub-anm372793_ses-20170513.nwb,29,4.299785555053188,1.6464980804664762,0.8185841481225925,3.87624236823159,4.299785553227378,1.6464980804664762,0.8185841481225924,3.87624236823159
sub-anm372793_ses-20170513.nwb,30,2.9261131996712937,1.8635365582826986,0.919670018983073,4.061776587113577,2.9261131984287836,1.8635365582826986,0.9196700189830731,4.061776587113577
sub-anm372793_ses-20170513.nwb,31,4.019106288621215,1.4969698240335358,0.7464024919325485,2.8258094561591856,4.01910628691459,1.4969698240335358,0.7464024919325485,2.8258094561591856
sub-anm372793_ses-20170513.nwb,32,3.8726095459297922,2.0808365661695585,0.8979845393972146,4.111488398415393,3.872609544285373,2.0808365661695585,0.8979845393972147,4.111488398415393
sub-anm372793_ses-20170513.nwb,33,2.020381164422582,2.173450007196347,1.1572853505205147,5.76021476830016,2.0203811635646716,2.173450007196347,1.1572853505205147,5.76021476830016
sub-anm372793_ses-20170513.nwb,34,6.770697281781857,2.147743249462701,0.6858727613228253,5.837064990488845,6.770697278906828,2.147743249462701,0.6858727613228253,5.837064990488845
sub-anm372793_ses-20170513.nwb,35,0.6063691262705858,2.0794452800730654,1.1649627802677973,2.8672773014129254,0.6063691260131044,2.0794452800730654,1.1649627802677973,2.8672773014129254
sub-anm372793_ses-20170513.nwb,36,4.028023481654606,1.719773183292065,0.7069843634094399,3.2576816804820394,4.028023479944194,1.719773183292065,0.70698436340944,3.2576816804820394
sub-anm372793_ses-20170513.nwb,37,0.8543520182467919,1.7721136289345778,1.321187938795603,2.960125494908309,0.8543520178840099,1.7721136289345778,1.321187938795603,2.960125494908309
sub-anm372793_ses-20170513.nwb,38,1.417833692309164,2.8227216655213128,1.176338742916599,8.298550570990267,1.417833691707112,2.8227216655213128,1.176338742916599,8.298550570990267
sub-anm372793_ses-20170513.nwb,39,0.35923549077375044,1.7639163984181092,1.5681066255666276,3.449427446447279,0.3592354906212089,1.7639163984181092,1.5681066255666276,3.449427446447279
sub-anm372793_ses-20170513.nwb,40,10.17494187933878,2.2453689092737914,0.731802631932573,6.924522471842443,10.174941875018213,2.2453689092737914,0.731802631932573,6.924522471842443
sub-anm372793_ses-20170513.nwb,41,2.6127375587835537,2.890215176305305,0.8339324108110683,5.635241563669164,2.612737557674112,2.890215176305305,0.8339324108110684,5.635241563669164
sub-anm372793_ses-20170513.nwb,42,3.5949026771756163,2.541149844058637,0.9742747549608516,15.16872864472972,3.594902675649119,2.541149844058637,0.9742747549608515,15.16872864472972
sub-anm372793_ses-20170513.nwb,43,15.225894790395236,2.1059516702688104,0.6956967954937243,8.100888241081,15.225894783929892,2.1059516702688104,0.6956967954937243,8.100888241081
sub-anm372793_ses-20170513.nwb,44,13.539696050604972,1.8109257788673465,0.5678906882827123,7.377478627968674,13.539696044855637,1.8109257788673465,0.5678906882827123,7.377478627968674
sub-anm372793_ses-20170513.nwb,45,16.196594946315795,1.6874273665765507,0.46698444117885834,7.282127557511101,16.196594939438263,1.6874273665765507,0.4669844411788584,7.282127557511101
sub-anm372793_ses-20170513.nwb,46,2.4492556865047193,1.4751800989306514,1.0518665082636502,2.143668951583469,2.4492556854646965,1.4751800989306514,1.0518665082636502,2.143668951583469
sub-anm372793_ses-20170513.nwb,1002,4.038639187646738,1.1589619018514778,0.9976590687525616,1.4856258386545185,4.038639185931818,1.1589619018514778,0.9976590687525616,1.4856258386545185
sub-anm372793_ses-20170514.nwb,1,3.5094653923584542,2.360870713594754,1.1093867694491082,6.8289034615756465,3.509465390328064,2.360870713594754,1.109386769449108,6.8289034615756465
sub-anm372793_ses-20170514.nwb,2,1.8634995101857206,4.739055207016848,0.9312411903864225,7.184884691608657,1.863499509107599,4.739055207016848,0.9312411903864226,7.184884691608657
sub-anm372793_ses-20170514.nwb,3,1.411654394552362,1.7247374642020907,0.9616582680299512,2.722386198788269,1.411654393735654,1.7247374642020907,0.9616582680299512,2.722386198788269
sub-anm372793_ses-20170514.nwb,4,0.6751642124764781,5.227943069736692,0.965107512061467,5.94972204091403,0.675164212085864,5.227943069736692,0.9651075120614669,5.94972204091403
sub-anm372793_ses-20170514.nwb,5,0.780459745184892,1.8814301475254447,1.3094747825275366,4.173820249431814,0.7804597447333596,1.8814301475254447,1.3094747825275368,4.173820249431814
sub-anm372793_ses-20170514.nwb,6,2.874220914809891,4.664005900878781,0.6811289921352196,3.916920459826638,2.87422091314702,4.664005900878781,0.6811289921352197,3.916920459826638
sub-anm372793_ses-20170514.nwb,7,6.122183116046351,13.926828416575514,0.6628789798418172,10.074558442979496,6.1221831125043815,13.926828416575514,0.6628789798418173,10.074558442979496
sub-anm372793_ses-20170514.nwb,8,0.25166789411076945,2.2172436405783014,1.0554969260875533,4.389788795596418,0.2516678939651678,2.2172436405783014,1.055496926087553,4.389788795596418
sub-anm372793_ses-20170514.nwb,9,1.5140571928457096,2.176547352010907,0.9368125121795042,4.733637980787187,1.5140571919697567,2.176547352010907,0.9368125121795041,4.733637980787187
sub-anm372793_ses-20170514.nwb,10,2.862649977149626,6.819226537026517,0.9079732306042952,6.751407232090551,2.862649975493449,6.819226537026517,0.9079732306042954,6.751407232090551
sub-anm372793_ses-20170514.nwb,11,0.44895238121829223,2.057366495726197,0.7568788064701237,4.839845450263247,0.4489523809585522,2.057366495726197,0.7568788064701237,4.839845450263247
sub-anm372793_ses-20170514.nwb,12,0.1290159549119577,2.6699509071569447,1.2636066790326395,3.1669878386895136,0.12901595483731593,2.6699509071569447,1.2636066790326392,3.1669878386895136
sub-anm372793_ses-20170514.nwb,13,5.625789890420971,3.697581776275927,0.7492951719287422,7.2070792984105685,5.625789887166188,3.697581776275927,0.7492951719287422,7.2070792984105685
sub-anm372793_ses-20170514.nwb,14,3.1339884652828465,3.09254588538353,0.9031793452614584,7.505520450421006,3.1339884634696875,3.09254588538353,0.9031793452614583,7.505520450421006
sub-anm372793_ses-20170514.nwb,15,1.5400918025813066,2.1414327043365167,0.9624056963263828,5.623417035335262,1.5400918016902914,2.1414327043365167,0.9624056963263828,5.623417035335262
sub-anm372793_ses-20170514.nwb,16,9.16823245511118,2.4962790760664513,0.7702849931653604,3.35563145890852,9.16823244980693,2.4962790760664513,0.7702849931653604,3.35563145890852
sub-anm372793_ses-20170514.nwb,17,0.8510424649125101,2.545032166980025,1.0375214862334385,2.021414987030931,0.8510424644201422,2.545032166980025,1.0375214862334385,2.021414987030931
sub-anm372793_ses-20170514.nwb,18,16.504785478602372,2.122227741618246,0.741121937272566,8.395199448100383,16.50478546905358,2.122227741618246,0.7411219372725659,8.395199448100383
sub-anm372793_ses-20170514.nwb,19,6.484353464812654,1.5165269895059452,0.7479686732715072,3.13826837725181,6.4843534610611515,1.5165269895059452,0.7479686732715072,3.13826837725181
sub-anm372793_ses-20170514.nwb,20,2.238397890378315,2.175702815588774,0.7979681735074574,2.6201347454765314,2.238397889083297,2.175702815588774,0.7979681735074573,2.6201347454765314
sub-anm372793_ses-20170514.nwb,21,7.160674771055158,1.5314957364389303,0.695050984877753,3.906970862810004,7.160674766912373,1.5314957364389303,0.695050984877753,3.906970862810004
sub-anm372793_ses-20170514.nwb,22,21.849401583878898,1.4444363175786497,0.8463687279583632,3.4886726142018425,21.849401571237994,1.4444363175786497,0.8463687279583629,3.4886726142018425
sub-anm372793_ses-20170514.nwb,23,6.0220945052850565,1.5766331316751214,0.8946573247294867,3.782139638579662,6.022094501800993,1.5766331316751214,0.8946573247294864,3.782139638579662
sub-anm372793_ses-20170514.nwb,24,6.21417207044546,1.967457611731087,0.8217634824544651,4.459649944868903,6.21417206685027,1.967457611731087,0.821763482454465,4.459649944868903
sub-anm372793_ses-20170514.nwb,25,0.8533566524445632,2.7159073229487305,1.015931080249537,4.218770132632755,0.8533566519508564,2.7159073229487305,1.015931080249537,4.218770132632755
sub-anm372793_ses-20170514.nwb,26,2.906040993375621,2.353153697409462,0.7702863376000784,4.091269000077952,2.90604099169434,2.353153697409462,0.7702863376000781,4.091269000077952
sub-anm372793_ses-20170514.nwb,27,5.910434956863496,1.7918176885326336,0.8792560007299078,3.638758965964999,5.9104349534440335,1.7918176885326336,0.879256000729908,3.638758965964999
sub-anm372793_ses-20170514.nwb,28,0.615573883526112,3.8272497635452973,0.9696275862760313,4.907171775592828,0.6155738831699736,3.8272497635452973,0.9696275862760313,4.907171775592828
sub-anm372793_ses-20170514.nwb,29,2.635859599008427,4.439405535795695,0.9175390388166897,9.666531172261037,2.6358595974834587,4.439405535795695,0.9175390388166897,9.666531172261037
sub-anm372793_ses-20170514.nwb,30,12.616950424753243,1.6226460482231813,0.6658378816272343,8.715523871618208,12.616950417453747,1.6226460482231813,0.6658378816272343,8.715523871618208
sub-anm372793_ses-20170514.nwb,31,1.6986136485269405,2.025551911297582,0.9344620783764087,4.859129326144958,1.698613647544213,2.025551911297582,0.9344620783764086,4.859129326144958
sub-anm372793_ses-20170514.nwb,32,0.6786354937745577,2.447555425832642,1.1258916008082747,3.428137528554812,0.6786354933819353,2.447555425832642,1.1258916008082747,3.428137528554812
sub-anm372793_ses-20170514.nwb,33,33.94797400145225,1.7691044321888099,0.4353198513283738,7.021392240771513,33.947973981811764,1.7691044321888099,0.4353198513283738,7.021392240771513
sub-anm372793_ses-20170514.nwb,34,0.8481497304974438,2.5136126584673932,1.0353836064840636,4.352656749439976,0.8481497300067494,2.5136126584673932,1.0353836064840634,4.352656749439976
sub-anm372793_ses-20170514.nwb,35,0.18918483074533704,3.554703522775361,1.13915461801187,6.205368750033163,0.18918483063588476,3.554703522775361,1.1391546180118697,6.205368750033163
sub-anm372793_ses-20170514.nwb,36,18.076697359749407,1.9800041579839278,0.5916358674167048,10.19779964331598,18.07669734929119,1.9800041579839278,0.5916358674167048,10.19779964331598
sub-anm372793_ses-20170514.nwb,37,0.17472115867000548,2.9390278130679013,0.7693778476154653,17.93791534363162,0.1747211585689211,2.9390278130679013,0.7693778476154655,17.93791534363162
sub-anm372793_ses-20170514.nwb,38,0.021984781554504,1.5548910722676965,1.0762003248656775,2.5043377674956626,0.021984781541784775,1.5548910722676965,1.0762003248656775,2.5043377674956626
sub-anm372793_ses-20170514.nwb,39,5.935312472833067,1.5413065057322597,1.0535532646629988,2.6713472141517354,5.935312469399211,1.5413065057322597,1.0535532646629988,2.6713472141517354
sub-anm372793_ses-20170514.nwb,40,1.945653167573604,2.752925346332039,0.7919704669425394,4.655301879209105,1.9456531664479526,2.752925346332039,0.7919704669425394,4.655301879209105
sub-anm372793_ses-20170514.nwb,41,2.899676977662475,2.497004177156427,0.8711272728812454,5.113584886151778,2.899676975984876,2.497004177156427,0.8711272728812454,5.113584886151778
sub-anm372793_ses-20170514.nwb,42,10.443349785272414,1.4791002275730327,0.709252918841337,3.396158349492324,10.443349779230447,1.4791002275730327,0.7092529188413369,3.396158349492324
sub-anm372793_ses-20170514.nwb,43,4.695486502535644,2.065814007652305,0.7640998550699561,5.351299733961662,4.695486499819085,2.065814007652305,0.7640998550699561,5.351299733961662
sub-anm372793_ses-20170514.nwb,44,0.7648389793435338,1.414557867716478,1.0638800142005944,1.7225368786798838,0.7648389789010387,1.414557867716478,1.0638800142005944,1.7225368786798838
sub-anm372793_ses-20170514.nwb,45,4.290503684426359,1.7395809296440157,0.8892887073125664,3.2987335153916657,4.290503681944102,1.7395809296440157,0.8892887073125665,3.2987335153916657
sub-anm372793_ses-20170514.nwb,46,13.407824013832373,1.5250568549988437,1.0533981897560059,4.159750434088707,13.40782400607532,1.5250568549988437,1.0533981897560059,4.159750434088707
sub-anm372793_ses-20170514.nwb,47,1.956645558350856,1.8489458683805222,0.9499505100983567,3.7015550977703553,1.956645557218845,1.8489458683805222,0.9499505100983568,3.7015550977703553
sub-anm372793_ses-20170514.nwb,48,0.4790368191349819,2.8635358016139696,1.3169385658989259,3.6636225457735754,0.47903681885783667,2.8635358016139696,1.3169385658989259,3.6636225457735754
sub-anm372793_ses-20170514.nwb,49,0.8712916058179743,4.255158596871251,1.1257572766695454,2.9271170571233474,0.8712916053138914,4.255158596871251,1.1257572766695456,2.9271170571233474
sub-anm372793_ses-20170514.nwb,50,15.15156431923435,2.2398754260627967,0.8398192141109629,12.890018173493958,15.15156431046846,2.2398754260627967,0.8398192141109628,12.890018173493958
sub-anm372793_ses-20170514.nwb,51,3.59914015922551,1.9325823505397846,0.9066473564861285,3.7363178450497294,3.599140157143239,1.9325823505397846,0.9066473564861284,3.7363178450497294
sub-anm372793_ses-20170514.nwb,52,1.6714219450253172,3.155553744710437,0.8779601869722451,9.594235608992125,1.6714219440583213,3.155553744710437,0.8779601869722451,9.594235608992125
sub-anm372793_ses-20170514.nwb,53,1.184864016411163,2.4843045486768243,1.4005891909226311,5.1280002891845005,1.1848640157256636,2.4843045486768243,1.4005891909226311,5.1280002891845005
sub-anm372793_ses-20170514.nwb,54,4.117518166405394,2.2929466496110193,0.7707864402761185,4.632237363222476,4.117518164023217,2.2929466496110193,0.7707864402761186,4.632237363222476
sub-anm372793_ses-20170514.nwb,55,1.121223859279704,2.1196949322975556,1.0835759283416884,4.037015615962985,1.1212238586310235,2.1196949322975556,1.0835759283416884,4.037015615962985
sub-anm372793_ses-20170514.nwb,56,1.169821797452818,2.7832619939258083,0.9994891611985672,6.065948367838107,1.1698217967760214,2.7832619939258083,0.9994891611985671,6.065948367838107
sub-anm372793_ses-20170514.nwb,57,11.645570208173973,1.9010233302684376,0.6698344980151819,5.424879107546953,11.645570201436467,1.9010233302684376,0.6698344980151819,5.424879107546953
sub-anm372793_ses-20170514.nwb,58,32.00810630270878,1.7878581177374537,0.5701173612428883,6.109516399361572,32.008106284190596,1.7878581177374537,0.5701173612428883,6.109516399361572
sub-anm372793_ses-20170514.nwb,59,0.1666215023078198,1.5846914584856844,1.07549380977111,3.0209297281665703,0.16662150221142144,1.5846914584856844,1.0754938097711098,3.0209297281665703
sub-anm372793_ses-20170514.nwb,60,4.886985520813034,1.4046374764569618,0.8754420881313942,2.3766219511952973,4.886985517985684,1.4046374764569618,0.8754420881313942,2.3766219511952973
sub-anm372793_ses-20170514.nwb,61,16.147243504900175,1.9109151416666337,0.6444571056623083,14.016015744236151,16.14724349555824,1.9109151416666337,0.6444571056623083,14.016015744236151
sub-anm372793_ses-20170514.nwb,62,0.40845409940736377,2.4975006096968535,1.2341584049842205,4.084589333433825,0.40845409917105396,2.4975006096968535,1.2341584049842205,4.084589333433825
sub-anm372793_ses-20170514.nwb,63,16.76918140413943,1.722847413802732,0.7581813685348441,6.611686126716588,16.769181394437677,1.722847413802732,0.7581813685348441,6.611686126716588
sub-anm372793_ses-20170514.nwb,64,1.7159700550173385,2.9991790145535804,1.2647415452153241,11.831422011639921,1.7159700540245695,2.9991790145535804,1.2647415452153243,11.831422011639921
sub-anm372793_ses-20170514.nwb,1001,6.484932011695666,1.5091614548379124,0.711146171975864,3.4298997836005225,6.48493200794383,1.5091614548379124,0.711146171975864,3.4298997836005225
sub-anm372793_ses-20170514.nwb,1002,11.809298976066728,1.5053825612304095,0.9998024321637826,4.103013151746095,11.809298969234495,1.5053825612304095,0.9998024321637825,4.103013151746095
sub-anm372793_ses-20170514.nwb,1003,4.311331372214837,1.6607949258717158,0.8840546484385339,2.8129142377807526,4.31133136972053,1.6607949258717158,0.8840546484385339,2.8129142377807526
sub-anm372794_ses-20170621.nwb,1001,0.9267733292571111,2.3583507601357945,0.9714131950669865,4.204336252459395,0.9267733286728194,2.3583507601357945,0.9714131950669866,4.204336252459395
sub-anm372794_ses-20170621.nwb,1002,5.22208400424262,3.653474219029646,0.6712296193293938,12.067088009307788,5.222084000950314,3.653474219029646,0.6712296193293938,12.067088009307788
sub-anm372794_ses-20170621.nwb,1003,4.210198838625161,1.8474228856285806,0.6985671760805728,4.0241659122780495,4.210198835970807,1.8474228856285806,0.6985671760805728,4.0241659122780495
sub-anm372794_ses-20170621.nwb,1004,18.709473006145597,2.5350854219291548,0.5143568548253281,8.450587326108744,18.709472994350058,2.5350854219291548,0.5143568548253281,8.450587326108744
sub-anm372794_ses-20170622.nwb,1001,0.12180842265188352,1.9622053097230525,1.4866668060220458,1.6782169117647059,0.12180842259589376,1.9622053097230525,1.4866668060220458,1.6782169117647059
sub-anm372794_ses-20170622.nwb,1002,0.22339205059930334,3.3409829911089033,1.3828966560275808,3.2869424776083265,0.22339205049662025,3.3409829911089033,1.3828966560275808,3.2869424776083265
sub-anm372794_ses-20170622.nwb,1003,15.209505272181786,3.361121025740768,0.46905160149814706,16.415133503025704,15.209505265190675,3.361121025740768,0.46905160149814706,16.415133503025704
sub-anm372794_ses-20170622.nwb,1004,0.31486328119449136,1.9745760535226755,1.276071294449198,2.448705855517389,0.31486328104976313,1.9745760535226755,1.276071294449198,2.448705855517389
sub-anm372794_ses-20170624.nwb,1,5.7006819644395765,5.619768186318252,0.6534070336319913,7.344762021812008,5.700681960846279,5.619768186318252,0.6534070336319913,7.344762021812008
sub-anm372794_ses-20170624.nwb,2,4.114147631788712,3.027749337671203,0.624328062911346,6.838794290480076,4.114147629195451,3.027749337671203,0.6243280629113461,6.838794290480076
sub-anm372794_ses-20170624.nwb,3,6.145062856183262,1.3947614860995565,0.5621206925392827,3.4198923541703303,6.14506285230986,1.3947614860995565,0.5621206925392825,3.4198923541703303
sub-anm372794_ses-20170624.nwb,4,12.556123919906717,0.9945195274399102,0.4424003379820872,2.223818335724751,12.556123911992247,0.9945195274399102,0.4424003379820872,2.223818335724751
sub-anm372794_ses-20170624.nwb,5,6.246545584652388,1.994250253682103,0.8181140497444556,3.501830399239024,6.2465455807150185,1.994250253682103,0.8181140497444557,3.501830399239024
sub-anm372794_ses-20170624.nwb,6,32.06097826617145,1.5461007276661207,0.5417289727616604,5.840436600223623,32.06097824596253,1.5461007276661207,0.5417289727616604,5.840436600223623
sub-anm372794_ses-20170624.nwb,7,2.8862696500628946,1.819003248607981,1.289286074425198,4.596883143547438,2.886269648243599,1.819003248607981,1.2892860744251977,4.596883143547438
sub-anm372794_ses-20170624.nwb,8,14.850516041817384,1.2697635693778642,0.5078831988291619,4.403530435638459,14.850516032456694,1.2697635693778642,0.5078831988291619,4.403530435638459
sub-anm372794_ses-20170624.nwb,9,10.448939067283819,1.9410879775202479,1.1986826080888757,6.013273528787144,10.448939060697564,1.9410879775202479,1.1986826080888757,6.013273528787144
sub-anm372794_ses-20170624.nwb,10,5.265755985286181,3.0562486881511917,0.5310668313146722,13.513332002795638,5.26575598196703,3.0562486881511917,0.5310668313146722,13.513332002795638
sub-anm372794_ses-20170624.nwb,11,11.542557290227501,2.490159424744986,0.5831434707893938,10.223370834954054,11.54255728295191,2.490159424744986,0.5831434707893938,10.223370834954054
sub-anm372794_ses-20170624.nwb,12,22.293423232894618,1.4387236745472158,0.6288993212521894,5.1764341281165525,22.29342321884246,1.4387236745472158,0.6288993212521895,5.1764341281165525
sub-anm372794_ses-20170624.nwb,13,1.6754105109996011,4.429162670574921,0.7353197029649793,6.058776088450034,1.6754105099435437,4.429162670574921,0.7353197029649794,6.058776088450034
sub-anm372794_ses-20170624.nwb,14,27.630406226360993,1.7944972519167681,0.44328466906730524,12.829369228379694,27.630406208944787,1.7944972519167681,0.44328466906730524,12.829369228379694
sub-anm372794_ses-20170624.nwb,15,10.235888370249256,2.2143905986232784,0.6117301193461371,8.662799573152967,10.235888363797294,2.2143905986232784,0.6117301193461371,8.662799573152967
sub-anm372794_ses-20170624.nwb,16,4.3877097694011375,2.2746758242985696,0.6797162309210415,5.726507763525781,4.387709766635443,2.2746758242985696,0.6797162309210414,5.726507763525781
sub-anm372794_ses-20170624.nwb,17,0.5969201482003846,2.264367423410646,1.224937259890716,2.975610307880356,0.5969201478241294,2.264367423410646,1.224937259890716,2.975610307880356
sub-anm372794_ses-20170624.nwb,18,1.342597587821351,1.7745078867163973,1.1272190811864427,4.472868464726608,1.3425975869750746,1.7745078867163973,1.1272190811864427,4.472868464726608
sub-anm372794_ses-20170624.nwb,19,12.469769051582059,1.702569608533237,0.74251544856158,6.082438375721252,12.46976904372202,1.702569608533237,0.74251544856158,6.082438375721252
sub-anm372794_ses-20170624.nwb,20,2.74066399617241,2.3728011790293224,0.7964233301264957,5.405593631327211,2.740663994444894,2.3728011790293224,0.7964233301264958,5.405593631327211
sub-anm372794_ses-20170624.nwb,21,2.1632840006586274,1.9280242076861276,0.9201087271823962,3.9866132607153393,2.1632839992950497,1.9280242076861276,0.9201087271823962,3.9866132607153393
sub-anm372794_ses-20170624.nwb,22,0.8414872205359171,2.9160375909364116,0.7572232227641685,6.970775188858916,0.8414872200055045,2.9160375909364116,0.7572232227641685,6.970775188858916
sub-anm372794_ses-20170624.nwb,23,3.8330215641040537,4.121478962259535,0.5123786744935764,12.044084754988498,3.833021561687995,4.121478962259535,0.5123786744935764,12.044084754988498
sub-anm372794_ses-20170624.nwb,24,1.7397039166135815,3.4201303400966387,0.7675484177728116,6.9,1.739703915516998,3.4201303400966387,0.7675484177728116,6.9
sub-anm372794_ses-20170624.nwb,25,8.407938602792957,1.5508468976039844,0.5185855540360038,3.7103589197653375,8.407938597493201,1.5508468976039844,0.5185855540360039,3.7103589197653375
sub-anm372794_ses-20170624.nwb,26,3.5443315663471626,1.9469578395567042,0.720991030122587,3.696210798636127,3.5443315641130724,1.9469578395567042,0.720991030122587,3.696210798636127
sub-anm372794_ses-20170624.nwb,27,0.7526110421871798,2.9773212921979737,1.1532146866195243,5.070082612178727,0.7526110417127883,2.9773212921979737,1.1532146866195245,5.070082612178727
sub-anm372794_ses-20170624.nwb,28,10.273708020610421,2.4242928943261397,0.45280822741630367,7.808640538444437,10.27370801413462,2.4242928943261397,0.45280822741630367,7.808640538444437
sub-anm372794_ses-20170624.nwb,29,1.6060744853374658,2.657913390786409,0.9416176831718647,5.4917861866282065,1.6060744843251127,2.657913390786409,0.9416176831718647,5.4917861866282065
sub-anm372794_ses-20170624.nwb,30,3.133358032422505,3.033908765427742,0.9083630288269002,15.052144783791357,3.1333580304474626,3.033908765427742,0.9083630288269002,15.052144783791357
sub-anm372794_ses-20170624.nwb,31,9.141009492293536,1.5742558591348625,0.5501255872883759,3.9465438441578615,9.141009486531704,1.5742558591348625,0.5501255872883759,3.9465438441578615
sub-anm372794_ses-20170624.nwb,32,1.057689555100576,1.9315891561234382,1.0881323368439717,2.992718699985655,1.0576895544338851,1.9315891561234382,1.0881323368439717,2.992718699985655
sub-anm372794_ses-20170624.nwb,33,17.610720190676396,1.5292922717629438,0.43546275319998934,9.630454979187377,17.61072017957587,1.5292922717629438,0.4354627531999893,9.630454979187377
sub-anm372794_ses-20170624.nwb,34,1.2612853395448465,3.088527793609091,1.3897524334849165,5.702148925537231,1.2612853387498235,3.088527793609091,1.3897524334849165,5.702148925537231
sub-anm372794_ses-20170624.nwb,35,8.771637573766158,3.003312246733086,0.6053911993611014,16.155944941410095,8.771637568237153,3.003312246733086,0.6053911993611014,16.155944941410095
sub-anm372794_ses-20170624.nwb,36,2.004441469141735,2.8666132785441962,0.9028139198661739,5.723892237638359,2.0044414678782805,2.8666132785441962,0.9028139198661739,5.723892237638359
sub-anm372794_ses-20170624.nwb,37,2.1065545251168802,2.865342140590845,0.7670899501904884,4.068287103813638,2.1065545237890606,2.865342140590845,0.7670899501904884,4.068287103813638
sub-anm372794_ses-20170624.nwb,38,2.1941700484535787,3.673187722282112,0.7801420249525395,6.458377433568166,2.1941700470705325,3.673187722282112,0.7801420249525395,6.458377433568166
sub-anm372794_ses-20170624.nwb,39,1.367180360556108,3.9844704612675597,0.8451338345285142,4.393067462900939,1.3671803596943366,3.9844704612675597,0.8451338345285142,4.393067462900939
sub-anm372794_ses-20170624.nwb,40,5.512214040139772,1.715973780102203,0.7891425704850868,3.864445791870266,5.512214036665271,1.715973780102203,0.789142570485087,3.864445791870266
sub-anm372794_ses-20170624.nwb,41,10.689724174583235,2.6540387251471675,0.4826872674801529,12.07286560459224,10.689724167845206,2.6540387251471675,0.48268726748015284,12.07286560459224
sub-anm372794_ses-20170624.nwb,42,28.217241134465066,1.778074596415891,0.3719294442167109,9.448630209583005,28.217241116678963,1.778074596415891,0.3719294442167109,9.448630209583005
sub-anm372794_ses-20170624.nwb,43,8.570563099345966,2.7488137157196597,0.6669728683738486,9.669593894164448,8.570563093943704,2.7488137157196597,0.6669728683738485,9.669593894164448
sub-anm372794_ses-20170624.nwb,44,12.561166539954874,1.611770860237679,0.6363835250998823,5.515435024184102,12.561166532037223,1.611770860237679,0.6363835250998822,5.515435024184102
sub-anm372794_ses-20170624.nwb,45,2.565432949499013,2.8676907183075664,0.6212749709351365,5.291432384438055,2.56543294788195,2.8676907183075664,0.6212749709351365,5.291432384438055
sub-anm372794_ses-20170624.nwb,46,0.3996276388163082,3.2287257082546277,1.354618156342582,6.584731225115738,0.39962763856441186,3.2287257082546277,1.354618156342582,6.584731225115738
sub-anm372794_ses-20170624.nwb,47,1.3054082649662055,2.9538232432097318,0.8674417224339689,7.256586515803042,1.3054082641433706,2.9538232432097318,0.867441722433969,7.256586515803042
sub-anm372794_ses-20170624.nwb,1001,0.5950291656823264,2.262595389500517,1.2155857372766836,2.9814381681672057,0.5950291653072631,2.262595389500517,1.2155857372766836,2.9814381681672057
sub-anm372794_ses-20170624.nwb,1002,1.9565365786842597,2.8347299976885587,0.9102284977078601,5.609185700179943,1.9565365774510006,2.8347299976885587,0.9102284977078601,5.609185700179943
sub-anm372794_ses-20170624.nwb,1003,1.3293607101949432,4.374049423734496,0.8426847798669421,4.77681482098953,1.3293607093570106,4.374049423734496,0.8426847798669421,4.77681482098953
sub-anm372794_ses-20170625.nwb,1,0.9836865803091964,2.057212814628387,1.2723170608585561,3.4019808385919963,0.9836865798350959,2.057212814628387,1.2723170608585561,3.4019808385919963
sub-anm372794_ses-20170625.nwb,2,0.3778590293789368,2.0261722859341673,1.4051406242533913,3.2624747971477746,0.37785902919682274,2.0261722859341673,1.4051406242533913,3.2624747971477746
sub-anm372794_ses-20170625.nwb,3,5.9777876803405015,2.3532633855870433,0.6668630733418486,5.984192164934833,5.977787677459428,2.3532633855870433,0.6668630733418485,5.984192164934833
sub-anm372794_ses-20170625.nwb,4,3.8022064831255515,2.6201762097319667,0.6875445724130785,4.807148217664676,3.8022064812930285,2.6201762097319667,0.6875445724130785,4.807148217664676
sub-anm372794_ses-20170625.nwb,5,3.58435918557545,2.003256983297747,0.7479411846441325,3.1550457416596602,3.5843591838479214,2.003256983297747,0.7479411846441325,3.1550457416596602
sub-anm372794_ses-20170625.nwb,6,11.118405546865679,3.254731153994604,0.6812026971221171,11.169158088855484,11.11840554150702,3.254731153994604,0.681202697122117,11.169158088855484
sub-anm372794_ses-20170625.nwb,7,2.8802111729190387,2.356661535166245,0.7131556155901181,4.674551539491299,2.8802111715308834,2.356661535166245,0.7131556155901181,4.674551539491299
sub-anm372794_ses-20170625.nwb,8,1.5263769719937408,4.12885258772919,0.6555098200706513,4.906636739569583,1.5263769712580837,4.12885258772919,0.6555098200706513,4.906636739569583
sub-anm372794_ses-20170625.nwb,9,3.891369646945836,2.2925374698860947,0.7544660507209331,6.2213754099877345,3.89136964507034,2.2925374698860947,0.7544660507209331,6.2213754099877345
sub-anm372794_ses-20170625.nwb,10,0.81692736581288,1.7497337613694155,1.004658782534095,2.2857873973771192,0.8169273654191511,1.7497337613694155,1.0046587825340951,2.2857873973771192
sub-anm372794_ses-20170625.nwb,11,4.346342763953127,2.299560057315745,0.8787936100308579,4.166506398180881,4.3463427618583514,2.299560057315745,0.878793610030858,4.166506398180881
sub-anm372794_ses-20170625.nwb,12,1.5316785655181901,2.92608094477522,0.916951714131083,10.584859159735228,1.5316785647799778,2.92608094477522,0.916951714131083,10.584859159735228
sub-anm372794_ses-20170625.nwb,13,0.1484446186845823,1.930444642817256,1.4495519197507016,2.9944234079173837,0.14844461861303748,1.930444642817256,1.4495519197507016,2.9944234079173837
sub-anm372794_ses-20170625.nwb,14,3.537126806903083,2.119828037467495,0.9764088434936999,7.403451374649711,3.537126805198319,2.119828037467495,0.9764088434937,7.403451374649711
sub-anm372794_ses-20170625.nwb,15,2.0136416131954054,2.1412850932729404,0.8838827292638595,5.44318386038169,2.013641612224905,2.1412850932729404,0.8838827292638596,5.44318386038169
sub-anm372794_ses-20170625.nwb,16,52.31178723183727,2.32713215225561,0.4018954906209703,22.21763807290633,52.31178720662493,2.32713215225561,0.4018954906209703,22.21763807290633
sub-anm372794_ses-20170625.nwb,17,17.208972580362648,1.482836999105057,0.6925902438197459,5.598820271845237,17.20897257206856,1.482836999105057,0.6925902438197459,5.598820271845237
sub-anm372794_ses-20170625.nwb,18,6.820259087680274,2.4909173756342753,0.6583726250677887,10.94880855625172,6.820259084393161,2.4909173756342753,0.6583726250677887,10.94880855625172
sub-anm372794_ses-20170625.nwb,19,7.037624422182698,3.4397590956659707,0.7210414245719425,14.514733779660483,7.0376244187908235,3.4397590956659707,0.7210414245719425,14.514733779660483
sub-anm372794_ses-20170625.nwb,20,16.920276714803997,1.4472797950355747,0.5869303743539646,5.017073463192217,16.920276706649048,1.4472797950355747,0.5869303743539646,5.017073463192217
sub-anm372794_ses-20170625.nwb,21,20.662719780017575,2.3663711204499953,0.42907680606660287,17.45593457240044,20.662719770058906,2.3663711204499953,0.4290768060666028,17.45593457240044
sub-anm372794_ses-20170625.nwb,22,1.513363969706456,2.7334175477602414,0.7572597266266983,3.752989026168368,1.5133639689770706,2.7334175477602414,0.7572597266266983,3.752989026168368
sub-anm372794_ses-20170625.nwb,23,8.8440219248769,2.8218382012252223,0.48201932060113445,11.051885361609926,8.84402192061441,2.8218382012252223,0.4820193206011344,11.051885361609926
sub-anm372794_ses-20170625.nwb,24,1.7201261171599813,2.294581801768499,0.8934993304791035,4.840100868590642,1.7201261163309443,2.294581801768499,0.8934993304791035,4.840100868590642
sub-anm372794_ses-20170625.nwb,25,0.4115964427163418,3.7442584650775035,0.8342437689999864,5.642297903558026,0.4115964425179676,3.7442584650775035,0.8342437689999864,5.642297903558026
sub-anm372794_ses-20170625.nwb,26,0.5031694217750128,2.0988035081325136,1.2302755115957085,5.0256031020634255,0.5031694215325038,2.0988035081325136,1.2302755115957082,5.0256031020634255
sub-anm372794_ses-20170625.nwb,27,0.971637504117266,1.913619536440346,1.5921277568397798,3.2476797666857906,0.9716375036489727,1.913619536440346,1.5921277568397798,3.2476797666857906
sub-anm372794_ses-20170625.nwb,28,0.3373741333740507,2.8158872066228793,1.1548361686591266,4.128364888123925,0.3373741332114489,2.8158872066228793,1.1548361686591266,4.128364888123925
sub-anm372794_ses-20170625.nwb,29,7.848768231423451,2.218116078206646,0.6154814504475609,5.180668143868072,7.848768227640635,2.218116078206646,0.615481450447561,5.180668143868072
sub-anm372794_ses-20170625.nwb,30,0.5711262114975001,2.227328048269582,1.0661401061819566,3.726805958009253,0.5711262112222384,2.227328048269582,1.0661401061819566,3.726805958009253
sub-anm372794_ses-20170625.nwb,31,1.5952976878115825,4.963531546125862,0.5677002460793791,5.718414443271577,1.5952976870427082,4.963531546125862,0.5677002460793792,5.718414443271577
sub-anm372794_ses-20170625.nwb,32,0.4569009691980001,2.2349772311717726,1.1053950694855559,3.5473519394031823,0.45690096897779076,2.2349772311717726,1.1053950694855559,3.5473519394031823
sub-anm372794_ses-20170625.nwb,33,1.3523883117822662,3.621841700478388,0.7946333211230737,5.443149189774064,1.3523883111304649,3.621841700478388,0.7946333211230736,5.443149189774064
sub-anm372794_ses-20170625.nwb,34,0.18844755164179117,4.980425624484359,0.9192068996592154,5.870389794472008,0.18844755155096643,4.980425624484359,0.9192068996592155,5.870389794472008
sub-anm372794_ses-20170625.nwb,35,3.52555969375883,7.363670864865415,0.5797442804655112,6.296571659158851,3.5255596920596406,7.363670864865415,0.5797442804655112,6.296571659158851
sub-anm372794_ses-20170625.nwb,36,0.5879949181662026,2.2377391742414856,1.1019235558088685,3.267785897689117,0.5879949178828109,2.2377391742414856,1.1019235558088685,3.267785897689117
sub-anm372794_ses-20170625.nwb,37,2.3837892338115068,1.973158014742364,0.9323557781059817,3.062402525589621,2.3837892326626084,1.973158014742364,0.9323557781059817,3.062402525589621
sub-anm372794_ses-20170625.nwb,38,2.8204477550070637,2.105034898509444,0.8874795783090413,4.114482207709854,2.8204477536477124,2.105034898509444,0.8874795783090412,4.114482207709854
sub-anm372794_ses-20170625.nwb,39,11.170457556014819,1.2299820975682048,0.6015952486924666,3.1193979906336313,11.170457550631072,1.2299820975682048,0.6015952486924667,3.1193979906336313
sub-anm372794_ses-20170625.nwb,40,0.7571639479009052,1.8956820312580016,1.1423611128678557,2.88706725054259,0.7571639475359803,1.8956820312580016,1.1423611128678557,2.88706725054259
sub-anm372794_ses-20170625.nwb,41,0.9292247559216711,1.717682961373063,1.1363300614902805,2.6963620456931463,0.9292247554738191,1.717682961373063,1.1363300614902805,2.6963620456931463
sub-anm372794_ses-20170625.nwb,42,11.856290972859496,1.9183131484884794,0.7237398973527045,6.737017337643256,11.856290967145203,1.9183131484884794,0.7237398973527044,6.737017337643256
sub-anm372794_ses-20170625.nwb,43,1.5249310828507092,2.351434237582834,0.9627364942627985,5.48592661416843,1.524931082115749,2.351434237582834,0.9627364942627985,5.48592661416843
sub-anm372794_ses-20170625.nwb,44,9.766981161178768,1.9764089607857418,0.5782080773784707,5.103757145532538,9.766981156471445,1.9764089607857418,0.5782080773784707,5.103757145532538
sub-anm372794_ses-20170625.nwb,45,9.40309906018247,2.583223570878782,0.5642744722228671,17.29077334453138,9.403099055650525,2.583223570878782,0.5642744722228671,17.29077334453138
sub-anm372794_ses-20170625.nwb,46,0.4144882210024051,3.3156842696050632,1.0251193516713033,4.899495657046791,0.41448822080263714,3.3156842696050632,1.0251193516713033,4.899495657046791
sub-anm372794_ses-20170625.nwb,47,0.19712288649998105,2.6137149300112927,1.1544001681777425,3.9031360650425664,0.1971228864049751,2.6137149300112927,1.1544001681777423,3.9031360650425664
sub-anm372794_ses-20170625.nwb,48,31.94595668918886,2.1354228995766222,0.5187218713400505,13.71432196628949,31.945956673792093,2.1354228995766222,0.5187218713400504,13.71432196628949
sub-anm372794_ses-20170625.nwb,49,0.41207840576401905,3.4661024637339186,1.1011549742921758,10.828887479743535,0.41207840556541253,3.4661024637339186,1.1011549742921756,10.828887479743535
sub-anm372794_ses-20170625.nwb,50,0.3595444335672026,3.044757556499985,1.063407080500115,4.147184340579476,0.3595444333939155,3.044757556499985,1.063407080500115,4.147184340579476
sub-anm372794_ses-20170625.nwb,51,17.26391636779785,3.8315184807127394,0.3910470977547253,33.681067990555185,17.26391635947728,3.8315184807127394,0.39104709775472524,33.681067990555185
sub-anm372794_ses-20170625.nwb,1001,3.9390839886658804,3.211114843664534,0.7020533515473609,6.599440473259734,3.939083986767388,3.211114843664534,0.7020533515473609,6.599440473259734
sub-anm372794_ses-20170625.nwb,1002,0.8882578968691077,2.340988250672315,1.113510503065055,3.5627025083513653,0.8882578964410003,2.340988250672315,1.1135105030650552,3.5627025083513653
sub-anm372794_ses-20170625.nwb,1003,0.38460651204641777,2.6018519616732583,1.1312417163282413,3.497627200531449,0.3846065118610517,2.6018519616732583,1.1312417163282413,3.497627200531449
sub-anm372794_ses-20170625.nwb,1004,16.89569659937246,3.806251904773831,0.40153250989444195,32.72015878209323,16.89569659122936,3.806251904773831,0.4015325098944419,32.72015878209323
sub-anm372794_ses-20170625.nwb,1005,1.170688242807956,1.982056726231202,1.0744818704577328,3.2192699658246,1.1706882422437275,1.982056726231202,1.074481870457733,3.2192699658246
sub-anm372794_ses-20170626.nwb,1,1.0441024811758157,2.078727495347674,1.2400396487253085,3.611856475617135,1.0441024806780304,2.078727495347674,1.2400396487253085,3.611856475617135
sub-anm372794_ses-20170626.nwb,2,7.424569835320081,2.1136972332961004,0.7198282825347366,7.4616317308004865,7.42456983178035,2.1136972332961004,0.7198282825347366,7.4616317308004865
sub-anm372794_ses-20170626.nwb,3,4.782370771084295,4.170114134648241,0.531398020592285,11.948218530182745,4.782370768804257,4.170114134648241,0.531398020592285,11.948218530182745
sub-anm372794_ses-20170626.nwb,4,2.0257495171306124,3.6380238293935414,1.054942246982939,5.143248083270197,2.025749516164818,3.6380238293935414,1.0549422469829393,5.143248083270197
sub-anm372794_ses-20170626.nwb,5,7.197632492379584,1.552804006688992,0.6065737293521037,3.9726094420996527,7.197632488948048,1.552804006688992,0.6065737293521037,3.9726094420996527
sub-anm372794_ses-20170626.nwb,6,10.561644870085773,1.540175981770273,0.5527618776247383,4.988451727321264,10.561644865050415,1.540175981770273,0.5527618776247383,4.988451727321264
sub-anm372794_ses-20170626.nwb,7,0.13635310941382797,2.069909324948253,1.4714577299995342,4.073469904737779,0.1363531093488204,2.069909324948253,1.4714577299995342,4.073469904737779
sub-anm372794_ses-20170626.nwb,8,2.2064412250601255,5.5396183571373605,1.329169635075594,24.345083559021923,2.2064412240081848,5.5396183571373605,1.329169635075594,24.345083559021923
sub-anm372794_ses-20170626.nwb,9,1.2800982474689795,3.9034854615284758,0.854148036375731,13.414809351106754,1.280098246858681,3.9034854615284758,0.854148036375731,13.414809351106754
sub-anm372794_ses-20170626.nwb,10,6.056271149943555,2.274677588197847,0.674278138177726,7.245587371290434,6.056271147056173,2.274677588197847,0.674278138177726,7.245587371290434
sub-anm372794_ses-20170626.nwb,11,12.239360226824447,1.3024609139423189,0.7350599624542611,2.3365042788083206,12.239360220989221,1.3024609139423189,0.7350599624542611,2.3365042788083206
sub-anm372794_ses-20170626.nwb,12,20.167864456027104,1.745580371387033,0.571059946793429,7.454641618875651,20.16786444641189,1.745580371387033,0.571059946793429,7.454641618875651
sub-anm372794_ses-20170626.nwb,13,6.042921894476468,3.5224107194702503,0.6495847152869729,9.766894854308509,6.04292189159545,3.5224107194702503,0.6495847152869729,9.766894854308509
sub-anm372794_ses-20170626.nwb,14,16.51779660402617,2.1605763987610325,0.4377613100052542,11.186691079548577,16.51779659615116,2.1605763987610325,0.4377613100052542,11.186691079548577
sub-anm372794_ses-20170626.nwb,15,19.98621922984994,1.595670029246285,0.541584738183878,4.569506333909787,19.986219220321328,1.595670029246285,0.541584738183878,4.569506333909787
sub-anm372794_ses-20170626.nwb,16,7.556155353495663,2.1002504320991284,0.6008885147773585,6.6976027212489955,7.5561553498931975,2.1002504320991284,0.6008885147773585,6.6976027212489955
sub-anm372794_ses-20170626.nwb,17,6.201205923586226,2.262223106608047,0.6725567798772497,8.412956087368956,6.201205920629745,2.262223106608047,0.6725567798772496,8.412956087368956
sub-anm372794_ses-20170626.nwb,18,2.9773607282844607,1.9537483601533547,0.9304102282856938,5.140088963449119,2.977360726864977,1.9537483601533547,0.9304102282856936,5.140088963449119
sub-anm372794_ses-20170626.nwb,19,1.6195507436320757,5.390008833193683,0.8610130631890652,7.554521555356561,1.6195507428599403,5.390008833193683,0.8610130631890652,7.554521555356561
sub-anm372794_ses-20170626.nwb,20,0.5849834449327516,1.6553968854290633,1.589573238269394,2.5308867140125697,0.5849834446538553,1.6553968854290633,1.5895732382693941,2.5308867140125697
sub-anm372794_ses-20170626.nwb,21,3.5842750929131424,2.6995609518279773,1.1302053467838369,6.261226757719825,3.584275091204307,2.6995609518279773,1.1302053467838369,6.261226757719825
sub-anm372794_ses-20170626.nwb,22,25.04224973800954,7.94915870300347,0.6158997821942476,16.51843366907458,25.04224972607042,7.94915870300347,0.6158997821942476,16.51843366907458
sub-anm372794_ses-20170626.nwb,23,4.189282421046526,2.714057642907134,0.5555697050005952,4.94419387206792,4.189282419049248,2.714057642907134,0.5555697050005952,4.94419387206792
sub-anm372794_ses-20170626.nwb,24,7.504665368122609,1.4391460923729478,0.6711898720302366,3.130073238091656,7.504665364544692,1.4391460923729478,0.6711898720302366,3.130073238091656
sub-anm372794_ses-20170626.nwb,25,1.732065896854675,1.4561638408553546,1.2763890698772014,2.471763967465902,1.7320658960288968,1.4561638408553546,1.2763890698772014,2.471763967465902
sub-anm372794_ses-20170626.nwb,26,10.512061921208018,1.7226126161607018,0.5297825706210674,5.5576356906086755,10.512061916196297,1.7226126161607018,0.5297825706210673,5.5576356906086755
sub-anm372794_ses-20170626.nwb,27,11.249608285764634,1.9063824362935295,0.7406802146193163,5.660709648320611,11.249608280401281,1.9063824362935295,0.7406802146193163,5.660709648320611
sub-anm372794_ses-20170626.nwb,28,15.781203757717202,1.968023405591399,0.5757342506138106,5.933568444892165,15.78120375019337,1.968023405591399,0.5757342506138106,5.933568444892165
sub-anm372794_ses-20170626.nwb,29,20.60934340468866,1.718876081458562,0.4719033706417838,15.528537976700662,20.609343394862965,1.718876081458562,0.47190337064178384,15.528537976700662
sub-anm372794_ses-20170626.nwb,30,17.884188252907396,1.6489467116111405,0.625131669671596,5.738956365231,17.884188244380947,1.6489467116111405,0.625131669671596,5.738956365231
sub-anm372794_ses-20170626.nwb,31,8.404786593903404,2.632951604220168,0.6073874562374424,10.809158997429327,8.404786589896347,2.632951604220168,0.6073874562374425,10.809158997429327
sub-anm372794_ses-20170626.nwb,32,10.578808198543458,1.5555686240828466,0.6233642248994526,4.400031452646109,10.578808193499915,1.5555686240828466,0.6233642248994526,4.400031452646109
sub-anm372794_ses-20170626.nwb,33,2.0977401448281228,3.4182925783705875,0.6718918988477997,7.802309992200364,2.0977401438280063,3.4182925783705875,0.6718918988477998,7.802309992200364
sub-anm372794_ses-20170627.nwb,1001,0.00852938473444058,2.986595518333877,1.6053333777469652,1.6581404790905399,0.008529384730976275,2.986595518333877,1.6053333777469652,1.6581404790905399
sub-anm372794_ses-20170627.nwb,1002,4.936076794174113,1.6340227485683105,0.8093354925730956,3.1948773719726353,4.9360767921692705,1.6340227485683105,0.8093354925730956,3.1948773719726353
sub-anm372794_ses-20170627.nwb,1003,1.5852470770724563,2.898640503050997,0.9350455251510711,4.712810627260394,1.5852470764285906,2.898640503050997,0.935045525151071,4.712810627260394
sub-anm372794_ses-20170627.nwb,1004,4.182241648120698,2.060691211561018,0.6249117076378267,3.511178020899465,4.1822416464220336,2.060691211561018,0.6249117076378266,3.511178020899465
sub-anm372795_ses-20170714.nwb,1001,5.409959542748707,2.305166956341513,0.7226736080889448,8.824583125065963,5.409959538889065,2.305166956341513,0.7226736080889449,8.824583125065963
sub-anm372795_ses-20170714.nwb,1002,4.532437422534951,2.4519907559818526,0.8356922197929952,5.538976722107542,4.532437419301362,2.4519907559818526,0.8356922197929952,5.538976722107542
sub-anm372795_ses-20170714.nwb,1003,2.5583693683630306,1.2588429209875027,0.855460870206704,1.6123313599486986,2.5583693665378067,1.2588429209875027,0.8554608702067039,1.6123313599486986
sub-anm372795_ses-20170714.nwb,1004,4.1122256104976325,1.8803911295572047,0.823897183887607,3.392547179057182,4.112225607563836,1.8803911295572047,0.823897183887607,3.392547179057182
sub-anm372795_ses-20170715.nwb,1001,5.048438769078771,3.776017961513564,0.7452723302782925,9.909263504745441,5.04843876519182,3.776017961513564,0.7452723302782924,9.909263504745441
sub-anm372795_ses-20170716.nwb,1001,11.652751948878537,1.5262615109127156,0.7285012196947895,5.526244365714072,11.652751942207615,1.5262615109127156,0.7285012196947895,5.526244365714072
sub-anm372795_ses-20170716.nwb,1002,13.480668282593554,1.974885991423876,0.697453611119529,4.858501248810236,13.480668274876194,1.974885991423876,0.6974536111195291,4.858501248810236
sub-anm372795_ses-20170716.nwb,1003,4.898678380081241,1.557325053721978,1.0893579504701512,2.5254018658942132,4.898678377276864,1.557325053721978,1.0893579504701514,2.5254018658942132
sub-anm372795_ses-20170716.nwb,1004,6.047638004812226,2.4013181701664896,0.8094498442572915,5.321294123078303,6.047638001350098,2.4013181701664896,0.8094498442572915,5.321294123078303
sub-anm372795_ses-20170718.nwb,1001,6.540061470479393,2.58196715019241,0.8621588783734658,5.862251579526547,6.540061466592054,2.58196715019241,0.8621588783734659,5.862251579526547
sub-anm372795_ses-20170718.nwb,1002,4.84961933451253,1.2253477183157275,0.6589772328245679,1.7295085196572548,4.84961933162997,1.2253477183157275,0.658977232824568,1.7295085196572548
sub-anm372797_ses-20170615.nwb,1,0.5392653305336513,2.8987317059100395,1.462566154581249,3.1009323184735553,0.5392653301837029,2.8987317059100395,1.462566154581249,3.1009323184735553
sub-anm372797_ses-20170615.nwb,2,2.798209512949584,6.221103354694207,0.75271657756515,4.620648170777956,2.798209511133727,6.221103354694207,0.75271657756515,4.620648170777956
sub-anm372797_ses-20170615.nwb,3,0.5464036201075023,2.2026802126080387,1.4001704461970754,4.023672816337603,0.5464036197529216,2.2026802126080387,1.4001704461970754,4.023672816337603
sub-anm372797_ses-20170615.nwb,4,0.9824882195282167,3.7606314127010907,0.789545437010744,4.832580535379503,0.9824882188906453,3.7606314127010907,0.789545437010744,4.832580535379503
sub-anm372797_ses-20170615.nwb,5,1.528891839635719,3.7440537750511886,1.2037896585904222,2.986402783454838,1.5288918386435668,3.7440537750511886,1.2037896585904222,2.986402783454838
sub-anm372797_ses-20170615.nwb,6,2.7975605775337797,6.306519115654377,0.5581962827651717,11.003208218385847,2.797560575718343,6.306519115654377,0.5581962827651717,11.003208218385847
sub-anm372797_ses-20170615.nwb,7,2.5263055737274422,5.530615698219734,0.7479618771179573,5.990286564030383,2.526305572088033,5.530615698219734,0.7479618771179574,5.990286564030383
sub-anm372797_ses-20170615.nwb,8,6.682736911956127,7.525264107710409,0.6033826523156813,6.8108202937283995,6.682736907619462,7.525264107710409,0.6033826523156813,6.8108202937283995
sub-anm372797_ses-20170615.nwb,9,1.7761362330572847,3.9477941054802783,1.0635322351138015,2.626876578016022,1.776136231904687,3.9477941054802783,1.0635322351138015,2.626876578016022
sub-anm372797_ses-20170615.nwb,10,5.827440033925618,6.832524479478879,0.6411632981807324,7.247893581381367,5.827440030143985,6.832524479478879,0.6411632981807325,7.247893581381367
sub-anm372797_ses-20170615.nwb,11,4.841058201902574,6.209176446889551,0.7420381282536613,3.305636463909616,4.841058198761039,6.209176446889551,0.7420381282536613,3.305636463909616
sub-anm372797_ses-20170615.nwb,12,0.5022760118327871,3.655842252393165,1.274201697307556,5.311682235938608,0.5022760115068424,3.655842252393165,1.274201697307556,5.311682235938608
sub-anm372797_ses-20170615.nwb,13,4.965004866321259,6.704017976154179,0.8334546415169536,9.116208041074145,4.965004863099291,6.704017976154179,0.8334546415169536,9.116208041074145
sub-anm372797_ses-20170615.nwb,14,4.535409621058591,3.572948547071991,0.7346038610835628,12.715312994397705,4.535409618115403,3.572948547071991,0.7346038610835628,12.715312994397705
sub-anm372797_ses-20170615.nwb,15,11.961826519526829,9.91679750443403,0.84005664687252,13.5412977310922,11.961826511764375,9.91679750443403,0.8400566468725199,13.5412977310922
sub-anm372797_ses-20170615.nwb,16,1.7216256581296956,4.1529355518277375,0.9502977749487547,3.350761556285503,1.7216256570124715,4.1529355518277375,0.9502977749487547,3.350761556285503
sub-anm372797_ses-20170615.nwb,17,37.152201490231135,16.780247713466117,1.0085902369177293,7.916516169657681,37.15220146612175,16.780247713466117,1.0085902369177293,7.916516169657681
sub-anm372797_ses-20170615.nwb,18,8.393330668017143,8.34141909919007,0.6719513419843584,9.9325568124177,8.393330662570413,8.34141909919007,0.6719513419843584,9.9325568124177
sub-anm372797_ses-20170615.nwb,19,23.340909035661095,13.422648189662677,0.7440019625676856,17.30471916344704,23.340909020514353,13.422648189662677,0.7440019625676856,17.30471916344704
sub-anm372797_ses-20170615.nwb,20,6.486109480967323,7.23975656094784,0.8756311734058614,7.486838422455875,6.486109476758256,7.23975656094784,0.8756311734058613,7.486838422455875
sub-anm372797_ses-20170615.nwb,21,1.1479667505583986,3.858595769676747,1.0766378821934455,3.8113431661952233,1.1479667498134423,3.858595769676747,1.0766378821934453,3.8113431661952233
sub-anm372797_ses-20170615.nwb,22,0.1823508518411023,3.1111715768295047,1.4652357903547182,2.8318857514993496,0.18235085172276838,3.1111715768295047,1.465235790354718,2.8318857514993496
sub-anm372797_ses-20170615.nwb,23,0.13108495399253617,3.4794624573043933,1.6644832508311909,4.066936090104792,0.1310849539074705,3.4794624573043933,1.664483250831191,4.066936090104792
sub-anm372797_ses-20170615.nwb,24,14.22206857277437,10.405330899190322,0.9400416406599517,4.64875427255195,14.222068563545166,10.405330899190322,0.9400416406599515,4.64875427255195
sub-anm372797_ses-20170615.nwb,25,1.1135731735207528,4.900690305605961,0.9738710743820431,4.743080734969118,1.1135731727981157,4.900690305605961,0.9738710743820429,4.743080734969118
sub-anm372797_ses-20170615.nwb,26,4.944887868431315,6.44131110701255,0.807059026426014,6.1375736858330745,4.944887865222402,6.44131110701255,0.807059026426014,6.1375736858330745
sub-anm372797_ses-20170615.nwb,27,2.986400783532928,5.2187986119034635,0.8655757479070668,5.003631860537459,2.9864007815949467,5.2187986119034635,0.8655757479070667,5.003631860537459
sub-anm372797_ses-20170615.nwb,28,6.305705435373634,7.042716968299232,0.9109214389767908,4.421224748640919,6.305705431281638,7.042716968299232,0.910921438976791,4.421224748640919
sub-anm372797_ses-20170615.nwb,29,0.7715842093917105,3.159063246013868,1.467970979926806,3.1720732280383293,0.7715842088910021,3.159063246013868,1.467970979926806,3.1720732280383293
sub-anm372797_ses-20170615.nwb,30,6.756066613942051,7.2959487174675015,0.5530437832976712,3.925488135240574,6.756066609557799,7.2959487174675015,0.5530437832976712,3.925488135240574
sub-anm372797_ses-20170615.nwb,31,2.26413566574237,4.471574160114474,1.1778853904917137,4.69002737629658,2.264135664273092,4.471574160114474,1.1778853904917137,4.69002737629658
sub-anm372797_ses-20170615.nwb,32,1.5191578083986494,4.392551822868281,0.8636227312991457,4.7563798672813515,1.519157807412814,4.392551822868281,0.8636227312991456,4.7563798672813515
sub-anm372797_ses-20170615.nwb,33,3.031177327223448,5.223877337772968,0.7792944122927853,4.880005323692893,3.0311773252564094,5.223877337772968,0.7792944122927854,4.880005323692893
sub-anm372797_ses-20170615.nwb,34,1.4127324002066894,3.894268435247714,0.8452742915179896,4.653886406675656,1.4127323992899172,3.894268435247714,0.8452742915179898,4.653886406675656
sub-anm372797_ses-20170615.nwb,35,18.68155275018382,11.939689914685022,0.69194562539429,8.086930508665148,18.6815527380607,11.939689914685022,0.69194562539429,8.086930508665148
sub-anm372797_ses-20170615.nwb,36,2.824815864997574,5.217160096713819,0.85237559694083,5.994645774513405,2.824815863164451,5.217160096713819,0.85237559694083,5.994645774513405
sub-anm372797_ses-20170615.nwb,37,4.164867498634145,5.787662005893742,1.0049431257136303,3.1583255966701373,4.164867495931414,5.787662005893742,1.0049431257136303,3.1583255966701373
sub-anm372797_ses-20170615.nwb,38,3.3433152622254774,5.608327594300732,1.0627373793274382,7.9971667284694545,3.3433152600558813,5.608327594300732,1.0627373793274382,7.9971667284694545
sub-anm372797_ses-20170615.nwb,39,6.259631020851505,7.027696090722751,1.0030693417682104,3.816107331259218,6.259631016789408,7.027696090722751,1.0030693417682106,3.816107331259218
sub-anm372797_ses-20170615.nwb,40,6.060407848199482,7.074906243594418,1.2848778558530483,6.541105836896051,6.060407844266669,7.074906243594418,1.2848778558530485,6.541105836896051
sub-anm372797_ses-20170615.nwb,41,15.266205656804027,10.806246137115316,0.5884614137314181,7.604969818927358,15.266205646897246,10.806246137115316,0.588461413731418,7.604969818927358
sub-anm372797_ses-20170615.nwb,42,4.083101636242761,5.9820453453516595,0.9994563791947236,8.022150022710461,4.083101633593091,5.9820453453516595,0.9994563791947236,8.022150022710461
sub-anm372797_ses-20170615.nwb,43,1.902029703723384,4.725207738052466,0.7436424286617423,4.281202239436966,1.9020297024890893,4.725207738052466,0.7436424286617423,4.281202239436966
sub-anm372797_ses-20170615.nwb,44,0.5846908096399758,5.484869303040238,0.7872918982837286,5.154493421038417,0.5846908092605492,5.484869303040238,0.7872918982837285,5.154493421038417
sub-anm372797_ses-20170615.nwb,45,2.555507667438651,4.771868441307946,0.7917781091877547,4.395252962119866,2.5555076657802913,4.771868441307946,0.7917781091877547,4.395252962119866
sub-anm372797_ses-20170615.nwb,46,18.08518110305936,11.70374232393676,0.530566396195808,5.672678019478775,18.085181091323246,11.70374232393676,0.530566396195808,5.672678019478775
sub-anm372797_ses-20170615.nwb,47,5.2245790326431125,6.447445684392903,0.6933902906701138,2.9984241440698733,5.224579029252698,6.447445684392903,0.6933902906701139,2.9984241440698733
sub-anm372797_ses-20170615.nwb,48,3.56914478692549,5.343701780264384,0.9809762719036341,2.6676163058226656,3.569144784609345,5.343701780264384,0.9809762719036343,2.6676163058226656
sub-anm372797_ses-20170615.nwb,49,5.0526111474548845,6.626283506280653,0.8352057221618986,4.37692555549462,5.052611144176066,6.626283506280653,0.8352057221618986,4.37692555549462
sub-anm372797_ses-20170615.nwb,50,4.262207811004839,5.953420199320711,0.7005884920094331,6.07248543861216,4.262207808238942,5.953420199320711,0.7005884920094331,6.07248543861216
sub-anm372797_ses-20170615.nwb,51,5.54904674054543,6.5947336104476975,0.7118098144301027,3.1375922045313343,5.549046736944457,6.5947336104476975,0.7118098144301027,3.1375922045313343
sub-anm372797_ses-20170615.nwb,52,20.13387021075459,12.347691725368431,0.7627732744039607,8.26559859594011,20.13387019768901,12.347691725368431,0.7627732744039607,8.26559859594011
sub-anm372797_ses-20170615.nwb,53,5.186940778526444,9.537627689078276,1.2768759282596234,19.045686877380458,5.186940775160454,9.537627689078276,1.2768759282596234,19.045686877380458
sub-anm372797_ses-20170615.nwb,54,8.074054443441263,8.426518776544112,0.6953436378598348,14.523514428166683,8.074054438201722,8.426518776544112,0.6953436378598348,14.523514428166683
sub-anm372797_ses-20170615.nwb,55,5.543206321803188,6.901256991967989,0.7964838148375932,10.010814829378397,5.543206318206005,6.901256991967989,0.7964838148375932,10.010814829378397
sub-anm372797_ses-20170615.nwb,56,19.839902467395092,12.444649424778042,0.6416180037967986,18.255565678028564,19.839902454520274,12.444649424778042,0.6416180037967985,18.255565678028564
sub-anm372797_ses-20170615.nwb,57,2.402358909308757,4.962656220761874,0.8350590083496131,5.264330521306511,2.402358907749781,4.962656220761874,0.8350590083496132,5.264330521306511
sub-anm372797_ses-20170615.nwb,58,22.102740262305854,12.959323267947214,0.6867384219442105,9.905513802988429,22.1027402479626,12.959323267947214,0.6867384219442105,9.905513802988429
sub-anm372797_ses-20170615.nwb,59,2.542528959122558,5.321461563670478,1.1436344815918786,17.68363091659354,2.542528957472621,5.321461563670478,1.1436344815918789,17.68363091659354
sub-anm372797_ses-20170615.nwb,60,6.077929104426207,7.04695262544415,0.8073594738961736,6.026762269758635,6.077929100482024,7.04695262544415,0.8073594738961736,6.026762269758635
sub-anm372797_ses-20170615.nwb,61,2.547720442448995,4.693912788039222,0.9541503371349342,4.312721426864217,2.5477204407956893,4.693912788039222,0.9541503371349342,4.312721426864217
sub-anm372797_ses-20170615.nwb,62,6.004599402440284,6.83062877829412,0.8655891265231288,2.71403525369782,6.004599398543686,6.83062877829412,0.8655891265231287,2.71403525369782
sub-anm372797_ses-20170615.nwb,63,1.8007957788578608,3.966476490379016,1.1706551688527584,2.642824888483552,1.8007957776892607,3.966476490379016,1.1706551688527582,2.642824888483552
sub-anm372797_ses-20170615.nwb,64,4.012367675920055,6.136003051925113,0.681034267369337,7.5867322879726204,4.012367673316287,6.136003051925113,0.681034267369337,7.5867322879726204
sub-anm372797_ses-20170615.nwb,65,10.291466759245699,8.854600088183961,0.7320482674329095,3.233758446995524,10.291466752567201,8.854600088183961,0.7320482674329095,3.233758446995524
sub-anm372797_ses-20170615.nwb,66,4.092186732064025,5.735165628687468,0.881372896865358,4.1235196622686425,4.092186729408461,5.735165628687468,0.8813728968653579,4.1235196622686425
sub-anm372797_ses-20170615.nwb,67,13.894356187793031,10.38943216057361,0.8279557483268823,9.962904983340936,13.894356178776489,10.38943216057361,0.8279557483268825,9.962904983340936
sub-anm372797_ses-20170615.nwb,68,1.5159131313196264,3.7977528100629008,1.1128578280711354,3.7854710959793056,1.5159131303358966,3.7977528100629008,1.1128578280711354,3.7854710959793056
sub-anm372797_ses-20170615.nwb,69,5.996163242034823,7.061354633827829,0.7568777863446597,6.662335134041819,5.9961632381437004,7.061354633827829,0.7568777863446597,6.662335134041819
sub-anm372797_ses-20170615.nwb,70,9.079255402522643,8.42313210019653,0.7958005104571964,5.448955852819262,9.07925539663079,8.42313210019653,0.7958005104571964,5.448955852819262
sub-anm372797_ses-20170615.nwb,71,6.905970694992921,7.452691665645162,0.8522615891418822,4.941867718677638,6.905970690511391,7.452691665645162,0.8522615891418822,4.941867718677638
sub-anm372797_ses-20170615.nwb,72,2.194699576251274,6.021858258438335,0.8647107994762154,9.770430622707304,2.1946995748270557,6.021858258438335,0.8647107994762155,9.770430622707304
sub-anm372797_ses-20170615.nwb,73,10.145456290689657,8.803147279961717,0.6464456069546634,3.8079467394853244,10.14545628410591,8.803147279961717,0.6464456069546634,3.8079467394853244
sub-anm372797_ses-20170615.nwb,1001,3.867655078195622,5.703015241716227,0.7702973869770984,3.4562070737645296,3.8676550756857635,5.703015241716227,0.7702973869770984,3.4562070737645296
sub-anm372797_ses-20170615.nwb,1002,1.4406366230862888,3.6063185201139416,1.0930341138348023,2.488205856732787,1.4406366221514084,3.6063185201139416,1.0930341138348023,2.488205856732787
sub-anm372797_ses-20170615.nwb,1003,2.0292210452210924,4.266401554947806,0.8588212937518558,2.9874275402094375,2.0292210439042586,4.266401554947806,0.8588212937518558,2.9874275402094375
sub-anm372797_ses-20170617.nwb,1001,6.563281843930462,1.347432972096627,0.7369921173841024,1.875951678843726,6.563281839542943,1.347432972096627,0.7369921173841024,1.875951678843726
sub-anm372904_ses-20170615.nwb,1001,3.584545562499981,2.5244312319769455,0.7050599935295597,7.105772240559095,3.5845455608739414,2.5244312319769455,0.7050599935295597,7.105772240559095
sub-anm372904_ses-20170616.nwb,1001,3.050985142902398,1.387110386114808,0.8940011887293597,2.091353763702563,3.0509851413806537,1.387110386114808,0.8940011887293595,2.091353763702563
sub-anm372904_ses-20170617.nwb,1001,4.964812835490915,2.2957243181705183,0.7191814914865726,5.299861184649985,4.964812832937106,2.2957243181705183,0.7191814914865726,5.299861184649985
sub-anm372904_ses-20170618.nwb,1,4.278340771130975,2.298936868260425,0.5377659838790961,4.108713755261415,4.278340769129204,2.298936868260425,0.5377659838790961,4.108713755261415
sub-anm372904_ses-20170618.nwb,2,0.6040395817508846,2.76110253736455,1.1082666320070598,5.300889659215161,0.6040395814682635,2.76110253736455,1.1082666320070598,5.300889659215161
sub-anm372904_ses-20170618.nwb,3,1.1219883168385911,2.362138927326211,1.0509852461369837,3.879225048001492,1.1219883163136297,2.362138927326211,1.0509852461369837,3.879225048001492
sub-anm372904_ses-20170618.nwb,4,1.1378964080698306,1.2851378254595993,1.004603331722557,1.6075540963024963,1.137896407537426,1.2851378254595993,1.004603331722557,1.6075540963024963
sub-anm372904_ses-20170618.nwb,5,1.184684911691123,3.5977039453024218,0.8541206050589258,5.893124784793928,1.1846849111368267,3.5977039453024218,0.8541206050589258,5.893124784793928
sub-anm372904_ses-20170618.nwb,6,7.826780885769789,3.081857278128656,0.3842770459721022,8.639758168890774,7.826780882107756,3.081857278128656,0.3842770459721022,8.639758168890774
sub-anm372904_ses-20170618.nwb,7,1.1589512346994122,11.602632976707792,0.6284532192979112,8.996870554281806,1.1589512341571564,11.602632976707792,0.6284532192979111,8.996870554281806
sub-anm372904_ses-20170618.nwb,8,0.20399787578883477,3.874424186143561,0.9671908826625323,5.952034397233115,0.20399787569338723,3.874424186143561,0.9671908826625322,5.952034397233115
sub-anm372904_ses-20170618.nwb,9,0.4304542333158899,4.385336458820484,0.984427138077695,5.787082604628462,0.43045423311448683,4.385336458820484,0.9844271380776949,5.787082604628462
sub-anm372904_ses-20170618.nwb,10,4.550649862206897,1.4331381313447495,0.8406543530951626,2.747002191189192,4.550649860077716,1.4331381313447495,0.8406543530951625,2.747002191189192
sub-anm372904_ses-20170618.nwb,11,10.751062362100562,1.2619578618890321,0.9747188420082743,2.884742399306418,10.751062357070301,1.2619578618890321,0.9747188420082742,2.884742399306418
sub-anm372904_ses-20170618.nwb,12,0.9615037494175583,4.611716360105064,0.7641229960108792,8.412543956081475,0.9615037489676852,4.611716360105064,0.7641229960108791,8.412543956081475
sub-anm372904_ses-20170618.nwb,13,4.036912092445107,1.917114677227544,0.8202427781762556,4.767883450362624,4.036912090556296,1.917114677227544,0.8202427781762558,4.767883450362624
sub-anm372904_ses-20170618.nwb,14,3.4609456128669973,2.6070395616616673,0.7457190100915663,12.085310354499898,3.4609456112476726,2.6070395616616673,0.7457190100915663,12.085310354499898
sub-anm372904_ses-20170618.nwb,15,9.996831683725329,1.7639472299698555,0.6989527241272132,5.635678569949354,9.996831679047963,1.7639472299698555,0.6989527241272133,5.635678569949354
sub-anm372904_ses-20170618.nwb,16,11.20678238737195,1.3154024610958552,0.9478076593745725,2.6720065481758652,11.206782382128464,1.3154024610958552,0.9478076593745725,2.6720065481758652
sub-anm372904_ses-20170618.nwb,17,11.681217814091855,2.1991723450082445,0.7686604365737421,7.771982506124139,11.68121780862639,2.1991723450082445,0.768660436573742,7.771982506124139
sub-anm372904_ses-20170618.nwb,18,3.335552423161934,4.480194520612385,0.628298177627844,5.777231917853282,3.3355524216012786,4.480194520612385,0.628298177627844,5.777231917853282
sub-anm372904_ses-20170618.nwb,19,7.9713573619595826,2.4116779689061008,0.5934407469910757,7.741439242482919,7.971357358229904,2.4116779689061008,0.5934407469910757,7.741439242482919
sub-anm372904_ses-20170618.nwb,20,11.443064330659476,1.954752168430323,0.9023457769550649,9.118395363956203,11.44306432530544,1.954752168430323,0.9023457769550648,9.118395363956203
sub-anm372904_ses-20170618.nwb,21,20.1616340954511,1.5685076916785472,0.5774770395235214,4.735693192983657,20.161634086017774,1.5685076916785472,0.5774770395235214,4.735693192983657
sub-anm372904_ses-20170618.nwb,22,3.224195784543258,13.618854175962287,0.6516525667487515,11.326451687434389,3.224195783034705,13.618854175962287,0.6516525667487515,11.326451687434389
sub-anm372904_ses-20170618.nwb,23,12.21320310026595,1.9695153864260346,0.597335435503776,6.055071982773002,12.213203094551575,1.9695153864260346,0.5973354355037759,6.055071982773002
sub-anm372904_ses-20170618.nwb,24,3.714071417458189,1.3893533278368742,1.0503342822927377,2.728353344594603,3.7140714157204306,1.3893533278368742,1.0503342822927377,2.728353344594603
sub-anm372904_ses-20170618.nwb,25,11.323285761388968,3.430303110200796,0.4723020802217223,17.975158488104903,11.323285756090973,3.430303110200796,0.47230208022172226,17.975158488104903
sub-anm372904_ses-20170618.nwb,26,0.9951914720248889,2.762923139874667,0.9940763320554648,2.6247970874712974,0.9951914715592537,2.762923139874667,0.9940763320554646,2.6247970874712974
sub-anm372904_ses-20170618.nwb,27,17.524166146318848,3.2256609655118704,0.844470262864499,11.916852367903696,17.524166138119554,3.2256609655118704,0.8444702628644991,11.916852367903696
sub-anm372904_ses-20170618.nwb,28,12.732087605426083,3.0178949328369895,0.35324196006864783,11.014022111248725,12.73208759946893,3.0178949328369895,0.35324196006864783,11.014022111248725
sub-anm372904_ses-20170618.nwb,29,1.9482732907906146,4.621858939274757,0.95685650358506,11.126833053416114,1.948273289879047,4.621858939274757,0.95685650358506,11.126833053416114
sub-anm372904_ses-20170618.nwb,30,10.81329107191688,1.828435925927743,0.5698852673173022,4.595453312943403,10.813291066857506,1.828435925927743,0.569885267317302,4.595453312943403
sub-anm372904_ses-20170618.nwb,31,21.64670120039092,1.5942913329217763,0.6494416339910639,8.645822197882476,21.646701190262753,1.5942913329217763,0.6494416339910639,8.645822197882476
sub-anm372904_ses-20170618.nwb,32,6.656600410201267,2.6239696611047725,0.6269325232372822,11.05809830226365,6.656600407086743,2.6239696611047725,0.6269325232372822,11.05809830226365
sub-anm372904_ses-20170618.nwb,33,16.001668238481994,3.799912120955027,0.6088369081749139,15.41216286741175,16.001668230995055,3.799912120955027,0.6088369081749139,15.41216286741175
sub-anm372904_ses-20170618.nwb,34,16.750752181458886,3.571836552226642,0.6109699910018781,18.768192883805348,16.75075217362146,3.571836552226642,0.610969991001878,18.768192883805348
sub-anm372904_ses-20170618.nwb,35,5.458346832459969,1.8042677160560903,0.8070674233946461,4.394518655108503,5.45834682990609,1.8042677160560903,0.8070674233946461,4.394518655108503
sub-anm372904_ses-20170618.nwb,36,9.267866797305594,1.8005519281849334,0.743540791848403,6.158630901556721,9.267866792969299,1.8005519281849334,0.7435407918484029,6.158630901556721
sub-anm372904_ses-20170618.nwb,37,12.886489667376347,2.5940842314602666,0.5246731548114807,9.537371921947392,12.886489661346952,2.5940842314602666,0.5246731548114807,9.537371921947392
sub-anm372904_ses-20170618.nwb,38,24.072217228118717,1.1328071259512345,0.4112836330847443,4.179638500938772,24.072217216855687,1.1328071259512345,0.41128363308474436,4.179638500938772
sub-anm372904_ses-20170618.nwb,39,7.251750176264106,3.7288925202632384,0.448196749583697,13.700375762798545,7.2517501728711204,3.7288925202632384,0.448196749583697,13.700375762798545
sub-anm372904_ses-20170618.nwb,40,5.833590631502734,2.8057909808909525,0.7452452831172676,8.629883108803439,5.833590628773284,2.8057909808909525,0.7452452831172676,8.629883108803439
sub-anm372904_ses-20170618.nwb,41,4.213304751097379,3.351371866520649,0.7087364421380186,9.771795473775354,4.213304749126037,3.351371866520649,0.7087364421380186,9.771795473775354
sub-anm372904_ses-20170618.nwb,43,3.0618396769773732,2.7516224848348174,1.234779210111763,8.805332429137668,3.0618396755447845,2.7516224848348174,1.2347792101117632,8.805332429137668
sub-anm372904_ses-20170618.nwb,44,1.872943799960334,3.9435890026625553,0.678421659581699,5.2910668962730725,1.8729437990840117,3.9435890026625553,0.678421659581699,5.2910668962730725
sub-anm372904_ses-20170618.nwb,45,2.443763544140101,3.1050536142342113,0.6680770708467444,5.849040465939401,2.4437635429967006,3.1050536142342113,0.6680770708467445,5.849040465939401
sub-anm372904_ses-20170618.nwb,46,1.5253052180541316,5.3038966842015585,0.5209961175721033,7.698523360516967,1.5253052173404642,5.3038966842015585,0.5209961175721033,7.698523360516967
sub-anm372904_ses-20170618.nwb,47,3.1774072809219653,2.2637440628310195,0.8297776045709776,4.951924966998775,3.1774072794353043,2.2637440628310195,0.8297776045709775,4.951924966998775
sub-anm372904_ses-20170618.nwb,48,10.191003973753693,1.3747581056380427,0.6457954012251925,3.2380418279781353,10.191003968985475,1.3747581056380427,0.6457954012251924,3.2380418279781353
sub-anm372904_ses-20170618.nwb,49,3.276598908599105,1.8461884057380473,0.9459087441702101,3.617411928363723,3.2765989070660337,1.8461884057380473,0.9459087441702101,3.617411928363723
sub-anm372904_ses-20170618.nwb,50,2.751631897968205,2.231818629451164,0.8481998250396313,4.814168329810338,2.7516318966807574,2.231818629451164,0.8481998250396313,4.814168329810338
sub-anm372904_ses-20170618.nwb,51,4.5726404589089045,1.516025664208677,0.8408601689855286,3.268361162275133,4.5726404567694345,1.516025664208677,0.8408601689855286,3.268361162275133
sub-anm372904_ses-20170618.nwb,52,4.944141177661965,1.4921350346993154,0.9212410565531857,2.690822727408333,4.944141175348676,1.4921350346993154,0.9212410565531857,2.690822727408333
sub-anm372904_ses-20170618.nwb,53,2.264563575270551,2.2086662528381225,0.8124437055981022,2.3134747852708566,2.264563574210996,2.2086662528381225,0.8124437055981021,2.3134747852708566
sub-anm372904_ses-20170618.nwb,54,10.202233214622803,1.5552408963847346,0.9314954892553167,4.618047091867302,10.202233209849332,1.5552408963847346,0.9314954892553166,4.618047091867302
sub-anm372904_ses-20170618.nwb,55,13.043231154507676,1.604386406125491,0.8879038990822766,5.897828956837085,13.043231148404944,1.604386406125491,0.8879038990822765,5.897828956837085
sub-anm372904_ses-20170618.nwb,56,15.59928710733888,1.3919081868927305,1.6558212150164722,3.014325235981803,15.599287100040208,1.3919081868927305,1.6558212150164722,3.014325235981803
sub-anm372904_ses-20170618.nwb,57,0.25874042502574685,1.0852278270491005,0.9990863006646098,9.754005281168963,0.2587404249046861,1.0852278270491005,0.9990863006646098,9.754005281168963
sub-anm372904_ses-20170618.nwb,58,6.412832306334334,3.7343172577815875,0.5607774522406125,12.336162035376887,6.4128323033338654,3.7343172577815875,0.5607774522406124,12.336162035376887
sub-anm372904_ses-20170618.nwb,59,20.845682018394392,2.5193313681751066,0.5704036686636211,13.805160793032428,20.845682008641013,2.5193313681751066,0.5704036686636211,13.805160793032428
sub-anm372904_ses-20170618.nwb,60,4.2989277127243435,4.402709660804242,0.5260867528405483,16.498999386273958,4.29892771071294,4.402709660804242,0.5260867528405483,16.498999386273958
sub-anm372904_ses-20170618.nwb,61,1.8958701667347673,1.7707969877029484,0.9557370061453608,2.850081771396541,1.895870165847718,1.7707969877029484,0.955737006145361,2.850081771396541
sub-anm372904_ses-20170618.nwb,62,19.8720132580353,2.651970310921039,0.5097643780144379,13.881503222460896,19.87201324873748,2.651970310921039,0.5097643780144377,13.881503222460896
sub-anm372904_ses-20170618.nwb,63,6.925166420987485,2.8729516280133387,0.5404117845723616,12.554439979499781,6.925166417747303,2.8729516280133387,0.5404117845723616,12.554439979499781
sub-anm372904_ses-20170618.nwb,64,1.1556760394459218,4.132776036373186,1.058273843874673,8.130544646137182,1.1556760389051983,4.132776036373186,1.0582738438746728,8.130544646137182
sub-anm372904_ses-20170618.nwb,65,11.579218876197437,2.649006521169088,0.6104158859052732,11.107741072102208,11.579218870779695,2.649006521169088,0.6104158859052731,11.107741072102208
sub-anm372904_ses-20170618.nwb,66,3.9405277749852443,1.39729184116848,0.9497544474553858,3.749239541234493,3.9405277731415302,1.39729184116848,0.9497544474553858,3.749239541234493
sub-anm372904_ses-20170618.nwb,67,20.65618857872816,3.0734218825846518,0.5980749170266286,18.114136623363898,20.65618856906344,3.0734218825846518,0.5980749170266286,18.114136623363898
sub-anm372904_ses-20170618.nwb,68,3.4894866000759857,2.5857932535694115,0.8487347771560453,6.101127335843431,3.489486598443307,2.5857932535694115,0.8487347771560452,6.101127335843431
sub-anm372904_ses-20170618.nwb,69,16.619744371319264,2.917774568684088,0.43469980233999883,14.282105048123816,16.619744363543138,2.917774568684088,0.43469980233999883,14.282105048123816
sub-anm372904_ses-20170618.nwb,1001,10.67713652637892,1.3146871568420009,1.4498574668545745,2.448822156397036,10.677136521383249,1.3146871568420009,1.4498574668545745,2.448822156397036
sub-anm372904_ses-20170619.nwb,1,0.49402674842430794,3.8780682197343044,1.383545881490458,5.186100248300117,0.49402674812036956,3.8780682197343044,1.383545881490458,5.186100248300117
sub-anm372904_ses-20170619.nwb,2,3.282847732991416,1.9116122587801714,1.0304926175227345,4.005058817454741,3.282847730971721,1.9116122587801714,1.0304926175227345,4.005058817454741
sub-anm372904_ses-20170619.nwb,3,12.151950603831793,1.4777360887574993,0.7130167202746722,3.8994823635964186,12.15195059635559,1.4777360887574993,0.7130167202746721,3.8994823635964186
sub-anm372904_ses-20170619.nwb,4,5.855724273353129,5.299249205292215,0.5293973196150665,20.40041643114477,5.8557242697505325,5.299249205292215,0.5293973196150665,20.40041643114477
sub-anm372904_ses-20170619.nwb,5,0.6656748963824423,2.8522157261963477,0.9463010169846355,4.968574436206469,0.6656748959729014,2.8522157261963477,0.9463010169846355,4.968574436206469
sub-anm372904_ses-20170619.nwb,6,4.448086414829074,2.6098697904263006,0.6452607139463069,5.93801452537347,4.448086412092493,2.6098697904263006,0.6452607139463069,5.93801452537347
sub-anm372904_ses-20170619.nwb,7,4.913197525425309,2.6306433522562513,0.6981720685591096,6.1676993779704885,4.913197522402579,2.6306433522562513,0.6981720685591097,6.1676993779704885
sub-anm372904_ses-20170619.nwb,8,1.912123454673411,2.638922209654136,0.8240842762766428,8.634892931940902,1.912123453497022,2.638922209654136,0.8240842762766428,8.634892931940902
sub-anm372904_ses-20170619.nwb,9,1.3104320973147894,3.1321178518817603,0.816853207424152,7.814919529476983,1.3104320965085767,3.1321178518817603,0.8168532074241521,7.814919529476983
sub-anm372904_ses-20170619.nwb,10,1.8739794217938255,4.674678263598662,1.0092576704231844,10.604695206505577,1.8739794206409037,4.674678263598662,1.0092576704231846,10.604695206505577
sub-anm372904_ses-20170619.nwb,11,2.9352448527177746,4.191998597793198,0.5522804437194286,4.555430474656874,2.935244850911934,4.191998597793198,0.5522804437194286,4.555430474656874
sub-anm372904_ses-20170619.nwb,12,1.1154053485594897,4.194682965303967,1.0070749281831899,6.392440071670435,1.1154053478732628,4.194682965303967,1.00707492818319,6.392440071670435
sub-anm372904_ses-20170619.nwb,13,1.2169176941261284,2.624025367779255,0.9492006243700514,4.700605802822437,1.2169176933774484,2.624025367779255,0.9492006243700514,4.700605802822437
sub-anm372904_ses-20170619.nwb,14,8.109298344932506,1.397438720465998,0.6859358384115669,3.2800693028552317,8.10929833994345,1.397438720465998,0.6859358384115669,3.2800693028552317
sub-anm372904_ses-20170619.nwb,15,1.952113166563299,2.828008743398546,0.7356792609116314,4.54559147387881,1.9521131653623072,2.828008743398546,0.7356792609116314,4.54559147387881
sub-anm372904_ses-20170619.nwb,16,2.6122510259148335,2.3343939423022384,0.8320691917308393,5.405169991407875,2.6122510243077075,2.3343939423022384,0.8320691917308392,5.405169991407875
sub-anm372904_ses-20170619.nwb,17,6.052596701118731,1.847650818104371,0.7578477234020184,3.8275934843105284,6.052596697395013,1.847650818104371,0.7578477234020184,3.8275934843105284
sub-anm372904_ses-20170619.nwb,18,3.050907404030066,1.9825823319497833,0.9169594304240435,4.364784219530036,3.050907402153067,1.9825823319497833,0.9169594304240436,4.364784219530036
sub-anm372904_ses-20170619.nwb,19,6.717656371164407,1.4315519709394047,0.6905246949339772,2.9877426272202094,6.717656367031526,1.4315519709394047,0.6905246949339772,2.9877426272202094
sub-anm372904_ses-20170619.nwb,20,15.364662534431714,1.3704273599138697,0.6693291189042213,3.4918814952544497,15.364662524978966,1.3704273599138697,0.6693291189042213,3.4918814952544497
sub-anm372904_ses-20170619.nwb,21,10.200452663605262,1.7447801880917284,0.8331346301948647,5.904886813644976,10.200452657329672,1.7447801880917284,0.8331346301948648,5.904886813644976
sub-anm372904_ses-20170619.nwb,22,2.388308639331461,2.831616972215094,0.8967875357365003,5.889207640144408,2.38830863786211,2.831616972215094,0.8967875357365003,5.889207640144408
sub-anm372904_ses-20170619.nwb,23,1.9262736604190636,2.5162964659585723,0.8097821328212567,5.910570327357697,1.9262736592339689,2.5162964659585723,0.8097821328212567,5.910570327357697
sub-anm372904_ses-20170619.nwb,24,9.680586409036719,1.3324979606792389,0.8117555727945954,2.849919855728586,9.680586403080964,1.3324979606792389,0.8117555727945955,2.849919855728586
sub-anm372904_ses-20170619.nwb,25,3.7571872386391636,2.0964800996277724,0.9177677806950962,4.5646093819706826,3.7571872363276424,2.0964800996277724,0.9177677806950963,4.5646093819706826
sub-anm372904_ses-20170619.nwb,26,7.283049374653745,1.5879356139350218,0.7428500586893539,3.4225475655668878,7.2830493701730195,1.5879356139350218,0.7428500586893539,3.4225475655668878
sub-anm372904_ses-20170619.nwb,27,3.9029958804530627,1.6193293406048914,0.9417608459957724,4.668703632181342,3.9029958780518363,1.6193293406048914,0.9417608459957724,4.668703632181342
sub-anm372904_ses-20170619.nwb,28,4.588973245948833,1.6914621828379726,0.7850463702312153,3.755744605978035,4.588973243125575,1.6914621828379726,0.7850463702312153,3.755744605978035
sub-anm372904_ses-20170619.nwb,29,8.514117274525526,1.2991872233512567,0.6275692090244978,2.7863502231380433,8.514117269287414,1.2991872233512567,0.6275692090244978,2.7863502231380433
sub-anm372904_ses-20170619.nwb,30,3.7701069917112813,3.5790273284565615,0.5516756456282884,6.182939440360461,3.7701069893918113,3.5790273284565615,0.5516756456282884,6.182939440360461
sub-anm372904_ses-20170619.nwb,31,2.791897116250946,2.110404921776602,0.941296637982307,4.618092835842417,2.7918971145332963,2.110404921776602,0.941296637982307,4.618092835842417
sub-anm372904_ses-20170619.nwb,32,1.7656995865227443,2.182354162930777,1.0694510886987185,6.418207610647535,1.765699585436439,2.182354162930777,1.0694510886987185,6.418207610647535
sub-anm372904_ses-20170619.nwb,33,1.868442384762918,3.070757146787022,0.7837279727037522,5.4996942182131745,1.8684423836134025,3.070757146787022,0.783727972703752,5.4996942182131745
sub-anm372904_ses-20170619.nwb,34,2.7445246883198475,3.201606139863133,0.6935963355627128,8.4873474995678,2.744524686631343,3.201606139863133,0.6935963355627128,8.4873474995678
sub-anm372904_ses-20170619.nwb,35,0.6546008223206272,2.7182447915086443,0.8997048375633184,5.561798869868398,0.6546008219178994,2.7182447915086443,0.8997048375633184,5.561798869868398
sub-anm372904_ses-20170619.nwb,36,2.1551378576965763,2.8037111740327543,0.7903453854620853,7.912718811744213,2.1551378563706782,2.8037111740327543,0.7903453854620852,7.912718811744213
sub-anm372904_ses-20170619.nwb,37,0.21532921786862735,1.3427373198729327,1.4624603285608035,2.5733192760499035,0.2153292177361511,1.3427373198729327,1.4624603285608035,2.5733192760499035
sub-anm372904_ses-20170619.nwb,38,0.7807222213579661,1.7578343047197096,1.4175132734399507,2.875191553333973,0.780722220877645,1.7578343047197096,1.4175132734399507,2.875191553333973
sub-anm372904_ses-20170619.nwb,39,7.048648140345325,2.1949811197624287,0.5831703346305739,6.632935374915416,7.04864813600881,2.1949811197624287,0.5831703346305739,6.632935374915416
sub-anm372904_ses-20170619.nwb,40,5.960927976940373,2.655565282836783,0.7374702417730221,9.387990425987446,5.960927973273051,2.655565282836783,0.7374702417730221,9.387990425987446
sub-anm372904_ses-20170619.nwb,41,1.0760308630063693,4.484744087872069,0.715279554792676,5.647624683794008,1.0760308623443666,4.484744087872069,0.715279554792676,5.647624683794008
sub-anm372904_ses-20170619.nwb,42,0.6306069951866944,4.376973673115994,0.8330876295222343,12.9940089400894,0.6306069947987283,4.376973673115994,0.8330876295222344,12.9940089400894
sub-anm372904_ses-20170619.nwb,43,16.507753068145743,2.5781925268122,0.5380166242281792,8.799809722158047,16.507753057989735,2.5781925268122,0.5380166242281792,8.799809722158047
sub-anm372904_ses-20170619.nwb,44,0.8945390936599548,2.383868519216423,1.253931093462081,3.2570877978380888,0.8945390931096107,2.383868519216423,1.253931093462081,3.2570877978380888
sub-anm372904_ses-20170619.nwb,45,4.344728390252133,1.2872951303501112,0.6214599617399851,1.963255341984176,4.34472838757914,1.2872951303501112,0.6214599617399851,1.963255341984176
sub-anm372904_ses-20170619.nwb,46,2.801740737639226,3.359040619960712,0.8056279012939208,7.825524618882551,2.8017407359155206,3.359040619960712,0.8056279012939208,7.825524618882551
sub-anm372904_ses-20170619.nwb,47,4.272746908850334,5.070565266511694,0.42159198674934306,9.766363281343397,4.272746906221627,5.070565266511694,0.42159198674934306,9.766363281343397
sub-anm372904_ses-20170619.nwb,48,7.95056995004649,6.015940536461257,0.3990017725753494,24.664130355224465,7.950569945155088,6.015940536461257,0.3990017725753494,24.664130355224465
sub-anm372904_ses-20170619.nwb,49,8.380613159446977,3.4094171455871365,0.5398426367645631,13.910596471990265,8.380613154291002,3.4094171455871365,0.5398426367645631,13.910596471990265
sub-anm372904_ses-20170619.nwb,50,1.6248127554029854,1.9783311721719614,0.883613306938526,3.662781252954521,1.6248127544033575,1.9783311721719614,0.883613306938526,3.662781252954521
sub-anm372904_ses-20170619.nwb,51,4.962415632366709,3.197997322972341,0.611677692490512,5.072090371288042,4.9624156293137,3.197997322972341,0.611677692490512,5.072090371288042
sub-anm372904_ses-20170619.nwb,52,1.8026131667287948,2.4118171725361264,0.8789859533575457,6.644448362572363,1.8026131656197792,2.4118171725361264,0.8789859533575456,6.644448362572363
sub-anm372904_ses-20170619.nwb,53,8.456901225206147,1.8408209705164482,0.6290778392791336,6.259787617518254,8.456901220003237,1.8408209705164482,0.6290778392791336,6.259787617518254
sub-anm372904_ses-20170619.nwb,54,0.8686995875157195,2.294667914178905,1.3424700848824405,3.6826028175295913,0.8686995869812725,2.294667914178905,1.3424700848824405,3.6826028175295913
sub-anm372904_ses-20170619.nwb,55,4.37487448075374,1.8295805740046711,0.9188866964003357,2.7434118406716337,4.3748744780622015,1.8295805740046711,0.9188866964003358,2.7434118406716337
sub-anm372904_ses-20170619.nwb,56,3.6279897079179872,1.771203444339891,0.8383483490818425,3.3682214005453606,3.627989705685952,1.771203444339891,0.8383483490818426,3.3682214005453606
sub-anm372904_ses-20170619.nwb,57,5.765901228185073,1.4978329665848347,0.6033988402237995,3.125620321504112,5.765901224637738,1.4978329665848347,0.6033988402237995,3.125620321504112
sub-anm372904_ses-20170619.nwb,58,5.287870364516721,2.0463117409219267,0.8009866139542079,5.52158467657975,5.287870361263482,2.0463117409219267,0.8009866139542079,5.52158467657975
sub-anm372904_ses-20170619.nwb,59,7.449775711917739,1.8237048999624534,0.7354990548978289,3.959365051987294,7.44977570733444,1.8237048999624534,0.7354990548978289,3.959365051987294
sub-anm372904_ses-20170619.nwb,60,1.3534979408885148,2.746106350794358,1.048764031584018,9.389713742591972,1.353497940055807,2.746106350794358,1.0487640315840179,9.389713742591972
sub-anm372904_ses-20170619.nwb,61,1.4476275704139434,1.9723232235298247,0.881865840912451,3.289397116240606,1.4476275695233245,1.9723232235298247,0.8818658409124509,3.289397116240606
sub-anm372904_ses-20170619.nwb,62,1.4377839490256632,1.6560670070689871,1.08538608328468,1.8151910466473087,1.4377839481411003,1.6560670070689871,1.0853860832846802,1.8151910466473087
sub-anm372904_ses-20170619.nwb,63,4.700944439240519,2.1426586815184336,0.7980669366063753,5.007190042454016,4.700944436348373,2.1426586815184336,0.7980669366063753,5.007190042454016
sub-anm372904_ses-20170619.nwb,64,3.4391152225303627,1.9331274934598592,0.7769170686193788,3.3803624905658722,3.4391152204145277,1.9331274934598592,0.7769170686193787,3.3803624905658722
sub-anm372904_ses-20170619.nwb,65,13.693707803771165,1.206665601184112,0.8420751557667229,2.6448259630408333,13.693707795346432,1.206665601184112,0.8420751557667229,2.6448259630408333
sub-anm372904_ses-20170619.nwb,1001,6.838855959507605,1.411158340932398,0.6685080711190301,2.7765819201912785,6.8388559553001596,1.411158340932398,0.66850807111903,2.7765819201912785
sub-anm372905_ses-20170715.nwb,1001,4.848015959836098,1.4276119271659748,0.9225146952324492,2.168910852164741,4.848015956451412,1.4276119271659748,0.9225146952324492,2.168910852164741
sub-anm372905_ses-20170716.nwb,1001,6.236220640823236,1.773229650094169,0.9503386294600265,4.237106811204896,6.236220637305649,1.773229650094169,0.9503386294600265,4.237106811204896
sub-anm372905_ses-20170716.nwb,1002,11.468982840978551,1.4942954787205593,0.7447420577558962,3.8421014862827216,11.468982834509385,1.4942954787205593,0.7447420577558962,3.8421014862827216
sub-anm372905_ses-20170717.nwb,1001,8.574107347511388,1.9776763308199334,0.6908180326586015,8.194297224522902,8.574107342906032,1.9776763308199334,0.6908180326586014,8.194297224522902
sub-anm372906_ses-20170608.nwb,1,1.8011534276059513,3.47390946885196,0.6981903350675225,6.762959930054638,1.8011534266861462,3.47390946885196,0.6981903350675225,6.762959930054638
sub-anm372906_ses-20170608.nwb,2,2.93893903483761,4.114308983146919,0.5519801244197753,5.733519069686168,2.9389390333367653,4.114308983146919,0.5519801244197753,5.733519069686168
sub-anm372906_ses-20170608.nwb,3,4.040977338430931,2.696022388352796,0.7149008524012394,6.665989315789817,4.040977336367302,2.696022388352796,0.7149008524012394,6.665989315789817
sub-anm372906_ses-20170608.nwb,4,1.8139203217625006,1.9738254512547828,1.089325714149744,4.4402083936923145,1.8139203208361754,1.9738254512547828,1.089325714149744,4.4402083936923145
sub-anm372906_ses-20170608.nwb,5,4.917807629102725,1.8503048865124363,0.7914356403666363,3.800737549674877,4.91780762659132,1.8503048865124363,0.7914356403666363,3.800737549674877
sub-anm372906_ses-20170608.nwb,6,5.3636275730494205,4.947514385073671,0.5829708737445236,14.719044321763823,5.363627570310347,4.947514385073671,0.5829708737445236,14.719044321763823
sub-anm372906_ses-20170608.nwb,7,7.498762951790698,2.9036950802511257,0.6725375226259523,8.643946684754715,7.498762947961262,2.9036950802511257,0.6725375226259523,8.643946684754715
sub-anm372906_ses-20170608.nwb,8,8.649826128945167,1.6392673380811518,0.6146726706470179,3.3584750220468953,8.64982612452791,1.6392673380811518,0.6146726706470178,3.3584750220468953
sub-anm372906_ses-20170608.nwb,9,12.136209585215603,2.5370471461391184,1.0381348881444592,7.606365845938949,12.136209579017937,2.5370471461391184,1.0381348881444592,7.606365845938949
sub-anm372906_ses-20170608.nwb,10,2.9368963317725623,3.0025852023151276,0.7243977489739802,5.137175424315314,2.9368963302727606,3.0025852023151276,0.7243977489739803,5.137175424315314
sub-anm372906_ses-20170608.nwb,11,3.9893990860384725,2.443454781402211,0.7952795298781071,5.387059136256388,3.989399084001183,2.443454781402211,0.7952795298781071,5.387059136256388
sub-anm372906_ses-20170608.nwb,12,9.468439382263098,3.1849803607556737,0.518327594418323,13.148011667587463,9.468439377427796,3.1849803607556737,0.518327594418323,13.148011667587463
sub-anm372906_ses-20170608.nwb,13,17.008056395354753,4.049072793333723,0.46390448850476174,26.669929378716166,17.00805638666915,4.049072793333723,0.46390448850476174,26.669929378716166
sub-anm372906_ses-20170608.nwb,14,14.200361032446468,1.6964985211844545,0.6922831486802631,3.860499171410727,14.200361025194688,1.6964985211844545,0.6922831486802631,3.860499171410727
sub-anm372906_ses-20170608.nwb,15,2.5891261349481636,3.4756063172854983,0.8823714060939916,11.39616577712938,2.58912613362596,3.4756063172854983,0.8823714060939915,11.39616577712938
sub-anm372906_ses-20170608.nwb,16,8.023737639507997,3.1768808966864137,0.6182362569006273,5.34592561461072,8.02373763541047,3.1768808966864137,0.6182362569006273,5.34592561461072
sub-anm372906_ses-20170608.nwb,17,24.96949159137879,2.358522096821872,0.5443747825655599,8.466933899725015,24.969491578627476,2.358522096821872,0.5443747825655598,8.466933899725015
sub-anm372906_ses-20170608.nwb,18,27.28744889444185,2.0092616684076465,0.5506703476791687,4.939731196111596,27.287448880506812,2.0092616684076465,0.5506703476791687,4.939731196111596
sub-anm372906_ses-20170608.nwb,19,1.2680079276284597,5.073318734958068,1.0067767673622474,4.798162985586317,1.2680079269809188,5.073318734958068,1.0067767673622474,4.798162985586317
sub-anm372906_ses-20170608.nwb,20,1.704125032016178,2.4589699241501504,0.8762907746289866,3.366103411821268,1.7041250311459228,2.4589699241501504,0.8762907746289866,3.366103411821268
sub-anm372906_ses-20170608.nwb,21,3.968461379621732,2.5137590878269584,0.7481524515779538,5.5620696547923725,3.968461377595135,2.5137590878269584,0.7481524515779538,5.5620696547923725
sub-anm372906_ses-20170608.nwb,22,21.316117159540692,3.2588225096971426,1.073580508365891,14.13063907465345,21.316117148655067,3.2588225096971426,1.073580508365891,14.13063907465345
sub-anm372906_ses-20170608.nwb,23,1.5984151483999511,2.7481139383681494,0.8099334863862331,5.554961698852025,1.5984151475836794,2.7481139383681494,0.8099334863862331,5.554961698852025
sub-anm372906_ses-20170608.nwb,24,0.7859300042771645,2.7266851609396,1.1494010902496146,5.243634865622452,0.7859300038758091,2.7266851609396,1.1494010902496146,5.243634865622452
sub-anm372906_ses-20170608.nwb,25,17.152066961440628,1.721999789671868,0.8108229634652793,3.1281992429647136,17.152066952681484,1.721999789671868,0.8108229634652793,3.1281992429647136
sub-anm372906_ses-20170608.nwb,26,2.20611931025169,2.2376321963434043,0.9828776775626878,5.947108076683116,2.206119309125078,2.2376321963434043,0.982877677562688,5.947108076683116
sub-anm372906_ses-20170608.nwb,27,1.7444684175508733,2.2137132703681446,0.9878491386376878,5.637986211480551,1.7444684166600155,2.2137132703681446,0.9878491386376878,5.637986211480551
sub-anm372906_ses-20170608.nwb,28,21.73640331517429,2.0897328961968205,0.5714348775415108,7.591355088303743,21.736403304074035,2.0897328961968205,0.5714348775415108,7.591355088303743
sub-anm372906_ses-20170608.nwb,29,7.804147060015353,2.371878565540455,0.9872754763632062,8.124876216862647,7.804147056029964,2.371878565540455,0.9872754763632062,8.124876216862647
sub-anm372906_ses-20170608.nwb,30,18.556935994427292,2.2554931917896406,0.6948710819715177,7.526583643204038,18.556935984950716,2.2554931917896406,0.6948710819715177,7.526583643204038
sub-anm372906_ses-20170608.nwb,31,6.900761629497937,2.4750695141483368,0.6666458643191138,7.5648324886473315,6.900761625973885,2.4750695141483368,0.6666458643191138,7.5648324886473315
sub-anm372906_ses-20170608.nwb,32,3.1360598806147286,1.7070338008804784,1.2914373377506634,3.3708553435311535,3.136059879013219,1.7070338008804784,1.2914373377506634,3.3708553435311535
sub-anm372906_ses-20170608.nwb,33,1.690847462093367,2.4739554940751334,0.9763231747884239,5.836581050157034,1.6908474612298923,2.4739554940751334,0.9763231747884238,5.836581050157034
sub-anm372906_ses-20170608.nwb,34,9.274382591083551,2.2669364787159303,0.662781361839352,6.960443285918681,9.274382586347349,2.2669364787159303,0.6627813618393521,6.960443285918681
sub-anm372906_ses-20170608.nwb,35,5.1159498264123675,1.9390360657887962,0.8140581417943834,4.790538541600107,5.1159498237997765,1.9390360657887962,0.8140581417943835,4.790538541600107
sub-anm372906_ses-20170608.nwb,36,11.161329547421513,1.9673113369163442,0.8790019768276686,5.538016527690271,11.161329541721692,1.9673113369163442,0.8790019768276687,5.538016527690271
sub-anm372906_ses-20170608.nwb,37,10.545454573309582,2.0549311289102,0.7704470576756679,6.040505668875384,10.545454567924274,2.0549311289102,0.7704470576756679,6.040505668875384
sub-anm372906_ses-20170608.nwb,38,10.59652214993578,3.779840688435536,0.6292971923230385,16.646608141601625,10.596522144524393,3.779840688435536,0.6292971923230386,16.646608141601625
sub-anm372906_ses-20170608.nwb,39,13.43179400422221,3.697940917883938,0.6160095227636766,18.683639699382162,13.431793997362918,3.697940917883938,0.6160095227636766,18.683639699382162
sub-anm372906_ses-20170608.nwb,40,11.625023143187377,4.0614975622534635,0.5633926367262905,17.71118606176217,11.62502313725076,4.0614975622534635,0.5633926367262906,17.71118606176217
sub-anm372906_ses-20170608.nwb,41,2.883275376315056,2.659830783540459,0.9725059890239907,6.266340967517422,2.883275374842637,2.659830783540459,0.9725059890239907,6.266340967517422
sub-anm372906_ses-20170608.nwb,42,1.7837904515530445,2.6926124690870563,1.0603496676728756,6.425650542680928,1.783790450642106,2.6926124690870563,1.0603496676728756,6.425650542680928
sub-anm372906_ses-20170608.nwb,43,4.933638577856846,3.6368869906256784,1.0882972151463597,17.380688758827255,4.933638575337357,3.6368869906256784,1.08829721514636,17.380688758827255
sub-anm372906_ses-20170608.nwb,44,1.9027779050920826,6.015926089273954,0.8007129334320932,19.181208329531568,1.90277790412038,6.015926089273954,0.800712933432093,19.181208329531568
sub-anm372906_ses-20170608.nwb,45,9.887704186364171,2.3027542597229442,0.5823446648527046,4.868994112811237,9.88770418131476,2.3027542597229442,0.5823446648527046,4.868994112811237
sub-anm372906_ses-20170608.nwb,46,8.21626240338876,1.8594161023551143,0.758238408556929,5.189274400808597,8.216262399192914,1.8594161023551143,0.758238408556929,5.189274400808597
sub-anm372906_ses-20170608.nwb,47,2.806163335609499,2.2567254365504357,1.0004201312913465,6.313650768878479,2.8061633341764596,2.2567254365504357,1.0004201312913468,6.313650768878479
sub-anm372906_ses-20170608.nwb,48,1.6510147523249337,2.054671597958611,0.8521303185783824,3.162844814206229,1.6510147514818005,2.054671597958611,0.8521303185783824,3.162844814206229
sub-anm372906_ses-20170608.nwb,49,2.318978654595584,3.0060685249141335,0.8680217713808641,9.218866750773596,2.318978653411338,3.0060685249141335,0.8680217713808641,9.218866750773596
sub-anm372906_ses-20170608.nwb,50,0.9483248979484694,3.280566600770797,0.9760215681325135,4.263160542329384,0.9483248974641829,3.280566600770797,0.9760215681325135,4.263160542329384
sub-anm372906_ses-20170608.nwb,51,15.644041423669043,2.4224485902674577,0.5711845010599504,9.515788823989654,15.644041415680011,2.4224485902674577,0.5711845010599504,9.515788823989654
sub-anm372906_ses-20170608.nwb,52,2.20611931025169,2.2256865127846726,0.7845360761650518,4.217478447053486,2.206119309125078,2.2256865127846726,0.7845360761650518,4.217478447053486
sub-anm372906_ses-20170608.nwb,53,4.599656626721521,2.2444554084706168,0.8241738502555982,6.09914845313721,4.599656624372588,2.2444554084706168,0.8241738502555982,6.09914845313721
sub-anm372906_ses-20170608.nwb,1001,8.248945652429525,1.8661491244449089,0.9030701459321556,4.95987732418498,8.248945648216989,1.8661491244449089,0.9030701459321556,4.95987732418498
sub-anm372906_ses-20170608.nwb,1002,3.352586405509802,1.9998410320390594,0.8467948498358844,3.599447780801169,3.3525864037977176,1.9998410320390594,0.8467948498358844,3.599447780801169
sub-anm372906_ses-20170608.nwb,1003,2.3771956919494484,2.0413912050633067,0.8190437254437697,4.274056175222567,2.3771956907354723,2.0413912050633067,0.8190437254437697,4.274056175222567
sub-anm372906_ses-20170608.nwb,1004,4.53429012863999,1.5015680038721169,0.7392045400831015,2.312162594822422,4.5342901263244375,1.5015680038721169,0.7392045400831015,2.312162594822422
sub-anm372906_ses-20170610.nwb,1001,3.1966702704385033,2.497353780745236,0.760502543818442,3.6670285650222003,3.196670268852241,2.497353780745236,0.7605025438184418,3.6670285650222003
sub-anm372906_ses-20170611.nwb,1001,4.475809767901243,2.0881495290217797,0.64480024901356,3.349282278421131,4.475809764820684,2.0881495290217797,0.64480024901356,3.349282278421131
sub-anm372906_ses-20170612.nwb,1001,1.2042828813561177,2.208259783319662,1.1178111406072222,2.4224803009087665,1.2042828806493453,2.208259783319662,1.1178111406072222,2.4224803009087665
sub-anm372907_ses-20170608.nwb,1001,2.100291148242521,2.4134564003022128,0.8247920348970443,2.7574848209923934,2.100291147216178,2.4134564003022128,0.8247920348970442,2.7574848209923934
sub-anm372907_ses-20170608.nwb,1002,5.029850346407694,1.8498222717293105,0.7255017921687634,4.566438999265821,5.0298503439497715,1.8498222717293105,0.7255017921687634,4.566438999265821
sub-anm372907_ses-20170610.nwb,1001,2.6893121629415186,3.0064088635019317,0.8185700359135542,4.691215684234126,2.68931216157743,3.0064088635019317,0.818570035913554,4.691215684234126
sub-anm372907_ses-20170612.nwb,1001,8.465414983130431,1.4926648243227416,0.7543449839739493,3.496832586157343,8.465414978890003,1.4926648243227416,0.7543449839739493,3.496832586157343
sub-anm372907_ses-20170613.nwb,1001,1.4465337436294878,2.033587602920693,0.8151528658102851,1.8453313126210318,1.446533741999846,2.033587602920693,0.8151528658102851,1.8453313126210318
sub-anm372909_ses-20170520.nwb,1001,5.759640557222045,3.105809000425903,0.7622041518562361,7.563010773150645,5.759640553476171,3.105809000425903,0.7622041518562361,7.563010773150645
sub-anm372909_ses-20170522.nwb,1,2.0866943731499217,2.7397695178416313,0.9466110827163424,6.710942376014211,2.0866943719188518,2.7397695178416313,0.9466110827163425,6.710942376014211
sub-anm372909_ses-20170522.nwb,2,3.9309145061628294,3.6956705160207806,0.6430341491655172,7.63085206887373,3.93091450384374,3.6956705160207806,0.6430341491655172,7.63085206887373
sub-anm372909_ses-20170522.nwb,3,6.959777642083581,1.813058818802594,0.5258448376163458,2.9078310903315687,6.959777637977578,1.813058818802594,0.5258448376163457,2.9078310903315687
sub-anm372909_ses-20170522.nwb,4,1.602925816185563,3.3514392101964616,0.8939461180987895,5.323648577093215,1.6029258152398982,3.3514392101964616,0.8939461180987895,5.323648577093215
sub-anm372909_ses-20170522.nwb,5,2.0937739130079365,1.7580749847024695,0.8532974586360369,2.843185796424186,2.09377391177269,1.7580749847024695,0.8532974586360369,2.843185796424186
sub-anm372909_ses-20170522.nwb,6,5.856549347542909,1.6063431950440732,0.6592678775265302,3.4939501165109075,5.85654934408777,1.6063431950440732,0.6592678775265302,3.4939501165109075
sub-anm372909_ses-20170522.nwb,7,28.736442245337724,1.70429513819647,0.4877346930527911,6.477939731702753,28.736442228384323,1.70429513819647,0.48773469305279105,6.477939731702753
sub-anm372909_ses-20170522.nwb,8,12.527835740412378,2.2784274912928963,0.5712308509064822,10.45591135918362,12.527835733021435,2.2784274912928963,0.5712308509064822,10.45591135918362
sub-anm372909_ses-20170522.nwb,9,7.978051458328071,2.084600432067184,0.6118988504295318,8.328315167799374,7.978051453621327,2.084600432067184,0.6118988504295318,8.328315167799374
sub-anm372909_ses-20170522.nwb,10,3.353342046079772,3.413441906350664,0.7066245863722989,9.302701724801826,3.3533420441014288,3.413441906350664,0.706624586372299,9.302701724801826
sub-anm372909_ses-20170522.nwb,11,1.6518926335368336,3.9453327118163997,0.7602013655862199,8.11477088948787,1.6518926325622802,3.9453327118163997,0.76020136558622,8.11477088948787
sub-anm372909_ses-20170522.nwb,12,5.421157646274987,3.461786264438744,0.5920096536397328,20.441898781254046,5.421157643076712,3.461786264438744,0.5920096536397328,20.441898781254046
sub-anm372909_ses-20170522.nwb,13,22.410283420546484,2.060095276537956,0.4927892970041297,8.601383367159102,22.410283407325277,2.060095276537956,0.49278929700412977,8.601383367159102
sub-anm372909_ses-20170522.nwb,14,8.136751143478575,4.966557527337197,0.5859674264861782,26.871839841526942,8.136751138678203,4.966557527337197,0.5859674264861782,26.871839841526942
sub-anm372909_ses-20170522.nwb,15,28.16063967021917,1.8458808983748605,0.4447338004967122,14.15615209395897,28.16063965360547,1.8458808983748605,0.4447338004967122,14.15615209395897
sub-anm372909_ses-20170522.nwb,16,28.07568519192299,1.9926292732028559,0.5113159275200492,14.223559756654565,28.07568517535941,1.9926292732028559,0.5113159275200492,14.223559756654565
sub-anm372909_ses-20170522.nwb,17,16.472909326291237,1.8727414104790652,0.6850914567572907,6.4057636806305425,16.472909316572853,1.8727414104790652,0.6850914567572907,6.4057636806305425
sub-anm372909_ses-20170522.nwb,18,4.265422764454038,3.700988752334574,0.5937144670757957,15.514345037709752,4.265422761937602,3.700988752334574,0.5937144670757957,15.514345037709752
sub-anm372909_ses-20170522.nwb,19,5.1291266271318685,2.5820815427441657,0.6430629742405213,7.434207228146933,5.12912662410588,2.5820815427441657,0.6430629742405212,7.434207228146933
sub-anm372909_ses-20170522.nwb,20,4.854204495978952,3.9087356839369027,0.5373648609750712,14.527291760303061,4.854204493115158,3.9087356839369027,0.5373648609750712,14.527291760303061
sub-anm372909_ses-20170522.nwb,21,9.316084491492907,1.1385632380158257,0.47118760535177057,1.8530330373881467,9.316084485996774,1.1385632380158257,0.4711876053517705,1.8530330373881467
sub-anm372909_ses-20170522.nwb,22,1.3970291986482934,3.623473031856891,0.6896951938174262,6.1063073686894445,1.3970291978240998,3.623473031856891,0.6896951938174262,6.1063073686894445
sub-anm372909_ses-20170522.nwb,23,7.175113646098204,3.223101380453455,0.4312413378094422,11.864365460931511,7.1751136418651615,3.223101380453455,0.4312413378094422,11.864365460931511
sub-anm372909_ses-20170522.nwb,24,0.2808217477012617,2.4757110597760827,1.280043896337761,6.538667353733948,0.28082174753558764,2.4757110597760827,1.280043896337761,6.538667353733948
sub-anm372909_ses-20170522.nwb,25,1.1545549585112798,2.302165581736081,0.9052363491831789,5.11131033011637,1.1545549578301366,2.302165581736081,0.9052363491831787,5.11131033011637
sub-anm372909_ses-20170522.nwb,26,7.987490844805425,2.4261744786407657,0.642185377500293,12.144951926091915,7.987490840093111,2.4261744786407657,0.642185377500293,12.144951926091915
sub-anm372909_ses-20170522.nwb,27,0.44306120278077216,3.6534014062330513,1.1232673134116846,5.233624820993392,0.443061202519383,3.6534014062330513,1.1232673134116846,5.233624820993392
sub-anm372909_ses-20170522.nwb,28,1.9244549180704111,2.1731911024554518,1.2076790360234988,6.633364615989728,1.9244549169350564,2.1731911024554518,1.2076790360234988,6.633364615989728
sub-anm372909_ses-20170522.nwb,29,0.4312619696840805,2.038667608945795,1.5247226163652,4.103869569986837,0.43126196942965245,2.038667608945795,1.5247226163651995,4.103869569986837
sub-anm372909_ses-20170522.nwb,30,2.8164769401803014,3.6383971780909303,0.5872267870633585,5.883507659413016,2.816476938518688,3.6383971780909303,0.5872267870633585,5.883507659413016
sub-anm372909_ses-20170522.nwb,31,0.9486583409740101,3.869879390034768,0.804910460594493,3.6526330611095466,0.948658340414338,3.869879390034768,0.804910460594493,3.6526330611095466
sub-anm372909_ses-20170522.nwb,32,14.68001585724894,1.5431587883514701,0.6194493892665984,5.571035251581174,14.680015848588292,1.5431587883514701,0.6194493892665984,5.571035251581174
sub-anm372909_ses-20170522.nwb,33,2.9350592328020526,2.6459387921304294,0.6491524851154975,3.718888665023229,2.93505923107048,2.6459387921304294,0.6491524851154974,3.718888665023229
sub-anm372909_ses-20170522.nwb,34,1.8117722419970057,2.4896103113578296,0.7403503342539084,4.8239155628121875,1.8117722409281294,2.4896103113578296,0.7403503342539084,4.8239155628121875
sub-anm372909_ses-20170522.nwb,35,4.13563120039043,2.9476531079773935,0.5983656393226421,5.431367251635131,4.135631197950565,2.9476531079773935,0.5983656393226422,5.431367251635131
sub-anm372909_ses-20170522.nwb,36,1.3639913459775568,2.8118854970944938,0.8203353824676182,5.353055428608736,1.3639913451728543,2.8118854970944938,0.8203353824676181,5.353055428608736
sub-anm372909_ses-20170522.nwb,37,8.775679615664428,1.3924829669962595,0.7766144369913073,3.531816989059775,8.775679610487114,1.3924829669962595,0.7766144369913073,3.531816989059775
sub-anm372909_ses-20170522.nwb,38,0.5504342239606663,2.2884979169352127,1.5562724171360551,5.022229342352727,0.5504342236359312,2.2884979169352127,1.556272417136055,5.022229342352727
sub-anm372909_ses-20170522.nwb,39,10.124331958616287,2.523783780695259,0.496188558862918,12.424636015130842,10.124331952643319,2.523783780695259,0.496188558862918,12.424636015130842
sub-anm372909_ses-20170522.nwb,40,5.979851333403338,2.3362718280907955,0.6297100459805278,6.194263674405445,5.979851329875454,2.3362718280907955,0.6297100459805278,6.194263674405445
sub-anm372909_ses-20170522.nwb,41,12.661757036059829,2.9095604854126034,0.48119369674934975,12.725352993355523,12.661757028589877,2.9095604854126034,0.48119369674934975,12.725352993355523
sub-anm372909_ses-20170522.nwb,42,7.910205868022095,2.985531748654635,0.6703366207128123,9.593593799252488,7.910205863355376,2.985531748654635,0.6703366207128122,9.593593799252488
sub-anm372909_ses-20170522.nwb,43,6.553884023557387,2.1418969181443313,0.7122390785803885,7.27065802290171,6.553884019690846,2.1418969181443313,0.7122390785803886,7.27065802290171
sub-anm372909_ses-20170522.nwb,44,4.641818300238502,1.9254332979359141,0.796926157926976,4.51133202559208,4.6418182975000075,1.9254332979359141,0.796926157926976,4.51133202559208
sub-anm372909_ses-20170522.nwb,45,1.3639913459775568,2.2491907845356653,1.114714683311404,6.842674805771367,1.3639913451728543,2.2491907845356653,1.114714683311404,6.842674805771367
sub-anm372909_ses-20170522.nwb,46,13.880027853293244,3.2901874635915056,0.4177166310067345,19.21193672203995,13.880027845104559,3.2901874635915056,0.41771663100673456,19.21193672203995
sub-anm372909_ses-20170522.nwb,47,3.4554054123661553,1.9142360281436817,0.6908040927312633,3.588239741351261,3.455405410327598,1.9142360281436817,0.6908040927312633,3.588239741351261
sub-anm372909_ses-20170522.nwb,48,12.180938287369644,2.2337848001985803,0.6568871750278924,7.762177947867615,12.180938280183357,2.2337848001985803,0.6568871750278924,7.762177947867615
sub-anm372909_ses-20170522.nwb,49,0.4654797456644863,2.2321767690764474,0.9831258751019412,3.908678737116483,0.4654797453898711,2.2321767690764474,0.983125875101941,3.908678737116483
sub-anm372909_ses-20170522.nwb,50,1.910295838354381,2.316258716300708,0.7531975087260564,4.016064394513268,1.9102958372273797,2.316258716300708,0.7531975087260563,4.016064394513268
sub-anm372909_ses-20170522.nwb,51,25.334133381906682,3.7722684539784854,0.3738032797639954,20.216589588150054,25.33413336696051,3.7722684539784854,0.3738032797639954,20.216589588150054
sub-anm372909_ses-20170522.nwb,52,16.96729719304262,3.2146673164554733,0.571049804803999,12.745373553415382,16.967297183032564,3.2146673164554733,0.5710498048039989,12.745373553415382
sub-anm372909_ses-20170522.nwb,1001,3.5444896222461773,1.7792489808293845,0.7122983043115094,3.4089453056302284,3.544489620155064,1.7792489808293845,0.7122983043115094,3.4089453056302284
