source,target,ligand_complex,receptor_complex,lr_means,cellphone_pvals,expr_prod,scaled_weight,lr_logfc,spec_weight,lrscore,specificity_rank,magnitude_rank
Inhibitory neuron,Excitatory neuron,Pnoc,Oprl1,1.3978653,0.0,1.5299655,0.5853151640635805,0.8096130489955272,0.06411249,0.73893154,8.842870517339224e-05,4.197227608855603e-06
Inhibitory neuron,Inhibitory neuron,Pnoc,Oprl1,1.3224282,0.0,1.417313,0.5078124834000022,0.8124632798606722,0.05939184,0.7314872,0.0001969256524864,1.6781261729283937e-05
Excitatory neuron,Excitatory neuron,Pnoc,Oprl1,1.2747883,0.0,1.0255796,0.3861247732102739,0.3952172769390375,0.04297643,0.6985555,0.0013537201994271,6.706385726802793e-05
Excitatory neuron,Inhibitory neuron,Pnoc,Oprl1,1.1993511,0.0,0.9500654,0.3086220925466954,0.3980675078041825,0.039812047,0.6904422,0.0021512483490596,0.000104739476134
OPC,Excitatory neuron,Pnoc,Oprl1,1.2537922,0.0,0.9395348,0.3521439542000082,0.359752313077315,0.039370768,0.6892498,0.002236095701412,0.0001507559935897
OPC,Inhibitory neuron,Pnoc,Oprl1,1.178355,0.0,0.87035614,0.2746412735364298,0.36260254394246,0.03647187,0.68100053,0.0031004442908564,0.0002051019878899
Ependymal,Excitatory neuron,Pnoc,Oprl1,1.1780031,0.0,0.62894106,0.2294868593236266,0.2359477598301501,0.02635548,0.6447272,0.0068287549723572,0.0004180018162199
Astrocyte,Excitatory neuron,Pnoc,Oprl1,1.1765327,0.0,0.622916,0.2271073939085103,0.2363679653873941,0.026103003,0.64362395,0.0068287549723572,0.000505550861757
Inhibitory neuron,OPC,Pnoc,Oprl1,1.1043555,0.0,1.0916585,0.2837595156114215,0.3877038749503526,0.04574544,0.7050887,0.00091674958172,0.0006013718539738
Ependymal,Inhibitory neuron,Pnoc,Oprl1,1.1025659,0.0,0.58263165,0.1519841786600482,0.2387979906952951,0.024414908,0.63592017,0.0068287549723572,0.000705453654874
Microglia,Excitatory neuron,Pnoc,Oprl1,1.1410029,0.0,0.47730982,0.1696055771007166,0.1850449543685494,0.020001445,0.61254084,0.0068287549723572,0.0008177844450667
Astrocyte,Inhibitory neuron,Pnoc,Oprl1,1.1010957,0.0,0.5770502,0.1496047132449319,0.2392181962525392,0.02418102,0.6348051,0.0068287549723572,0.0009383528877835
Microglia,Inhibitory neuron,Pnoc,Oprl1,1.0655658,0.0,0.44216514,0.0921028964371382,0.1878951852336944,0.018528724,0.60342675,0.0108363132700477,0.0012041570309892
Endothelial,Excitatory neuron,Pnoc,Oprl1,1.122249,0.0,0.4004539,0.1392540811604379,0.1267735480037379,0.016780833,0.5915125,0.0205607973444298,0.0013493696041529
Pericyte,Excitatory neuron,Pnoc,Oprl1,1.1190383,0.0,0.38729635,0.1340580252849393,0.1182149444001434,0.016229473,0.5874703,0.0258278390449402,0.0015027739376234
Endothelial,Inhibitory neuron,Pnoc,Oprl1,1.0468119,0.0,0.37096816,0.0617514004968594,0.129623778868883,0.015545248,0.5822411,0.03060886809587,0.0018341119932834
Pericyte,Inhibitory neuron,Pnoc,Oprl1,1.0436013,0.0,0.35877943,0.0565553446213608,0.1210651752652884,0.015034484,0.57817256,0.0369929611065379,0.0021980794135659
Oligodendrocyte,Excitatory neuron,Pnoc,Oprl1,1.1025382,0.0,0.31967643,0.1073540291859518,0.0473685404836904,0.013395891,0.5640406,0.0651482028428729,0.0028050104091356
Oligodendrocyte,Inhibitory neuron,Pnoc,Oprl1,1.027101,0.0,0.2961384,0.0298513485223733,0.0502187713488354,0.012409542,0.55461514,0.0826166568521596,0.0030235358173185
Excitatory neuron,OPC,Pnoc,Oprl1,0.9812784,0.0,0.73176986,0.0845691247581148,-0.026691897106137,0.030664474,0.6618737,0.0432179018617117,0.0034848406690996
OPC,OPC,Pnoc,Oprl1,0.96028227,0.0,0.67037535,0.0505883057478492,-0.0621568609678595,0.028091766,0.6519998,0.0768213073148491,0.0039784077477649
Ependymal,Oligodendrocyte,Penk,Oprk1,0.04372832,1.0,0.0002576206,-0.3321064271432368,-0.3061149565000888,0.00093527616,0.035426997,1.0,0.0061433426310117
Ependymal,OPC,Pnoc,Oprl1,0.8844932,0.95,0.44876102,-0.0720687891285323,-0.1859614142150244,0.01880512,0.60519713,0.5971194995191009,0.0090773725001474
Astrocyte,OPC,Pnoc,Oprl1,0.88302296,0.985,0.44446197,-0.0744482545436486,-0.1855412086577804,0.018624973,0.6040465,0.594499121684018,0.0094633461066102
Inhibitory neuron,Excitatory neuron,Penk,Oprl1,1.0588096,0.0,0.14047089,0.4982928208254438,0.4852521902262302,0.111232705,0.4616809,1.1128196997092908e-05,0.0094633461066102
Microglia,OPC,Pnoc,Oprl1,0.84749305,1.0,0.34056932,-0.1319500713514423,-0.2368642196766251,0.014271399,0.571808,1.0,0.0098571694082227
Endothelial,OPC,Pnoc,Oprl1,0.82873917,1.0,0.2857312,-0.162301567291721,-0.2951356260414366,0.011973432,0.5501924,1.0,0.0102588288482222
Pericyte,OPC,Pnoc,Oprl1,0.82552856,1.0,0.27634305,-0.1674976231672197,-0.3036942296450311,0.011580027,0.546055,1.0,0.0106683106988993
Inhibitory neuron,Inhibitory neuron,Penk,Oprl1,0.9833725,0.0,0.1301279,0.4207901401618653,0.4881024210913752,0.10304256,0.45219183,3.4634553727448104e-05,0.0106683106988993
Oligodendrocyte,OPC,Pnoc,Oprl1,0.8090284,1.0,0.22809501,-0.1942016192662072,-0.3745406335614841,0.009558214,0.5221862,1.0,0.0110856079536598
Ependymal,Oligodendrocyte,Penk,Oprd1,0.049247578,1.0,0.00029131252,-0.3453676656973634,-0.3418215339665076,0.0008567805,0.03758803,1.0,0.0122782927189824
Inhibitory neuron,OPC,Penk,Oprl1,0.7652998,0.0,0.10022856,0.1967371723732847,0.0633430161810556,0.07936658,0.42010286,0.0081458656043905,0.0132888830225041
Inhibitory neuron,Microglia,Pnoc,Oprl1,0.62934005,1.0,0.3823037,-0.2042802099797269,-0.2611774043874982,0.016020259,0.58589715,1.0,0.0151909731147397
Inhibitory neuron,Astrocyte,Pnoc,Oprl1,0.6142815,1.0,0.35981634,-0.2197515849975283,-0.368957944429561,0.015077936,0.5785244,1.0,0.0156857683808511
Inhibitory neuron,Endothelial,Pnoc,Oprl1,0.61320376,1.0,0.3582069,-0.220858589848266,-0.3285144392051753,0.015010493,0.5779778,1.0,0.016188253312402
Inhibitory neuron,Pericyte,Pnoc,Oprl1,0.5257644,1.0,0.22763117,-0.3106956663769227,-0.5148191119043893,0.009538777,0.5219323,1.0,0.0166984109554672
Inhibitory neuron,Ependymal,Pnoc,Oprl1,0.5228704,1.0,0.22330941,-0.3136691144734417,-0.540532527027343,0.009357677,0.5195404,1.0,0.0172162354015924
Excitatory neuron,Microglia,Pnoc,Oprl1,0.50626296,1.0,0.2562691,-0.4034706008330336,-0.675573176443988,0.010738837,0.536693,1.0,0.0177417095295349
Inhibitory neuron,Oligodendrocyte,Pnoc,Oprl1,0.49129763,1.0,0.17616086,-0.3461075833120219,-0.6467165755535723,0.0073819384,0.48990664,1.0,0.0182748275979077
Ependymal,Endothelial,Penk,Oprk1,0.05748569,1.0,0.00034160152,-0.3053668027141345,-0.2607107525954972,0.0012401638,0.040576912,1.0,0.0184048554787173
Excitatory neuron,Astrocyte,Pnoc,Oprl1,0.49120444,1.0,0.24119517,-0.418941975850835,-0.7833537164860507,0.010107171,0.5291483,1.0,0.0188155752885714
Excitatory neuron,Endothelial,Pnoc,Oprl1,0.49012667,1.0,0.24011631,-0.4200489807015727,-0.742910211261665,0.010061962,0.5285898,1.0,0.0193639381169446
Excitatory neuron,Excitatory neuron,Penk,Oprl1,1.0430942,0.0,0.076066956,0.3777218997453427,0.4305464947224514,0.060234062,0.38692158,0.0001801497789345,0.0193639381169446
OPC,Microglia,Pnoc,Oprl1,0.48526686,1.0,0.23476845,-0.4374514198432992,-0.7110381403057104,0.009837863,0.52578264,1.0,0.0199199105913031
OPC,Astrocyte,Pnoc,Oprl1,0.47020832,1.0,0.22095922,-0.4529227948611006,-0.8188186803477732,0.009259192,0.51821977,1.0,0.0204834751742999
OPC,Endothelial,Pnoc,Oprl1,0.46913058,1.0,0.21997087,-0.4540297997118384,-0.7783751751233875,0.009217776,0.51766014,1.0,0.0210546265400264
Ependymal,Microglia,Pnoc,Oprl1,0.40947774,1.0,0.15715812,-0.5601085147196808,-0.8348426935528753,0.0065856376,0.4756564,1.0,0.0216333469855702
Astrocyte,Microglia,Pnoc,Oprl1,0.40800753,1.0,0.15565258,-0.5624879801347971,-0.8344224879956312,0.006522549,0.47445616,1.0,0.022219631350338
Excitatory neuron,Pericyte,Pnoc,Oprl1,0.40268737,1.0,0.15258767,-0.5098860572302294,-0.929214883960879,0.006394115,0.47197735,1.0,0.0228134617663523
Excitatory neuron,Inhibitory neuron,Penk,Oprl1,0.967657,0.0,0.070466086,0.3002192190817643,0.4333967255875964,0.055798985,0.3778904,0.0003196574282433,0.0228134617663523
Excitatory neuron,Ependymal,Pnoc,Oprl1,0.39979333,1.0,0.14969069,-0.5128595053267484,-0.9549282990838328,0.0062727174,0.46958953,1.0,0.0234148332378346
Ependymal,Astrocyte,Pnoc,Oprl1,0.3944192,1.0,0.14791398,-0.5755798897374822,-0.942623233594938,0.0061982656,0.4681028,1.0,0.0240237277322429
Ependymal,Pericyte,Penk,Oprd1,0.060982913,1.0,0.0003629501,-0.3236393341938869,-0.2884161238795509,0.001067474,0.041773476,1.0,0.0245230382119185
Ependymal,Endothelial,Pnoc,Oprl1,0.39334145,1.0,0.14725237,-0.57668689458822,-0.9021797283705524,0.006170541,0.46754476,1.0,0.024640140418113
Astrocyte,Astrocyte,Pnoc,Oprl1,0.392949,1.0,0.146497,-0.5779593551525986,-0.942203028037694,0.0061388877,0.46690464,1.0,0.0252640565219999
Astrocyte,Endothelial,Pnoc,Oprl1,0.39187124,1.0,0.14584172,-0.5790663600033363,-0.9017595228133084,0.0061114286,0.46634674,1.0,0.0258954611067698
OPC,Pericyte,Pnoc,Oprl1,0.38169125,1.0,0.13978575,-0.543866876240495,-0.9646798478226016,0.005857657,0.4610734,1.0,0.0265343495864917
Excitatory neuron,OPC,Penk,Oprl1,0.7495843,0.0,0.05427517,0.0761662512931837,0.0086373206772768,0.04297811,0.34772727,0.0238931451451351,0.0271807035194019
OPC,Ependymal,Pnoc,Oprl1,0.37879723,1.0,0.13713183,-0.546840324337014,-0.9903932629455552,0.005746445,0.45869273,1.0,0.0271807035194019
Microglia,Microglia,Pnoc,Oprl1,0.37247765,1.0,0.11926891,-0.6199897969425908,-0.885745499014476,0.004997908,0.44142336,1.0,0.027834518482632
Microglia,Ependymal,Cck,Cckbr,0.915382,0.0,0.051858455,1.4633917485998535,1.1617581618596824,0.07836783,0.34257978,8.757142307209798e-06,0.027834518482632
Astrocyte,Ependymal,Cck,Cckbr,0.9142801,0.0,0.047887348,1.4284280562983036,1.161024317454124,0.072366744,0.33366567,1.3891681544579988e-05,0.0284957758716059
Excitatory neuron,Oligodendrocyte,Pnoc,Oprl1,0.36822057,1.0,0.11808565,-0.5452979741653287,-1.061112347610062,0.004948324,0.44019452,1.0,0.0284957758716059
Microglia,Astrocyte,Pnoc,Oprl1,0.3574191,1.0,0.112253435,-0.6354611719603922,-0.9935260390565388,0.0047039273,0.43396348,1.0,0.0291644714260174
Endothelial,Ependymal,Cck,Cckbr,0.9141725,0.0,0.047499288,1.425011971918364,1.1607132535924802,0.07178031,0.33276176,1.7077344403456603e-05,0.0298405863789786
Microglia,Endothelial,Pnoc,Oprl1,0.35634136,1.0,0.111751325,-0.63656817681113,-0.9530825338321532,0.004682887,0.43341297,1.0,0.0298405863789786
Endothelial,Microglia,Pnoc,Oprl1,0.35372373,1.0,0.10006435,-0.6503412928828696,-0.9440169053792876,0.00419315,0.41990316,1.0,0.0305241166322448
Oligodendrocyte,Ependymal,Cck,Cckbr,0.9140951,0.0,0.047220554,1.4225564912177011,1.1604467271703371,0.0713591,0.33210868,2.483388539893195e-05,0.0305241166322448
Ependymal,Ependymal,Penk,Oprk1,0.06486091,1.0,0.00038662308,-0.2910319235522502,-0.2309836441508886,0.0014036119,0.043056533,1.0,0.0306328456102399
Pericyte,Ependymal,Cck,Cckbr,0.91408813,0.0,0.047195468,1.4223364939610106,1.1604116886682871,0.07132119,0.3320498,2.9463946971512967e-05,0.0312150470454796
Pericyte,Microglia,Pnoc,Oprl1,0.35051313,1.0,0.09677658,-0.6555373487583682,-0.952575508982882,0.0040553776,0.4158398,1.0,0.0312150470454796
OPC,Oligodendrocyte,Pnoc,Oprl1,0.34722444,1.0,0.10817842,-0.5792787931755943,-1.0965773114717845,0.004533166,0.42942762,1.0,0.0319133623169107
Endothelial,Astrocyte,Pnoc,Oprl1,0.33866522,1.0,0.0941785,-0.665812667900671,-1.05179744542135,0.003946506,0.41253838,1.0,0.0326190585904475
Endothelial,Endothelial,Pnoc,Oprl1,0.33758745,1.0,0.09375724,-0.6669196727514087,-1.0113539401969645,0.003928853,0.41199523,1.0,0.0333321166956121
OPC,Excitatory neuron,Penk,Oprl1,1.0347636,0.0,0.041926842,0.3138078837318358,0.4159551015555886,0.033200014,0.31905574,0.0062347891103677,0.0340525289880761
Pericyte,Astrocyte,Pnoc,Oprl1,0.33545458,1.0,0.091084115,-0.6710087237761696,-1.0603560490249446,0.0038168372,0.40849608,1.0,0.0340525289880761
Ependymal,Ependymal,Cck,Cckbr,0.9120832,0.0,0.03996964,1.358716139234685,1.1567526422442242,0.060401615,0.3138852,0.0001643493923955,0.0347802879839455
Pericyte,Endothelial,Pnoc,Oprl1,0.33437684,1.0,0.0906767,-0.6721157286269074,-1.019912543800559,0.0037997647,0.40795457,1.0,0.0347802879839455
Oligodendrocyte,Microglia,Pnoc,Oprl1,0.33401293,1.0,0.079879895,-0.6822413448573557,-1.0234219128993352,0.0033473296,0.3927385,1.0,0.0355153783011058
OPC,Inhibitory neuron,Penk,Oprl1,0.9593264,0.0,0.038839735,0.2363052030682574,0.4188053324207336,0.030755471,0.3108056,0.0068287549723572,0.0355153783011058
Ependymal,Astrocyte,Penk,Oprk1,0.06917696,1.0,0.00041297008,-0.2826430670469777,-0.2315951564629464,0.0014992631,0.04443532,1.0,0.0367342813318777
OPC,OPC,Penk,Oprl1,0.7412537,0.0,0.02991557,0.0122522352796768,-0.0059540724895859,0.02368882,0.28355646,0.0273542031394134,0.0408653065455348
Ependymal,Excitatory neuron,Tac1,Tacr1,0.32990557,0.0,0.029085543,0.4257435129430569,0.3060752294906004,0.069702275,0.28070703,0.0008244652177995,0.0416586342420208
Ependymal,Endothelial,Penk,Oprd1,0.07351796,1.0,0.00043946947,-0.3004303443038011,-0.2628185915189847,0.0012925256,0.04577457,1.0,0.0428273573483677
Oligodendrocyte,Astrocyte,Pnoc,Oprl1,0.3189544,1.0,0.075181305,-0.6977127198751572,-1.1312024529413978,0.0031504373,0.38553348,1.0,0.0440819308896371
Oligodendrocyte,Endothelial,Pnoc,Oprl1,0.31787664,1.0,0.07484502,-0.6988197247258948,-1.090758947717012,0.0031363454,0.38500264,1.0,0.0449041019218252
Excitatory neuron,Excitatory neuron,Tac1,Tacr1,0.32614312,0.0,0.024477992,0.344563440267805,0.303687772013865,0.058660477,0.26362914,0.00091674958172,0.0449041019218252
OPC,Ependymal,Cck,Cckbr,0.9076633,0.0,0.024040494,1.2184666897881855,1.1502454643823166,0.036329687,0.26188236,0.0005451958922553,0.0474136621505569
Oligodendrocyte,Pericyte,Nts,Ntsr1,0.042996176,1.0,0.00046067353,-0.2825134137941966,-0.2719525541696151,0.0027508535,0.046814766,1.0,0.0489120710885992
Excitatory neuron,Ependymal,Cck,Cckbr,0.9067823,0.0,0.020865567,1.1905127627103216,1.1485240817278437,0.031531777,0.24842544,0.0007114424120946,0.0517390453239972
Excitatory neuron,Pericyte,Gal,Galr1,0.038790643,1.0,0.00047540202,-0.2531860966761177,-0.2160984160437591,0.0027338418,0.047521964,1.0,0.0549884365853491
Inhibitory neuron,Excitatory neuron,Tac2,Tacr1,0.3211495,0.0,0.018362707,0.2414796368945896,0.3051599445655272,0.065217845,0.23668928,0.0014809919633078,0.0571633737499769
Endothelial,Excitatory neuron,Penk,Oprl1,1.0289097,0.0,0.017937163,0.2688966984050523,0.4031291698416914,0.014203648,0.23457778,0.0299566814707419,0.058092072434301
Microglia,Excitatory neuron,Cck,Cckar,0.32387313,0.0,0.01781297,0.3215955607383515,0.1473661728060107,0.026584612,0.23395462,0.0068287549723572,0.0599704782309877
Ependymal,Microglia,Penk,Oprk1,0.08059258,1.0,0.000482656,-0.2604549927089941,-0.1870432763191262,0.0017522537,0.047865868,1.0,0.0610564512902909
Microglia,Inhibitory neuron,Cck,Cckar,0.31478095,0.0,0.01728965,0.306073466814338,0.1686878807842748,0.025803594,0.23129317,0.0068287549723572,0.0628404769541694
Inhibitory neuron,Excitatory neuron,Tac1,Tacr1,0.3198318,0.0,0.01674901,0.2083903965705037,0.2934433680476588,0.040138297,0.228481,0.0037834967514392,0.0647885813999044
Endothelial,Inhibitory neuron,Penk,Oprl1,0.95347255,0.0,0.016616436,0.1913940177414739,0.4059794007068364,0.013157823,0.22778133,0.0687067115602876,0.0667644154435084
Pericyte,Oligodendrocyte,Penk,Oprk1,0.045189884,1.0,0.0005043456,-0.3208931152625547,-0.3031882450871879,0.0018309964,0.048877552,1.0,0.0671161292134329
Ependymal,Pericyte,Pnoc,Oprl1,0.30590212,1.0,0.09357504,-0.6665239711168767,-1.0884844010697663,0.003921218,0.41175964,1.0,0.0687678657492584
Astrocyte,Excitatory neuron,Cck,Cckar,0.32277128,0.0,0.016448924,0.2866318684368017,0.1466323284004523,0.02454887,0.22689149,0.0068287549723572,0.0707988623854179
Astrocyte,Pericyte,Pnoc,Oprl1,0.30443192,1.0,0.092678614,-0.6689034365319929,-1.0880641955125223,0.003883654,0.41059434,1.0,0.0707988623854179
Ependymal,Ependymal,Pnoc,Oprl1,0.3030081,1.0,0.091798455,-0.6694974192133956,-1.11419781619272,0.0038467709,0.40944022,1.0,0.071824657825323
Astrocyte,Ependymal,Pnoc,Oprl1,0.3015379,1.0,0.09091904,-0.6718768846285119,-1.113777610635476,0.0038099198,0.40827695,1.0,0.0728573027155861
Endothelial,Excitatory neuron,Cck,Cckar,0.3226636,0.0,0.01631563,0.283215784056862,0.1463212645388087,0.024349937,0.22617866,0.0068287549723572,0.0728573027155861
Oligodendrocyte,Ependymal,Nts,Ntsr1,0.049263872,1.0,0.0005326309,-0.2706520274592794,-0.2546791809745968,0.0031805378,0.05016165,1.0,0.0731674637066722
Oligodendrocyte,Excitatory neuron,Cck,Cckar,0.32258624,0.0,0.016219886,0.2807603033561991,0.1460547381166655,0.024207048,0.225664,0.0068287549723572,0.0738967742075242
Ependymal,Inhibitory neuron,Tac1,Tacr1,0.2975763,0.0,0.026014179,0.3783646817793823,0.2763597716167974,0.06234188,0.26957953,0.0025974415490769,0.0738967742075242
Excitatory neuron,Inhibitory neuron,Tac1,Tacr1,0.29381388,0.0,0.021893173,0.2971846091041303,0.2739723141400619,0.05246607,0.25294057,0.0033182634516854,0.0749430835046719
Astrocyte,Excitatory neuron,Penk,Oprl1,1.0284898,0.0,0.016216682,0.2656757904102025,0.4009901636239962,0.012841274,0.22564672,0.0333507181500019,0.0749430835046719
Inhibitory neuron,Microglia,Penk,Oprl1,0.29028434,1.0,0.035100494,-0.2913025532178637,-0.5855382631567952,0.027794532,0.30006883,1.0,0.0759962078328697
Pericyte,Excitatory neuron,Cck,Cckar,0.3225793,0.0,0.016211271,0.2805403060995087,0.1460196996146155,0.02419419,0.22561759,0.0068287549723572,0.0759962078328697
Inhibitory neuron,Inhibitory neuron,Tac2,Tacr1,0.28882027,0.0,0.016423648,0.1941008057309149,0.2754444866917241,0.058330998,0.2267566,0.0055853672193196,0.0770561357189736
Inhibitory neuron,Inhibitory neuron,Penk,Oprd1,0.28834838,0.0,0.03483506,0.2879656796734865,0.361578111893332,0.102453545,0.2992723,0.0003696563556522,0.0781228440174589
Astrocyte,Inhibitory neuron,Cck,Cckar,0.3136791,0.0,0.01596568,0.2711097745127881,0.1679540363787164,0.023827659,0.22428684,0.0068287549723572,0.0791963445260441
Pericyte,Pericyte,Gal,Galr1,0.03925948,1.0,0.0005418581,-0.2473340782372445,-0.2126571254661742,0.0031160035,0.0505724,1.0,0.0792104811248674
Ependymal,Inhibitory neuron,Tac1,Tacr3,0.2816924,0.0,0.024505163,0.3767508737306319,0.2061770051399703,0.051903658,0.26373684,0.0068287549723572,0.0802766141732276
Endothelial,Inhibitory neuron,Cck,Cckar,0.31357142,0.0,0.0158363,0.2676936901328484,0.1676429725170728,0.02363457,0.22357984,0.0068287549723572,0.0802766141732276
Oligodendrocyte,Inhibitory neuron,Cck,Cckar,0.3134941,0.0,0.01574337,0.2652382094321855,0.1673764460949295,0.023495879,0.2230694,0.0068287549723572,0.0824574149908126
Pericyte,Inhibitory neuron,Cck,Cckar,0.3134871,0.0,0.015735008,0.2650182121754951,0.1673414075928795,0.023483397,0.22302336,0.0068287549723572,0.0835579111743085
Inhibitory neuron,Ependymal,Cck,Cckbr,0.90533775,0.0,0.01565916,1.1446726176966564,1.1437087817468614,0.023663923,0.222605,0.0008995968395626,0.0846651425711706
Oligodendrocyte,Endothelial,Tac1,Tacr1,0.07608805,1.0,0.0005464667,-0.3868695889418433,-0.3825021401935997,0.0013095844,0.050776113,1.0,0.0852451665975788
Astrocyte,Inhibitory neuron,Penk,Oprl1,0.95305276,0.0,0.0150226345,0.188173109746624,0.4038403944891412,0.011895762,0.219035,0.0985388883827423,0.0891610587514724
Inhibitory neuron,Inhibitory neuron,Tac1,Tacr1,0.28750256,0.0,0.014980353,0.1610115654068291,0.2637279101738558,0.035899784,0.21879403,0.0068287549723572,0.0903017342092561
Oligodendrocyte,Pericyte,Tac1,Tacr3,0.0763162,1.0,0.00054814585,-0.4257223705446034,-0.2885162970955907,0.0011610115,0.050850097,1.0,0.0912715341063899
Excitatory neuron,Inhibitory neuron,Tac1,Tacr3,0.27792996,0.0,0.020623207,0.29557080105538,0.2037895476632348,0.043681405,0.24733634,0.0068287549723572,0.0926030242506092
Microglia,Excitatory neuron,Penk,Oprl1,1.028103,0.0,0.014631272,0.2627077262960599,0.4044132603669136,0.011585859,0.21678568,0.0369163591297427,0.0926030242506092
Ependymal,Pericyte,Gal,Galr1,0.03933354,1.0,0.00055235595,-0.2464096051074746,-0.2126933018997204,0.0031763723,0.051035054,1.0,0.0972895893878257
Inhibitory neuron,Astrocyte,Penk,Oprl1,0.27522582,1.0,0.03303586,-0.3067739282356651,-0.693318803198858,0.026159639,0.29374155,1.0,0.0984721173582482
Excitatory neuron,Microglia,Penk,Oprl1,0.2745689,1.0,0.019007407,-0.4118734742979647,-0.640243958660574,0.015051127,0.23982061,1.0,0.0996657066839495
Inhibitory neuron,Endothelial,Penk,Oprl1,0.27414805,1.0,0.03288809,-0.3078809330864028,-0.6528752979744723,0.026042627,0.29327676,1.0,0.100865858632153
Inhibitory neuron,Inhibitory neuron,Tac2,Tacr3,0.27293634,0.0,0.015470955,0.1924869976821646,0.205261720214897,0.048564333,0.22156051,0.0068287549723572,0.1020725617297143
Ependymal,Excitatory neuron,Cck,Cckar,0.32057434,0.0,0.013729257,0.2169199513731828,0.1423606531905525,0.020489957,0.21143235,0.0068287549723572,0.1020725617297143
Excitatory neuron,Inhibitory neuron,Penk,Oprd1,0.27263293,0.0,0.018863672,0.1673947585933854,0.3068724163895533,0.055480026,0.23912933,0.0068287549723572,0.1032857912342698
Ependymal,OPC,Penk,Oprk1,0.09379276,1.0,0.0005632356,-0.2347984690547571,-0.1817049846223849,0.0020447932,0.051509462,1.0,0.1032993463667831
Inhibitory neuron,Inhibitory neuron,Tac1,Tacr3,0.27161863,0.0,0.014111382,0.1593977573580787,0.1935451436970287,0.029888898,0.21372996,0.0068287549723572,0.1045055621399693
Ependymal,Oligodendrocyte,Pnoc,Oprl1,0.27143535,1.0,0.07241654,-0.7019358880519759,-1.2203818647189495,0.0030345807,0.3811051,1.0,0.105731849775719
Microglia,Inhibitory neuron,Penk,Oprl1,0.9526659,0.0,0.013553961,0.1852050456324814,0.4072634912320586,0.010732783,0.21036309,0.1138926520264006,0.105731849775719
Astrocyte,Oligodendrocyte,Pnoc,Oprl1,0.26996514,1.0,0.0717228,-0.7043153534670922,-1.2199616591617053,0.0030055102,0.3799705,1.0,0.1069646426683746
Microglia,Pericyte,Pnoc,Oprl1,0.26890203,1.0,0.07101506,-0.7264052533397867,-1.139387206531367,0.0029758527,0.378803,1.0,0.1082039293447919
Ependymal,Astrocyte,Penk,Oprd1,0.093813196,1.0,0.0005633604,-0.2628529552790127,-0.2141798809450936,0.0016569016,0.051514868,1.0,0.1093007943917302
Pericyte,Inhibitory neuron,Crh,Crhr1,0.26790324,0.0,0.015820205,0.257081455824793,0.3369121591875499,0.045755148,0.22349158,0.0011766676451795,0.1094496847081363
Inhibitory neuron,Inhibitory neuron,Crh,Crhr1,0.2669796,0.0,0.014888369,0.2441553875244893,0.3445530980188183,0.04306009,0.21826811,0.0014164147287983,0.1107019244621252
Ependymal,Inhibitory neuron,Ucn3,Crhr1,0.2663212,0.0,0.014224134,0.5164177693511306,0.3462073886045875,0.08300136,0.21439944,0.0001969256524864,0.1119606235805679
Ependymal,Inhibitory neuron,Cck,Cckar,0.31148216,0.0,0.013325911,0.2013978574491693,0.1636823611688166,0.019887991,0.20895721,0.0068287549723572,0.1119606235805679
Microglia,Ependymal,Pnoc,Oprl1,0.26600802,1.0,0.06966679,-0.7293787014363056,-1.1651006216543207,0.002919354,0.37655044,1.0,0.1144973401132244
Oligodendrocyte,Ependymal,Tac1,Tacr1,0.07862863,1.0,0.00056516536,-0.3831462971867455,-0.3897722385991422,0.001354395,0.05159308,1.0,0.1152939473988855
Endothelial,OPC,Penk,Oprl1,0.73539984,0.0,0.012798496,-0.0326589500471066,-0.0187800042034831,0.010134564,0.2056393,0.1939646703549147,0.1183505939648488
Pericyte,Oligodendrocyte,Penk,Oprd1,0.05070914,1.0,0.00057030446,-0.3341543538166813,-0.3388948225536067,0.001677325,0.051814992,1.0,0.1212788111247741
Pericyte,Pericyte,Nts,Ntsr1,0.043692075,1.0,0.0005723684,-0.2699179934877623,-0.2696895333100282,0.003417825,0.051903795,1.0,0.1272553913059214
Pericyte,Excitatory neuron,Penk,Oprl1,1.0275204,0.0,0.012243874,0.2582382628602848,0.4030272291423334,0.009695384,0.2020445,0.0393880208333333,0.1316083879371161
Oligodendrocyte,Oligodendrocyte,Tac1,Tacr3,0.080959566,1.0,0.0005823211,-0.4173771381678655,-0.3022702085138941,0.0012333972,0.052329615,1.0,0.1332237018107334
Microglia,Oligodendrocyte,Penk,Oprk1,0.04577244,1.0,0.0006026865,-0.3164236518267796,-0.3018022138626077,0.0021880171,0.05318855,1.0,0.1391837239800926
Ependymal,Inhibitory neuron,Crh,Crhr1,0.2639102,0.0,0.011791675,0.2011999656197289,0.3298336013882623,0.034103844,0.19902796,0.0046967553881568,0.1412629100595654
Endothelial,Inhibitory neuron,Crh,Crhr1,0.26386744,0.0,0.011748547,0.2006016192576324,0.3300775622508851,0.033979107,0.19873606,0.0049818136614518,0.142667022916654
Oligodendrocyte,Astrocyte,Tac1,Tacr1,0.08375772,1.0,0.00060291553,-0.3756293731797662,-0.3760183234804822,0.0014448618,0.05319812,1.0,0.1451354879461669
Astrocyte,OPC,Penk,Oprl1,0.73498005,0.0,0.0115709,-0.0358798580419564,-0.0209190104211783,0.009162485,0.1975257,0.2625236998768485,0.1483451073474942
Excitatory neuron,Astrocyte,Penk,Oprl1,0.25951037,1.0,0.017889379,-0.4273448493157661,-0.7480244987026368,0.014165809,0.2343384,1.0,0.1497800257906619
Oligodendrocyte,Pericyte,Gal,Galr1,0.03971454,1.0,0.000606362,-0.2416538647125285,-0.2133991426534968,0.003486939,0.053341854,1.0,0.151079007509761
Microglia,Inhibitory neuron,Crh,Crhr1,0.2636619,0.0,0.011541159,0.1977247701419782,0.3297782433876252,0.0333793,0.19732182,0.0060680496042096,0.1512210395083486
Inhibitory neuron,Inhibitory neuron,Penk,Oprk1,0.25909254,0.0,0.030823868,0.2740989087729433,0.3012029080812344,0.11190421,0.28660446,0.0009653413168805,0.1512210395083486
Astrocyte,Inhibitory neuron,Crh,Crhr1,0.26355466,0.0,0.011432972,0.1962241276749416,0.3291636741339789,0.033066403,0.19657701,0.0064044910118577,0.1541214323532109
Excitatory neuron,Endothelial,Penk,Oprl1,0.2584326,1.0,0.017809361,-0.4284518541665039,-0.7075809934782511,0.014102446,0.23393646,1.0,0.1555807568981642
Inhibitory neuron,Endothelial,Ucn3,Crhr1,0.050137747,1.0,0.0006208782,-0.2467558085928083,-0.2468484217394051,0.0036229787,0.05394233,1.0,0.1570142559925769
Pericyte,Inhibitory neuron,Penk,Oprl1,0.95208335,0.0,0.0113423485,0.1807355821967063,0.4058774600074784,0.008981505,0.19594935,0.1138926520264006,0.1585176685394716
Inhibitory neuron,Oligodendrocyte,Ucn3,Crhr1,0.050807506,1.0,0.00062975934,-0.2454343501670693,-0.2584762136402824,0.0036748024,0.054305885,1.0,0.1629412553498182
Ependymal,Excitatory neuron,Penk,Oprl1,1.0260589,0.0,0.0062541924,0.2470249509796027,0.4001005177294324,0.0049524186,0.15323484,0.0419348005696936,0.1629412553498182
Inhibitory neuron,Ependymal,Ucn3,Crhr1,0.05108721,1.0,0.00063346827,-0.2448826082120219,-0.2395299741612627,0.003696445,0.05445687,1.0,0.1688600113180102
Endothelial,Pericyte,Nts,Ntsr1,0.044078525,1.0,0.0006343953,-0.2629234875448568,-0.2699021032962575,0.0037882112,0.054494537,1.0,0.1747705296336781
OPC,Inhibitory neuron,Crh,Crhr1,0.26307315,0.0,0.01094718,0.1894854513823976,0.3292829816554752,0.0316614,0.19317086,0.0068287549723572,0.1766447478261554
Ependymal,Excitatory neuron,Tac1,Tacr3,0.25370097,0.0,0.021845903,0.3264440204614739,0.0732227241356682,0.046271157,0.25273636,0.007147623479834,0.1766447478261554
Microglia,Ependymal,Cck,Cckar,0.25101426,0.185,0.013619429,0.1971997018391138,-0.0171125344277522,0.020326046,0.21076356,0.1266862353625194,0.179749350272791
Ependymal,Microglia,Penk,Oprd1,0.10661556,1.0,0.0006415115,-0.2391490193775887,-0.1470054881515028,0.0018867523,0.054782633,1.0,0.180672816033347
Endothelial,Pericyte,Pnoc,Oprl1,0.25014815,1.0,0.059580285,-0.7567567492800653,-1.1976586128961786,0.002496684,0.358377,1.0,0.1813104859445493
Excitatory neuron,Excitatory neuron,Tac1,Tacr3,0.24993855,0.0,0.018385211,0.245263947786222,0.0708352666589328,0.03894117,0.23679994,0.0073394953294323,0.1844504369334222
Astrocyte,Ependymal,Cck,Cckar,0.24991238,0.245,0.012576509,0.162236009537564,-0.0178463788333107,0.01876956,0.20421392,0.1304074931991195,0.1860291950553045
Oligodendrocyte,Pericyte,Tac1,Tacr1,0.09002,1.0,0.00064900605,-0.3664519020165727,-0.3626199857652011,0.0015553157,0.055084124,1.0,0.1865668762535423
Endothelial,Ependymal,Cck,Cckar,0.2498047,0.245,0.012474594,0.1588199251576243,-0.0181574426949543,0.01861746,0.20355356,0.1304074931991195,0.18761383897161
OPC,Microglia,Penk,Oprl1,0.26623824,1.0,0.010476567,-0.4757874903114716,-0.6548353518274368,0.008295931,0.1897697,1.0,0.1892042880713197
Oligodendrocyte,Ependymal,Cck,Cckar,0.24972737,0.245,0.012401391,0.1563644444569614,-0.0184239691170975,0.018508209,0.2030769,0.1304074931991195,0.1892042880713197
Pericyte,Ependymal,Cck,Cckar,0.24972041,0.25,0.012394804,0.1561444472002709,-0.0184590076191475,0.018498378,0.2030339,0.1329334730010679,0.1908005653869045
Microglia,OPC,Penk,Oprl1,0.7345932,0.0,0.010439682,-0.0388479221560991,-0.0174959136782609,0.008266723,0.18949872,0.4112574767897893,0.1908005653869045
Inhibitory neuron,Ependymal,Gal,Galr2,0.24912131,0.0,0.017617822,0.2806070434897794,0.1883579316223645,0.05102557,0.23296891,0.0068287549723572,0.1924026944594192
Pericyte,Ependymal,Nts,Ntsr1,0.04995977,1.0,0.0006617725,-0.2580566071528452,-0.2524161601150099,0.0039516906,0.05559329,1.0,0.1924527160307889
OPC,Inhibitory neuron,Penk,Oprd1,0.26430228,0.0,0.010397342,0.1034807425798785,0.2922810232226905,0.030579666,0.18918683,0.0068287549723572,0.194010593914967
Ependymal,Ependymal,Cck,Cckar,0.24771544,0.365,0.010497106,0.0925240924739451,-0.0221180540432104,0.015666198,0.18992034,0.1380953413729616,0.194010593914967
Endothelial,Ependymal,Pnoc,Oprl1,0.2472541,1.0,0.05844911,-0.7597301973765843,-1.2233720280191325,0.0024492827,0.35617623,1.0,0.1956242871678331
Pericyte,Pericyte,Pnoc,Oprl1,0.24693751,1.0,0.057622682,-0.761952805155564,-1.206217216499773,0.0024146514,0.35454515,1.0,0.1972437981378832
Oligodendrocyte,Endothelial,Nts,Ntsr1,0.06085777,1.0,0.0006657366,-0.2487109612282377,-0.2241239701613987,0.003975362,0.055750277,1.0,0.1983303411016124
Inhibitory neuron,Excitatory neuron,Tac2,Tacr3,0.24494493,0.0,0.013792072,0.1421801444130067,0.072307439210595,0.043294214,0.21181314,0.0072430829060492,0.2005000862704987
Oligodendrocyte,Astrocyte,Nts,Ntsr1,0.060954224,1.0,0.000666844,-0.2485284361083493,-0.2280070194207163,0.0039819744,0.055794038,1.0,0.204199773196739
Pericyte,Ependymal,Pnoc,Oprl1,0.2440435,1.0,0.056528673,-0.764926253252083,-1.2319306316227268,0.0023688076,0.35235497,1.0,0.2070815109807103
OPC,Astrocyte,Penk,Oprl1,0.25117972,1.0,0.009860328,-0.4912588653292731,-0.7626158918694995,0.0078079584,0.18515298,1.0,0.2087411782330133
Astrocyte,Oligodendrocyte,Penk,Oprk1,0.046159305,1.0,0.0006679921,-0.313455587712637,-0.3052253106055251,0.0024251053,0.055839367,1.0,0.2100609860419297
OPC,Endothelial,Penk,Oprl1,0.25010195,1.0,0.009816224,-0.4923658701800108,-0.7221723866451139,0.007773034,0.18481503,1.0,0.2104064998832127
Inhibitory neuron,Excitatory neuron,Tac1,Tacr3,0.24362722,0.0,0.012580038,0.1090909040889208,0.0605908626927266,0.026645403,0.20423672,0.009595679309043,0.2120775006020408
Excitatory neuron,Inhibitory neuron,Penk,Oprk1,0.24337709,0.0,0.016691556,0.1535279876928423,0.2464972125774556,0.06059769,0.2281783,0.0068287549723572,0.215436530116844
Pericyte,Endothelial,Penk,Oprk1,0.05894725,1.0,0.0006687556,-0.2941534908334524,-0.2577840411825963,0.0024278772,0.055869482,1.0,0.2159140013902883
Ependymal,Inhibitory neuron,Penk,Oprl1,0.9506218,0.0,0.005793691,0.1695222703160243,0.4029507485945774,0.0045877686,0.14833842,0.1138926520264006,0.2217588249783402
Oligodendrocyte,Oligodendrocyte,Tac1,Tacr1,0.09348632,1.0,0.0006745182,-0.3613719842020708,-0.3821926638883263,0.0016164545,0.056096207,1.0,0.2217588249783402
OPC,Excitatory neuron,Tac1,Tacr1,0.31388584,0.0,0.00946748,0.0800998475237931,0.2817363195248706,0.022688417,0.18210562,0.0068287549723572,0.2273703226257021
Microglia,Oligodendrocyte,Penk,Oprd1,0.051291697,1.0,0.0006815065,-0.3296848903809063,-0.3375087913290265,0.0020043817,0.05636972,1.0,0.2275954625426103
Microglia,OPC,Cck,Cckar,0.23811075,0.91,0.012876742,0.1751687746023766,-0.0388452371838867,0.019217636,0.20613758,0.1949667493582237,0.2308302351291171
Ependymal,Ependymal,Penk,Oprd1,0.11379096,1.0,0.0006853133,-0.2258634492052918,-0.1763214282697544,0.0020155779,0.056518044,1.0,0.2334239198196241
Astrocyte,OPC,Cck,Cckar,0.23700887,0.94,0.011890694,0.1402050823008268,-0.0395790815894451,0.017746028,0.19969533,0.2035827777266061,0.2378164281892409
Oligodendrocyte,Microglia,Tac1,Tacr1,0.09497604,1.0,0.0006854825,-0.3591886573817018,-0.311594681984026,0.0016427301,0.056524627,1.0,0.2392442025459066
Endothelial,OPC,Cck,Cckar,0.2369012,0.94,0.011794336,0.136788997920887,-0.0398901454510887,0.017602222,0.19904594,0.2035827777266061,0.2395767728899331
Oligodendrocyte,OPC,Cck,Cckar,0.23682386,0.94,0.011725125,0.1343335172202241,-0.0401566718732319,0.017498929,0.1985772,0.2035827777266061,0.2413425632783985
Pericyte,OPC,Cck,Cckar,0.2368169,0.945,0.011718896,0.1341135199635337,-0.0401917103752819,0.017489634,0.19853492,0.2079963361525451,0.2431138262239016
Excitatory neuron,Inhibitory neuron,Crh,Crhr1,0.2610181,0.0,0.008873877,0.1607256681024835,0.3244830805373299,0.025664998,0.17733304,0.0068287549723572,0.2448905890732553
Microglia,Pericyte,Nts,Ntsr1,0.044448722,1.0,0.00069381343,-0.256223139417863,-0.2686714098200691,0.0041430187,0.0568476,1.0,0.2450563164579831
Inhibitory neuron,Excitatory neuron,Gal,Galr1,0.23598108,0.0,0.016611153,0.3328440274095058,0.3132436872155192,0.09552394,0.2277534,0.0007385323316206,0.2484603747318015
Excitatory neuron,Excitatory neuron,Tac2,Tacr1,0.31337768,0.0,0.008845199,0.1263530860520577,0.2821901694989078,0.031415023,0.17709705,0.0068287549723572,0.2502534524711428
Excitatory neuron,Astrocyte,Gal,Galr1,0.055368464,1.0,0.0006978018,-0.217649808871032,-0.1801334889006453,0.0040127714,0.05700146,1.0,0.2508602672923787
Oligodendrocyte,Inhibitory neuron,Crh,Crhr1,0.26093766,0.0,0.008792719,0.1595997097706828,0.3247972923743969,0.025430273,0.17666388,0.0068287549723572,0.2538558033523119
OPC,Inhibitory neuron,Penk,Oprk1,0.23504643,0.0,0.009200108,0.0896139716793354,0.2319058194105928,0.03340044,0.17998189,0.0068287549723572,0.2538558033523119
Inhibitory neuron,OPC,Ucn3,Crhr2,0.056611232,1.0,0.0007067179,-0.144666191991085,-0.1164553170106284,0.0049547986,0.05734365,1.0,0.2566560607856187
Ependymal,OPC,Cck,Cckar,0.23481193,0.985,0.009924684,0.0704931652372079,-0.0438507567993449,0.014811898,0.18564422,0.2439274088908443,0.2611250818245483
Pericyte,Pericyte,Penk,Oprd1,0.062444475,1.0,0.0007105498,-0.3124260223132048,-0.28548941246665,0.002089801,0.057489984,1.0,0.2624437184455167
Pericyte,OPC,Penk,Oprl1,0.73401064,0.0,0.008736229,-0.0433173855918741,-0.0188819449028411,0.0069178343,0.17619559,0.689996800283374,0.2647918654919672
Microglia,Oligodendrocyte,Pnoc,Oprl1,0.23443525,1.0,0.05495765,-0.7618171702748859,-1.27128467018055,0.0023029745,0.34914574,1.0,0.2666332282370337
Astrocyte,Pericyte,Nts,Ntsr1,0.044592477,1.0,0.0007168863,-0.2536211583446743,-0.2694614947839031,0.004280796,0.057730988,1.0,0.2682232144438158
Ependymal,Oligodendrocyte,Penk,Oprl1,0.119491234,1.0,0.00072011026,-0.6843977963959997,-1.056229106819667,0.0005702235,0.05785315,1.0,0.2739945545836572
Microglia,Ependymal,Gal,Galr2,0.23922169,0.0,0.008511409,0.1570395328632503,0.1576558246838389,0.024651144,0.17431146,0.0068287549723572,0.2796709823138336
Inhibitory neuron,Endothelial,Ucn3,Crhr2,0.05824066,1.0,0.0007283244,-0.1407042917523958,-0.1051064708033164,0.005106282,0.058163032,1.0,0.2797577917822461
OPC,Inhibitory neuron,Tac1,Tacr1,0.2815566,0.0,0.008467737,0.0327210163601185,0.2520208616510676,0.020292573,0.17394157,0.015625,0.2815545196595688
Oligodendrocyte,Pericyte,Pnoc,Oprl1,0.23043734,1.0,0.047562063,-0.7886568012545514,-1.277063620416226,0.001993066,0.3329084,1.0,0.2834433184204432
Endothelial,Ependymal,Nts,Ntsr1,0.05034622,1.0,0.00073348806,-0.2510621012099396,-0.2526287301012392,0.004379931,0.058356848,1.0,0.2855128689128667
OPC,Excitatory neuron,Tac2,Tacr1,0.31292436,0.0,0.008290032,0.119637613984133,0.2825272493998553,0.029443264,0.17242308,0.0068287549723572,0.2910503626717565
Inhibitory neuron,Microglia,Ucn3,Crhr1,0.058935232,1.0,0.00073753454,-0.229398862799448,-0.2074781201094975,0.0043036975,0.058508188,1.0,0.2912598544866207
OPC,Excitatory neuron,Cck,Cckar,0.31615445,0.0,0.00825772,0.0766705019266835,0.1358534753286451,0.01232407,0.17214464,0.0850242708069722,0.2929650909017364
Microglia,Excitatory neuron,Cck,Cckbr,0.22831461,0.0,0.012312905,0.2685363704536205,0.0386326517289773,0.018607102,0.2024981,0.0177771805717688,0.2948849287349328
Ependymal,Endothelial,Penk,Oprl1,0.24139734,1.0,0.001464278,-0.5591488029322439,-0.7380269704712701,0.0011594971,0.08051305,1.0,0.2968099484624205
Ependymal,OPC,Penk,Oprd1,0.122401014,1.0,0.0007378728,-0.2099217007180109,-0.1589564539261395,0.0021701609,0.058520824,1.0,0.2969987228306414
Oligodendrocyte,Ependymal,Pnoc,Oprl1,0.22754331,1.0,0.046659064,-0.7916302493510705,-1.30277703553918,0.001955226,0.33078334,1.0,0.3006752776809347
Ependymal,Astrocyte,Penk,Oprl1,0.24247509,1.0,0.0014708571,-0.5580417980815062,-0.7784704756956558,0.0011647068,0.08067915,1.0,0.3026156485495361
Astrocyte,Excitatory neuron,Cck,Cckbr,0.22721273,0.0,0.011370033,0.2335726781520707,0.0378988073234189,0.017182246,0.19614148,0.0185416823274286,0.3026156485495361
Endothelial,Oligodendrocyte,Penk,Oprk1,0.046579126,1.0,0.0007388616,-0.3102346797177871,-0.3030863043878299,0.002682393,0.058557723,1.0,0.302729448449141
Endothelial,Excitatory neuron,Cck,Cckbr,0.22710505,0.0,0.0112778945,0.230156593772131,0.0375877434617753,0.01704301,0.19550082,0.0187365997842628,0.3045610710969894
Oligodendrocyte,Excitatory neuron,Cck,Cckbr,0.22702771,0.0,0.011211714,0.227701113071468,0.0373212170396321,0.016942998,0.19503838,0.0189330500039687,0.3065116187306547
Astrocyte,Oligodendrocyte,Penk,Oprd1,0.05167856,1.0,0.0007553529,-0.3267168262667637,-0.3409318880719439,0.0022215717,0.059169166,1.0,0.3084520995876031
Pericyte,Excitatory neuron,Cck,Cckbr,0.22702076,0.0,0.011205759,0.2274811158147776,0.0372861785375821,0.016933998,0.19499668,0.0191310410009697,0.3084671948751275
Ependymal,Inhibitory neuron,Penk,Oprk1,0.22634181,0.0,0.0013723725,0.0228310389271023,0.2160512355844366,0.0049823164,0.07814606,0.2471955825179064,0.3104278305534558
OPC,Inhibitory neuron,Cck,Cckar,0.30706227,0.0,0.0080151195,0.06114840800267,0.1571751833069091,0.011962006,0.17003027,0.0958485656450915,0.3123935572301951
Microglia,Excitatory neuron,Gal,Galr1,0.22608146,0.0,0.008025074,0.2092765167829767,0.2825415802769936,0.04614891,0.17011784,0.0036634265558408,0.3123935572301951
Pericyte,Ependymal,Penk,Oprk1,0.066322476,1.0,0.0007568946,-0.2798186116715682,-0.2280569327379876,0.0027478603,0.05922594,1.0,0.3141666195620088
Inhibitory neuron,Excitatory neuron,Nts,Ntsr1,0.22604047,0.0,0.013589264,0.2797505568300548,0.2848970764553179,0.08114656,0.21057922,0.0011212384259259,0.3143642776676785
OPC,Inhibitory neuron,Tac1,Tacr3,0.26567268,0.0,0.007976545,0.0311072083113681,0.1818380951742405,0.016894883,0.16969012,0.0189330500039687,0.3143642776676785
Astrocyte,Ependymal,Gal,Galr2,0.23857534,0.0,0.007916848,0.1489719462894025,0.1558175957944882,0.022929147,0.16916154,0.0068287549723572,0.3183208256815997
Ependymal,Excitatory neuron,Cck,Cckbr,0.22501579,0.0,0.009490109,0.1638607610884518,0.0336271321135191,0.014341331,0.18228348,0.0489791821791147,0.3183208256815997
Microglia,Ependymal,Oxt,Oxtr,0.04700376,1.0,0.00075931917,-0.1546352015235809,-0.1477987097286738,0.0041393386,0.059315104,1.0,0.3198730764410756
Excitatory neuron,Inhibitory neuron,Tac2,Tacr1,0.28104845,0.0,0.007911167,0.0789742548883831,0.2524747116251047,0.028097669,0.16911112,0.0068287549723572,0.3203065871556725
Microglia,Inhibitory neuron,Cck,Cckbr,0.22388253,0.0,0.012057807,0.2608293301612734,0.0495737565439479,0.018221604,0.20081288,0.0124795831663078,0.3222973828100656
Inhibitory neuron,Oligodendrocyte,Trh,Trhr,0.045768626,1.0,0.0007628432,-0.2303388057315751,-0.1665310631150054,0.0025125502,0.059444413,1.0,0.3255714137174257
Astrocyte,Inhibitory neuron,Cck,Cckbr,0.22278064,0.0,0.01113447,0.2258656378597236,0.0488399121383894,0.016826266,0.19449624,0.019734339113452,0.3262938135675934
Endothelial,Inhibitory neuron,Cck,Cckbr,0.22267297,0.0,0.011044241,0.2224495534797839,0.0485288482767458,0.016689913,0.19385968,0.0220692343897031,0.3282995129083466
Oligodendrocyte,Inhibitory neuron,Cck,Cckbr,0.22259563,0.0,0.010979431,0.219994072779121,0.0482623218546026,0.016591975,0.19340022,0.0227404941039695,0.3303101133539371
OPC,Endothelial,Ucn3,Crhr1,0.0509888,1.0,0.0007802727,-0.218507805009042,-0.2441490929550467,0.0045530857,0.0600791,1.0,0.3312616992832607
Pericyte,Inhibitory neuron,Cck,Cckbr,0.22258867,0.0,0.010973599,0.2197740755224306,0.0482272833525526,0.016583161,0.19335876,0.0229676133825647,0.3323256911555003
Inhibitory neuron,Excitatory neuron,Penk,Oprk1,0.22182988,0.0,0.025714887,0.2016734746511561,0.1449005862380922,0.09335636,0.2684418,0.0068287549723572,0.334346146900364
Microglia,OPC,Oxt,Avpr2,0.048484463,1.0,0.00078574807,-0.0906252533320711,-0.0649898398037862,0.0052457782,0.060276847,1.0,0.3369438768075933
Ependymal,Inhibitory neuron,Penk,Oprd1,0.25559768,0.0,0.0015509629,0.0366978098276454,0.2764264393965343,0.004561544,0.08266778,0.1895755282810421,0.3424770035755364
OPC,Oligodendrocyte,Ucn3,Crhr1,0.05165856,1.0,0.00079143385,-0.2171863465833031,-0.2557768848559241,0.0046182135,0.06048137,1.0,0.3426180140063598
Ependymal,Inhibitory neuron,Cck,Cckbr,0.2205837,0.0,0.009293495,0.1561537207961048,0.0445682369284897,0.014044209,0.18072838,0.0557400847450509,0.3445219412950656
Ependymal,Microglia,Penk,Oprl1,0.25753364,1.0,0.0015627809,-0.5425704230637047,-0.670689935653593,0.0012374972,0.08295606,1.0,0.3465716874795442
Pericyte,Astrocyte,Gal,Galr1,0.0558373,1.0,0.000795347,-0.2117977904321588,-0.1766921983230604,0.0045737135,0.060621653,1.0,0.348284085604417
Astrocyte,Excitatory neuron,Gal,Galr1,0.22543511,0.0,0.0074644857,0.201208930209129,0.2807033513876429,0.042925194,0.16506708,0.0042895191415241,0.3486263200880737
Excitatory neuron,Inhibitory neuron,Tac2,Tacr3,0.26516452,0.0,0.0074522602,0.0773604468396327,0.1822919451482776,0.02339313,0.16495414,0.0068287549723572,0.352749974523674
OPC,Ependymal,Ucn3,Crhr1,0.051938266,1.0,0.000796095,-0.2166346046282556,-0.2368306453769043,0.0046454123,0.060648426,1.0,0.3539420665025746
Ependymal,OPC,Penk,Oprl1,0.7325491,0.0,0.004462481,-0.0545306974725562,-0.0218086563157421,0.0035336418,0.13259286,0.7957175925925926,0.3539420665025746
Endothelial,Oligodendrocyte,Pnoc,Oprl1,0.21568134,1.0,0.046108425,-0.7921686662151646,-1.3295560765453616,0.001932152,0.32947072,1.0,0.3548190633638096
OPC,Inhibitory neuron,Tac2,Tacr1,0.28059512,0.0,0.007414624,0.0722587828204584,0.2528117915260522,0.026334124,0.16460574,0.0068287549723572,0.3568929027770671
Microglia,Endothelial,Penk,Oprk1,0.059529807,1.0,0.00079915434,-0.2896840273976773,-0.2563980099580161,0.002901282,0.06075778,1.0,0.3595920241528397
Inhibitory neuron,Ependymal,Ucn3,Crhr2,0.06366333,1.0,0.00080023013,-0.1275195395047342,-0.0931244981370539,0.0056104134,0.060796168,1.0,0.3652339026641068
Microglia,Ependymal,Nts,Ntsr1,0.05071642,1.0,0.0008021873,-0.2443617530829458,-0.2513980366250508,0.0047901594,0.06086595,1.0,0.3708677693127432
Excitatory neuron,Excitatory neuron,Cck,Cckar,0.3152735,0.0,0.0071671573,0.0487165748488196,0.1341320926741721,0.010696482,0.1622851,0.1471601699193361,0.3757715539888351
Oligodendrocyte,Endothelial,Ucn3,Crhr1,0.051128883,1.0,0.0008065087,-0.2138579661018482,-0.2440360489199141,0.004706179,0.06101968,1.0,0.3764935683831579
Pericyte,Oligodendrocyte,Pnoc,Oprl1,0.21247073,1.0,0.04459346,-0.7973647220906632,-1.338114680148956,0.001868668,0.325791,1.0,0.3778927193869704
OPC,Microglia,Gal,Galr2,0.12363014,1.0,0.0031026753,-0.1237480151207588,-0.0316042735174967,0.008986115,0.1130513,1.0,0.3780822176843721
Inhibitory neuron,Excitatory neuron,Penk,Oprd1,0.2101566,0.0,0.024114398,0.1431894100398743,0.0348559435203819,0.07092296,0.26217914,0.019734339113452,0.3800185542415673
Excitatory neuron,Microglia,Cck,Cckar,0.13974853,1.0,0.0031022767,-0.2509667410626404,-0.1807013247066007,0.0046299314,0.113044865,1.0,0.3811811426912599
Pericyte,Astrocyte,Penk,Oprk1,0.07063852,1.0,0.0008084743,-0.2714297551662956,-0.2286684450500455,0.0029351176,0.061089456,1.0,0.3821113669763291
Excitatory neuron,Excitatory neuron,Penk,Oprk1,0.20611444,0.0,0.013924972,0.081102553571055,0.0901948907343135,0.050553776,0.21261474,0.0068287549723572,0.3821490936083161
Inhibitory neuron,Excitatory neuron,Gal,Galr2,0.20505813,0.0,0.01424216,0.1838565608665059,0.0803175922853075,0.041248817,0.2145061,0.0068287549723572,0.38428423305877
Microglia,OPC,Tac1,Tacr3,0.16520105,1.0,0.0030993654,-0.2068072704491083,-0.1173682195070565,0.0065646744,0.112997815,1.0,0.3842970913371769
Microglia,Astrocyte,Cck,Cckar,0.20333362,1.0,0.010875074,0.115792222917452,-0.0780076341268769,0.016230289,0.1926564,0.6930860969419945,0.3864240542778214
Astrocyte,Excitatory neuron,Tac2,Tacr1,0.3119675,0.0,0.0071182298,0.1054631742611091,0.2797486511186868,0.025281439,0.16182002,0.0068287549723572,0.3864240542778214
Astrocyte,OPC,Tac1,Tacr3,0.16527818,1.0,0.0031488372,-0.2051434517329369,-0.1185153091686794,0.006669459,0.11379386,1.0,0.387429974671912
Astrocyte,Inhibitory neuron,Adcyap1,Ramp3,0.11633384,0.0,0.0031364928,-0.0080900307852229,0.0587843622755313,0.017024394,0.11359593,0.041771406301719,0.387429974671912
Ependymal,Astrocyte,Gal,Galr1,0.055911362,1.0,0.0008107559,-0.2108733173023889,-0.1767283747566067,0.004662324,0.061170325,1.0,0.3877211095519298
OPC,Excitatory neuron,Tac1,Tacr3,0.23768127,0.0,0.007110943,-0.0191996449577897,0.0488838141699384,0.015061477,0.16175056,0.0544221508488263,0.3885684524320558
Astrocyte,Astrocyte,Cck,Cckar,0.20223175,1.0,0.010042306,0.0808285306159022,-0.0787414785324353,0.014987438,0.18653645,0.6961826048212105,0.3885684524320558
Microglia,OPC,Tac2,Tacr1,0.14208846,1.0,0.0030958129,-0.1453553319906483,-0.2141381103691646,0.0109952325,0.112940334,1.0,0.389002781189486
OPC,Inhibitory neuron,Adcyap1,Ramp3,0.11625312,0.0,0.0031012525,-0.0097621850198318,0.0593120707021135,0.016833115,0.11302831,0.042852810753898,0.389002781189486
Pericyte,Inhibitory neuron,Adcyap1,Ramp3,0.11624543,0.0,0.0030978932,-0.0099216396262655,0.0593364454234258,0.016814882,0.11297399,0.0432179018617117,0.3905797007898436
Pericyte,Ependymal,Tac2,Tacr3,0.17386603,1.0,0.0031600073,-0.11996145983892,-0.0920751592893335,0.009919469,0.11397252,1.0,0.3905797007898436
Endothelial,Astrocyte,Cck,Cckar,0.20212407,1.0,0.009960927,0.0774124462359625,-0.0790525423940789,0.014865987,0.18591993,0.7055153387305979,0.3907174626784069
Oligodendrocyte,Astrocyte,Cck,Cckar,0.20204674,1.0,0.0099024745,0.0749569655352996,-0.0793190688162221,0.014778751,0.18547495,0.7117731117476601,0.3928711205762706
Inhibitory neuron,Astrocyte,Ucn3,Crhr1,0.06483137,1.0,0.00081571855,-0.2177660920548427,-0.2132457879447819,0.0047599208,0.061345782,1.0,0.393322863035799
Excitatory neuron,Ependymal,Gal,Galr2,0.23332278,0.0,0.0030851483,0.0834089881418017,0.1459925083997958,0.008935351,0.1127676,0.1138926520264006,0.3937465904405849
Astrocyte,Inhibitory neuron,Nts,Ntsr1,0.18140315,0.0,0.0031611288,0.0052887704561164,0.1222001432449726,0.01887628,0.11399044,0.0317556811248859,0.3937465904405849
Ependymal,Inhibitory neuron,Adcyap1,Ramp3,0.11622097,0.0,0.0030872154,-0.0104282214230784,0.0592153905378629,0.016756924,0.11280111,0.0435853208530821,0.3937465904405849
Pericyte,Astrocyte,Cck,Cckar,0.20203978,1.0,0.009897214,0.0747369682786092,-0.0793541073182721,0.014770901,0.18543479,0.7149127656055934,0.3950293206885378
Astrocyte,OPC,Tac2,Tacr1,0.14222753,1.0,0.0031717047,-0.1432949773656921,-0.215044746648344,0.011264774,0.11415921,1.0,0.39533643453597
Excitatory neuron,Endothelial,Cck,Cckar,0.13881496,1.0,0.0030806565,-0.2525604844047444,-0.1995683333137602,0.004597665,0.11269473,1.0,0.3969305524603781
Ependymal,Astrocyte,Cck,Cckar,0.20003481,1.0,0.008381909,0.0111166135522833,-0.0830131537423351,0.012509413,0.17321089,0.7339010465449741,0.3971921457062602
Oligodendrocyte,Excitatory neuron,Gal,Galr2,0.1901835,0.0,0.0031810512,-0.0018092625178824,0.040651442453001,0.00921311,0.11430808,0.2569009060001685,0.3985289499505692
Astrocyte,Pericyte,Ucn3,Crhr2,0.14471976,0.0,0.0030795461,0.1377343794223926,0.07952217360489,0.021590695,0.11267672,0.0068287549723572,0.3985289499505692
Oligodendrocyte,Oligodendrocyte,Ucn3,Crhr1,0.05179864,1.0,0.0008180451,-0.2125365076761092,-0.2556638408207915,0.0047734967,0.061427835,1.0,0.3989166025479829
OPC,Excitatory neuron,Penk,Oprk1,0.19778378,0.0,0.007675213,0.0171885375575481,0.0756034975674507,0.0278644,0.16699445,0.0241288340664897,0.3993594897923669
Endothelial,Excitatory neuron,Penk,Oprd1,0.18025671,0.885,0.003079242,-0.0862067123805171,-0.0472670768641568,0.009056373,0.11267177,0.2740456767840183,0.4001316327433026
Pericyte,OPC,Tac1,Tacr3,0.1653326,1.0,0.0031837441,-0.2039692354350765,-0.1171312964897792,0.006743395,0.11435094,1.0,0.4001316327433026
Ependymal,Astrocyte,Tac1,Tacr3,0.19712673,1.0,0.016471196,0.2247685699714078,-0.0338645686005543,0.03488715,0.22701016,0.0906763640502026,0.4015313886062457
Ependymal,Inhibitory neuron,Trh,Trhr,0.13605915,0.0,0.0031866743,0.0090437497908125,0.0973678180486577,0.010495839,0.114397526,0.1702873023896851,0.4017384661633775
OPC,OPC,Cck,Cckbr,0.12170261,1.0,0.0030693114,-0.1483700402288765,-0.1863359546814771,0.004638304,0.112510405,1.0,0.4017384661633775
Pericyte,Microglia,Penk,Oprl1,0.2589952,1.0,0.0030594666,-0.5313571111830226,-0.6677632242406921,0.0024226566,0.1123501,1.0,0.4033497363962887
Oligodendrocyte,Oligodendrocyte,Pnoc,Oprl1,0.19597054,1.0,0.036807675,-0.8240687181896507,-1.408961084065409,0.0015424084,0.30507958,1.0,0.4037078782047403
Oligodendrocyte,Ependymal,Ucn3,Crhr1,0.052078348,1.0,0.00082286296,-0.2119847657210617,-0.2367176013417717,0.00480161,0.061597332,1.0,0.4045023033833544
Microglia,Inhibitory neuron,Nts,Ntsr1,0.1812594,0.0,0.0030593884,0.0026867893829277,0.1229902282088066,0.01826875,0.112348825,0.0338397826466445,0.4049653091415214
Astrocyte,Excitatory neuron,Ucn3,Crhr1,0.15024321,0.92,0.0032017524,0.0199336316181284,-0.0349322250688762,0.01868302,0.114636846,0.1983796530315198,0.4049653091415214
Pericyte,Excitatory neuron,Ucn3,Crhr2,0.15993133,0.0,0.003203263,0.1637521378298813,0.1761993901293859,0.022458075,0.114660785,0.0068287549723572,0.4065851901358358
Endothelial,OPC,Gal,Galr2,0.11435048,1.0,0.0030536996,-0.13908508880434,-0.0927828836843894,0.008844269,0.112256065,1.0,0.4082093851159913
Pericyte,Inhibitory neuron,Penk,Oprd1,0.25705925,0.0,0.0030363305,0.0479111217083275,0.2793531508094353,0.008930164,0.11197215,0.1509812973441532,0.4098378998187481
Microglia,Inhibitory neuron,Penk,Oprk1,0.22838594,0.0,0.0032105756,0.0385138142435594,0.2203639782219178,0.011655802,0.11477659,0.1091348729896861,0.4098378998187481
Pericyte,Endothelial,Nts,Ntsr1,0.06155367,1.0,0.00082715106,-0.2361155409218034,-0.2218609493018117,0.004939228,0.061747726,1.0,0.4100800322055128
Microglia,Excitatory neuron,Ucn3,Crhr2,0.15966158,0.0,0.0030362778,0.1547985195874298,0.1757896903630358,0.02128734,0.11197129,0.0068287549723572,0.411470597310306
OPC,Inhibitory neuron,Tac2,Tacr3,0.2647112,0.0,0.0069845207,0.070644974771708,0.1826290250492251,0.021924865,0.16053814,0.0068287549723572,0.4146579323600779
Excitatory neuron,Excitatory neuron,Penk,Oprd1,0.19444117,0.0,0.013058284,0.0226184889597732,-0.0198497519833968,0.038405776,0.20728545,0.0347636826720429,0.4146579323600779
Pericyte,Astrocyte,Nts,Ntsr1,0.061650123,1.0,0.0008285269,-0.235933015801915,-0.2257439985611294,0.0049474435,0.061795883,1.0,0.4156497339111973
OPC,Endothelial,Tac2,Tacr3,0.12586255,1.0,0.0032247908,-0.1788950121813308,-0.1772322203369056,0.010122829,0.1150012,1.0,0.41639512678435
Excitatory neuron,Astrocyte,Tac1,Tacr3,0.19336429,1.0,0.01386193,0.1435884972961559,-0.0362520260772898,0.029360546,0.21223518,0.2409423349464986,0.416861393323292
OPC,Microglia,Tac2,Tacr3,0.12621236,1.0,0.0032342626,-0.1782663301664871,-0.1505799492697242,0.010152562,0.11515053,1.0,0.4180453257718178
Endothelial,OPC,Tac2,Tacr3,0.16541234,1.0,0.0032348987,-0.1302892893421859,-0.1159594704280304,0.010154557,0.115160555,1.0,0.4196998789019453
Astrocyte,Ependymal,Nts,Ntsr1,0.050860174,1.0,0.0008288642,-0.2417597720097571,-0.2521881215888848,0.0049494575,0.06180769,1.0,0.4212114749894935
Inhibitory neuron,Inhibitory neuron,Nts,Ntsr1,0.19312583,0.0,0.011457823,0.2174621587140254,0.1503599691327656,0.068418935,0.19674854,0.0068287549723572,0.4212817409240765
Pericyte,Astrocyte,Tac2,Tacr3,0.17804518,1.0,0.0032380593,-0.1124504971611611,-0.0608121186507437,0.01016448,0.115210325,1.0,0.4230219252088457
Pericyte,Excitatory neuron,Ucn3,Crhr1,0.14988664,0.935,0.0029953506,0.0080983691834335,-0.0354715553039703,0.017478617,0.11129836,0.2001028103712559,0.4230219252088457
Excitatory neuron,Inhibitory neuron,Cck,Cckar,0.3061813,0.0,0.006956597,0.033194480924806,0.1554538006524361,0.010382234,0.16026838,0.1786306346976537,0.4234985564003307
Pericyte,OPC,Tac2,Tacr3,0.16503859,1.0,0.0029951415,-0.1358258924804096,-0.115627878341457,0.0094019445,0.1112949,1.0,0.4246895748058167
Ependymal,Ependymal,Tac1,Tacr3,0.19294758,1.0,0.016074164,0.2172576072936489,-0.0651276092391441,0.03404621,0.22487648,0.1020400177288697,0.4257198489086358
Microglia,Excitatory neuron,Tac2,Tacr1,0.3118284,0.0,0.006947906,0.1034028196361528,0.2806552873978661,0.02467651,0.16018428,0.0068287549723572,0.4257198489086358
Pericyte,Excitatory neuron,Nts,Ntsr1,0.21341738,0.0,0.0029933767,0.0512803334290578,0.2565092120413998,0.017874569,0.111265756,0.0143030214852252,0.4263616014919861
Endothelial,Oligodendrocyte,Penk,Oprd1,0.052098382,1.0,0.0008354908,-0.3234959182719138,-0.3387928818542487,0.0024572657,0.06203897,1.0,0.426765200511529
Microglia,Excitatory neuron,Gal,Galr2,0.19515851,0.0,0.0068805814,0.0602890502399768,0.0496154853467819,0.019927865,0.1595304,0.0123359347837059,0.4279455100609832
Microglia,Ependymal,Tac1,Tacr3,0.1740285,1.0,0.0032699683,-0.1909428378076187,-0.093815500454933,0.0069260234,0.11571106,1.0,0.4280380110041138
Endothelial,Excitatory neuron,Penk,Oprk1,0.19192998,0.0,0.0032836138,-0.0277226477692353,0.0627775658535534,0.011920963,0.11592428,0.0971867452771647,0.4314040014532839
OPC,Pericyte,Nts,Ntsr1,0.045381613,1.0,0.000843546,-0.239338376258985,-0.2673157545932884,0.005037128,0.062318724,1.0,0.4323109767921264
Astrocyte,Excitatory neuron,Penk,Oprk1,0.19151016,0.0,0.0029686587,-0.0309435557640851,0.0606385596358582,0.010777538,0.11085644,0.144270786481173,0.4330934462378293
Inhibitory neuron,Astrocyte,Cck,Cckar,0.19328934,1.0,0.0032838336,-0.2029269079857449,-0.0960570142396979,0.0049008923,0.11592771,1.0,0.4330934462378293
Excitatory neuron,Pericyte,Ucn3,Crhr2,0.14510146,0.0,0.00329206,0.1504039597916956,0.0828380294642504,0.02308063,0.116055995,0.0068287549723572,0.4347874440366908
Pericyte,Excitatory neuron,Gal,Galr1,0.22065139,0.0,0.0033154935,0.1414979905004014,0.2743195545705354,0.019066043,0.11642031,0.0081458656043905,0.4364858533448094
Microglia,Endothelial,Oxt,Oxtr,0.05184304,1.0,0.0008456949,-0.1421757197078416,-0.1309585645097166,0.0046102055,0.062393103,1.0,0.4378487490765512
Endothelial,Excitatory neuron,Nts,Ntsr1,0.21380383,0.0,0.0033177657,0.0582748393719632,0.2562966420551705,0.019811615,0.116455555,0.0072430829060492,0.4381886798989446
Oligodendrocyte,Excitatory neuron,Tac1,Tacr3,0.23179032,0.0,0.0016924376,-0.1463035499748068,0.0385385200017837,0.0035847018,0.08603856,1.0,0.4391397682340209
Astrocyte,Ependymal,Tac1,Tacr3,0.17410563,1.0,0.0033221631,-0.1892790190914473,-0.0949625901165559,0.0070365756,0.116523705,1.0,0.4398959294358566
Endothelial,Microglia,Gal,Galr2,0.12411997,1.0,0.0033319127,-0.1176340168834377,-0.0315233723071185,0.009650043,0.11667464,1.0,0.4416076076923054
Ependymal,Excitatory neuron,Adcyap1,Ramp3,0.12517819,0.0,0.0033405628,0.0127546938482239,0.1009389739135395,0.018132055,0.11680832,0.0268381005897313,0.4433237204050504
Microglia,Pericyte,Penk,Oprd1,0.06302703,1.0,0.00084909797,-0.3079565588774297,-0.2841033812420698,0.0024972856,0.06251068,1.0,0.4433785835056134
Inhibitory neuron,Inhibitory neuron,Ucn3,Crhr1,0.25553748,0.0,0.0033445188,0.15848484098229,0.3286940683957809,0.019516101,0.11686936,0.0070531107500078,0.4467691214288848
Excitatory neuron,Excitatory neuron,Gal,Galr1,0.22018255,0.0,0.0029088655,0.1356459720615282,0.2708782639929504,0.016727692,0.109857626,0.0216300593701226,0.4467691214288848
Excitatory neuron,Ependymal,Tac1,Tacr3,0.18918514,1.0,0.013527795,0.136077534618397,-0.0675150667158795,0.028652823,0.21020262,0.2907234014009629,0.4481735326508224
Microglia,Astrocyte,Tac1,Tacr3,0.17820765,1.0,0.0033507363,-0.1834318751298598,-0.0625524598163432,0.0070970957,0.11696525,1.0,0.4484985715423755
Oligodendrocyte,Excitatory neuron,Adcyap1,Ramp3,0.12425118,0.0,0.0029026174,-0.0064485025267319,0.0988156081548295,0.015754955,0.10975254,0.0389876457361572,0.4484985715423755
Microglia,Astrocyte,Oxt,Avpr1a,0.052165605,1.0,0.00085145235,-0.137505255838861,-0.1007293894442562,0.004427559,0.06259186,1.0,0.4489004254984658
Inhibitory neuron,Pericyte,Cck,Cckar,0.17116009,1.0,0.0028992295,-0.2407094501405077,-0.1482900625141191,0.004326897,0.109695494,1.0,0.4502324790587014
Oligodendrocyte,Excitatory neuron,Tac2,Tacr3,0.2335945,0.0,0.0033519394,-0.025957706978124,0.0433355537009867,0.010521956,0.116983786,0.167235180091687,0.4502324790587014
Excitatory neuron,Excitatory neuron,Tac2,Tacr3,0.23717313,0.0,0.0066435533,0.0270535935704748,0.0493376641439756,0.020854546,0.15719424,0.0185416823274286,0.4504427337087571
Ependymal,Excitatory neuron,Penk,Oprk1,0.18907917,0.0,0.0011449052,-0.0495943951946849,0.0597489137412945,0.00415651,0.07186306,0.7402876018410134,0.4504427337087571
Ependymal,Excitatory neuron,Gal,Galr2,0.1898025,0.0,0.0028977285,-0.0065650029128285,0.0413572832067774,0.008392539,0.10967021,0.3815903284193011,0.4519708497146223
Pericyte,Excitatory neuron,Adcyap1,Ramp3,0.12520264,0.0,0.0033521168,0.0132612756450368,0.1010600287991025,0.018194769,0.11698652,0.0265828053701611,0.4519708497146223
Inhibitory neuron,Astrocyte,Tac2,Tacr3,0.18837067,1.0,0.010398834,0.0405046939229405,-0.0347798535256276,0.032642618,0.18919784,0.4420195188443723,0.4527162256185277
OPC,Excitatory neuron,Adcyap1,Ramp3,0.12521034,0.0,0.0033557517,0.0134207302514705,0.1010356540777902,0.0182145,0.11704251,0.0263293358526623,0.4537136892468982
Endothelial,Endothelial,Ucn3,Crhr1,0.051407695,1.0,0.0008587282,-0.204603821121225,-0.2434613509700691,0.005010893,0.06284195,1.0,0.4544143410221558
Inhibitory neuron,Astrocyte,Tac1,Tacr3,0.18705297,1.0,0.009484994,0.0074154535988547,-0.0464964300434959,0.020089883,0.1822433,0.5180127741124263,0.4549940466446463
Pericyte,Pericyte,Ucn3,Crhr2,0.1443632,0.0,0.0028810226,0.1258991169876977,0.078982843369796,0.020198848,0.109388255,0.0068287549723572,0.4554610033922889
Pericyte,Ependymal,Tac1,Tacr3,0.17416005,1.0,0.0033589916,-0.1881048027935869,-0.0935785774376557,0.0071145813,0.11709238,1.0,0.4554610033922889
Endothelial,Excitatory neuron,Tac1,Tacr3,0.23360701,0.0,0.0033634403,-0.1071062219988939,0.0419340680907717,0.007124003,0.11716082,0.6457844589051402,0.4572126448302779
Inhibitory neuron,Pericyte,Penk,Oprl1,0.18670873,1.0,0.020899525,-0.3977180096150595,-0.8391799706736863,0.016549412,0.24857731,1.0,0.457276085932764
Pericyte,Astrocyte,Penk,Oprl1,0.24393666,1.0,0.0028795067,-0.5468284862008241,-0.7755437642827548,0.0022801543,0.10936261,1.0,0.4589689250204716
Excitatory neuron,Excitatory neuron,Trh,Trhr,0.18619543,0.0,0.024150845,0.3623267147294958,0.1954283368787739,0.079544805,0.26232523,0.0068287549723572,0.4595623816541612
Pericyte,Endothelial,Penk,Oprd1,0.07497953,1.0,0.00086035236,-0.289217032423119,-0.2598918801060837,0.002530386,0.06289761,1.0,0.4599203056762976
OPC,Excitatory neuron,Penk,Oprd1,0.18611051,0.125,0.007197509,-0.0412955270537336,-0.0344411451502596,0.021168625,0.16257253,0.1218491365837043,0.4618529723515443
Ependymal,Excitatory neuron,Gal,Galr1,0.22072545,0.0,0.0033797272,0.1424224636301713,0.2742833781369891,0.019435424,0.117410876,0.0073394953294323,0.4624949666062997
Inhibitory neuron,Ependymal,Tac2,Tacr3,0.18419152,1.0,0.010148175,0.0329937312451816,-0.0660428941642174,0.031855784,0.18733342,0.6356286720972035,0.4641477466134239
Astrocyte,Excitatory neuron,Adcyap1,Ramp3,0.12529105,0.0,0.003393884,0.0150928844860793,0.100507945651208,0.018421475,0.117627636,0.0258278390449402,0.4642647394754541
Pericyte,Endothelial,Penk,Oprl1,0.2428589,1.0,0.0028666267,-0.5479354910515618,-0.7351002590583692,0.0022699551,0.10914449,1.0,0.4642647394754541
Endothelial,Oligodendrocyte,Ucn3,Crhr1,0.052077457,1.0,0.0008710116,-0.203282362695486,-0.2550891428709465,0.0050825696,0.063261464,1.0,0.4654182952339555
Ependymal,OPC,Tac1,Tacr3,0.18412013,1.0,0.015235533,0.2013931746521593,-0.0886803282912676,0.032269932,0.220241,0.137441224890542,0.4664467930897142
Astrocyte,Astrocyte,Tac1,Tacr3,0.17828478,1.0,0.0034042203,-0.1817680564136884,-0.0636995494779661,0.0072103785,0.11778553,1.0,0.467817662635054
Endothelial,Ependymal,Gal,Galr2,0.23708835,0.0,0.006548999,0.1304110742707418,0.1537748428672808,0.018967519,0.156247,0.0085731001985767,0.46875
Inhibitory neuron,Ependymal,Penk,Oprl1,0.1838147,1.0,0.020502731,-0.4006914577115785,-0.86489338579664,0.016235208,0.24679144,1.0,0.46875
OPC,OPC,Gal,Galr2,0.11386066,1.0,0.0028436035,-0.145199087041661,-0.0928637848947677,0.008235779,0.10875307,1.0,0.469600979419298
Endothelial,Ependymal,Ucn3,Crhr1,0.05235716,1.0,0.0008761414,-0.2027306207404386,-0.2361429033919268,0.0051125027,0.06343568,1.0,0.4709083754020017
Inhibitory neuron,Ependymal,Tac1,Tacr3,0.18287382,1.0,0.009256363,-9.550907890420318e-05,-0.0777594706820857,0.019605627,0.18043217,0.689996800283374,0.47105745636212
Pericyte,Excitatory neuron,Gal,Galr2,0.18972844,0.0,0.0028426554,-0.0074894760425984,0.0413934596403237,0.008233033,0.1087369,0.3905591045495404,0.4713888224464944
Endothelial,Inhibitory neuron,Adcyap1,Ramp3,0.116962306,0.0,0.0034108805,0.0049288290345831,0.0602094686715728,0.01851373,0.11788712,0.0320473502205463,0.4713888224464944
Microglia,Excitatory neuron,Ucn3,Crhr1,0.14961688,0.96,0.002839204,-0.0008552490590179,-0.0358812550703204,0.016567461,0.10867805,0.2161211245501372,0.4731811974534029
Endothelial,Ependymal,Tac2,Tacr3,0.17423978,1.0,0.0034129617,-0.1144248567006963,-0.0924067513759069,0.010713509,0.11791884,1.0,0.4731811974534029
Endothelial,Excitatory neuron,Ucn3,Crhr2,0.15934165,0.0,0.0028382367,0.1441795482972002,0.1752441442895306,0.019898877,0.10866155,0.0068287549723572,0.4749781101767835
Oligodendrocyte,Endothelial,Tac1,Tacr3,0.120933086,1.0,0.00087652676,-0.3455366836586878,-0.188368444380045,0.0018565455,0.06344875,1.0,0.476390492033214
Excitatory neuron,Excitatory neuron,Ucn3,Crhr1,0.1506249,0.86,0.0034226994,0.0326032119874315,-0.0316163692095159,0.019972302,0.1180671,0.1769760868579139,0.4767795663533958
Excitatory neuron,Inhibitory neuron,Ucn3,Crhr2,0.12574759,0.0,0.002834306,0.1033464468103014,0.0815712845364571,0.019871317,0.10859445,0.0068287549723572,0.4767795663533958
Astrocyte,Excitatory neuron,Ucn3,Crhr2,0.1602879,0.0,0.0034239911,0.1755874002645762,0.17673872036448,0.024005601,0.11808674,0.0068287549723572,0.4785855717199999
Microglia,Endothelial,Penk,Oprl1,0.24344146,1.0,0.0034255823,-0.5434660276157868,-0.7337142278337889,0.0027125673,0.11811094,1.0,0.48039597382492
Inhibitory neuron,Pericyte,Ucn3,Crhr1,0.06951997,1.0,0.00087789027,-0.208515817451389,-0.2024814341638716,0.005122708,0.06349495,1.0,0.4818647106613279
Excitatory neuron,Endothelial,Tac2,Tacr3,0.12631589,1.0,0.0034407487,-0.1721795401134062,-0.1775693002378531,0.010800735,0.11834119,1.0,0.4840307813419972
OPC,Inhibitory neuron,Oxt,Avpr1a,0.10502353,0.0,0.0032422307,0.0258203408909699,0.0361294294943777,0.016859626,0.11527596,0.0195316774890425,0.4840307813419972
Microglia,Pericyte,Cck,Cckar,0.18120438,1.0,0.009601381,0.0780096807626893,-0.1302406824012981,0.01432939,0.18315385,1.0,0.4849895326066822
Microglia,Astrocyte,Penk,Oprl1,0.24451922,1.0,0.0034409736,-0.542359022765049,-0.7741577330581746,0.002724755,0.118344605,1.0,0.4858550404369514
Oligodendrocyte,Microglia,Tac1,Tacr3,0.12128288,1.0,0.0008791013,-0.3449080016438441,-0.1617161733128636,0.0018619985,0.06353594,1.0,0.487330977312133
Pericyte,Astrocyte,Tac1,Tacr3,0.1783392,1.0,0.0034419585,-0.180593840115828,-0.0623155367990659,0.0072903107,0.11835955,1.0,0.4876838774051962
OPC,Excitatory neuron,Oxt,Avpr1a,0.10438159,0.0,0.003220693,0.0239722188653084,0.00195530573422,0.016747631,0.114936516,0.0248463713563201,0.4876838774051962
Excitatory neuron,Microglia,Tac2,Tacr3,0.1266657,1.0,0.003450855,-0.1715508580985625,-0.1509170291706717,0.010832459,0.11849428,1.0,0.4913551473234032
Astrocyte,Excitatory neuron,Gal,Galr2,0.19451216,0.0,0.0063999407,0.0522214636661291,0.0477772564574313,0.01853581,0.15473537,0.013986069316794,0.4920113296672238
Astrocyte,Endothelial,Penk,Oprk1,0.05991667,1.0,0.00088574877,-0.2867159632835347,-0.2598211067009335,0.0032156578,0.06376042,1.0,0.4927893573464781
Ependymal,Excitatory neuron,Tac2,Tacr3,0.23370855,0.0,0.0034568284,-0.02426840832428,0.0444290803007061,0.010851209,0.11858465,0.1406865941300253,0.4931977519308608
Endothelial,Inhibitory neuron,Nts,Ntsr1,0.18088919,0.0,0.0027973827,-0.0040135587440661,0.1217595347326181,0.016704215,0.1079614,0.0366681072118741,0.4931977519308608
Excitatory neuron,OPC,Tac1,Tacr3,0.1803577,1.0,0.012822014,0.1202131019769074,-0.0910677857680031,0.02715793,0.2057893,0.3441599538807357,0.4967129345790738
Inhibitory neuron,Excitatory neuron,Adcyap1,Ramp3,0.12401733,0.0,0.0027921381,-0.0112929675998774,0.0951527458530975,0.015155291,0.10787108,0.0458392747827482,0.4968967693420234
OPC,OPC,Ucn3,Crhr2,0.057462286,1.0,0.00088814955,-0.1164181884073188,-0.11375598822627,0.0062268157,0.06384126,1.0,0.4982397969629142
Astrocyte,Inhibitory neuron,Tac2,Tacr1,0.27963826,0.0,0.0063665616,0.0580843430974345,0.2500331932448838,0.022611778,0.15439372,0.0075352044753086,0.4990698863245842
Astrocyte,Excitatory neuron,Penk,Oprd1,0.17983688,0.915,0.0027838899,-0.0894276203753669,-0.049406083081852,0.008187711,0.1077288,0.417242932996412,0.5006142359265817
Oligodendrocyte,Astrocyte,Gal,Galr1,0.056292363,1.0,0.00089002674,-0.2061175769074428,-0.1774342155103831,0.005118178,0.06390438,1.0,0.5036823613496537
OPC,Ependymal,Cck,Cckar,0.24329555,0.635,0.006313682,-0.0477253569725541,-0.0286252319051179,0.00942273,0.15385003,0.2419035084705219,0.5037958253625734
Astrocyte,Pericyte,Cck,Cckar,0.1801025,1.0,0.008866146,0.0430459884611394,-0.1309745268068566,0.013232103,0.17726949,1.0,0.5037958253625734
Endothelial,Astrocyte,Tac2,Tacr3,0.17841893,1.0,0.0034972616,-0.1069138940229373,-0.0611437107373171,0.0109781325,0.11919373,1.0,0.5043500341744223
Endothelial,Pericyte,Cck,Cckar,0.17999482,1.0,0.008794298,0.0396299040811997,-0.1312855906685001,0.013124876,0.17667693,1.0,0.506164892807247
Astrocyte,Microglia,Tac2,Tacr3,0.12525548,1.0,0.0027770973,-0.1924407698895111,-0.1533585475508927,0.008717489,0.10761145,1.0,0.5062249645879195
Pericyte,Ependymal,Gal,Galr2,0.23379162,0.0,0.0035164186,0.089261006580675,0.1494337989773807,0.0101844175,0.11948078,0.1138926520264006,0.5081045359780646
Oligodendrocyte,Pericyte,Cck,Cckar,0.17991748,1.0,0.008742692,0.0371744233805368,-0.1315521170906434,0.013047856,0.17624928,1.0,0.5085379759302543
Excitatory neuron,Oligodendrocyte,Gal,Galr2,0.07005827,1.0,0.0008948729,-0.275071497937759,-0.1984695665650873,0.002591773,0.06406699,1.0,0.5091170264958693
Astrocyte,Endothelial,Tac2,Tacr3,0.12490569,1.0,0.0027689643,-0.1930694519043547,-0.180010818618074,0.00869196,0.107470706,1.0,0.5099887540816168
Pericyte,Pericyte,Cck,Cckar,0.17991053,1.0,0.008738047,0.0369544261238464,-0.1315871555926934,0.013040925,0.1762107,1.0,0.5109149594585329
Ependymal,Excitatory neuron,Trh,Trhr,0.15050775,0.0,0.0035410486,0.0458386380488528,0.102112988433528,0.01166303,0.11984844,0.108403040712731,0.5118776246353365
Oligodendrocyte,OPC,Crh,Crhr1,0.11033755,1.0,0.0035426524,-0.1375245285518802,-0.1344906397453023,0.010246048,0.11987232,1.0,0.5137711533759831
Excitatory neuron,Pericyte,Nts,Ntsr1,0.045703113,1.0,0.00089514797,-0.2335194315340549,-0.2678838824341709,0.0053452626,0.06407621,1.0,0.5145437685630567
OPC,Microglia,Tac1,Tacr1,0.10086699,1.0,0.0028801225,-0.2320847523646847,-0.3012493878158713,0.006902092,0.10937303,1.0,0.5156691802003227
OPC,Excitatory neuron,Tac2,Tacr3,0.23671979,0.0,0.0062265717,0.0203381215025501,0.0496747440449231,0.019545615,0.15294792,0.0218488192931494,0.5156811004871338
OPC,Endothelial,Cck,Cckar,0.13969591,1.0,0.0035494126,-0.2246065573268805,-0.1978469506592872,0.0052972506,0.119972914,1.0,0.5175720421173783
Microglia,Inhibitory neuron,Tac2,Tacr1,0.27949917,0.0,0.006214224,0.0560239884724782,0.2509398295240631,0.022070728,0.15281937,0.0080415998678494,0.5180701314153273
Endothelial,OPC,Tac2,Tacr1,0.14145781,1.0,0.002751699,-0.1546971026780896,-0.2159973104131932,0.009773062,0.10717109,1.0,0.51947957943114
Astrocyte,Inhibitory neuron,Penk,Oprk1,0.2287728,0.0,0.0035584657,0.041481878357702,0.2169408814790004,0.012918796,0.120107464,0.0745907106548257,0.51947957943114
Microglia,Ependymal,Penk,Oprk1,0.06690503,1.0,0.00090447936,-0.2753491482357931,-0.2266709015134074,0.0032836578,0.06438787,1.0,0.519962652480943
Endothelial,Excitatory neuron,Tac2,Tacr1,0.31119776,0.0,0.006175615,0.0940610489487116,0.2787960873538376,0.021933602,0.15241636,0.0068287549723572,0.5228599520676093
Microglia,Inhibitory neuron,Adcyap1,Ramp3,0.11732072,0.0,0.0035673631,0.0123534767672123,0.0610093220779484,0.019363092,0.12023947,0.0270952302572303,0.5233087031958209
Microglia,Pericyte,Ucn3,Crhr2,0.14409344,0.0,0.0027308357,0.1169454987452462,0.0785731436034459,0.019145887,0.106807515,0.0080415998678494,0.5252303011202601
Endothelial,Excitatory neuron,Gal,Galr1,0.22394812,0.0,0.0061747944,0.1826480581904683,0.2786605984604355,0.03550871,0.1524078,0.0068287549723572,0.5252608233375011
Endothelial,Ependymal,Oxt,Oxtr,0.04787503,1.0,0.0009075803,-0.1496515830805782,-0.1477212484223425,0.0049475664,0.06449104,1.0,0.5253736248788881
OPC,Inhibitory neuron,Gal,Galr1,0.14140983,0.0,0.0035741655,0.000654745669293,0.0606971630652136,0.020553557,0.12034027,0.0344536406147182,0.5290874290325888
Ependymal,Ependymal,Penk,Oprl1,0.151064,1.0,0.0009128441,-0.6519593275574196,-0.9500450582934378,0.0007228409,0.06466572,1.0,0.5307767210684466
OPC,Microglia,Cck,Cckar,0.14062947,1.0,0.0035743224,-0.2230128139847764,-0.1789799420521277,0.0053344266,0.12034259,1.0,0.531023138787315
Microglia,Microglia,Tac2,Tacr3,0.12511641,1.0,0.0027106474,-0.1945011245144673,-0.1524519112717133,0.008508899,0.10645408,1.0,0.531023138787315
Excitatory neuron,OPC,Crh,Crhr1,0.11041799,1.0,0.0035753516,-0.1363985702200794,-0.1348048515823694,0.01034062,0.12035782,1.0,0.5329635640955656
Pericyte,OPC,Tac1,Tacr1,0.14137807,1.0,0.0027081857,-0.2283770487709802,-0.217169136474942,0.0064900527,0.106410876,1.0,0.5349087106941005
OPC,Oligodendrocyte,Tac1,Tacr1,0.09937727,1.0,0.0028340546,-0.2342680791850537,-0.3718473697201716,0.0067916927,0.108590156,1.0,0.5349087106941005
Microglia,Endothelial,Oxt,Avpr1a,0.055688325,1.0,0.00091432896,-0.1273637948834005,-0.098914236218347,0.004754518,0.064714886,1.0,0.5361719761893501
Ependymal,Ependymal,Gal,Galr2,0.23386568,0.0,0.003584545,0.0901854797104448,0.1493976225438344,0.010381728,0.12049383,0.1138926520264006,0.5368585843196797
Microglia,Endothelial,Tac2,Tacr3,0.1247666,1.0,0.0027027093,-0.195129806529311,-0.1791041823388947,0.008483981,0.106314674,1.0,0.5368585843196797
OPC,Ependymal,Gal,Galr2,0.23659852,0.0,0.006098424,0.1242970760334208,0.1536939416569026,0.017662544,0.1516057,0.0151189692794076,0.5373235972132826
Pericyte,Excitatory neuron,Tac1,Tacr1,0.311118,0.0,0.0060779583,0.020381102855821,0.2776242612920888,0.014565571,0.15138963,0.0439550776023645,0.5397478393905497
Ependymal,Pericyte,Cck,Cckar,0.17790556,1.0,0.0074002156,-0.0266659286024793,-0.1352462020167563,0.011044305,0.16447204,1.0,0.5397478393905497
OPC,Endothelial,Ucn3,Crhr2,0.059091713,1.0,0.00091530295,-0.1124562881686295,-0.102407142018958,0.0064171883,0.06474711,1.0,0.5415593664890685
Ependymal,Excitatory neuron,Penk,Oprd1,0.1774059,0.975,0.0010736465,-0.1080784598059667,-0.0502957289764157,0.0031577062,0.06974926,1.0,0.542175936618877
Excitatory neuron,Microglia,Tac2,Tacr1,0.10035885,1.0,0.002690817,-0.1858315138364202,-0.3007955378418341,0.009556832,0.10610537,1.0,0.542736453132655
Microglia,Inhibitory neuron,Penk,Oprd1,0.2576418,0.0,0.0036283762,0.0523805851441026,0.2807391820340155,0.010671432,0.12113932,0.1409243360656324,0.542736453132655
Microglia,Excitatory neuron,Nts,Ntsr1,0.21417403,0.0,0.003628511,0.0649751874989571,0.257527335531359,0.02166719,0.12114129,0.0068287549723572,0.5447052918192762
Pericyte,Inhibitory neuron,Penk,Oprk1,0.22780338,0.0,0.0026867029,0.0340443508077843,0.2189779469973376,0.009753914,0.106032826,0.1955278948734388,0.5447052918192762
Oligodendrocyte,Inhibitory neuron,Adcyap1,Ramp3,0.115293965,0.0,0.0026824838,-0.0296314177980342,0.0570920247791528,0.014560103,0.10595836,0.070275593256168,0.5466788862162402
Endothelial,Endothelial,Nts,Ntsr1,0.06194012,1.0,0.0009167885,-0.229121034978898,-0.2220735192880411,0.0054744864,0.06479624,1.0,0.5469388977041738
Astrocyte,OPC,Tac1,Tacr1,0.14132366,1.0,0.0026784926,-0.2295512650688406,-0.2185531491538421,0.0064188945,0.10588785,1.0,0.548657242060307
Microglia,Excitatory neuron,Penk,Oprk1,0.19112329,0.0,0.0026784306,-0.0339116198782278,0.0640616563787757,0.009723882,0.105886765,0.2225225803619702,0.5506403650882363
Microglia,OPC,Tac2,Tacr3,0.16604298,1.0,0.003639439,-0.1209475186547446,-0.1141002703840019,0.011424436,0.12130147,1.0,0.5506403650882363
Oligodendrocyte,OPC,Ucn3,Crhr2,0.05760237,1.0,0.0009180128,-0.1117683495001249,-0.1136429441911374,0.0064361873,0.06483668,1.0,0.5523105170218087
Inhibitory neuron,Inhibitory neuron,Cck,Cckbr,0.21383823,0.0,0.0036409714,-0.0578898007419235,0.0315243764311269,0.005502189,0.12132389,0.8326640128483572,0.552628261036788
Astrocyte,Excitatory neuron,Tac1,Tacr1,0.3110636,0.0,0.0060113184,0.0192068865579606,0.2762402486131887,0.014405872,0.1506828,0.0473897270650849,0.5543736332450908
Inhibitory neuron,Excitatory neuron,Trh,Trhr,0.14901266,0.0,0.0026776262,0.0325796822753753,0.0880550388234821,0.008819205,0.10587255,0.2062127777816698,0.5546207615532249
Microglia,Microglia,Penk,Oprl1,0.25957775,1.0,0.0036560234,-0.5268876477472476,-0.6663771930161119,0.0028950437,0.12154398,1.0,0.5566182201355644
Oligodendrocyte,Astrocyte,Gal,Galr2,0.16033423,0.45,0.0026702972,-0.0673493585078918,0.0428352823104076,0.007733841,0.10574288,0.5011506574872489,0.5566182201355644
Endothelial,Astrocyte,Nts,Ntsr1,0.062036574,1.0,0.00091831345,-0.2289385098590095,-0.2259565685473587,0.0054835924,0.06484661,1.0,0.5576743473629717
Excitatory neuron,Excitatory neuron,Ucn3,Crhr2,0.1606696,0.0,0.0036602747,0.1882569806338793,0.1800545762238403,0.025662182,0.12160603,0.0068287549723572,0.5586204688483052
Inhibitory neuron,OPC,Tac2,Tacr3,0.17536408,1.0,0.009618717,0.017129298603692,-0.0895956132163409,0.030193783,0.18328884,0.8428858889828359,0.5592792733208539
Astrocyte,Inhibitory neuron,Tac2,Tacr3,0.26375434,0.0,0.0059972536,0.0564705350486841,0.1798504267680567,0.018825771,0.15053299,0.0090169241550733,0.5592792733208539
Endothelial,Pericyte,Penk,Oprl1,0.15680884,1.0,0.002668725,-0.6271141320354509,-0.9213029910582252,0.0021132457,0.10571504,1.0,0.5606275134282073
OPC,Endothelial,Tac1,Tacr3,0.12682404,1.0,0.0036828136,-0.2184327786416707,-0.1780231502118903,0.0078004585,0.12193428,1.0,0.5606275134282073
Oligodendrocyte,Astrocyte,Tac1,Tacr3,0.17521606,1.0,0.0012760502,-0.2479790004648729,-0.0685487727344389,0.0027027642,0.075564764,1.0,0.5617377974191303
OPC,OPC,Cck,Cckar,0.23039204,1.0,0.005969388,-0.0697562842092913,-0.0503579346612523,0.008908894,0.15023547,1.0,0.5617377974191303
Endothelial,Excitatory neuron,Adcyap1,Ramp3,0.12591952,0.0,0.003690789,0.0281117443058854,0.1019330520472495,0.02003303,0.12205014,0.0177771805717688,0.5626393596120305
Microglia,Endothelial,Ucn3,Crhr1,0.05172762,1.0,0.0009186469,-0.1939848498309954,-0.242915804896564,0.005360533,0.06485761,1.0,0.5630303358291756
Excitatory neuron,Inhibitory neuron,Ucn3,Crhr1,0.25813538,0.0,0.0059655164,0.2447142607905523,0.3368915710994266,0.03481027,0.15019405,0.0041591028370325,0.5642000733082913
Inhibitory neuron,Astrocyte,Gal,Galr2,0.17520884,0.0,0.01195542,0.1183164648764965,0.0825014321427141,0.03462585,0.20012946,0.0068287549723572,0.5642000733082913
Astrocyte,OPC,Gal,Galr2,0.11583748,1.0,0.003691507,-0.1205242167856793,-0.090740130757182,0.010691517,0.12206055,1.0,0.5646560131365346
Oligodendrocyte,Excitatory neuron,Ucn3,Crhr2,0.15906283,0.0,0.0026656429,0.1349254033165771,0.1746694463396856,0.01868882,0.10566042,0.009595679309043,0.5646560131365346
Excitatory neuron,OPC,Cck,Cckbr,0.12082166,1.0,0.0026639604,-0.1763239673067404,-0.1880573373359501,0.0040257424,0.1056306,1.0,0.5666773031350902
OPC,Microglia,Tac1,Tacr3,0.12717384,1.0,0.0036936307,-0.217804096626827,-0.1513708791447089,0.0078233695,0.122091375,1.0,0.5666773031350902
Inhibitory neuron,Oligodendrocyte,Cck,Cckbr,0.057393853,1.0,0.000921984,-0.3299568758431082,-0.3367718984979777,0.0013932904,0.06496766,1.0,0.5683784881569925
OPC,OPC,Tac2,Tacr1,0.14318441,1.0,0.0036938302,-0.1291205376426681,-0.2122661483671755,0.013119179,0.12209427,1.0,0.5687035881304956
Oligodendrocyte,Excitatory neuron,Gal,Galr1,0.22110645,0.0,0.0037101768,0.1471782040251174,0.2735775373832127,0.021335704,0.12233111,0.0068287549723572,0.570734697676361
Oligodendrocyte,Inhibitory neuron,Gal,Galr2,0.15946263,0.765,0.0026553832,-0.0692617055874969,-0.0250707371199653,0.007690646,0.10547836,0.5174563824970402,0.570734697676361
Inhibitory neuron,Inhibitory neuron,Gal,Galr2,0.17433724,0.0,0.0118886465,0.1164041177968914,0.0145954127123411,0.03443246,0.19968155,0.0227404941039695,0.5716091889877519
Inhibitory neuron,Excitatory neuron,Cck,Cckbr,0.21827032,0.0,0.0037180004,-0.0501827604495765,0.0205832716161563,0.005618594,0.12244425,0.7499208145688739,0.5727706375094459
Endothelial,Excitatory neuron,Ucn3,Crhr1,0.14929695,0.955,0.0026540172,-0.0114742203492475,-0.0364268011438256,0.0154868495,0.105454095,0.2133868906461588,0.5727706375094459
Ependymal,Pericyte,Nts,Ntsr1,0.045879643,1.0,0.00092348165,-0.2303244008177581,-0.2667195102356838,0.0055144536,0.06501698,1.0,0.5737188100829944
Microglia,Excitatory neuron,Tac1,Tacr1,0.3109865,0.0,0.005916874,0.0175430678417892,0.2773873382748115,0.01417954,0.14967228,0.0522777009610006,0.5765671114031656
OPC,Inhibitory neuron,Nts,Ntsr1,0.18219228,0.0,0.003719638,0.0195715525418057,0.1243458834355872,0.022211347,0.122467905,0.0225150634358709,0.5768570309843147
Astrocyte,Inhibitory neuron,Ucn3,Crhr2,0.1253659,0.0,0.0026513417,0.0906768664409984,0.0782554286770967,0.018588556,0.10540653,0.0104521987557304,0.5768570309843147
Astrocyte,OPC,Tac2,Tacr3,0.16618206,1.0,0.0037286575,-0.1188871640297884,-0.1150069066631812,0.0117045,0.122598104,1.0,0.5789074960996183
Excitatory neuron,Oligodendrocyte,Tac2,Tacr1,0.09886913,1.0,0.002647777,-0.1880148406567892,-0.3713935197461344,0.009403969,0.10534311,1.0,0.5789074960996183
Microglia,Pericyte,Oxt,Avpr2,0.056299448,0.98,0.00092523685,-0.0618788839332135,-0.0390940450409845,0.0061770277,0.06507471,0.9838532975529284,0.5790512492215347
Inhibitory neuron,OPC,Tac1,Tacr3,0.17404637,1.0,0.008773434,-0.0159599417203938,-0.1013121897342092,0.01858275,0.17650422,1.0,0.5815398736197753
Microglia,OPC,Tac1,Tacr1,0.14124653,1.0,0.0026364105,-0.231215083785012,-0.2174060594922193,0.0063180467,0.10514055,1.0,0.5830228117864723
Microglia,Inhibitory neuron,Tac2,Tacr3,0.26361525,0.0,0.0058537526,0.0544101804237279,0.180757063047236,0.018375311,0.14899106,0.0116362047002747,0.5840316416701289
OPC,Microglia,Ucn3,Crhr1,0.059786286,1.0,0.0009268776,-0.2011508592156818,-0.2047787913251391,0.0054085613,0.06512863,1.0,0.5843759276388777
Astrocyte,Excitatory neuron,Nts,Ntsr1,0.21431778,0.0,0.0037491778,0.0675771685721458,0.2567372505675249,0.02238774,0.122893594,0.0068287549723572,0.587157765437742
Ependymal,Pericyte,Penk,Oprl1,0.15395802,1.0,0.0009305105,-0.6489858794609005,-0.924331643170484,0.00073683023,0.06524783,1.0,0.5896927928640595
Endothelial,Ependymal,Penk,Oprl1,0.15391481,1.0,0.0026180574,-0.6300875801319699,-0.9470164061811788,0.002073124,0.104812376,1.0,0.5913122238122035
Oligodendrocyte,Inhibitory neuron,Tac1,Tacr3,0.25978172,0.0,0.0018984547,-0.0959966967056489,0.1714928010060858,0.0040210607,0.09066373,0.7433638055602233,0.5915290077583674
Oligodendrocyte,Inhibitory neuron,Tac2,Tacr3,0.26158592,0.0,0.0037599644,0.0243491462910338,0.1762898347052888,0.011802774,0.123048514,0.1019809724163063,0.5933965995005479
OPC,Excitatory neuron,Gal,Galr1,0.22345829,0.0,0.0057499656,0.1765340599531472,0.2785796972500572,0.03306569,0.14786053,0.0068287549723572,0.594035409573873
Microglia,Oligodendrocyte,Ucn3,Crhr1,0.052397378,1.0,0.00093178736,-0.1926633914052564,-0.2545435967974414,0.005437211,0.065289654,1.0,0.5950018506336524
Ependymal,Astrocyte,Tac2,Tacr3,0.17713429,1.0,0.0026063512,-0.1259438588143461,-0.0626582124355164,0.008181506,0.10460234,1.0,0.595486050264705
Endothelial,Inhibitory neuron,Tac1,Tacr3,0.26159844,0.0,0.0037728653,-0.056799368729736,0.1748883490950738,0.007991194,0.12323344,0.4481561140723171,0.5975804001561991
OPC,OPC,Penk,Oprk1,0.10249737,1.0,0.0037758178,-0.168015536302524,-0.1658504007962287,0.01370788,0.123275705,1.0,0.5996796549117895
Microglia,Ependymal,Ucn3,Crhr1,0.052677084,1.0,0.0009372751,-0.192111649450209,-0.2355973573184216,0.0054692333,0.065469064,1.0,0.600303048902652
Excitatory neuron,Inhibitory neuron,Trh,Trhr,0.17174684,0.0,0.021733923,0.3255318264714555,0.1906831664939035,0.07158427,0.25225142,0.0068287549723572,0.6015760750467721
Pericyte,Excitatory neuron,Tac2,Tacr1,0.310824,0.0,0.0057179043,0.0885244458104879,0.279127679440411,0.020307975,0.1475086,0.0068287549723572,0.6015760750467721
Endothelial,Inhibitory neuron,Oxt,Oxtr,0.12685215,0.0,0.0025924768,0.0536870241195613,0.1232179058175502,0.01413258,0.10435263,0.053988078033018,0.6017838202682368
OPC,Astrocyte,Penk,Oprd1,0.102517806,1.0,0.0037766541,-0.1960700225267796,-0.1983252971189375,0.011107533,0.12328767,1.0,0.6017838202682368
OPC,Endothelial,Gal,Galr2,0.1490694,1.0,0.0037772856,-0.0678911566999477,0.0173124451567724,0.010939953,0.12329671,0.8774050365774766,0.6038929019623006
OPC,Excitatory neuron,Cck,Cckbr,0.2205959,0.0,0.005708005,0.0236113116419525,0.0271199542516116,0.008625863,0.14739971,0.2471955825179064,0.6040968184142514
Endothelial,OPC,Oxt,Avpr2,0.049355734,1.0,0.00093916955,-0.0856416348890683,-0.0649123784974549,0.006270045,0.06553086,1.0,0.6055965090557875
OPC,Pericyte,Tac1,Tacr1,0.09591095,1.0,0.002726863,-0.2393479969995556,-0.3522746915970464,0.006534812,0.106738076,1.0,0.6060069057307402
Oligodendrocyte,Ependymal,Tac1,Tacr3,0.17103691,1.0,0.0012452916,-0.2554899631426318,-0.0998118133730286,0.0026376154,0.07471693,1.0,0.6066211185252832
Excitatory neuron,Pericyte,Penk,Oprl1,0.1709933,1.0,0.011317385,-0.5182889306951606,-0.8938856661774651,0.008961738,0.19577584,1.0,0.60914885353924
Inhibitory neuron,Inhibitory neuron,Adcyap1,Ramp3,0.11506011,0.0,0.002580383,-0.0344758828711797,0.0534291624774208,0.014005918,0.10413433,0.080260540455796,0.6102495168938439
OPC,Pericyte,Gal,Galr1,0.042066388,1.0,0.000939729,-0.2122980087844987,-0.2083969827866523,0.0054039955,0.065549105,1.0,0.610882178962988
Pericyte,Excitatory neuron,Crh,Crhr2,0.17043746,0.0,0.009706838,0.20062417566812,0.1800751643119636,0.03373076,0.18397242,0.0068287549723572,0.6116802325628885
Astrocyte,Endothelial,Penk,Oprl1,0.24382833,1.0,0.00379677,-0.5404979635016441,-0.7371373245767063,0.0030064944,0.123575054,1.0,0.612378320874719
OPC,Excitatory neuron,Ucn3,Crhr2,0.15892275,0.0,0.0025789286,0.1302755644093832,0.174556402304553,0.018080866,0.10410803,0.0133679969670189,0.612378320874719
Inhibitory neuron,Excitatory neuron,Crh,Crhr2,0.16951384,0.0,0.009135089,0.1876981073678163,0.187716103143232,0.031743962,0.17945912,0.0068287549723572,0.614215133910031
Oligodendrocyte,Inhibitory neuron,Crh,Ramp3,0.117865175,0.0,0.0038050727,0.0166267674593586,0.0573271888843356,0.016762642,0.12369339,0.0248463713563201,0.6145120698765093
Astrocyte,Pericyte,Penk,Oprd1,0.063413896,1.0,0.00094110414,-0.3049884947632871,-0.2875264779849872,0.0027678853,0.0655939,1.0,0.6161600643608254
Astrocyte,Astrocyte,Penk,Oprl1,0.24490608,1.0,0.003813829,-0.5393909586509064,-0.777580829801092,0.003020003,0.123818025,1.0,0.6166507696359743
OPC,Inhibitory neuron,Cck,Cckbr,0.21616381,0.0,0.005589747,0.0159042713496054,0.0380610590665822,0.008447154,0.14608903,0.285084954617419,0.6167534352797605
Ependymal,Excitatory neuron,Ucn3,Crhr2,0.16885546,0.0,0.008727533,0.4599604891944575,0.1893703937290012,0.061188724,0.17612332,0.0068287549723572,0.6167534352797605
Pericyte,Microglia,Penk,Oprk1,0.082054146,1.0,0.0009448989,-0.249241680828312,-0.1841165649062253,0.0034303989,0.065717325,1.0,0.6214301709858719
Excitatory neuron,Ependymal,Penk,Oprl1,0.16809927,1.0,0.011102516,-0.5212623787916796,-0.9195990813004188,0.008791592,0.19427124,1.0,0.6218407460254839
Endothelial,Pericyte,Ucn3,Crhr2,0.14377351,0.0,0.0025527172,0.1063265274550166,0.0780275975299407,0.0178971,0.103632584,0.013986069316794,0.6230964426890879
Endothelial,Inhibitory neuron,Gal,Galr1,0.14189965,0.0,0.0038382383,0.0067687439066141,0.0607780642755919,0.022072133,0.1241645,0.0308926100523303,0.6230964426890879
Astrocyte,Inhibitory neuron,Ucn3,Crhr1,0.25775367,0.0,0.0055804215,0.2320446804212493,0.3335757152400662,0.03256315,0.14598492,0.0068287549723572,0.6243895104968172
Microglia,Ependymal,Tac2,Tacr3,0.17487043,1.0,0.0038397699,-0.105083086013255,-0.0905475513318783,0.0120532885,0.12418618,1.0,0.6252550024125952
Pericyte,OPC,Tac2,Tacr1,0.14108406,1.0,0.0025477547,-0.1602337058163133,-0.2156657183266197,0.009048724,0.10354223,1.0,0.6252550024125952
Oligodendrocyte,Endothelial,Ucn3,Crhr2,0.059231795,1.0,0.00094607926,-0.1078064492614357,-0.1022940979838255,0.006632961,0.065755665,1.0,0.6266924472175184
Endothelial,Inhibitory neuron,Tac2,Tacr1,0.27886853,0.0,0.005523484,0.046682217785037,0.2490806294800346,0.019617464,0.14534679,0.0105790828728075,0.6269418510567827
Excitatory neuron,Pericyte,Tac2,Tacr1,0.095402814,1.0,0.0025476308,-0.1930947584712911,-0.3518208416230092,0.009048285,0.10353998,1.0,0.6274185415770761
Excitatory neuron,Inhibitory neuron,Crh,Ramp3,0.11794562,0.0,0.003840194,0.0177527257911593,0.0570129770472685,0.016917365,0.1241922,0.0236591871006964,0.6274185415770761
Ependymal,Excitatory neuron,Crh,Crhr2,0.16644442,0.0,0.0072350437,0.1447426854630559,0.172996606512676,0.025141403,0.16292694,0.0068287549723572,0.6294976451001252
OPC,Pericyte,Gal,Galr2,0.15178378,0.805,0.0038492668,-0.0619309561885124,-0.0104793442499292,0.011148429,0.12432059,0.1707533638412676,0.6295870659192904
Ependymal,Ependymal,Tac2,Tacr3,0.17295514,1.0,0.0025435265,-0.133454821492105,-0.0939212530741062,0.007984295,0.10346518,1.0,0.6317605811759981
Inhibitory neuron,Excitatory neuron,Cck,Cckar,0.31382886,0.0,0.005378798,0.0028764298351545,0.1293167926931898,0.00802748,0.14370587,0.3427025670751784,0.6319470135913909
Oligodendrocyte,Microglia,Ucn3,Crhr1,0.05992637,1.0,0.0009580431,-0.1965010203084879,-0.2046657472900065,0.0055904193,0.06614271,1.0,0.6319470135913909
Endothelial,Excitatory neuron,Crh,Crhr2,0.16640168,0.0,0.007208581,0.1441443391009594,0.1732405673752989,0.025049448,0.16267723,0.0068287549723572,0.6320567694188938
Microglia,Excitatory neuron,Adcyap1,Ramp3,0.12627794,0.0,0.003860113,0.0355363920385146,0.1027329054536251,0.020952094,0.12447383,0.0144635026251525,0.6339390930839585
Endothelial,Astrocyte,Tac1,Tacr3,0.17703275,1.0,0.0025359392,-0.20878167248896,-0.0651532246454508,0.0053712977,0.1033267,1.0,0.6339390930839585
Microglia,Excitatory neuron,Crh,Crhr2,0.16619612,0.0,0.0070813335,0.1412674899853052,0.1729412485120389,0.024607271,0.16146788,0.0068287549723572,0.6346194358590069
Excitatory neuron,Pericyte,Cck,Cckar,0.17260472,1.0,0.0038631742,-0.1948693051268426,-0.1434747625331368,0.0057655177,0.12451704,1.0,0.6361224166279966
Microglia,Astrocyte,Penk,Oprk1,0.071221076,1.0,0.00096611644,-0.2669602917305205,-0.2272824138254652,0.0035074279,0.066402346,1.0,0.6371938184021265
Ependymal,Inhibitory neuron,Tac2,Tacr3,0.26169994,0.0,0.0038776216,0.0260384449448779,0.1773833613050082,0.012172106,0.12472065,0.0874841272959138,0.6383109386114838
Oligodendrocyte,Astrocyte,Tac2,Tacr3,0.17702025,1.0,0.0025272677,-0.1276331574681901,-0.0637517390352359,0.007933258,0.103168145,1.0,0.6383109386114838
Astrocyte,Excitatory neuron,Crh,Crhr2,0.16608888,0.0,0.0070149526,0.1397668475182686,0.1723266792583927,0.024376601,0.1608313,0.0068287549723572,0.6397550144556691
Inhibitory neuron,OPC,Cck,Cckar,0.22806646,1.0,0.0038882564,-0.1435503563008204,-0.0568946172967076,0.005802951,0.12487022,1.0,0.6405044744560029
Pericyte,Inhibitory neuron,Nts,Ntsr1,0.18050274,0.0,0.0025238732,-0.0110080646869715,0.1219721047188475,0.015070989,0.10310597,0.0450784734547047,0.6405044744560029
Excitatory neuron,Ependymal,Cck,Cckar,0.24241461,0.685,0.0054798606,-0.075679284050418,-0.0303466145595909,0.00817831,0.14485498,0.4212693736425978,0.6423277913360611
Pericyte,Endothelial,Ucn3,Crhr1,0.051997375,1.0,0.00096916937,-0.1850312315885439,-0.2425061051302139,0.0056553446,0.06650021,1.0,0.642432867386297
OPC,Microglia,Tac2,Tacr1,0.09990551,1.0,0.0025219284,-0.1925469859043448,-0.3004584579408866,0.008956999,0.10307033,1.0,0.642703029898314
OPC,Excitatory neuron,Crh,Crhr2,0.16560738,0.0,0.006716885,0.1330281712257245,0.1724459867798889,0.02334083,0.15792277,0.0068287549723572,0.6449040650409082
Astrocyte,Ependymal,Tac2,Tacr3,0.1750095,1.0,0.003933899,-0.1030227313882987,-0.0914541876110577,0.012348767,0.12550926,1.0,0.6471152225233514
Pericyte,Inhibitory neuron,Tac1,Tacr1,0.27878878,0.0,0.00543614,-0.0269977283078536,0.2479088034182858,0.013027481,0.14435957,0.0729499144804254,0.6474837119154954
Inhibitory neuron,Endothelial,Cck,Cckbr,0.06029068,1.0,0.00097233057,-0.3249191353827086,-0.3172139742400369,0.0014693734,0.06660136,1.0,0.647664109261683
Microglia,Astrocyte,Tac2,Tacr3,0.17904958,1.0,0.003934612,-0.0975721233354961,-0.0592845106932886,0.0123510035,0.12551919,1.0,0.6493288711795976
Microglia,Excitatory neuron,Penk,Oprd1,0.17945002,0.895,0.0025117255,-0.0923956844895095,-0.0459829863389346,0.007387247,0.10288311,0.5637226133718829,0.6515473685574495
Oligodendrocyte,Ependymal,Gal,Galr2,0.23424669,0.0,0.0039350204,0.094941220105391,0.148691781790058,0.011396792,0.1255249,0.1138926520264006,0.6515473685574495
Microglia,Astrocyte,Gal,Galr2,0.16530924,0.02,0.0057758256,-0.0052510457500325,0.0517993252041885,0.016728219,0.14814344,0.1125917876496694,0.6526529663640174
Oligodendrocyte,Microglia,Nts,Ntsr1,0.08758438,1.0,0.0009725761,-0.1981317244369593,-0.128215312619385,0.005807615,0.066609204,1.0,0.6528876638868815
Endothelial,Inhibitory neuron,Penk,Oprk1,0.22919263,0.0,0.003935995,0.0447027863525519,0.2190798876966956,0.014289395,0.12553848,0.049788738300661,0.6537711075993545
Excitatory neuron,Excitatory neuron,Gal,Galr2,0.1892596,0.0,0.0024940185,-0.0133414944814716,0.0379521690627388,0.007223294,0.10255708,0.4444444444444445,0.6537711075993545
Excitatory neuron,OPC,Tac2,Tacr1,0.14363775,1.0,0.003941199,-0.1224050655747435,-0.212603228268123,0.013997745,0.12561102,1.0,0.6559999006591101
Oligodendrocyte,Excitatory neuron,Ucn3,Crhr1,0.14901814,0.98,0.0024926255,-0.0207283653298706,-0.0370014990936706,0.01454509,0.102531366,0.2340530958435048,0.6559999006591101
OPC,Ependymal,Nts,Ntsr1,0.05164931,1.0,0.0009753082,-0.2274769899240679,-0.2500423813982701,0.0058239293,0.06669646,1.0,0.6581034798951687
Excitatory neuron,Inhibitory neuron,Nts,Ntsr1,0.18251377,0.0,0.0039471784,0.0253904972667358,0.1237777555947047,0.023570076,0.1256943,0.0195316774890425,0.658233753473476
Oligodendrocyte,Pericyte,Gal,Galr2,0.14943194,0.875,0.0024837472,-0.0912868121165422,-0.0154815041167738,0.007193546,0.102367304,0.6265189410741868,0.6627166613130784
Microglia,OPC,Gal,Galr2,0.11648382,1.0,0.003968742,-0.1124566302118315,-0.0889019018678314,0.011494459,0.12599398,1.0,0.6627166613130784
Microglia,Excitatory neuron,Trh,Trhr,0.16483338,0.0,0.011814163,0.1728823130689707,0.1244935111861424,0.0389119,0.19917984,0.0068287549723572,0.6630315602215293
Astrocyte,Inhibitory neuron,Tac1,Tacr1,0.27873436,0.0,0.0053765373,-0.028171944605714,0.2465247907393856,0.012884646,0.14368,0.0751437441413804,0.6630315602215293
Endothelial,OPC,Ucn3,Crhr2,0.057881184,1.0,0.0009774519,-0.1025142045195017,-0.1130682462412925,0.006852915,0.06676483,1.0,0.6633115630231169
Astrocyte,Astrocyte,Gal,Galr2,0.16466288,0.04,0.0053723576,-0.0133186323238802,0.0499610963148379,0.015559675,0.14363217,0.1148548684375229,0.6656344977389121
Microglia,Inhibitory neuron,Gal,Galr2,0.16443764,0.0,0.005743567,-0.0071633928296376,-0.0161066942261844,0.016634788,0.14779039,0.0396701266196109,0.6682406028580894
Endothelial,Endothelial,Penk,Oprk1,0.060336493,1.0,0.0009797208,-0.2834950552886848,-0.2576821004832383,0.0035568178,0.06683709,1.0,0.6685119190072983
Oligodendrocyte,Inhibitory neuron,Tac2,Tacr1,0.27746984,0.0,0.0039915014,0.0259629543397842,0.2464726011821159,0.014176402,0.12630916,0.052701428893938,0.6694789172877441
OPC,Oligodendrocyte,Tac2,Tacr1,0.09841579,1.0,0.00248159,-0.1947303127247138,-0.3710564398451869,0.00881373,0.10232739,1.0,0.6694789172877441
Inhibitory neuron,Pericyte,Gal,Galr2,0.16430655,0.315,0.0111202,0.0943790112678461,0.0241846457155326,0.03220685,0.19439583,0.1354959722911822,0.6708500915247042
OPC,Astrocyte,Tac1,Tacr3,0.18110701,1.0,0.005361451,-0.1208750954478558,-0.0582034785662842,0.01135593,0.14350724,1.0,0.6708500915247042
Endothelial,Inhibitory neuron,Tac1,Tacr1,0.27748236,0.0,0.0040051965,-0.0551855606809856,0.2450711155719009,0.009598285,0.12649827,0.2301295070105574,0.6717432486569608
Pericyte,Inhibitory neuron,Ucn3,Crhr2,0.12500933,0.0,0.0024804226,0.0788416040063035,0.0777160984420026,0.017390242,0.10230578,0.016496481445625,0.6717432486569608
Pericyte,Oligodendrocyte,Ucn3,Crhr1,0.052667134,1.0,0.0009830325,-0.1837097731628049,-0.2541338970310913,0.0057362397,0.0669424,1.0,0.6737044969870727
Astrocyte,Inhibitory neuron,Penk,Oprd1,0.25802866,0.0,0.004021538,0.0553486492582452,0.2773160852910981,0.011827763,0.12672341,0.1005934963954172,0.674012679937606
Astrocyte,Excitatory neuron,Tac2,Tacr3,0.23576291,0.0,0.0053464416,0.0061636817795262,0.0468961457637546,0.01678283,0.14333504,0.0314660074761622,0.6760787184860196
OPC,Excitatory neuron,Oxt,Oxtr,0.09213496,0.88,0.0028098058,-0.0260910195442521,-0.0524055871923251,0.015317324,0.10817496,0.1833673599221174,0.67628721686644
Astrocyte,Microglia,Gal,Galr2,0.12560695,1.0,0.0040278286,-0.099073144864777,-0.029480619379911,0.011665587,0.12680992,1.0,0.67628721686644
Endothelial,Ependymal,Tac1,Tacr3,0.1728536,1.0,0.0024748114,-0.2162926351667189,-0.0964162652840406,0.005241825,0.102201834,1.0,0.67628721686644
Astrocyte,Astrocyte,Tac2,Tacr3,0.17918865,1.0,0.0040310663,-0.0955117687105398,-0.0601911469724679,0.01265378,0.1268544,1.0,0.6785668651802224
Pericyte,Ependymal,Ucn3,Crhr1,0.05294684,1.0,0.0009888221,-0.1831580312077575,-0.2351876575520715,0.005770023,0.067126036,1.0,0.6788894159775649
Oligodendrocyte,Ependymal,Tac2,Tacr3,0.1728411,1.0,0.0024663492,-0.135144120145949,-0.0950147796738256,0.007742031,0.10204479,1.0,0.6808514310235938
Astrocyte,Inhibitory neuron,Gal,Galr2,0.16379128,0.005,0.005342352,-0.0152309794034853,-0.017944923115535,0.015472772,0.14328806,0.109260079557716,0.6813204013285589
Astrocyte,Microglia,Penk,Oprl1,0.25996462,1.0,0.0040521813,-0.523919583633105,-0.6698002897590293,0.0032087434,0.12714402,1.0,0.6831413188702812
Excitatory neuron,Excitatory neuron,Crh,Crhr2,0.16355234,0.0,0.0054447637,0.1042683879458105,0.1676460856617436,0.018920273,0.14445749,0.0086824844646645,0.6839459526725243
Oligodendrocyte,Inhibitory neuron,Tac1,Tacr1,0.27566564,0.0,0.0020153606,-0.0943828886568985,0.2416755674829128,0.004829727,0.09315738,0.7433638055602233,0.6839459526725243
Endothelial,Excitatory neuron,Gal,Galr2,0.19302517,0.0,0.005294178,0.0336605916474684,0.0457345035302238,0.015333249,0.14273298,0.0332341642444547,0.6839459526725243
Microglia,OPC,Oxt,Avpr1a,0.060021725,1.0,0.0009916753,-0.1148883851356371,-0.0963962902622273,0.00515672,0.06721631,1.0,0.6840666250339444
Endothelial,Endothelial,Gal,Galr2,0.14955923,1.0,0.0040563657,-0.0617771584626266,0.0173933463671507,0.011748238,0.1272013,0.8428858889828359,0.6854363353116963
Microglia,Inhibitory neuron,Tac1,Tacr1,0.27865726,0.0,0.005292066,-0.0298357633218853,0.2476718804010085,0.012682213,0.14270857,0.0791015625,0.6865748195737884
Oligodendrocyte,Excitatory neuron,Crh,Crhr2,0.16347189,0.0,0.0053949673,0.1031424296140098,0.1679602974988107,0.018747235,0.14389066,0.0094777614546531,0.6865748195737884
Oligodendrocyte,Endothelial,Gal,Galr2,0.14671756,1.0,0.0024373012,-0.0972470126279775,0.0123102852899278,0.0070590265,0.10150327,1.0,0.6877364860845984
Excitatory neuron,OPC,Gal,Galr1,0.07767075,1.0,0.0009969982,-0.1698426052932957,-0.12492310846358,0.005733327,0.06738432,1.0,0.6892361298927829
Ependymal,Astrocyte,Gal,Galr2,0.15995322,0.535,0.0024324653,-0.0721050989028379,0.043541123064184,0.007045021,0.101412736,0.6740731647361842,0.692352213571904
Ependymal,Inhibitory neuron,Nts,Ntsr1,0.18269031,0.0,0.004072116,0.0285855279830326,0.1249421277931918,0.024316126,0.12741658,0.0175898074443718,0.692352213571904
Astrocyte,Ependymal,Penk,Oprk1,0.06729189,1.0,0.0010024864,-0.2723810841216505,-0.2300939982563248,0.003639467,0.067557015,1.0,0.6943978800295774
OPC,Ependymal,Tac1,Tacr3,0.17692786,1.0,0.0052322154,-0.1283860581256147,-0.0894665192048739,0.0110822,0.14201422,1.0,0.6944803967766651
Oligodendrocyte,Inhibitory neuron,Nts,Ntsr1,0.17980684,0.0,0.002031352,-0.0236034849934058,0.1197090838592605,0.012129961,0.09349175,0.0887338807584504,0.6944803967766651
OPC,Pericyte,Penk,Oprl1,0.16266264,1.0,0.0062379544,-0.5822029467086675,-0.908477059344328,0.004939561,0.15306625,1.0,0.6944803967766651
Ependymal,Inhibitory neuron,Gal,Galr2,0.15908162,0.83,0.0024188797,-0.074017445982443,-0.0243648963661889,0.0070056734,0.10115782,0.6856449720623686,0.6969883444927867
OPC,Inhibitory neuron,Oxt,Oxtr,0.12990643,0.0,0.004077078,0.071157040516163,0.1298163671954514,0.022225706,0.12748429,0.0068287549723572,0.6969883444927867
Inhibitory neuron,Inhibitory neuron,Cck,Cckar,0.30473667,0.0,0.005220777,-0.012645664088859,0.1506385006714538,0.007791644,0.14188093,0.4371920628538909,0.6971219530831123
Microglia,Endothelial,Nts,Ntsr1,0.062310316,1.0,0.0010026558,-0.2224206868519041,-0.2208428258118526,0.005987232,0.06756234,1.0,0.6995519937869288
Pericyte,Inhibitory neuron,Ucn3,Crhr1,0.2573971,0.0,0.0052206786,0.2202094179865543,0.3330363850049721,0.030463958,0.1418798,0.0068287549723572,0.6997666530919092
Oligodendrocyte,OPC,Tac1,Tacr3,0.16220947,1.0,0.0011803214,-0.2713543957841214,-0.1233645324251521,0.0025000041,0.07288571,1.0,0.6997666530919092
Inhibitory neuron,Ependymal,Cck,Cckar,0.24096997,0.75,0.004112518,-0.1215194290640832,-0.0351619145405732,0.006137646,0.12796642,1.0,0.7016453293062546
Microglia,Excitatory neuron,Tac2,Tacr3,0.23562384,0.0,0.0052185133,0.0041033271545699,0.047802782042934,0.016381253,0.14185452,0.0326367113452612,0.7024143697364097
Astrocyte,Pericyte,Penk,Oprl1,0.15638901,1.0,0.0024127485,-0.6303350400303007,-0.9234419972759204,0.001910549,0.10104251,1.0,0.703981580577067
OPC,Inhibitory neuron,Gal,Galr2,0.16181447,0.13,0.0041152653,-0.0399058496594671,-0.0200685772531207,0.011918825,0.12800369,0.1236465120783698,0.703981580577067
Oligodendrocyte,OPC,Tac1,Tacr1,0.13825494,1.0,0.0010040158,-0.2957622091200251,-0.2234023724103149,0.0024060817,0.06760505,1.0,0.7046984205563929
Endothelial,Inhibitory neuron,Tac2,Tacr3,0.2629846,0.0,0.0052030813,0.0450684097362866,0.1788978630032075,0.01633281,0.14167438,0.0248463713563201,0.7050653225934385
Inhibitory neuron,Endothelial,Gal,Galr2,0.16159219,0.36,0.010912253,0.0884188107564108,0.0519764351222343,0.03160458,0.19292197,0.1367910261488289,0.7050653225934385
OPC,Excitatory neuron,Ucn3,Crhr1,0.14887805,0.98,0.0024115397,-0.0253782042370645,-0.0371145431288031,0.014071933,0.10101975,0.2340530958435048,0.7063230120729448
Ependymal,Inhibitory neuron,Tac2,Tacr1,0.27758387,0.0,0.0041164034,0.0276522529936283,0.2475661277818353,0.01462001,0.12801912,0.0432179018617117,0.7063230120729448
Astrocyte,Excitatory neuron,Trh,Trhr,0.16123758,0.0,0.009737574,0.1409936023420601,0.118146992033949,0.03207231,0.18420982,0.0068287549723572,0.7077193847327584
Ependymal,OPC,Tac2,Tacr3,0.1641277,1.0,0.002410824,-0.1493192541335946,-0.1174739721262297,0.007567733,0.10100628,1.0,0.7086696295306477
Oligodendrocyte,Excitatory neuron,Crh,Ramp3,0.1268224,0.0,0.00411733,0.0398096827306609,0.0990507722600123,0.018138243,0.12803169,0.0130667584188031,0.7086696295306477
Microglia,Astrocyte,Nts,Ntsr1,0.06240677,1.0,0.0010043236,-0.2222381617320156,-0.2247258750711703,0.005997191,0.067614704,1.0,0.7098371660745422
Ependymal,Excitatory neuron,Tac2,Tacr1,0.3099131,0.0,0.004602407,0.0750310841573029,0.2772815856556383,0.016346123,0.13437842,0.0246054386247568,0.7098371660745422
Excitatory neuron,OPC,Cck,Cckar,0.2295111,1.0,0.005181036,-0.0977102112871553,-0.0520793173157253,0.007732334,0.14141642,1.0,0.710376428681506
Endothelial,Excitatory neuron,Trh,Trhr,0.16112408,0.0,0.009672026,0.1399870600766856,0.1188908524664398,0.03185642,0.18370287,0.0068287549723572,0.710376428681506
Endothelial,Pericyte,Gal,Galr2,0.1522736,0.785,0.004133665,-0.0558169579511913,-0.010398443039551,0.011972116,0.12825288,0.1684626859630338,0.7110212332413259
Inhibitory neuron,Inhibitory neuron,Trh,Trhr,0.13456406,0.0,0.00240966,-0.0042152059826649,0.0833098684386117,0.007936614,0.10098435,0.366181425578814,0.7110212332413259
OPC,Astrocyte,Tac1,Tacr1,0.08964867,1.0,0.002533209,-0.248525468162749,-0.3656730293123275,0.006070729,0.10327682,1.0,0.7110212332413259
OPC,Astrocyte,Gal,Galr2,0.16268606,0.17,0.004138379,-0.037993502579862,0.0478374421772522,0.011985768,0.12831661,0.1254636992061879,0.7133782393791805
Endothelial,Microglia,Tac2,Tacr3,0.12448576,1.0,0.0024093466,-0.2038428952019085,-0.1543111113157418,0.007563096,0.10097845,1.0,0.7133782393791805
Endothelial,Excitatory neuron,Tac1,Tacr1,0.3098116,0.0,0.00447807,-0.007806729517311,0.2747865734457039,0.010731506,0.13279352,0.1488468252874783,0.7149682360779486
Excitatory neuron,Inhibitory neuron,Oxt,Oxtr,0.15629786,0.0,0.016905285,0.222113214920319,0.329436354643581,0.09215716,0.22930062,0.0025037602747761,0.7149682360779486
OPC,Ependymal,Ucn3,Crhr2,0.06451438,1.0,0.0010056687,-0.0992715359209679,-0.0904251693526956,0.0070507424,0.067656904,1.0,0.7149682360779486
Pericyte,Excitatory neuron,Crh,Crhr1,0.16039276,0.53,0.009076802,0.0449704070216722,-0.0315957811213926,0.026251895,0.17898834,0.1474885795041972,0.7156999958416117
Oligodendrocyte,Excitatory neuron,Nts,Ntsr1,0.21272148,0.0,0.0024092342,0.0386849131226235,0.2542461911818129,0.014386435,0.10097633,0.0481795388512013,0.7157404486886394
Excitatory neuron,OPC,Ucn3,Crhr1,0.10753526,1.0,0.0024035512,-0.0524099775320106,-0.1223963610202727,0.014025319,0.100869186,1.0,0.7181078669064626
OPC,Microglia,Penk,Oprk1,0.08929719,1.0,0.0032356284,-0.1936720599567609,-0.1711886924929701,0.011746755,0.11517204,1.0,0.7181078669064626
Pericyte,Inhibitory neuron,Tac1,Tacr3,0.26290485,0.0,0.0051208036,-0.0286115363566039,0.1777260369414587,0.010846223,0.140708,0.1415763089501577,0.7183662638404377
Oligodendrocyte,Excitatory neuron,Tac2,Tacr1,0.30979908,0.0,0.004462758,0.0733417855034588,0.2761880590559189,0.01585014,0.13259642,0.0268381005897313,0.7200915804608726
Endothelial,Endothelial,Ucn3,Crhr2,0.05951061,1.0,0.0010073356,-0.0985523042808125,-0.1017194000339805,0.007062429,0.06770916,1.0,0.7200915804608726
Endothelial,Endothelial,Tac2,Tacr3,0.12413597,1.0,0.0024022907,-0.2044715772167522,-0.1809633823829232,0.007540947,0.1008454,1.0,0.7204804997694095
Pericyte,Inhibitory neuron,Tac2,Tacr1,0.27849478,0.0,0.005114107,0.0411456146468132,0.249412221566608,0.0181635,0.14062889,0.0129180628231825,0.721035700022608
Excitatory neuron,Excitatory neuron,Crh,Ramp3,0.12690283,0.0,0.0041553336,0.0409356410624616,0.0987365604229452,0.018305661,0.12854543,0.0127706399344034,0.7228583530142404
Ependymal,OPC,Tac1,Tacr1,0.16016561,1.0,0.012959789,0.1769853613162556,-0.1887181682764304,0.031057585,0.20666409,0.1651719065714165,0.7237081766469524
Ependymal,Oligodendrocyte,Trh,Trhr,0.047263715,1.0,0.0010088282,-0.2170798499580976,-0.1524731135049594,0.0033227424,0.06775591,1.0,0.7252073167280751
Oligodendrocyte,Excitatory neuron,Tac1,Tacr1,0.30799487,0.0,0.0022533042,-0.0470040574932239,0.2713910253567159,0.005399949,0.09797951,0.7180595896506903,0.7252073167280751
Oligodendrocyte,Pericyte,Ucn3,Crhr2,0.1434947,0.0,0.0023974858,0.0970723824743934,0.0774528995800957,0.01680877,0.100754656,0.0201443896130975,0.7252412242019639
Oligodendrocyte,Inhibitory neuron,Crh,Crhr2,0.12854989,0.0,0.004177552,0.0182318957904319,0.0694770058114274,0.014516779,0.12884443,0.0462232666112516,0.7252412242019639
Endothelial,Endothelial,Penk,Oprl1,0.24424815,1.0,0.004199582,-0.5372770555067943,-0.7349983183590112,0.0033254635,0.12913987,1.0,0.7276295349640598
OPC,Pericyte,Tac2,Tacr1,0.09494948,1.0,0.0023877292,-0.1998102305392157,-0.3514837617220617,0.008480371,0.10057008,1.0,0.7276295349640598
Inhibitory neuron,Ependymal,Tac1,Tacr1,0.09046554,1.0,0.004200924,-0.1277518431230178,-0.3677198959081992,0.010067337,0.12915784,1.0,0.7300230833178187
Endothelial,Pericyte,Gal,Galr1,0.042556208,1.0,0.0010091597,-0.2061840105471776,-0.208316081576274,0.0058032633,0.06776629,1.0,0.7303153946901886
Pericyte,Astrocyte,Gal,Galr2,0.15987916,0.5,0.002386235,-0.0730295720326078,0.0435772994977303,0.006911126,0.10054177,0.7062533716427661,0.732421875
OPC,Inhibitory neuron,Ucn3,Crhr1,0.25638852,0.0,0.0042031384,0.1867328445660562,0.3313933971801393,0.024526358,0.12918748,0.0068287549723572,0.732421875
OPC,Ependymal,Penk,Oprl1,0.15976861,1.0,0.0061195223,-0.5851763948051865,-0.9341904744672817,0.0048457794,0.15182793,1.0,0.7344281409047065
Excitatory neuron,Inhibitory neuron,Crh,Crhr2,0.12863034,0.0,0.0042161117,0.0193578541222327,0.0691627939743604,0.014650771,0.12936093,0.042852810753898,0.7348259157473639
Microglia,OPC,Oxt,Oxtr,0.061069276,1.0,0.001010373,-0.1184212437628277,-0.1144583710593631,0.005507929,0.067804255,1.0,0.7354158200837854
Endothelial,Astrocyte,Penk,Oprl1,0.24532591,1.0,0.004218451,-0.5361700506560565,-0.7754418235833969,0.0033404052,0.12939216,1.0,0.7372352112966701
Pericyte,Inhibitory neuron,Gal,Galr2,0.15900756,0.685,0.0023729075,-0.0749419191122129,-0.0243287199326426,0.0068725264,0.10028881,0.7122258827832534,0.7396497673846786
OPC,OPC,Tac1,Tacr1,0.14414589,1.0,0.0042184712,-0.168658304103008,-0.2130570782421602,0.010109389,0.12939245,1.0,0.7396497673846786
Inhibitory neuron,Excitatory neuron,Crh,Crhr1,0.15946914,0.68,0.008542163,0.0320443387213685,-0.0239548422901242,0.024705613,0.17457117,0.1559144086742497,0.739806008261032
Astrocyte,Inhibitory neuron,Tac1,Tacr3,0.26285043,0.0,0.0050646584,-0.0297857526544643,0.1763420242625585,0.010727302,0.14004281,0.1497749398600214,0.739806008261032
Inhibitory neuron,OPC,Penk,Oprd1,0.15515172,1.0,0.016572827,0.04134616912783,-0.0738047814293418,0.048742417,0.22755033,0.4993499492013523,0.74050854313701
Endothelial,Endothelial,Oxt,Oxtr,0.05271431,1.0,0.0010108213,-0.1371921012648388,-0.1308811032033852,0.0055103726,0.06781827,1.0,0.74050854313701
Inhibitory neuron,Pericyte,Tac1,Tacr3,0.08815311,1.0,0.0040744166,-0.1703279164808757,-0.2664639544046477,0.008629901,0.127448,1.0,0.7420693783644507
Pericyte,Microglia,Tac1,Tacr3,0.12440602,1.0,0.002371247,-0.2775228412947992,-0.1554829373774907,0.005022468,0.10025723,1.0,0.7420693783644507
Pericyte,Excitatory neuron,Tac2,Tacr3,0.23461944,0.0,0.004294669,-0.010775046671095,0.0462751740854789,0.013481245,0.1304041,0.0636662190241107,0.7420693783644507
Astrocyte,Ependymal,Penk,Oprl1,0.15349498,1.0,0.0023669407,-0.6333084881268197,-0.949155412398874,0.0018742757,0.10017528,1.0,0.7444944722798572
OPC,Microglia,Penk,Oprd1,0.11532017,1.0,0.0043005636,-0.1723660866253556,-0.1311509043253467,0.0126484055,0.1304819,1.0,0.7444944722798572
Inhibitory neuron,Endothelial,Tac1,Tacr1,0.08792496,1.0,0.004061935,-0.1314751348781156,-0.3604497975026567,0.009734255,0.12727748,1.0,0.7444944722798572
Excitatory neuron,Astrocyte,Gal,Galr2,0.15941033,0.595,0.0020935754,-0.078881590471481,0.0401360089201454,0.006063512,0.09477816,0.9739744400861048,0.7451957156149106
Pericyte,Excitatory neuron,Penk,Oprd1,0.17886746,0.855,0.002101885,-0.0968651479252846,-0.0473690175635148,0.0061818627,0.09494822,0.9724519310817764,0.7451957156149106
OPC,Astrocyte,Cck,Cckar,0.19561493,1.0,0.005041457,-0.1291328358942159,-0.0895203316042426,0.007524022,0.13976656,1.0,0.7451957156149106
Endothelial,Astrocyte,Oxt,Avpr1a,0.053036876,1.0,0.001017703,-0.1325216373958582,-0.1006519281379249,0.005292064,0.068033054,1.0,0.7455936806866044
Excitatory neuron,Astrocyte,Tac2,Tacr1,0.089140534,1.0,0.0023667058,-0.2022722296344845,-0.3652191793382903,0.008405702,0.1001708,1.0,0.7469248439437445
Inhibitory neuron,Oligodendrocyte,Tac1,Tacr3,0.092796475,1.0,0.004328444,-0.1619826841041378,-0.2802178658229511,0.00916795,0.13084891,1.0,0.7493604990928728
Pericyte,Endothelial,Tac1,Tacr3,0.12405622,1.0,0.0023643025,-0.2781515233096429,-0.182135208444672,0.0050077597,0.10012502,1.0,0.7493604990928728
Pericyte,Oligodendrocyte,Gal,Galr2,0.07052711,1.0,0.0010199664,-0.2692194794988858,-0.1950282759875024,0.0029540749,0.068103515,1.0,0.7506711828773356
Microglia,Microglia,Gal,Galr2,0.1262533,1.0,0.004330322,-0.0910055582909293,-0.0276423904905604,0.012541682,0.13087356,1.0,0.7518014434640024
Excitatory neuron,Astrocyte,Tac2,Tacr3,0.18059887,1.0,0.005009052,-0.0746218569195912,-0.057749628592247,0.01572374,0.13937935,0.9304551526928329,0.7533023349125592
Microglia,Inhibitory neuron,Ucn3,Crhr2,0.12473957,0.0,0.002351119,0.069887985763852,0.0773063986756525,0.016483692,0.099873394,0.0236591871006964,0.7542476827938924
OPC,OPC,Tac2,Tacr3,0.16713893,1.0,0.0043424685,-0.1047127243067644,-0.1122283083820128,0.013631292,0.13103297,1.0,0.7542476827938924
Endothelial,Microglia,Ucn3,Crhr1,0.060205184,1.0,0.0010200741,-0.1872468753278648,-0.2040910493401616,0.0059523857,0.06810686,1.0,0.7557410554457761
Oligodendrocyte,Inhibitory neuron,Ucn3,Crhr1,0.25652862,0.0,0.004344465,0.1913826834732501,0.3315064412152719,0.025351034,0.13105915,0.0068287549723572,0.7566990086664187
Endothelial,OPC,Tac1,Tacr3,0.16402616,1.0,0.002345694,-0.2321570678082085,-0.1199689843361641,0.004968345,0.099769615,1.0,0.7566990086664187
OPC,Oligodendrocyte,Tac1,Tacr3,0.08685052,1.0,0.0024466794,-0.2902732331508483,-0.2919249143457394,0.0051822397,0.10167853,1.0,0.7591558546608201
Excitatory neuron,Astrocyte,Cck,Cckar,0.19473398,1.0,0.004375653,-0.1570867629720798,-0.0912417142587156,0.0065303557,0.13146698,1.0,0.7591558546608201
Astrocyte,Microglia,Tac1,Tacr3,0.124351606,1.0,0.0023452481,-0.2786970575926596,-0.1568669500563908,0.004967401,0.09976107,1.0,0.7591558546608201
Microglia,Pericyte,Oxt,Avpr1a,0.0616481,1.0,0.0010207044,-0.1102061011969561,-0.0790851335428874,0.005307671,0.06812647,1.0,0.760803304128498
Ependymal,Excitatory neuron,Ucn3,Crhr1,0.15881076,0.01,0.0081610605,0.3043067205480098,-0.022300551704355,0.047621813,0.17130725,0.027790096168928,0.7614351967752228
Astrocyte,Endothelial,Tac1,Tacr3,0.12400181,1.0,0.0023383799,-0.2793257396075033,-0.1835192211235722,0.0049528535,0.099629454,1.0,0.7616180128237613
Oligodendrocyte,OPC,Tac2,Tacr3,0.16401365,1.0,0.0023376732,-0.1510085527874387,-0.1185674987259492,0.007338109,0.0996159,1.0,0.7640854888920019
OPC,OPC,Crh,Crhr1,0.112473026,1.0,0.0044107013,-0.1076387869401653,-0.130004950464224,0.012756616,0.13192312,1.0,0.7640854888920019
Excitatory neuron,Inhibitory neuron,Gal,Galr2,0.15853873,0.945,0.0020818827,-0.0807939375510861,-0.0277700105102275,0.0060296464,0.09453817,1.0,0.7641517841179013
OPC,Astrocyte,Ucn3,Crhr1,0.065682426,1.0,0.0010251333,-0.1895180884710764,-0.2105464591604235,0.0059819077,0.06826404,1.0,0.7658578795695936
OPC,Excitatory neuron,Nts,Ntsr1,0.21510692,0.0,0.0044115838,0.081859950657835,0.2588829907581396,0.026343212,0.13193458,0.0068287549723572,0.766558288602302
Microglia,Inhibitory neuron,Tac1,Tacr3,0.26277333,0.0,0.0049850866,-0.0314495713706357,0.1774891139241814,0.010558765,0.13909197,0.1632297287368294,0.7668713467963767
Inhibitory neuron,Excitatory neuron,Ucn3,Crhr2,0.1580717,0.0,0.0020521036,0.1020275608256169,0.1718570735201947,0.014387298,0.09392333,0.0477834090805969,0.7668713467963767
Inhibitory neuron,Microglia,Cck,Cckar,0.13830389,1.0,0.0023281921,-0.2968068860763055,-0.1855166246875829,0.0034746642,0.09943379,1.0,0.7690364176914213
Oligodendrocyte,Excitatory neuron,Trh,Trhr,0.15757349,0.0,0.0076215435,0.1084996241811066,0.111681547828048,0.025102817,0.16650696,0.0068287549723572,0.7695937548696943
OPC,OPC,Tac1,Tacr3,0.16810042,1.0,0.004959237,-0.1442504907671044,-0.1130192382569975,0.010504013,0.13878098,1.0,0.7695937548696943
Microglia,Endothelial,Penk,Oprd1,0.07556208,1.0,0.00102811,-0.284747568987344,-0.2585058488815035,0.0030237788,0.068356305,1.0,0.7709048977735962
OPC,Pericyte,Ucn3,Crhr2,0.14335461,0.0,0.0023194947,0.0924225435671995,0.0773398555449631,0.016261976,0.09926634,0.0250890691541004,0.77151988189612
Endothelial,Inhibitory neuron,Gal,Galr2,0.16230428,0.08,0.0044193165,-0.033791851422146,-0.0199876760427425,0.012799433,0.13203491,0.1177314948404565,0.77151988189612
Excitatory neuron,Excitatory neuron,Cck,Cckbr,0.21971495,0.0,0.0049541728,-0.0043426154359113,0.0253985715971386,0.007486682,0.13871993,0.3683603945522365,0.7723188779003258
Microglia,Excitatory neuron,Tac1,Tacr3,0.2347819,0.0,0.0044441135,-0.0817564246397937,0.0445348329198793,0.009412945,0.13235585,0.2432390664221454,0.774008469546773
Excitatory neuron,OPC,Tac1,Tacr1,0.15640317,1.0,0.010906779,0.0958052886410037,-0.1911056257531658,0.026137637,0.19288291,0.4829255706942372,0.7750469422198751
Microglia,Inhibitory neuron,Ucn3,Crhr1,0.25712734,0.0,0.004948526,0.2112557997441028,0.332626685238622,0.02887588,0.13865182,0.0068287549723572,0.7750469422198751
Inhibitory neuron,Pericyte,Cck,Cckbr,0.0635765,1.0,0.0010294378,-0.3192048744311031,-0.2990129543159615,0.0015556731,0.06839741,1.0,0.7759443093015341
Endothelial,Astrocyte,Gal,Galr2,0.16317588,0.105,0.0044441377,-0.0318795043425409,0.0479183433876305,0.012871322,0.13235618,0.1194832043056925,0.7765026207261155
Inhibitory neuron,Endothelial,Cck,Cckar,0.13737032,1.0,0.0023119668,-0.2984006294184096,-0.2043836332947425,0.0034504489,0.0991211,1.0,0.7765026207261155
Ependymal,Excitatory neuron,Crh,Crhr1,0.15639973,0.975,0.0067654434,-0.0109110831833918,-0.0386743389206802,0.01956699,0.15840234,0.222603151833593,0.7777778175142078
Endothelial,Inhibitory neuron,Penk,Oprd1,0.25844848,0.0,0.0044481964,0.0585695572530951,0.2794550915087933,0.0130826095,0.13240857,0.0713363381882596,0.779002124230816
Microglia,Microglia,Tac1,Tacr3,0.124274485,1.0,0.0023084017,-0.280360876308831,-0.1557198603947679,0.004889358,0.09905223,1.0,0.779002124230816
Inhibitory neuron,Oligodendrocyte,Penk,Oprl1,0.15224195,1.0,0.016173877,-0.4331299265501587,-0.9710774343228692,0.012807379,0.22541592,1.0,0.7809761198899792
Excitatory neuron,Ependymal,Nts,Ntsr1,0.05197081,1.0,0.0010349704,-0.2216580451991377,-0.2506105092391526,0.0061801947,0.06856838,1.0,0.7809761198899792
OPC,Pericyte,Cck,Cckar,0.17348567,1.0,0.0044509987,-0.1669153780489786,-0.1417533798786638,0.006642805,0.13244475,1.0,0.7815069857976346
OPC,Excitatory neuron,Gal,Galr2,0.19253534,0.0,0.004929936,0.0275465934101473,0.0456536023198456,0.014278314,0.13842724,0.0501972591416743,0.7832478356805732
Endothelial,Excitatory neuron,Crh,Crhr1,0.15635699,0.97,0.006740698,-0.0115094295454883,-0.0384303780580573,0.019495424,0.15815824,0.217958488285428,0.7832478356805732
Inhibitory neuron,Endothelial,Tac2,Tacr1,0.08924267,1.0,0.0044532856,-0.0983858945540297,-0.3487332209847884,0.015816497,0.13247426,1.0,0.7840172111633306
Oligodendrocyte,Inhibitory neuron,Gal,Galr1,0.139058,0.0,0.0023062376,-0.0287011102587366,0.055695003198369,0.013262224,0.09901038,0.0676754846455336,0.7840172111633306
Astrocyte,Endothelial,Ucn3,Crhr1,0.05235395,1.0,0.0010359522,-0.173195969153849,-0.2419667748951198,0.0060450393,0.06859866,1.0,0.786000280514656
Microglia,Excitatory neuron,Crh,Crhr1,0.15615143,0.975,0.00662171,-0.0143862786611424,-0.0387296969213173,0.019151287,0.15697621,0.222603151833593,0.7887289595812792
Microglia,Endothelial,Tac1,Tacr3,0.12392469,1.0,0.0023016415,-0.2809895583236746,-0.1823721314619493,0.0048750388,0.09892144,1.0,0.7890535560237811
Astrocyte,Endothelial,Nts,Ntsr1,0.06245407,1.0,0.0010359994,-0.2198187057787154,-0.2216329107756866,0.006186339,0.06860012,1.0,0.7910169065165837
Astrocyte,Excitatory neuron,Crh,Crhr1,0.15604419,0.98,0.0065596374,-0.0158869211281791,-0.0393442661749635,0.018971762,0.15635404,0.2340530958435048,0.7914737174069548
Inhibitory neuron,Pericyte,Tac2,Tacr3,0.08947082,1.0,0.00446697,-0.1372386761567898,-0.2547473778867793,0.01402211,0.13265067,1.0,0.7915799067368727
Excitatory neuron,Ependymal,Tac2,Tacr3,0.17641972,1.0,0.004888311,-0.0821328195973502,-0.0890126692308367,0.015344727,0.13792236,1.0,0.7942212173672966
Astrocyte,Astrocyte,Nts,Ntsr1,0.06255052,1.0,0.0010377227,-0.219636180658827,-0.2255159600350043,0.0061966293,0.06865323,1.0,0.7960259487886724
Microglia,Oligodendrocyte,Cck,Cckar,0.08564211,1.0,0.004101102,-0.085149173090891,-0.3579691485758182,0.0061206077,0.12781142,1.0,0.796648774136065
Inhibitory neuron,Astrocyte,Tac1,Tacr1,0.09559463,1.0,0.0044815247,-0.1202349191160385,-0.3539659807895392,0.010739784,0.13283794,1.0,0.796648774136065
OPC,Excitatory neuron,Crh,Crhr1,0.15556268,0.98,0.0062809163,-0.0226255974207231,-0.0392249586534672,0.018165644,0.15351166,0.2340530958435048,0.7969714479887853
Excitatory neuron,Oligodendrocyte,Tac2,Tacr3,0.08634238,1.0,0.0022858635,-0.2440199946225838,-0.2914710643717022,0.007175475,0.09861529,1.0,0.7991913022956858
Endothelial,Microglia,Penk,Oprl1,0.26038444,1.0,0.0044820905,-0.5206986756382551,-0.667661283541334,0.0035491697,0.1328452,1.0,0.7991913022956858
Excitatory neuron,Inhibitory neuron,Cck,Cckbr,0.21528287,0.0,0.0048515326,-0.0120496557282584,0.0363396764121092,0.007331574,0.137474,0.432394466202545,0.7997242776275032
Pericyte,Pericyte,Penk,Oprl1,0.15541959,1.0,0.0018216667,-0.6377725675802184,-0.9214049317575832,0.0014424975,0.08897606,1.0,0.7997242776275032
Oligodendrocyte,Ependymal,Ucn3,Crhr2,0.06465447,1.0,0.0010394834,-0.094621697013774,-0.090312125317563,0.0072878175,0.06870745,1.0,0.8010274130674941
Ependymal,Pericyte,Gal,Galr2,0.14905094,0.885,0.0022625304,-0.0960425525114883,-0.0147756633629974,0.0065528476,0.09816022,0.80643935566836,0.8017392344110027
Pericyte,Inhibitory neuron,Trh,Trhr,0.13856454,0.0,0.004488752,0.031262268318195,0.1017314359806395,0.014784448,0.13293079,0.040014707673203,0.8017392344110027
Ependymal,Excitatory neuron,Nts,Ntsr1,0.21560495,0.0,0.0048296317,0.090873926099062,0.2594792351157441,0.028839532,0.13720599,0.0068287549723572,0.8024799350328389
Astrocyte,Excitatory neuron,Tac1,Tacr3,0.23485903,0.0,0.00451505,-0.0800926059236223,0.0433877432582565,0.009563193,0.13326778,0.2327079637336464,0.8042925762187759
OPC,Pericyte,Oxt,Oxtr,0.08505059,0.895,0.0025721178,-0.0443308145950396,-0.0662170992063446,0.014021595,0.10398477,0.1907627689801403,0.8042925762187759
Pericyte,Pericyte,Crh,Crhr2,0.15486932,0.0,0.008730354,0.1627711548259363,0.0828586175523737,0.03033753,0.17614679,0.0068287549723572,0.8052382886792631
Ependymal,Oligodendrocyte,Gal,Galr2,0.070601165,1.0,0.0010397271,-0.2682950063691159,-0.1950644524210487,0.0030113067,0.06871495,1.0,0.8060213050896214
Pericyte,Excitatory neuron,Tac1,Tacr3,0.23491345,0.0,0.0045651025,-0.0789183896257619,0.0447717559371566,0.009669208,0.13390577,0.2275725372880872,0.8068511099420976
OPC,Excitatory neuron,Trh,Trhr,0.1548158,0.0,0.006028959,0.0840435784298384,0.1091253044369358,0.019857375,0.15087041,0.0068287549723572,0.8079992065707027
OPC,Ependymal,Tac2,Tacr3,0.17596638,1.0,0.004581497,-0.0888482916652748,-0.0886755893298892,0.014381618,0.1341138,1.0,0.8094152878717606
Astrocyte,OPC,Ucn3,Crhr1,0.10715356,1.0,0.0022483936,-0.0650795579013137,-0.125712216879633,0.013119937,0.09788315,1.0,0.8094152878717606
Microglia,Pericyte,Penk,Oprl1,0.15600215,1.0,0.0021768683,-0.6333031041444434,-0.920018900533003,0.001723766,0.09646505,1.0,0.8107629181623583
Pericyte,Inhibitory neuron,Tac2,Tacr3,0.26261085,0.0,0.004817451,0.0395318065980629,0.1792294550897809,0.015122292,0.13705657,0.0347636826720429,0.8107629181623583
Microglia,Pericyte,Gal,Galr2,0.15440695,0.72,0.00537232,-0.0291884993586829,-0.0065174612229929,0.015559566,0.14363173,0.1609932304536834,0.8107629181623583
Endothelial,Pericyte,Penk,Oprd1,0.06383371,1.0,0.001040949,-0.3017675867684372,-0.285387471767292,0.0030615395,0.06875254,1.0,0.8110075762439106
OPC,Ependymal,Penk,Oprd1,0.12249557,1.0,0.0045942017,-0.1590805164530587,-0.1604668444435983,0.0135120265,0.13427468,1.0,0.8119848927036588
Pericyte,Excitatory neuron,Penk,Oprk1,0.19054073,0.0,0.0022413887,-0.0383810833140028,0.0626756251541955,0.008137227,0.09774545,0.4314629691209174,0.8119848927036588
Astrocyte,Oligodendrocyte,Cck,Cckar,0.08454023,1.0,0.003787056,-0.1201128653924408,-0.3587029929813766,0.0056519164,0.1234364,1.0,0.8119848927036588
OPC,Ependymal,Tac1,Tacr1,0.08451958,1.0,0.002374598,-0.2560423921697284,-0.3794269444309874,0.005690624,0.100320935,1.0,0.8145599301745519
Microglia,OPC,Ucn3,Crhr2,0.058201104,1.0,0.0010456546,-0.0918952332292721,-0.1125227001677873,0.0073310845,0.068897076,1.0,0.8159863410448038
Inhibitory neuron,Pericyte,Crh,Crhr2,0.1539457,0.0,0.008216121,0.1498450865256327,0.0904995563836421,0.028550597,0.17178507,0.0068287549723572,0.8162981944650365
Pericyte,Microglia,Tac2,Tacr3,0.12411201,1.0,0.002230776,-0.2093794983401323,-0.1539795192291684,0.007002551,0.09753638,1.0,0.8171404060211995
Inhibitory neuron,Ependymal,Tac2,Tacr1,0.09178325,1.0,0.004605666,-0.0946626027989319,-0.3560033193903308,0.016357698,0.13441958,1.0,0.8171404060211995
Pericyte,Endothelial,Crh,Ramp3,0.08451328,1.0,0.004317395,0.0097617000429902,-0.0108191857226006,0.019019596,0.13070363,0.3101490162037037,0.8171404060211995
Inhibitory neuron,Inhibitory neuron,Gal,Galr1,0.1539326,0.0,0.010325456,0.1569647131256516,0.0953611530306755,0.059377458,0.18865529,0.0068287549723572,0.8190698569843384
Endothelial,Oligodendrocyte,Cck,Cckar,0.08443256,1.0,0.0037563671,-0.1235289497723806,-0.3590140568430202,0.005606116,0.12299688,1.0,0.819726325980362
Astrocyte,OPC,Crh,Crhr1,0.112954535,1.0,0.00460643,-0.1009001106476213,-0.1301242579857203,0.013322702,0.13442925,1.0,0.819726325980362
Astrocyte,Oligodendrocyte,Ucn3,Crhr1,0.053023707,1.0,0.0010507706,-0.17187451072811,-0.2535945667959972,0.0061315084,0.069053784,1.0,0.820957550798656
Endothelial,Inhibitory neuron,Ucn3,Crhr1,0.25680742,0.0,0.004625759,0.2006368284538733,0.3320811391651169,0.026992455,0.13467303,0.0068287549723572,0.8223174694278554
Oligodendrocyte,Oligodendrocyte,Cck,Cckar,0.08435522,1.0,0.0037343244,-0.1259844304730435,-0.3592805832651634,0.005573218,0.1226798,1.0,0.8223174694278554
Pericyte,Endothelial,Tac2,Tacr3,0.12376221,1.0,0.002224243,-0.210008180354976,-0.1806317902963498,0.006982044,0.09740736,1.0,0.8223174694278554
Astrocyte,Pericyte,Gal,Galr2,0.1537606,0.745,0.0049970383,-0.0372560859325306,-0.0083556901123436,0.014472658,0.13923539,0.1632074314973862,0.8246209315389883
Pericyte,Oligodendrocyte,Cck,Cckar,0.08434826,1.0,0.0037323406,-0.1262044277297339,-0.3593156217672134,0.005570258,0.12265121,1.0,0.8249142943460217
Endothelial,OPC,Trh,Trhr,0.085834675,1.0,0.004628248,-0.0517430817111805,-0.0716124787216296,0.0152439,0.13470438,0.7628644587208535,0.8249142943460217
Inhibitory neuron,Ependymal,Penk,Oprd1,0.14654167,1.0,0.015392327,0.0254044206405492,-0.0911697557729567,0.045270443,0.22112145,0.5971957451440062,0.8259212112420395
Microglia,Ependymal,Oxt,Avpr2,0.06360406,0.87,0.001055616,-0.0350097457763991,-0.0218606533723197,0.0070474595,0.06920181,0.6712032458086832,0.8259212112420395
OPC,Astrocyte,Tac2,Tacr3,0.18014553,1.0,0.0046946597,-0.0813373289875159,-0.0574125486912995,0.014736843,0.13553688,1.0,0.8274004417272627
Excitatory neuron,Excitatory neuron,Crh,Crhr1,0.15350765,0.995,0.0050913636,-0.0513853807006372,-0.0440248597716126,0.014725225,0.14035979,0.2541109107807412,0.8274004417272627
Ependymal,Endothelial,Gal,Galr2,0.14633656,1.0,0.002220221,-0.1020027530229236,0.0130161260437043,0.0064303093,0.09732784,1.0,0.827516580586481
Excitatory neuron,OPC,Tac2,Tacr3,0.16759227,1.0,0.004633275,-0.0979972522388398,-0.1125653882829603,0.014544153,0.13476768,1.0,0.827516580586481
Pericyte,Pericyte,Gal,Galr2,0.14897688,0.875,0.0022195296,-0.0969670256412582,-0.0147394869294511,0.0064283065,0.097314164,0.8534695036386483,0.8301243338859943
Endothelial,Excitatory neuron,Tac2,Tacr3,0.23499319,0.0,0.0046384516,-0.0052384435328712,0.0459435819989054,0.0145604005,0.13483278,0.0443271820048118,0.8301243338859943
Excitatory neuron,Excitatory neuron,Nts,Ntsr1,0.21542841,0.0,0.004681452,0.0876788953827652,0.2583148629172571,0.027954696,0.13537192,0.0068287549723572,0.8301825448964497
Astrocyte,Ependymal,Ucn3,Crhr1,0.053303413,1.0,0.0010569592,-0.1713227687730626,-0.2346483273169774,0.0061676195,0.06924277,1.0,0.8308772740931905
Astrocyte,Inhibitory neuron,Gal,Galr1,0.14338665,0.0,0.0046399073,0.0253296159252748,0.0628208172027993,0.026682202,0.1348511,0.019734339113452,0.8327375599813204
Oligodendrocyte,Excitatory neuron,Crh,Crhr1,0.1534272,0.995,0.0050447993,-0.0525113390324379,-0.0437106479345455,0.014590552,0.13980642,0.2541109107807412,0.8329672295730297
Microglia,OPC,Crh,Crhr1,0.11306177,1.0,0.0046500196,-0.0993994681805847,-0.1295096887320741,0.013448772,0.13497813,1.0,0.8353562646092196
Excitatory neuron,Ependymal,Tac2,Tacr1,0.08401144,1.0,0.0022185198,-0.2097891536414638,-0.3789730944569502,0.007879399,0.097294174,1.0,0.8353562646092196
OPC,Astrocyte,Tac2,Tacr1,0.0886872,1.0,0.0022181598,-0.2089877017024091,-0.3648820994373428,0.00787812,0.097287044,1.0,0.8353562646092196
Ependymal,Pericyte,Ucn3,Crhr2,0.15328732,0.0,0.007849565,0.4221074683522739,0.0921538469694113,0.055033285,0.1685626,0.0068287549723572,0.8357543626196151
Microglia,Ependymal,Oxt,Avpr1a,0.063759506,1.0,0.0010583906,-0.1041275124061668,-0.0809735735544652,0.00550364,0.069286406,1.0,0.8358258532075418
Astrocyte,OPC,Trh,Trhr,0.08594818,1.0,0.0046596136,-0.050736539445806,-0.0723563391541204,0.015347208,0.1350985,0.7531460934420893,0.8379804535064517
Microglia,Ependymal,Penk,Oprl1,0.15310812,1.0,0.002135539,-0.6362765522409624,-0.9457323156559566,0.001691039,0.095632926,1.0,0.8385441757790421
Oligodendrocyte,Astrocyte,Ucn3,Crhr1,0.065822504,1.0,0.0010596026,-0.1848682495638826,-0.2104334151252909,0.006183044,0.06932331,1.0,0.8407669002210779
Pericyte,Excitatory neuron,Trh,Trhr,0.15301314,0.0,0.0049879244,0.0680571565762353,0.1064766063655098,0.016428554,0.13912605,0.0238931451451351,0.8413365360258034
Ependymal,OPC,Nts,Ntsr1,0.10151442,1.0,0.0022038906,-0.1250374286514007,-0.1189787894046196,0.013160253,0.097004026,1.0,0.8432450768705975
Pericyte,Ependymal,Penk,Oprl1,0.15252556,1.0,0.001787081,-0.6407460156767375,-0.9471183468805368,0.0014151105,0.08820223,1.0,0.8441313098898793
Ependymal,Ependymal,Nts,Ntsr1,0.05214734,1.0,0.0010677298,-0.2184630144828409,-0.2494461370406655,0.006375813,0.0695702,1.0,0.8457004208703716
Inhibitory neuron,Endothelial,Crh,Ramp3,0.08358964,1.0,0.004063093,-0.0031643682573134,-0.0031782468913322,0.01789931,0.12729332,0.3618457721548137,0.8458857525160779
Endothelial,Inhibitory neuron,Ucn3,Crhr2,0.124419644,0.0,0.0021977674,0.0592690144736224,0.0767608526021473,0.015408546,0.09688223,0.0320473502205463,0.8458857525160779
Endothelial,OPC,Crh,Crhr1,0.11326733,1.0,0.004733578,-0.0965226190649305,-0.1292103698688141,0.013690437,0.13602126,1.0,0.84853193537743
Microglia,OPC,Gal,Galr1,0.08356966,1.0,0.0027505516,-0.0962120605718472,-0.1132597921795369,0.015817292,0.10715113,1.0,0.84853193537743
Astrocyte,Astrocyte,Penk,Oprk1,0.07160794,1.0,0.0010708024,-0.2639922276163779,-0.2307055105683827,0.003887484,0.06966326,1.0,0.8506263672020363
OPC,Inhibitory neuron,Crh,Ramp3,0.12000065,0.0,0.004737422,0.0465125090710734,0.0618128781654139,0.02086996,0.13606894,0.0108363132700477,0.8511836311914139
Inhibitory neuron,Oligodendrocyte,Tac2,Tacr3,0.094114184,1.0,0.0047454718,-0.1288934437800519,-0.2685012893050828,0.014896346,0.13616878,1.0,0.8538408456947892
Microglia,Endothelial,Gal,Galr2,0.15169257,1.0,0.0052718576,-0.0351486998701182,0.0212743281837087,0.015268602,0.14247468,0.6180306983426459,0.8553358971304242
Inhibitory neuron,Microglia,Penk,Oprd1,0.13936627,1.0,0.014408527,0.0121188504682522,-0.0618538156547051,0.042376984,0.21548615,0.5921289475488893,0.8555448524144988
Pericyte,Endothelial,Gal,Galr2,0.1462625,1.0,0.0021780245,-0.1029272261526935,0.0130523024772505,0.0063080974,0.09648819,1.0,0.8565035846243156
Ependymal,OPC,Crh,Crhr1,0.113310084,1.0,0.0047509545,-0.095924272702834,-0.129454330731437,0.013740695,0.1362367,1.0,0.8565035846243156
Inhibitory neuron,OPC,Tac2,Tacr1,0.15140955,1.0,0.008181961,-0.0072785147322116,-0.1896334532015036,0.029059436,0.17148887,1.0,0.858143298741527
Microglia,Microglia,Oxt,Avpr1a,0.06479264,1.0,0.0010768309,-0.1011532646808617,-0.0631580917217127,0.00559953,0.0698454,1.0,0.8604558284723729
Inhibitory neuron,Pericyte,Tac1,Tacr1,0.10185691,1.0,0.004824119,-0.111057447952845,-0.3405676430742581,0.011560798,0.1371384,1.0,0.8618454251508681
Astrocyte,OPC,Gal,Galr1,0.08292331,1.0,0.0025584127,-0.1042796471456949,-0.1150980210688875,0.014712381,0.103736155,1.0,0.8618454251508681
Astrocyte,Endothelial,Gal,Galr2,0.15104622,1.0,0.0049035936,-0.0432162864439659,0.0194360992943581,0.014202019,0.13810804,0.6869147204564895,0.8637653680561812
OPC,Oligodendrocyte,Penk,Oprl1,0.12819585,1.0,0.0048274733,-0.6176148636437667,-1.0403745229935109,0.0038226629,0.13717954,1.0,0.8645247712955941
Microglia,Endothelial,Ucn3,Crhr2,0.05983053,1.0,0.0010776236,-0.0879333329905829,-0.1011738539604753,0.0075552175,0.06986931,1.0,0.8653593011122297
Ependymal,Pericyte,Crh,Crhr2,0.15087628,0.0,0.006507216,0.1068896646208723,0.0757800597530861,0.02261224,0.15582559,0.0068287549723572,0.8665801354614441
Microglia,Inhibitory neuron,Oxt,Oxtr,0.12598088,0.0,0.002168973,0.0487034056765585,0.1231404445112189,0.0118239,0.09630682,0.1012854525488873,0.8672096648130101
Endothelial,Pericyte,Crh,Crhr2,0.15083355,0.0,0.0064834156,0.1062913182587757,0.0760240206157089,0.022529535,0.15558472,0.0068287549723572,0.8693973352203459
Oligodendrocyte,Endothelial,Tac2,Tacr1,0.077892244,1.0,0.0010822988,-0.2665237459451605,-0.3777051064943966,0.003843943,0.0700101,1.0,0.8702552760706421
Microglia,Pericyte,Crh,Crhr2,0.15062799,0.0,0.006368969,0.1034144691431216,0.075724701752449,0.02213184,0.15441838,0.0068287549723572,0.8722168327866271
Oligodendrocyte,Pericyte,Crh,Crhr2,0.14790376,0.0,0.004852247,0.0652894087718261,0.0707437507392207,0.016861308,0.13748275,0.0191310410009697,0.8725961169129521
Astrocyte,Microglia,Tac2,Tacr1,0.09894864,1.0,0.002165452,-0.2067214256273687,-0.303237056222055,0.007690921,0.09623614,1.0,0.8725961169129521
Oligodendrocyte,Pericyte,Tac2,Tacr3,0.078120396,1.0,0.0010856246,-0.3053765275479206,-0.2837192633963876,0.0034078462,0.070110045,1.0,0.8751437058032889
Astrocyte,Pericyte,Crh,Crhr2,0.15052074,0.0,0.0063092657,0.1019138266760849,0.0751101324988028,0.021924375,0.15380451,0.0068287549723572,0.8778632906017058
Excitatory neuron,Pericyte,Crh,Crhr2,0.1479842,0.0,0.004897034,0.0664153671036268,0.0704295389021537,0.01701694,0.1380284,0.0177771805717688,0.8780045908764302
Microglia,Astrocyte,Cck,Cckbr,0.08251647,1.0,0.003921199,0.0149844726827368,-0.2736183443271214,0.005925666,0.12533192,1.0,0.8780045908764302
Endothelial,Endothelial,Tac1,Tacr1,0.077904746,1.0,0.0010860123,-0.3476722609659304,-0.3791065921046116,0.0026025826,0.0701217,1.0,0.8800247026901538
Inhibitory neuron,Astrocyte,Tac2,Tacr1,0.09691234,1.0,0.0049133007,-0.0871456787919526,-0.3422494042716709,0.017450308,0.1382258,1.0,0.8834356045600738
Microglia,Inhibitory neuron,Trh,Trhr,0.15038478,0.0,0.010631848,0.1360874248109304,0.119748340801272,0.03501775,0.19090341,0.0068287549723572,0.8835191707678072
Endothelial,Pericyte,Tac1,Tacr3,0.0781329,1.0,0.0010893494,-0.3865250425686904,-0.2851207490066026,0.0023073188,0.07022179,1.0,0.8848982191052277
Inhibitory neuron,Excitatory neuron,Oxt,Avpr2,0.0824606,0.0,0.004400027,0.0594103562202423,-0.0129214577776927,0.02937528,0.13178444,0.0278777137193445,0.886159489827778
Ependymal,Oligodendrocyte,Cck,Cckar,0.082343295,1.0,0.0031609035,-0.1898247824560597,-0.3629746681912764,0.004717428,0.11398684,1.0,0.8888889683617509
OPC,OPC,Penk,Oprd1,0.13110563,1.0,0.00494655,-0.1431387679657778,-0.1431018700999833,0.014548319,0.13862799,1.0,0.8888889683617509
Inhibitory neuron,OPC,Tac1,Tacr1,0.15009184,1.0,0.0074629383,-0.0403677550562975,-0.201350029719372,0.017884616,0.16505279,1.0,0.8891845045755211
Microglia,Microglia,Ucn3,Crhr1,0.060525104,1.0,0.0010912508,-0.1766279040376352,-0.2035455032666564,0.0063677197,0.07027874,1.0,0.8897642607850831
Astrocyte,Inhibitory neuron,Crh,Ramp3,0.12048216,0.0,0.0049476493,0.0532511853636174,0.0616935706439176,0.021796081,0.13864124,0.0091305217997534,0.8916240458987521
Oligodendrocyte,OPC,Trh,Trhr,0.082284085,1.0,0.0036470531,-0.0832305176067595,-0.0788217833600214,0.0120121725,0.121412896,1.0,0.8916240458987521
OPC,Pericyte,Crh,Crhr2,0.15003924,0.0,0.006041183,0.0951751503835409,0.075229440020299,0.020992799,0.15100019,0.0068287549723572,0.8920207498112207
OPC,Endothelial,Penk,Oprd1,0.08222257,1.0,0.0029461146,-0.233647411551568,-0.2469640076928285,0.00866483,0.11048131,1.0,0.8943644887788295
OPC,Oligodendrocyte,Tac2,Tacr3,0.08588904,1.0,0.0021423919,-0.2507354666905084,-0.2911339844707547,0.0067251073,0.09577156,1.0,0.8943644887788295
Endothelial,Endothelial,Oxt,Avpr1a,0.056559596,1.0,0.0010928566,-0.1223801764403977,-0.0988367749120157,0.0056828633,0.0703268,1.0,0.8946227805115242
OPC,Pericyte,Tac1,Tacr3,0.08220715,1.0,0.0023030888,-0.2986184655275863,-0.2781710029274359,0.0048781047,0.098949455,1.0,0.897110781042346
Excitatory neuron,OPC,Nts,Ntsr1,0.101337895,1.0,0.0021362721,-0.1282324593676975,-0.1201431616031067,0.012756478,0.09564777,1.0,0.897110781042346
Oligodendrocyte,OPC,Nts,Ntsr1,0.09863095,1.0,0.0010993982,-0.1772264416278392,-0.1242118333385509,0.0065649166,0.07052214,1.0,0.8994738900120338
Astrocyte,Oligodendrocyte,Tac2,Tacr1,0.09745892,1.0,0.0021308155,-0.2089047524477378,-0.3738350381263554,0.007567904,0.09553721,1.0,0.9026202199445602
Pericyte,OPC,Penk,Oprk1,0.095254324,1.0,0.0011026502,-0.223585157174075,-0.1787782732094839,0.004003105,0.070619,1.0,0.9043175419869784
Microglia,Inhibitory neuron,Gal,Galr1,0.144033,0.0,0.004988368,0.0333972024991225,0.0646590460921499,0.028686056,0.13913137,0.0151189692794076,0.9081521695920818
Pericyte,Astrocyte,Penk,Oprd1,0.09527476,1.0,0.0011028944,-0.2516396433983306,-0.2112531695321927,0.0032437274,0.07062627,1.0,0.9091537421729304
Excitatory neuron,Excitatory neuron,Adcyap1,Ramp3,0.1467583,0.0,0.013535627,0.4597977782254254,0.1415044558319352,0.07346928,0.21025068,0.0024851970750413,0.9091537421729304
OPC,Endothelial,Tac1,Tacr1,0.081979,1.0,0.0022960335,-0.2597656839248262,-0.3721568460254449,0.0055023474,0.09881277,1.0,0.9109263579441312
Microglia,Inhibitory neuron,Crh,Ramp3,0.1205894,0.0,0.004994468,0.054751827830654,0.0623081398975638,0.022002332,0.13920456,0.0087929121331265,0.9109263579441312
Excitatory neuron,Ependymal,Penk,Oprk1,0.08189618,1.0,0.004702324,-0.1603349747865103,-0.2005376671578696,0.017071506,0.13563247,1.0,0.9137064330430642
Endothelial,OPC,Penk,Oprd1,0.12525181,1.0,0.0021162357,-0.1880499532925613,-0.1559278018138806,0.00622407,0.09524098,1.0,0.9137064330430642
Pericyte,OPC,Ucn3,Crhr2,0.05847086,1.0,0.0011031622,-0.0829416149868206,-0.1121130004014372,0.00773427,0.07063424,1.0,0.9139824963064616
Pericyte,Pericyte,Crh,Crhr1,0.081885725,1.0,0.0041525867,-0.1099192026088859,-0.1942633433721027,0.0120100975,0.1285084,1.0,0.9164921587748632
Microglia,Microglia,Tac2,Tacr1,0.098809555,1.0,0.0021136375,-0.208781780252325,-0.3023304199428757,0.007506894,0.09518807,1.0,0.9164921587748632
OPC,Pericyte,Ucn3,Crhr1,0.070371024,1.0,0.001103266,-0.1802678138676227,-0.1997821053795132,0.006437832,0.07063733,1.0,0.918803757575626
Excitatory neuron,Inhibitory neuron,Oxt,Avpr1a,0.13141496,0.0,0.013443657,0.1767765152951259,0.2357494169425074,0.06990713,0.2096852,0.0068287549723572,0.918803757575626
Inhibitory neuron,Oligodendrocyte,Tac1,Tacr1,0.105323225,1.0,0.005013753,-0.1059775301383432,-0.3601403211973834,0.012015248,0.13943562,1.0,0.9192835408762872
Pericyte,OPC,Ucn3,Crhr1,0.10679698,1.0,0.0021034505,-0.0769148203360086,-0.1262515471147271,0.012274158,0.09498022,1.0,0.9220805850840972
Excitatory neuron,Astrocyte,Penk,Oprk1,0.086212225,1.0,0.005022771,-0.1519461182812377,-0.2011491794699275,0.01823487,0.13954349,1.0,0.9220805850840972
Excitatory neuron,Excitatory neuron,Oxt,Avpr1a,0.13077302,0.0,0.013354353,0.1749283932694643,0.2015752931823497,0.06944275,0.20913349,0.0068287549723572,0.9236176368950948
Microglia,Inhibitory neuron,Oxt,Avpr2,0.06632207,0.72,0.0011041296,-0.0250118142091874,-0.0220378355532468,0.0073713437,0.07066301,0.5789575018665577,0.9236176368950948
Excitatory neuron,Pericyte,Tac2,Tacr3,0.08169901,1.0,0.002151711,-0.2523652269993217,-0.2777171529533987,0.006754361,0.095959656,1.0,0.924883297135052
Excitatory neuron,Pericyte,Gal,Galr2,0.14850804,0.885,0.0019473159,-0.1028190440801314,-0.018180777507036,0.005639908,0.09171671,1.0,0.926233580584374
Ependymal,Inhibitory neuron,Gal,Galr1,0.13867699,0.0,0.0021008307,-0.0334568506536828,0.0564008439521455,0.012081015,0.09492667,0.0893637549922387,0.927691682765912
Endothelial,Pericyte,Oxt,Avpr2,0.05717072,0.98,0.0011058943,-0.0568952654902108,-0.0390165837346532,0.007383126,0.07071547,0.5713019707506393,0.9284240873717968
Microglia,Microglia,Cck,Cckar,0.14834818,1.0,0.0077102757,0.0219122448268915,-0.167467244574762,0.011507048,0.16731171,1.0,0.929099208719119
Inhibitory neuron,Excitatory neuron,Ucn3,Crhr1,0.148027,0.98,0.001918909,-0.0536262078208307,-0.0398138719131615,0.011197312,0.09110645,0.2340530958435048,0.9319670167935736
Endothelial,Ependymal,Ucn3,Crhr2,0.064933285,1.0,0.0011067875,-0.0853675520331509,-0.089737427367718,0.0077596866,0.070742,1.0,0.9332231147423042
Endothelial,Inhibitory neuron,Crh,Ramp3,0.12079496,0.0,0.0050842157,0.0576286769463082,0.0626074587608238,0.0223977,0.14027506,0.0085731001985767,0.9333252514147192
Excitatory neuron,Endothelial,Tac2,Tacr1,0.08147086,1.0,0.0021451192,-0.2135124453965616,-0.3717029960514078,0.0076187057,0.095826656,1.0,0.9333252514147192
Microglia,Oligodendrocyte,Tac2,Tacr1,0.097319834,1.0,0.0020798298,-0.210965107072694,-0.372928401847176,0.0073868204,0.09449595,1.0,0.9361506917090252
Excitatory neuron,Endothelial,Ucn3,Crhr1,0.05273565,1.0,0.0011074415,-0.160526388784546,-0.2386509190357594,0.0064621964,0.07076142,1.0,0.9380146725185434
Inhibitory neuron,Microglia,Tac1,Tacr1,0.10681295,1.0,0.0050952523,-0.1037942033179741,-0.289542339293083,0.012210557,0.14040586,1.0,0.938981828529775
Endothelial,OPC,Gal,Galr1,0.08143631,1.0,0.002116378,-0.1228405191643556,-0.117140773996095,0.012170421,0.09524388,1.0,0.938981828529775
OPC,Ependymal,Tac2,Tacr1,0.083558105,1.0,0.002079275,-0.2165046257093885,-0.3786360145560027,0.0073848492,0.09448454,1.0,0.938981828529775
Microglia,Endothelial,Cck,Cckar,0.1474146,1.0,0.007656542,0.0203185014847874,-0.1863342531819216,0.011426855,0.16682512,1.0,0.9405832804685184
Ependymal,Inhibitory neuron,Crh,Ramp3,0.12083771,0.0,0.0051028794,0.0582270233084047,0.0623634978982009,0.022479922,0.14049615,0.0086824844646645,0.941818667613728
Astrocyte,Astrocyte,Cck,Cckbr,0.081414595,1.0,0.0036209298,-0.0199792196188129,-0.2743521887326798,0.0054719024,0.12103,1.0,0.941818667613728
Endothelial,Ependymal,Penk,Oprk1,0.06771171,1.0,0.0011088436,-0.2691601761268006,-0.2279549920386296,0.00402559,0.07080303,1.0,0.9427988709671902
Astrocyte,Microglia,Cck,Cckar,0.1472463,1.0,0.0071198544,-0.0130514474746582,-0.1682010889803204,0.010625885,0.16183549,1.0,0.943459693473757
Endothelial,Astrocyte,Cck,Cckbr,0.08130692,1.0,0.0035915873,-0.0233953039987526,-0.2746632525943234,0.0054275603,0.12059789,1.0,0.9446612146976456
Ependymal,OPC,Cck,Cckbr,0.1261225,1.0,0.005103027,-0.0081205907823772,-0.1798287768195696,0.0077116285,0.1404979,1.0,0.9446612146976456
Endothelial,Microglia,Cck,Cckar,0.14713863,1.0,0.007062158,-0.016467531854598,-0.168512152841964,0.010539778,0.1612844,1.0,0.9463381034149144
Endothelial,Oligodendrocyte,Penk,Oprl1,0.122342035,1.0,0.0020652923,-0.6625260489705501,-1.053200454707408,0.0016354137,0.09419628,1.0,0.9475092267295118
Inhibitory neuron,Oligodendrocyte,Gal,Galr2,0.08585679,1.0,0.0051101954,-0.0778734425897814,-0.1561041433425186,0.01480039,0.14058267,1.0,0.9475092267295118
Ependymal,Endothelial,Tac2,Tacr1,0.07800628,1.0,0.0011161661,-0.2648344472913164,-0.3766115798946772,0.0039642276,0.07101986,1.0,0.9475756635192958
Oligodendrocyte,Microglia,Cck,Cckar,0.14706129,1.0,0.007020716,-0.0189230125552609,-0.1687786792641072,0.010477928,0.16088673,1.0,0.94921875
Oligodendrocyte,Astrocyte,Cck,Cckbr,0.08122958,1.0,0.0035705112,-0.0258507846994155,-0.2749297790164667,0.005395711,0.120286144,1.0,0.950363206524304
Oligodendrocyte,Inhibitory neuron,Ucn3,Crhr2,0.12414083,0.0,0.0020641205,0.0500148694929993,0.0761861546523024,0.014471547,0.09417208,0.046998482700431,0.950363206524304
Pericyte,Microglia,Cck,Cckar,0.14705433,1.0,0.0070169866,-0.0191430098119513,-0.1688137177661572,0.010472363,0.16085085,1.0,0.9521014962111584
Oligodendrocyte,Ependymal,Tac2,Tacr1,0.080432825,1.0,0.0011193323,-0.2628004541900627,-0.3849752048999391,0.003975473,0.071113355,1.0,0.9523450559114328
Endothelial,Inhibitory neuron,Oxt,Avpr1a,0.10196927,0.0,0.0020616257,0.0083503244943682,0.0295309681164766,0.01072047,0.09412051,0.1507073880327358,0.9532229115288388
Pericyte,Astrocyte,Cck,Cckbr,0.08122262,1.0,0.0035686146,-0.0260707819561059,-0.2749648175185167,0.005392845,0.120258026,1.0,0.9532229115288388
Astrocyte,Inhibitory neuron,Trh,Trhr,0.14678898,0.0,0.008763075,0.1041987140840198,0.1134018216490786,0.028862637,0.1764184,0.0068287549723572,0.9549862046641122
OPC,Excitatory neuron,Crh,Ramp3,0.12895787,0.0,0.005126191,0.0696954243423757,0.1035364615410905,0.022582619,0.14077157,0.0068287549723572,0.956088347479876
Ependymal,Pericyte,Tac2,Tacr3,0.078234434,1.0,0.001119596,-0.3036872288940765,-0.2826257367966682,0.0035144847,0.071121134,1.0,0.9571070538801733
Inhibitory neuron,Astrocyte,Penk,Oprd1,0.1265639,1.0,0.012653231,-0.0115850854331717,-0.1290282084482959,0.037214473,0.20470853,0.8328371198027636,0.9571070538801733
Inhibitory neuron,Pericyte,Oxt,Oxtr,0.093399644,0.58,0.0051323664,0.0034250185488521,-0.062815188532017,0.027978487,0.14084439,0.1502582424872709,0.9589595201141756
Pericyte,Inhibitory neuron,Gal,Galr1,0.13860293,0.0,0.0020609032,-0.0343813237834527,0.0564370203856917,0.0118514085,0.09410557,0.099905091761851,0.9589595201141756
Inhibitory neuron,Pericyte,Crh,Crhr1,0.08096211,1.0,0.0039079925,-0.1228452709091896,-0.1866224045408343,0.011302682,0.12514709,1.0,0.9618364351684972
Inhibitory neuron,OPC,Penk,Oprk1,0.12654346,1.0,0.012650428,0.0164694007910839,-0.0965533121255872,0.045926627,0.20469052,0.5680602344901352,0.9618616113408772
Endothelial,Ependymal,Tac1,Tacr1,0.08044533,1.0,0.0011231729,-0.3439489692108326,-0.3863766905101541,0.0026916363,0.07122656,1.0,0.9618616113408772
Endothelial,Inhibitory neuron,Trh,Trhr,0.14667548,0.0,0.008704088,0.1031921718186453,0.1141456820815694,0.028668353,0.17592825,0.0068287549723572,0.963652995485488
OPC,Inhibitory neuron,Crh,Crhr2,0.13068537,0.0,0.0052011693,0.0481176374021467,0.0739626950925057,0.018073795,0.14165203,0.0135205545900845,0.964719098379601
Ependymal,OPC,Tac2,Tacr1,0.14017317,1.0,0.0020507171,-0.1737270674694983,-0.2175118121113925,0.0072834217,0.093894586,1.0,0.964719098379601
Excitatory neuron,Oligodendrocyte,Ucn3,Crhr1,0.053405408,1.0,0.0011232825,-0.159204930358807,-0.2502787109366368,0.0065546324,0.07122979,1.0,0.9666088377530402
Astrocyte,Pericyte,Tac2,Tacr1,0.093992606,1.0,0.0020502221,-0.2139846702622396,-0.3542623600032301,0.0072816648,0.09388432,1.0,0.967607263189682
Endothelial,Excitatory neuron,Oxt,Avpr1a,0.10132733,0.0,0.0020479304,0.0065022024687067,-0.0046431556436811,0.0106492555,0.093836755,0.1563938383899225,0.9705014394217936
Microglia,Microglia,Cck,Cckbr,0.08091355,1.0,0.00382894,0.012196866013597,-0.2448775721999603,0.005786245,0.12403267,1.0,0.9705014394217936
Endothelial,Astrocyte,Ucn3,Crhr1,0.06610132,1.0,0.0011282093,-0.1756141045832594,-0.209858717175446,0.0065833814,0.0713747,1.0,0.9713486869514604
Astrocyte,Endothelial,Cck,Cckar,0.14631273,1.0,0.0070702354,-0.0146451908167623,-0.18706809758748,0.010551833,0.16136172,1.0,0.972338292552899
Microglia,Microglia,Penk,Oprk1,0.0826367,1.0,0.0011291421,-0.2447722173925369,-0.1827305336816451,0.004099283,0.071402095,1.0,0.97608116467271
Excitatory neuron,Inhibitory neuron,Adcyap1,Ramp3,0.1378011,0.0,0.012509088,0.4366148629541231,0.0997808724562585,0.06789739,0.20377748,0.0063097647878521,0.97608116467271
Endothelial,Endothelial,Cck,Cckar,0.14620505,1.0,0.007012941,-0.018061275196702,-0.1873791614491236,0.010466325,0.16081195,1.0,0.9781384222953792
Ependymal,Endothelial,Crh,Ramp3,0.08052024,1.0,0.0032179935,-0.0461197901620738,-0.0178977435218883,0.0141763585,0.114893876,0.7086406341268927,0.9792185832645336
Excitatory neuron,Ependymal,Ucn3,Crhr1,0.053685114,1.0,0.001129898,-0.1586531884037595,-0.2313324714576171,0.0065932353,0.07142428,1.0,0.9808062251537694
Oligodendrocyte,Endothelial,Cck,Cckar,0.14612772,1.0,0.006971788,-0.0205167558973649,-0.1876456878712668,0.010404907,0.16041522,1.0,0.9810415334646324
Endothelial,Endothelial,Crh,Ramp3,0.08047749,1.0,0.0032062235,-0.0467181365241703,-0.0176537826592654,0.014124508,0.11470769,0.7149127656055934,0.9821358553834476
Pericyte,Endothelial,Cck,Cckar,0.14612076,1.0,0.0069680847,-0.0207367531540554,-0.1876807263733168,0.01039938,0.16037942,1.0,0.9839464912609708
Inhibitory neuron,Pericyte,Tac2,Tacr1,0.10317462,1.0,0.005288903,-0.0779682076287592,-0.3288510665563898,0.018784314,0.142672,1.0,0.9850586604969184
Pericyte,OPC,Gal,Galr1,0.07813959,1.0,0.0011363678,-0.1639905868544225,-0.1214818178859951,0.0065347846,0.071613856,1.0,0.985523977210643
Excitatory neuron,Endothelial,Gal,Galr2,0.14579366,1.0,0.0019109012,-0.1087792445915667,0.0096110118996656,0.0055344417,0.09093346,1.0,0.9868535377090704
OPC,Pericyte,Tac2,Tacr3,0.081245676,1.0,0.0020166591,-0.2590806990672464,-0.2773800730524512,0.006330425,0.09318458,1.0,0.9879875144739544
Pericyte,Endothelial,Ucn3,Crhr2,0.060100287,1.0,0.0011368892,-0.0789797147481314,-0.1007641541941252,0.00797073,0.0716291,1.0,0.990234375
Ependymal,Pericyte,Ucn3,Crhr1,0.08030372,1.0,0.0037336398,0.1494171109174515,-0.1849681139550651,0.021786716,0.122669935,0.5584307049315388,0.9909221682376096
Ependymal,Microglia,Cck,Cckar,0.14504936,1.0,0.005942656,-0.0827633645382771,-0.1724727641902202,0.008869,0.1499492,1.0,0.9926733435023928
OPC,OPC,Nts,Ntsr1,0.101016395,1.0,0.002013124,-0.1340514040926276,-0.1195750337622242,0.012021115,0.09311049,1.0,0.9938626275246444
Astrocyte,Endothelial,Penk,Oprd1,0.075948946,1.0,0.0011395134,-0.2817795048732013,-0.2619289456244209,0.003351428,0.0717058,1.0,0.9949373729993786
OPC,Endothelial,Tac2,Tacr1,0.081017524,1.0,0.0020104812,-0.2202279174644862,-0.3713659161504603,0.007140519,0.09305503,1.0,0.9968088980718186
Microglia,Endothelial,Crh,Ramp3,0.08027193,1.0,0.0031496265,-0.0495949856398245,-0.0179531015225253,0.01387518,0.113806486,0.7434915620600439,0.9968088980718186
Excitatory neuron,Endothelial,Penk,Oprd1,0.09055323,1.0,0.0053450717,-0.1697333955380611,-0.2323726145259657,0.015720412,0.1433193,1.0,0.9968088980718186
Oligodendrocyte,Pericyte,Ucn3,Crhr1,0.0705111,1.0,0.0011403625,-0.1756179749604289,-0.1996690613443806,0.0066542984,0.07173059,1.0,0.9996331307224522
Astrocyte,Endothelial,Crh,Ramp3,0.08016469,1.0,0.0031201018,-0.0510956281068612,-0.0185676707761716,0.013745112,0.113332406,0.7563784650122922,0.9997609856158914
Astrocyte,OPC,Ucn3,Crhr2,0.058827434,1.0,0.0011791781,-0.0711063525521257,-0.1115736701663431,0.008267217,0.07285297,1.0,1.0
Microglia,OPC,Trh,Trhr,0.089543976,1.0,0.0056533013,-0.0188478287188954,-0.066009820001927,0.018620083,0.1467956,0.6326773832752377,1.0
Microglia,OPC,Ucn3,Crhr1,0.10652723,1.0,0.0019937984,-0.0858684385784601,-0.1266612468810772,0.011634309,0.09270401,1.0,1.0
Microglia,Oligodendrocyte,Adcyap1,Ramp3,0.06522529,1.0,0.0018647207,-0.1224763351946348,-0.0910860495809416,0.0101214135,0.08992737,1.0,1.0
Microglia,Oligodendrocyte,Cck,Cckbr,0.06743813,1.0,0.0030533352,-0.011237744939911,-0.3187225183851567,0.004614161,0.11225012,1.0,1.0
Microglia,Microglia,Penk,Oprd1,0.10865968,1.0,0.0015007742,-0.2234662440611315,-0.1426927455140217,0.0044139335,0.08142905,1.0,1.0
Microglia,Oligodendrocyte,Crh,Ramp3,0.06849397,1.0,0.0026106923,-0.0800779841311931,-0.0897872317613262,0.011500989,0.104680285,0.9923859231898592,1.0
Microglia,Oligodendrocyte,Gal,Galr2,0.07595718,1.0,0.002468805,-0.2014409532163105,-0.1868062502810442,0.0071502696,0.1020904,1.0,1.0
Microglia,OPC,Penk,Oprk1,0.09583688,1.0,0.0013176528,-0.2191156937382999,-0.1773922419849037,0.0047836597,0.076692976,1.0,1.0
Microglia,Oligodendrocyte,Penk,Oprl1,0.12153535,1.0,0.0016846507,-0.6687150210795426,-1.0519163641821858,0.0013340005,0.08585741,1.0,1.0
Microglia,Oligodendrocyte,Tac1,Tacr1,0.09647792,1.0,0.001771194,-0.2968248588670577,-0.3761963509702307,0.004244592,0.08784381,1.0,1.0
Microglia,Oligodendrocyte,Crh,Crhr1,0.05893192,1.0,0.0021731532,-0.206194421007381,-0.2573920386484382,0.006285187,0.09639063,1.0,1.0
Microglia,OPC,Penk,Oprd1,0.12444513,1.0,0.001726205,-0.1942389254015538,-0.1546437112886583,0.005076949,0.086818494,1.0,1.0
OPC,Ependymal,Crh,Crhr2,0.07119901,1.0,0.0026192896,-0.0965189291046265,-0.0925355848773596,0.009101897,0.10483445,1.0,1.0
Microglia,OPC,Nts,Ntsr1,0.1000835,1.0,0.0016557869,-0.1509361672515056,-0.1209306889890048,0.009887321,0.08518164,1.0,1.0
Microglia,OPC,Crh,Ramp3,0.069393896,1.0,0.0026518707,-0.0777488986979611,-0.0842945283026658,0.011682395,0.105415925,0.9593626716279148,1.0
Microglia,OPC,Crh,Crhr2,0.06473565,1.0,0.0024387194,-0.1054262628313967,-0.1153711420187842,0.0084744245,0.10152979,1.0,1.0
Microglia,OPC,Cck,Cckbr,0.12942131,1.0,0.006620902,0.0965550185827914,-0.1748232572041114,0.010005422,0.15696815,1.0,1.0
Microglia,OPC,Adcyap1,Ramp3,0.066125214,1.0,0.0018941329,-0.1201472497614028,-0.0855933461222813,0.010281059,0.09056982,1.0,1.0
Microglia,Microglia,Tac1,Tacr1,0.09796764,1.0,0.001799985,-0.2946415320466887,-0.3055983690659303,0.0043135886,0.088491976,1.0,1.0
Astrocyte,Oligodendrocyte,Cck,Cckbr,0.06633626,1.0,0.0028195232,-0.0462014372414609,-0.3194563627907151,0.004260827,0.108341604,1.0,1.0
Inhibitory neuron,Endothelial,Adcyap1,Ramp3,0.074742645,1.0,0.0016272491,-0.1388226963416584,-0.0268320789426683,0.008832456,0.0845067,1.0,1.0
Endothelial,Ependymal,Crh,Crhr1,0.05941719,1.0,0.0022252323,-0.2027658299366794,-0.2381464803061585,0.006435809,0.09742693,1.0,1.0
Endothelial,Ependymal,Crh,Crhr2,0.07199331,1.0,0.0028110296,-0.0854027612293917,-0.0917410042819497,0.009768182,0.10819597,1.0,1.0
Ependymal,Microglia,Tac1,Tacr1,0.11688671,1.0,0.008848175,0.1135589130545789,-0.2769104778501414,0.021204282,0.1771216,0.5857235564164254,1.0
Ependymal,Microglia,Gal,Galr2,0.1208973,1.0,0.0018236972,-0.1578596114437347,-0.0359005926305649,0.005281878,0.08902123,1.0,1.0
Microglia,Microglia,Nts,Ntsr1,0.08903693,1.0,0.001464782,-0.1718414500606257,-0.1249341682698389,0.00874676,0.080525786,1.0,1.0
Astrocyte,Oligodendrocyte,Adcyap1,Ramp3,0.064238414,1.0,0.0016394975,-0.1429198427470701,-0.0933110093833587,0.008898937,0.084797226,1.0,1.0
Astrocyte,Oligodendrocyte,Crh,Crhr1,0.05882469,1.0,0.002152782,-0.2076950634744177,-0.2580066079020844,0.006226269,0.09598125,1.0,1.0
OPC,Endothelial,Oxt,Oxtr,0.055768576,1.0,0.0015896757,-0.1197220848682371,-0.1242826418254841,0.008665929,0.083607405,1.0,1.0
Astrocyte,Pericyte,Crh,Crhr1,0.07753715,1.0,0.003000998,-0.1707765307587374,-0.2020118284256736,0.008679477,0.11139154,1.0,1.0
OPC,Ependymal,Crh,Crhr1,0.05862288,1.0,0.0020734495,-0.2138819978119143,-0.2389410609015684,0.005996824,0.09436458,1.0,1.0
Astrocyte,OPC,Crh,Crhr2,0.064628415,1.0,0.0024158587,-0.1069269052984334,-0.1159857112724304,0.0083949845,0.101101026,1.0,1.0
Astrocyte,OPC,Crh,Ramp3,0.06928666,1.0,0.0026270119,-0.0792495411649978,-0.0849090975563121,0.011572883,0.10497267,0.988690638385826,1.0
OPC,Endothelial,Penk,Oprk1,0.0661903,1.0,0.0022900274,-0.2385838699619014,-0.2448561687693411,0.008313808,0.0986962,1.0,1.0
Ependymal,Microglia,Crh,Crhr1,0.06730796,1.0,0.0026003048,-0.1866837381620091,-0.2063385871170162,0.0075205923,0.10449361,1.0,1.0
OPC,Endothelial,Oxt,Avpr1a,0.05961386,1.0,0.001718689,-0.104910160043796,-0.0922383135341145,0.008937198,0.08664567,1.0,1.0
OPC,Endothelial,Nts,Ntsr1,0.06324321,1.0,0.00121904,-0.2055359236930262,-0.219487170585072,0.0072793434,0.07398378,1.0,1.0
Microglia,Oligodendrocyte,Trh,Trhr,0.061589345,1.0,0.0033657998,-0.0900361749379797,-0.1300925907523451,0.0110858185,0.11719708,1.0,1.0
Microglia,Oligodendrocyte,Tac1,Tacr3,0.08395117,1.0,0.0015290969,-0.3528300128328523,-0.2962738955957985,0.003238735,0.082131006,1.0,1.0
Microglia,Ependymal,Crh,Crhr1,0.059211627,1.0,0.0021859522,-0.2056426790523336,-0.2384457991694185,0.006322203,0.09664667,1.0,1.0
Microglia,Microglia,Crh,Crhr1,0.06705965,1.0,0.0025450608,-0.1901589336397598,-0.2063939451176533,0.007360816,0.10349315,1.0,1.0
Astrocyte,Oligodendrocyte,Crh,Ramp3,0.06838673,1.0,0.0025862195,-0.0815786265982297,-0.0904018010149724,0.011393178,0.10423976,1.0,1.0
Microglia,Inhibitory neuron,Oxt,Avpr1a,0.10109799,0.0,0.0017248412,0.0033667060513655,0.0294535068101452,0.008969188,0.086787164,0.2874567472542524,1.0
Microglia,Ependymal,Crh,Crhr2,0.07178775,1.0,0.0027614085,-0.0882796103450459,-0.0920403231452097,0.009595753,0.10733972,1.0,1.0
Microglia,Inhibitory neuron,Crh,Crhr2,0.13127412,0.0,0.0054833773,0.0563569561617274,0.0744579568246556,0.019054454,0.14489473,0.0082511419855247,1.0
Astrocyte,Oligodendrocyte,Penk,Oprl1,0.12192222,1.0,0.0018671954,-0.6657469569654,-1.0553394609251034,0.0014785496,0.08998165,1.0,1.0
Astrocyte,Oligodendrocyte,Tac1,Tacr1,0.09655504,1.0,0.0017994656,-0.2951610401508863,-0.3773434406318535,0.004312344,0.08848033,1.0,1.0
Astrocyte,Oligodendrocyte,Tac1,Tacr3,0.08402829,1.0,0.0015535041,-0.3511661941166809,-0.2974209852574213,0.0032904313,0.082729876,1.0,1.0
Microglia,Excitatory neuron,Oxt,Oxtr,0.08820942,0.99,0.0014947944,-0.0485446543838566,-0.0590815098765575,0.008148694,0.08127986,0.4273635875369767,1.0
Microglia,Excitatory neuron,Oxt,Avpr2,0.070186004,0.13,0.0011730965,-0.0107991117632539,-0.0229992911362529,0.007831777,0.07267853,0.4763097695849428,1.0
Microglia,Excitatory neuron,Oxt,Avpr1a,0.10045605,0.0,0.0017133832,0.0015185840257039,-0.0047206169500124,0.008909607,0.086523406,0.3060966560155161,1.0
Astrocyte,Oligodendrocyte,Tac2,Tacr3,0.08493217,1.0,0.0018395631,-0.2649099064135324,-0.2939125827519231,0.005774509,0.08937309,1.0,1.0
Microglia,Excitatory neuron,Crh,Ramp3,0.12954661,0.0,0.005404331,0.0779347431019564,0.1040317232732405,0.02380792,0.14399749,0.0068287549723572,1.0
Astrocyte,Oligodendrocyte,Trh,Trhr,0.057993546,1.0,0.002774189,-0.1219248856648903,-0.1364391099045385,0.0091372505,0.10756115,1.0,1.0
Microglia,Ependymal,Ucn3,Crhr2,0.065253206,1.0,0.0011840147,-0.0747485807429213,-0.0891918812942128,0.008301127,0.07299133,1.0,1.0
Microglia,Ependymal,Tac2,Tacr1,0.08246215,1.0,0.0017426481,-0.2327394200573687,-0.3805079765579919,0.00618927,0.08719503,1.0,1.0
Microglia,Ependymal,Tac1,Tacr1,0.08162023,1.0,0.0014840483,-0.3185991718517323,-0.3837759256810465,0.0035564592,0.08101087,1.0,1.0
Astrocyte,Pericyte,Cck,Cckbr,0.07251891,1.0,0.003148128,-0.0354494358294559,-0.2816974186086989,0.0047574104,0.113782495,1.0,1.0
Astrocyte,Oligodendrocyte,Gal,Galr2,0.07531083,1.0,0.0022963476,-0.2095085397901582,-0.1886444791703949,0.0066507896,0.09881885,1.0,1.0
Ependymal,Microglia,Cck,Cckbr,0.07761474,1.0,0.0029511363,-0.0924787433515716,-0.2498830918154185,0.004459719,0.11056502,1.0,1.0
Ependymal,Oligodendrocyte,Cck,Cckbr,0.06413932,1.0,0.0023533427,-0.1159133543050797,-0.3237280380006149,0.0035563412,0.0999159,1.0,1.0
Endothelial,Microglia,Cck,Cckbr,0.079704,1.0,0.0035070833,-0.0261829106678925,-0.2459224804671624,0.005299859,0.11934102,1.0,1.0
Ependymal,OPC,Crh,Crhr2,0.06498396,1.0,0.0024916553,-0.101951067353646,-0.1153157840181471,0.008658374,0.102513455,1.0,1.0
Ependymal,OPC,Adcyap1,Ramp3,0.06502547,1.0,0.0016391929,-0.1429289479516936,-0.0873872776623668,0.008897284,0.08479002,1.0,1.0
Ependymal,Microglia,Ucn3,Crhr1,0.06971899,1.0,0.0031367114,0.1285340655693925,-0.189964799900691,0.01830349,0.11359945,0.9375175944079528,1.0
Ependymal,Microglia,Tac2,Tacr3,0.12320112,1.0,0.0017955772,-0.2228728599933173,-0.1558256130139411,0.005636434,0.088393144,1.0,1.0
Endothelial,OPC,Adcyap1,Ramp3,0.065766804,1.0,0.0018110467,-0.1275718974940321,-0.0863931995286569,0.00983008,0.08873937,1.0,1.0
Ependymal,Ependymal,Crh,Crhr2,0.07203606,1.0,0.0028213486,-0.0848044148672952,-0.0919849651445726,0.009804041,0.108372875,1.0,1.0
Inhibitory neuron,Astrocyte,Penk,Oprk1,0.10192767,1.0,0.009275422,-0.0313751972011366,-0.1464434839661487,0.033673868,0.18058433,1.0,1.0
Ependymal,Astrocyte,Crh,Crhr1,0.0732041,1.0,0.0028759558,-0.1750509674174037,-0.2121062549523006,0.008317829,0.10930254,1.0,1.0
Endothelial,Pericyte,Ucn3,Crhr1,0.07078992,1.0,0.0012141982,-0.1663638299798057,-0.1990943633945357,0.0070851482,0.07384756,1.0,1.0
Endothelial,Pericyte,Tac2,Tacr3,0.07951908,1.0,0.0015022994,-0.2846572641026678,-0.2811112350984689,0.004715816,0.08146704,1.0,1.0
Endothelial,Pericyte,Tac2,Tacr1,0.09322289,1.0,0.0017787262,-0.2253867955746371,-0.3552149237680793,0.006317407,0.088013984,1.0,1.0
Endothelial,Pericyte,Tac1,Tacr1,0.0918367,1.0,0.0012897924,-0.3272545740406598,-0.359224437676213,0.003090933,0.075939745,1.0,1.0
Endothelial,OPC,Tac1,Tacr1,0.14007163,1.0,0.0019953158,-0.2565648811441122,-0.2200068243213269,0.00478169,0.09273601,1.0,1.0
Endothelial,Pericyte,Oxt,Oxtr,0.08199633,0.955,0.0016355233,-0.0618008309916414,-0.0728155605842458,0.008915861,0.084703095,0.3045096384574323,1.0
Endothelial,Pericyte,Oxt,Avpr1a,0.06251937,1.0,0.0012200023,-0.1052224827539533,-0.0790076722365561,0.006344022,0.07401082,1.0,1.0
Endothelial,Pericyte,Crh,Crhr1,0.07784995,1.0,0.003083832,-0.1663990391760465,-0.2010979403087674,0.008919049,0.11274625,1.0,1.0
Endothelial,Pericyte,Cck,Cckbr,0.07241123,1.0,0.0031226168,-0.0388655202093956,-0.2820084824703425,0.0047188583,0.113372914,1.0,1.0
Endothelial,Oligodendrocyte,Trh,Trhr,0.057880044,1.0,0.0027555148,-0.1229314279302648,-0.1356952494720477,0.009075744,0.107237406,1.0,1.0
Endothelial,Oligodendrocyte,Tac2,Tacr3,0.084162444,1.0,0.0015959633,-0.2763120317259299,-0.2948651465167723,0.005009833,0.08375876,1.0,1.0
Endothelial,Oligodendrocyte,Tac2,Tacr1,0.096689194,1.0,0.0018486471,-0.2203068777601353,-0.3747876018912046,0.0065657413,0.08957374,1.0,1.0
Endothelial,Oligodendrocyte,Tac1,Tacr3,0.08277626,1.0,0.001157267,-0.3781798101919525,-0.298874660424906,0.002451173,0.07222205,1.0,1.0
Endothelial,Oligodendrocyte,Tac1,Tacr1,0.095303014,1.0,0.0013404936,-0.3221746562261579,-0.3787971157993383,0.0032124363,0.07730366,1.0,1.0
Endothelial,Oligodendrocyte,Gal,Galr2,0.07382383,1.0,0.0018995915,-0.2280694118088189,-0.1906872320976023,0.0055016866,0.09068841,1.0,1.0
Endothelial,Oligodendrocyte,Crh,Ramp3,0.06869953,1.0,0.0026576049,-0.0772011350155389,-0.0894879128980662,0.011707654,0.105517834,0.9557261274342238,1.0
Endothelial,Oligodendrocyte,Crh,Crhr1,0.059137482,1.0,0.0022122036,-0.2033175718917269,-0.2570927197851783,0.006398128,0.09716904,1.0,1.0
Endothelial,Oligodendrocyte,Cck,Cckbr,0.06622858,1.0,0.002796675,-0.0496175216214006,-0.3197674266523587,0.004226299,0.10794923,1.0,1.0
Endothelial,Oligodendrocyte,Adcyap1,Ramp3,0.06486688,1.0,0.0017829246,-0.1299009829272641,-0.0918859029873172,0.009677437,0.088108644,1.0,1.0
Ependymal,OPC,Crh,Ramp3,0.0696422,1.0,0.0027094332,-0.0742737032202104,-0.0842391703020288,0.011935976,0.10643278,0.9232945942476144,1.0
Ependymal,OPC,Gal,Galr1,0.07821365,1.0,0.0011583834,-0.1630661137246526,-0.1215179943195414,0.006661388,0.07225435,1.0,1.0
Ependymal,OPC,Gal,Galr2,0.111127816,1.0,0.0016714195,-0.179310683364637,-0.0971601040078358,0.0048408443,0.08554849,1.0,1.0
Endothelial,Inhibitory neuron,Oxt,Avpr2,0.067193344,0.66,0.0013197168,-0.0200281957661846,-0.0219603742469155,0.008810638,0.07674841,0.3272975336313311,1.0
Endothelial,Microglia,Crh,Crhr1,0.06726521,1.0,0.0025907939,-0.1872820845241056,-0.2060946262543933,0.007493085,0.10432229,1.0,1.0
Ependymal,Inhibitory neuron,Crh,Crhr2,0.13152242,0.0,0.0056024017,0.0598321516394781,0.0745133148252927,0.019468056,0.14623015,0.0072430829060492,1.0
Endothelial,Microglia,Nts,Ntsr1,0.08866673,1.0,0.0013393383,-0.1785417981876196,-0.1261648617460274,0.007997689,0.07727292,1.0,1.0
Endothelial,Microglia,Oxt,Avpr1a,0.06566391,1.0,0.0012870879,-0.0961696462378589,-0.0630806304153814,0.006692868,0.075866126,1.0,1.0
Endothelial,Microglia,Penk,Oprd1,0.10946636,1.0,0.0018398694,-0.217277271952139,-0.1439768360392439,0.005411248,0.08937986,1.0,1.0
Endothelial,Microglia,Penk,Oprk1,0.08344338,1.0,0.0013842683,-0.2385832452835444,-0.1840146242068673,0.005025503,0.0784575,1.0,1.0
Endothelial,Microglia,Tac1,Tacr1,0.096792735,1.0,0.0013622834,-0.3199913294057889,-0.3081991338950379,0.003264655,0.07788069,1.0,1.0
Endothelial,Microglia,Tac1,Tacr3,0.12309958,1.0,0.0017470687,-0.3057106736679312,-0.1583206252238755,0.0037004144,0.08729592,1.0,1.0
Ependymal,Excitatory neuron,Crh,Ramp3,0.12979493,0.0,0.0055216393,0.081409938579707,0.1040870812738776,0.024324702,0.14532605,0.0068287549723572,1.0
Endothelial,Microglia,Tac2,Tacr1,0.09817892,1.0,0.0018786971,-0.2181235509397662,-0.3041896199869042,0.006672468,0.0902334,1.0,1.0
Ependymal,Ependymal,Ucn3,Crhr2,0.07444708,1.0,0.0034033537,0.2304133888641064,-0.0756111779282474,0.023860909,0.117772296,0.4010078887680974,1.0
Ependymal,Ependymal,Ucn3,Crhr1,0.061870962,1.0,0.0026941209,0.1130503201568186,-0.2220166539524562,0.015720863,0.10616356,1.0,1.0
Ependymal,Ependymal,Tac2,Tacr1,0.08054686,1.0,0.0011543586,-0.2611111555362186,-0.3838816783002197,0.0040998734,0.07213779,1.0,1.0
Ependymal,Inhibitory neuron,Ucn3,Crhr2,0.13393345,0.0,0.0067580994,0.3750499553708797,0.0908871020416179,0.047381025,0.15832995,0.0068287549723572,1.0
Ependymal,Ependymal,Tac1,Tacr1,0.100539304,1.0,0.0072951275,0.0896012732495353,-0.3550880344652576,0.017482465,0.16349167,1.0,1.0
Ependymal,Microglia,Tac1,Tacr3,0.14319356,1.0,0.011347397,0.1278395687924367,-0.1270319691789791,0.024034586,0.1959844,0.3873377243459861,1.0
Endothelial,OPC,Cck,Cckbr,0.12821177,1.0,0.006064356,0.0581752419013019,-0.1758681654713134,0.009164376,0.15124577,1.0,1.0
Ependymal,Microglia,Tac2,Tacr1,0.09689427,1.0,0.0014001081,-0.237153515731175,-0.3057041216851036,0.0049726893,0.07886981,1.0,1.0
Ependymal,Oligodendrocyte,Tac2,Tacr3,0.0828778,1.0,0.0011893994,-0.2953419965173386,-0.2963796482149717,0.0037336021,0.073144995,1.0,1.0
Ependymal,Oligodendrocyte,Tac2,Tacr1,0.09540455,1.0,0.0013777133,-0.239336842551544,-0.3763021035894039,0.0048931506,0.07828607,1.0,1.0
Ependymal,Oligodendrocyte,Tac1,Tacr3,0.10287024,1.0,0.007516573,0.0553704322684153,-0.2675860043800095,0.01592063,0.1655468,1.0,1.0
Ependymal,Oligodendrocyte,Tac1,Tacr1,0.11539699,1.0,0.008706648,0.1113755862342099,-0.3475084597544418,0.020865116,0.17594957,0.6174335110218073,1.0
Ependymal,Oligodendrocyte,Crh,Ramp3,0.06874228,1.0,0.002667361,-0.0766027886534424,-0.0897318737606891,0.011750633,0.10569088,0.9484727907192492,1.0
Ependymal,Oligodendrocyte,Crh,Crhr1,0.05918023,1.0,0.0022203245,-0.2027192255296304,-0.2573366806478011,0.0064216154,0.09732989,1.0,1.0
Ependymal,Oligodendrocyte,Adcyap1,Ramp3,0.064125545,1.0,0.0016137394,-0.1452580333849256,-0.0928799811210271,0.008759126,0.084184766,1.0,1.0
Ependymal,OPC,Ucn3,Crhr2,0.06739499,1.0,0.003005649,0.2132667363777555,-0.0989419968018219,0.021072602,0.11146821,0.5936000409205687,1.0
Ependymal,OPC,Ucn3,Crhr1,0.11572111,1.0,0.0057310103,0.2192935310285675,-0.1130805435151118,0.03344187,0.14765261,0.1119664598058498,1.0
Ependymal,OPC,Trh,Trhr,0.07521835,1.0,0.001694459,-0.1458915037390133,-0.0883903427545413,0.005580981,0.08608551,1.0,1.0
Ependymal,Microglia,Nts,Ntsr1,0.09046785,1.0,0.0019496587,-0.1459427114605208,-0.1229822686854537,0.01164214,0.0917668,1.0,1.0
OPC,Ependymal,Oxt,Avpr1a,0.067685045,1.0,0.0019894857,-0.0816738775665623,-0.0742976508702328,0.010345343,0.09261299,1.0,1.0
Inhibitory neuron,OPC,Gal,Galr2,0.12638344,1.0,0.008214925,0.0111108804146974,-0.0581997949293057,0.023792457,0.1717747,0.5640491396026432,1.0
OPC,Ependymal,Oxt,Oxtr,0.050929297,1.0,0.0014273128,-0.1321815666839765,-0.1411227870444413,0.007780827,0.07957167,1.0,1.0
Microglia,Astrocyte,Gal,Galr1,0.061267372,1.0,0.0019251188,-0.1440192641495835,-0.1684701726166022,0.011070567,0.09124031,1.0,1.0
Microglia,Astrocyte,Crh,Crhr1,0.07295579,1.0,0.0028148554,-0.1785261628951544,-0.2121616129529377,0.008141115,0.1082616,1.0,1.0
Astrocyte,Pericyte,Tac1,Tacr3,0.07938492,1.0,0.0014623322,-0.3595114264934189,-0.2836670738391179,0.0030973225,0.080463834,1.0,1.0
Inhibitory neuron,Pericyte,Ucn3,Crhr2,0.14250356,0.0,0.0018456671,0.0641745399834333,0.0746405267606048,0.012939971,0.089507975,0.0740407354092828,1.0
Inhibitory neuron,Pericyte,Penk,Oprd1,0.09373362,1.0,0.00815196,-0.0723714643480458,-0.2032644513827532,0.023975765,0.17122808,1.0,1.0
Inhibitory neuron,Pericyte,Oxt,Avpr2,0.06857404,0.46,0.00347036,0.0083305840502827,-0.0290162116824243,0.023168676,0.118788965,0.1447573833706878,1.0
Inhibitory neuron,Pericyte,Oxt,Avpr1a,0.073922694,1.0,0.0038284378,-0.0399966332134598,-0.0690073001843272,0.019907909,0.12402555,0.6504946322870528,1.0
Inhibitory neuron,Pericyte,Nts,Ntsr1,0.056315165,1.0,0.0025984251,-0.0414477700867653,-0.2413016688961101,0.015516166,0.104459785,1.0,1.0
Inhibitory neuron,Pericyte,Gal,Galr1,0.054589164,1.0,0.002714796,-0.0559880413281401,-0.1737329928211904,0.015611677,0.10652684,1.0,1.0
Astrocyte,Pericyte,Tac2,Tacr3,0.080288805,1.0,0.0017316029,-0.2732551387902703,-0.2801586713336197,0.005435615,0.08694233,1.0,1.0
Inhibitory neuron,Microglia,Tac2,Tacr3,0.1344375,1.0,0.0071640033,-0.0564243072560306,-0.1279472541040523,0.022488276,0.16225517,1.0,1.0
Inhibitory neuron,Microglia,Tac1,Tacr3,0.13311979,1.0,0.0065344376,-0.0895135475801164,-0.1396638306219206,0.013840399,0.15610033,1.0,1.0
Microglia,Endothelial,Tac2,Tacr1,0.079921566,1.0,0.0016849919,-0.2364627118124664,-0.3732378781524494,0.0059844954,0.085865356,1.0,1.0
Inhibitory neuron,Excitatory neuron,Oxt,Avpr1a,0.112730645,0.0,0.006426524,0.0717280520092002,0.0053572164085477,0.03341798,0.15500663,0.0241288340664897,1.0
Endothelial,Endothelial,Penk,Oprd1,0.076368764,1.0,0.0012604083,-0.2785585968783515,-0.2597899394067257,0.0037069924,0.0751351,1.0,1.0
Inhibitory neuron,Ependymal,Penk,Oprk1,0.09761162,1.0,0.008683661,-0.0397640537064092,-0.1458319716540909,0.031525515,0.17575802,1.0,1.0
Inhibitory neuron,Ependymal,Oxt,Oxtr,0.059278354,1.0,0.0028480394,-0.0844257335400846,-0.1377208763701137,0.01552575,0.10882863,1.0,1.0
Inhibitory neuron,Ependymal,Oxt,Avpr2,0.07587865,0.01,0.003959384,0.0351997222070971,-0.0117828200137595,0.026433473,0.12586404,0.1109165515572092,1.0
Inhibitory neuron,Ependymal,Oxt,Avpr1a,0.0760341,1.0,0.003969791,-0.0339180444226705,-0.0708957401959051,0.020642946,0.12600853,0.6534896952848003,1.0
Inhibitory neuron,Ependymal,Nts,Ntsr1,0.062582865,1.0,0.0030043,-0.0295863837518481,-0.2240282957010918,0.017939797,0.11144598,1.0,1.0
Inhibitory neuron,Ependymal,Crh,Crhr2,0.075105466,1.0,0.0035622825,-0.0418489929625348,-0.0772654685140166,0.0123787485,0.120164104,0.6869147204564895,1.0
Inhibitory neuron,Ependymal,Crh,Crhr1,0.06252934,1.0,0.00281993,-0.1592120616698225,-0.2236709445382254,0.008155792,0.10834858,1.0,1.0
Endothelial,Endothelial,Tac1,Tacr3,0.12274978,1.0,0.0017419523,-0.3063393556827749,-0.1849728962910569,0.0036895776,0.08717915,1.0,1.0
Endothelial,Endothelial,Tac2,Tacr1,0.07929093,1.0,0.0014976973,-0.2458044824999077,-0.3750970781964779,0.0053192913,0.081352316,1.0,1.0
Inhibitory neuron,Endothelial,Tac2,Tacr3,0.13408771,1.0,0.007143023,-0.0570529892708743,-0.1545995251712337,0.022422416,0.16205595,1.0,1.0
Inhibitory neuron,Endothelial,Tac1,Tacr3,0.13276999,1.0,0.006515301,-0.0901422295949601,-0.166316101689102,0.013799866,0.15590726,1.0,1.0
Inhibitory neuron,Endothelial,Penk,Oprk1,0.090236396,1.0,0.007672465,-0.0540989328682934,-0.1755590800986995,0.027854426,0.16696955,1.0,1.0
Microglia,Astrocyte,Penk,Oprd1,0.095857315,1.0,0.0013179446,-0.2471701799625556,-0.2098671383076125,0.0038762125,0.076700814,1.0,1.0
Astrocyte,Pericyte,Tac1,Tacr1,0.09308872,1.0,0.0017314048,-0.3002409579653882,-0.3577707625087283,0.004149239,0.08693779,1.0,1.0
Microglia,Astrocyte,Tac1,Tacr1,0.08674932,1.0,0.0015831752,-0.311082247844753,-0.3700220105623865,0.0037940126,0.08345058,1.0,1.0
Microglia,Astrocyte,Tac2,Tacr1,0.08759124,1.0,0.0018590481,-0.2252224960503893,-0.3667540614393319,0.0066026817,0.089802764,1.0,1.0
Inhibitory neuron,Oligodendrocyte,Crh,Ramp3,0.07181169,1.0,0.003367855,-0.033647366748682,-0.0750123771301331,0.014836548,0.11722867,0.6777118371372539,1.0
Inhibitory neuron,Oligodendrocyte,Crh,Crhr1,0.06224964,1.0,0.0028034193,-0.15976380362487,-0.2426171840172451,0.00810804,0.10806525,1.0,1.0
Inhibitory neuron,Oligodendrocyte,Cck,Cckar,0.07559783,1.0,0.0012383672,-0.4038683039940881,-0.3760185286886391,0.0018481766,0.07452442,1.0,1.0
Inhibitory neuron,Oligodendrocyte,Adcyap1,Ramp3,0.062964685,1.0,0.0013488096,-0.169305694833027,-0.0986662091814692,0.0073211286,0.07752452,1.0,1.0
Inhibitory neuron,OPC,Ucn3,Crhr1,0.10493735,1.0,0.0013475318,-0.138639397340273,-0.1305938637239183,0.0078631835,0.077490635,1.0,1.0
Inhibitory neuron,OPC,Trh,Trhr,0.07372326,1.0,0.001281295,-0.1591504595124908,-0.1024482923645873,0.004220157,0.07570815,1.0,1.0
Endothelial,Astrocyte,Crh,Crhr1,0.07316135,1.0,0.0028654367,-0.1756493137795002,-0.2118622940896777,0.008287406,0.1091243,1.0,1.0
Inhibitory neuron,OPC,Oxt,Oxtr,0.073343866,1.0,0.003789687,-0.0482117757793314,-0.104380537700803,0.020659031,0.12347397,1.0,1.0
Inhibitory neuron,OPC,Oxt,Avpr2,0.060759053,0.995,0.0029471682,-0.0204157853485748,-0.0549120064452261,0.019675763,0.11049888,0.2541109107807412,1.0
Inhibitory neuron,OPC,Oxt,Avpr1a,0.072296314,1.0,0.0037195564,-0.0446789171521408,-0.0863184569036672,0.019341724,0.12246672,0.7661180669410735,1.0
Inhibitory neuron,OPC,Nts,Ntsr1,0.11194994,1.0,0.0062011457,0.063839202079592,-0.0935609480650459,0.037029356,0.15268305,0.7114774300058098,1.0
Ependymal,Astrocyte,Cck,Cckbr,0.07921766,1.0,0.0030222447,-0.0896911366824318,-0.2786238639425796,0.0045671775,0.111741185,1.0,1.0
Inhibitory neuron,OPC,Gal,Galr1,0.09346927,1.0,0.0056933844,0.0273554500546818,-0.0825576852410113,0.03274032,0.14723861,0.7275430214685334,1.0
Inhibitory neuron,Endothelial,Penk,Oprd1,0.106268674,1.0,0.0098706065,-0.0491624744579601,-0.1776669190221869,0.029030483,0.18523158,1.0,1.0
Inhibitory neuron,OPC,Crh,Ramp3,0.07271161,1.0,0.0034209762,-0.03131828131545,-0.0695196736714727,0.015070566,0.11804087,0.6504946322870528,1.0
Inhibitory neuron,OPC,Crh,Crhr1,0.116379485,1.0,0.0059986357,-0.0529688507980736,-0.114734834100881,0.017349234,0.1505477,1.0,1.0
Inhibitory neuron,OPC,Cck,Cckbr,0.11937703,1.0,0.0019992453,-0.2221641123204056,-0.1928726373169323,0.0030212335,0.09281881,1.0,1.0
Inhibitory neuron,OPC,Adcyap1,Ramp3,0.0638646,1.0,0.0013700844,-0.166976609399795,-0.0931735057228088,0.007436605,0.078085974,1.0,1.0
Endothelial,Astrocyte,Gal,Galr1,0.05913403,1.0,0.0014812589,-0.170647722742092,-0.1723511544331602,0.008518112,0.08094087,1.0,1.0
Inhibitory neuron,Oligodendrocyte,Penk,Oprd1,0.08199829,1.0,0.00654296,-0.0940997958515224,-0.2566698614697099,0.019243529,0.15618621,1.0,1.0
Inhibitory neuron,Oligodendrocyte,Tac2,Tacr1,0.106640935,1.0,0.0054968074,-0.0728882898142573,-0.348423744679515,0.01952272,0.14504634,1.0,1.0
Inhibitory neuron,Microglia,Tac2,Tacr1,0.108130656,1.0,0.0055861585,-0.0707049629938883,-0.2778257627752147,0.019840062,0.146049,1.0,1.0
Astrocyte,Pericyte,Ucn3,Crhr1,0.07173617,1.0,0.001464784,-0.1349559780124297,-0.1975997873195863,0.008547379,0.08052584,1.0,1.0
Microglia,Endothelial,Crh,Crhr2,0.06636508,1.0,0.0025132785,-0.1014643625927075,-0.1040222958114722,0.008733514,0.10291163,1.0,1.0
Microglia,Endothelial,Crh,Crhr1,0.058262162,1.0,0.0021425067,-0.20751587943312,-0.2457642467475608,0.0061965506,0.095773876,1.0,1.0
Microglia,Endothelial,Cck,Cckbr,0.070334956,1.0,0.0032200678,-0.0062000044795116,-0.299164594127216,0.004866125,0.11492664,1.0,1.0
Microglia,Endothelial,Adcyap1,Ramp3,0.07700325,1.0,0.0022496614,-0.0919933367032662,-0.0192519193421407,0.012210813,0.09790803,1.0,1.0
Microglia,Astrocyte,Ucn3,Crhr1,0.06642125,1.0,0.0012069313,-0.1649951332930298,-0.2093131711019408,0.0070427437,0.073642544,1.0,1.0
Inhibitory neuron,OPC,Crh,Crhr2,0.068053365,1.0,0.003146006,-0.0589956454488856,-0.1005962873875911,0.010932208,0.1137485,1.0,1.0
Inhibitory neuron,Endothelial,Oxt,Oxtr,0.06411763,1.0,0.0031720158,-0.0719662517243453,-0.1208807311511564,0.017291868,0.114164166,1.0,1.0
Inhibitory neuron,Endothelial,Oxt,Avpr1a,0.067962915,1.0,0.003429447,-0.0571543268999042,-0.0888364028597869,0.017833155,0.11816967,0.8258839678681703,1.0
Inhibitory neuron,Endothelial,Nts,Ntsr1,0.07417676,1.0,0.0037550817,-0.0076453175208064,-0.1934730848878937,0.022422995,0.12297842,1.0,1.0
OPC,Astrocyte,Oxt,Avpr1a,0.05609114,1.0,0.0016004981,-0.1150516209992565,-0.0940534667600238,0.008322604,0.08386769,1.0,1.0
OPC,Astrocyte,Nts,Ntsr1,0.063339666,1.0,0.0012210677,-0.2053533985731377,-0.2233702198443896,0.0072914516,0.07404073,1.0,1.0
OPC,Astrocyte,Gal,Galr1,0.05864421,1.0,0.0013793475,-0.176761720979413,-0.1724320556435385,0.00793206,0.078328855,1.0,1.0
OPC,Astrocyte,Crh,Crhr1,0.07236704,1.0,0.0026699859,-0.1867654816547351,-0.2126568746850876,0.007722124,0.105737366,1.0,1.0
OPC,Astrocyte,Cck,Cckbr,0.07479777,1.0,0.0018177859,-0.2299405861289311,-0.2851310418044871,0.0027470146,0.08888967,1.0,1.0
Microglia,Pericyte,Ucn3,Crhr1,0.071109846,1.0,0.0012989201,-0.1557448586895761,-0.1985488173210305,0.0075795217,0.076187536,1.0,1.0
Microglia,Pericyte,Tac2,Tacr3,0.08014972,1.0,0.0016901696,-0.2753154934152266,-0.2792520350544404,0.005305553,0.08598585,1.0,1.0
Microglia,Pericyte,Tac2,Tacr1,0.09385352,1.0,0.002001165,-0.2160450248871959,-0.3533557237240508,0.0071074306,0.092859216,1.0,1.0
Microglia,Pericyte,Tac1,Tacr3,0.0793078,1.0,0.0014393573,-0.3611752452095902,-0.282519984177495,0.0030486605,0.07987994,1.0,1.0
Microglia,Pericyte,Tac1,Tacr1,0.0930116,1.0,0.0017042026,-0.3019047766815596,-0.3566236728471054,0.0040840497,0.08631132,1.0,1.0
Astrocyte,OPC,Penk,Oprd1,0.124832,1.0,0.0019132524,-0.1912708612874112,-0.1580668080315758,0.0056270747,0.0909843,1.0,1.0
Microglia,Pericyte,Oxt,Oxtr,0.08112505,0.98,0.0013683463,-0.0667844494346441,-0.0728930218905771,0.0074593774,0.078040294,0.5562189227526878,1.0
Astrocyte,OPC,Penk,Oprk1,0.09622374,1.0,0.0014604304,-0.2161476296241573,-0.1808153387278211,0.0053020054,0.08041571,1.0,1.0
OPC,Astrocyte,Penk,Oprk1,0.07788157,1.0,0.002768468,-0.2158601342947446,-0.2157405726367902,0.010050757,0.10746211,1.0,1.0
Microglia,Pericyte,Gal,Galr1,0.04468955,1.0,0.0013115549,-0.1795555519546692,-0.204435099759716,0.0075422134,0.0765289,1.0,1.0
Microglia,Pericyte,Cck,Cckbr,0.07362078,1.0,0.0034091899,-0.000485743527906,-0.2809635742031405,0.0051519237,0.11786134,1.0,1.0
OPC,Endothelial,Cck,Cckbr,0.06261626,1.0,0.0014927561,-0.2511250632911796,-0.3106772916045817,0.0022558337,0.08122892,1.0,1.0
OPC,Endothelial,Crh,Crhr2,0.06577633,1.0,0.00238393,-0.1097036813522882,-0.1045175575436221,0.008284033,0.100498065,1.0,1.0
Microglia,Oligodendrocyte,Tac2,Tacr3,0.08479308,1.0,0.0017955465,-0.2669702610384886,-0.2930059464727438,0.0056363377,0.088392444,1.0,1.0
OPC,Endothelial,Crh,Ramp3,0.079683185,1.0,0.0029875275,-0.0578343043994052,-0.0184483632546753,0.013161078,0.111169085,0.8292705308884212,1.0
Astrocyte,Microglia,Penk,Oprd1,0.10904654,1.0,0.0016633944,-0.2204981799469889,-0.1461158422569391,0.0048922165,0.08536042,1.0,1.0
Astrocyte,Microglia,Penk,Oprk1,0.08302356,1.0,0.0012514931,-0.2418041532783943,-0.1861536304245625,0.004543471,0.07488883,1.0,1.0
Astrocyte,Microglia,Tac1,Tacr1,0.09804476,1.0,0.0018287161,-0.2929777133305173,-0.3067454587275532,0.0043824413,0.08913272,1.0,1.0
OPC,Excitatory neuron,Oxt,Avpr2,0.07411154,0.0,0.0022051013,0.0116545230763505,-0.0163233684520204,0.014721606,0.097028084,0.041771406301719,1.0
Astrocyte,Microglia,Ucn3,Crhr1,0.061151434,1.0,0.0012305967,-0.1558390233604888,-0.2025964732652122,0.0071808374,0.074307635,1.0,1.0
Astrocyte,OPC,Adcyap1,Ramp3,0.06513833,1.0,0.0016653573,-0.1405907573138382,-0.0878183059246983,0.0090393005,0.08540647,1.0,1.0
Astrocyte,OPC,Cck,Cckbr,0.12831944,1.0,0.0061139003,0.0615913262812416,-0.1755571016096698,0.009239247,0.15176876,1.0,1.0
OPC,Ependymal,Penk,Oprk1,0.07356552,1.0,0.002591843,-0.2242489908000172,-0.2151290603247324,0.00940953,0.10434121,1.0,1.0
Microglia,Pericyte,Crh,Crhr1,0.077644385,1.0,0.0030293958,-0.1692758882917007,-0.2013972591720274,0.008761608,0.11185852,1.0,1.0
OPC,Ependymal,Oxt,Avpr2,0.0675296,0.445,0.00198427,-0.0125561109367946,-0.0151847306880872,0.013247302,0.09250274,0.1420642962588246,1.0
Astrocyte,OPC,Nts,Ntsr1,0.10022725,1.0,0.0017108505,-0.1483341861783169,-0.1217207739528389,0.010216126,0.08646497,1.0,1.0
OPC,Endothelial,Crh,Crhr1,0.057673417,1.0,0.0020322402,-0.2157551981927007,-0.2462595084797108,0.0058776382,0.09351027,1.0,1.0
Inhibitory neuron,Endothelial,Crh,Crhr2,0.06968279,1.0,0.003242189,-0.0550337452101964,-0.0892474411802791,0.011266439,0.11527529,0.8191316315612418,1.0
Inhibitory neuron,Endothelial,Crh,Crhr1,0.06157988,1.0,0.0027638844,-0.1610852620506089,-0.2309893921163677,0.007993697,0.10738266,1.0,1.0
Inhibitory neuron,Excitatory neuron,Crh,Ramp3,0.13286433,0.0,0.006971715,0.1243653604844674,0.1188065779044336,0.03071278,0.16041452,0.0068287549723572,1.0
Inhibitory neuron,Excitatory neuron,Oxt,Oxtr,0.10048401,0.0,0.0056066457,0.0216648135996396,-0.0490036765179974,0.030563965,0.1462774,0.0641573736944505,1.0
Inhibitory neuron,Microglia,Penk,Oprk1,0.11334328,1.0,0.010840587,-0.009187122863153,-0.1018916038223285,0.039356105,0.19240952,0.7867197438115171,1.0
Endothelial,Endothelial,Crh,Crhr2,0.06657064,1.0,0.0025584407,-0.0985875134770533,-0.1037229769482122,0.008890449,0.103736654,1.0,1.0
Inhibitory neuron,Microglia,Oxt,Avpr1a,0.07706723,1.0,0.004038956,-0.0309437966973654,-0.0530802583631525,0.021002607,0.12696274,0.575192448375399,1.0
Inhibitory neuron,Microglia,Nts,Ntsr1,0.10090337,1.0,0.005485807,0.0429339192704719,-0.09756442734588,0.0327578,0.14492218,0.9465252471174612,1.0
Inhibitory neuron,Microglia,Gal,Galr2,0.13615292,1.0,0.008963361,0.0325619523355997,0.0030597164479651,0.025960112,0.17806612,0.2776213636051833,1.0
Inhibitory neuron,Microglia,Crh,Crhr1,0.070377365,1.0,0.0032831887,-0.1437283162572487,-0.1916190904864602,0.009495627,0.11591765,1.0,1.0
Inhibitory neuron,Microglia,Cck,Cckbr,0.070869274,1.0,0.0011561854,-0.3065222648896,-0.2629269523127813,0.0017472125,0.07219072,1.0,1.0
Inhibitory neuron,Inhibitory neuron,Ucn3,Crhr2,0.12314969,0.0,0.001589031,0.0171170270020391,0.0733737818328114,0.011140696,0.08359187,0.1294977089854319,1.0
Endothelial,Astrocyte,Penk,Oprd1,0.096664,1.0,0.0016157301,-0.2409812078535631,-0.2111512288328347,0.004752031,0.08423229,1.0,1.0
OPC,Endothelial,Adcyap1,Ramp3,0.07593566,1.0,0.0019557213,-0.1141089984903104,-0.0209491707179757,0.010615352,0.09189626,1.0,1.0
Endothelial,Astrocyte,Penk,Oprk1,0.07202776,1.0,0.0011844075,-0.260771319621528,-0.2285665043506875,0.0042999205,0.073002554,1.0,1.0
Endothelial,Astrocyte,Tac2,Tacr1,0.0869606,1.0,0.0016524064,-0.2345642667378306,-0.3686132614833604,0.005868763,0.08510205,1.0,1.0
Inhibitory neuron,Inhibitory neuron,Oxt,Oxtr,0.13825548,0.0,0.008135341,0.1189128736600548,0.133218277869779,0.04434885,0.17108333,0.0068287549723572,1.0
Inhibitory neuron,Inhibitory neuron,Oxt,Avpr2,0.07859667,0.0,0.0041413475,0.0451976537743088,-0.0119600021946866,0.027648292,0.12835671,0.0276150280239342,1.0
Inhibitory neuron,Inhibitory neuron,Oxt,Avpr1a,0.11337259,0.0,0.0064695003,0.0735761740348618,0.0395313401687054,0.033641458,0.15544362,0.0175898074443718,1.0
Inhibitory neuron,Inhibitory neuron,Crh,Ramp3,0.12390712,0.0,0.006442982,0.1011824452131651,0.0770829945287569,0.028383529,0.15517421,0.0068287549723572,1.0
Inhibitory neuron,Inhibitory neuron,Crh,Crhr2,0.13459183,0.0,0.007073687,0.1027875735442385,0.0892328114558487,0.024580697,0.16139477,0.0068287549723572,1.0
Endothelial,Endothelial,Adcyap1,Ramp3,0.07664484,1.0,0.0021509798,-0.0994179844358955,-0.0200517727485163,0.0116751855,0.09594492,1.0,1.0
Pericyte,Pericyte,Ucn3,Crhr1,0.071379595,1.0,0.0013703564,-0.1467912404471246,-0.1981391175546804,0.007996371,0.07809312,1.0,1.0
Endothelial,Endothelial,Cck,Cckbr,0.069125414,1.0,0.0029493924,-0.0445797811610011,-0.300209502394418,0.0044570835,0.11053597,1.0,1.0
Endothelial,Endothelial,Crh,Crhr1,0.058467723,1.0,0.0021810061,-0.2046390303174658,-0.2454649278843009,0.0063078986,0.096547835,1.0,1.0
Microglia,Endothelial,Tac1,Tacr1,0.07907965,1.0,0.001434948,-0.3223224636068301,-0.376505827275504,0.0034387924,0.079767264,1.0,1.0
Astrocyte,Pericyte,Gal,Galr1,0.044043202,1.0,0.0012199366,-0.1876231385285169,-0.2062733286490666,0.0070153545,0.074008964,1.0,1.0
Astrocyte,Microglia,Nts,Ntsr1,0.08918068,1.0,0.0015134937,-0.169239468987437,-0.125724253233673,0.009037636,0.08174523,1.0,1.0
Endothelial,Astrocyte,Tac1,Tacr1,0.08557442,1.0,0.0011981952,-0.3364320452038533,-0.3726227753914941,0.002871424,0.07339513,1.0,1.0
Endothelial,OPC,Penk,Oprk1,0.09664356,1.0,0.0016153724,-0.2129267216293074,-0.178676332510126,0.005864513,0.084223755,1.0,1.0
Endothelial,OPC,Ucn3,Crhr1,0.1062073,1.0,0.001863753,-0.0964874098686897,-0.1272067929545824,0.010875463,0.089906126,1.0,1.0
Ependymal,Astrocyte,Nts,Ntsr1,0.06383769,1.0,0.0013367779,-0.1963394231319107,-0.2227739754867851,0.0079824,0.077204734,1.0,1.0
Oligodendrocyte,Astrocyte,Tac2,Tacr1,0.085561916,1.0,0.001194098,-0.2552835301830833,-0.3712212897812791,0.0042410144,0.07327875,1.0,1.0
Astrocyte,Excitatory neuron,Crh,Ramp3,0.12943938,0.0,0.00535367,0.0764341006349197,0.1034171540195943,0.023584742,0.14341801,0.0068287549723572,1.0
Pericyte,Excitatory neuron,Crh,Ramp3,0.13378796,0.0,0.0074080625,0.1372914287847711,0.1111656390731652,0.03263504,0.16454488,0.0068287549723572,1.0
Oligodendrocyte,Endothelial,Adcyap1,Ramp3,0.0749765,1.0,0.001691636,-0.1339782312685128,-0.0231692166409364,0.009181938,0.08601994,1.0,1.0
Oligodendrocyte,Endothelial,Cck,Cckbr,0.06904808,1.0,0.0029320847,-0.047035261861664,-0.3004760288165612,0.0044309287,0.11024697,1.0,1.0
Oligodendrocyte,Endothelial,Crh,Crhr1,0.05553794,1.0,0.0016322847,-0.2456409398044155,-0.2507451977607891,0.0047208886,0.084626295,1.0,1.0
Oligodendrocyte,Endothelial,Crh,Crhr2,0.063640855,1.0,0.0019147601,-0.139589422964003,-0.1090032468247004,0.006653693,0.09101687,1.0,1.0
Pericyte,Inhibitory neuron,Crh,Ramp3,0.12483074,0.0,0.006846237,0.1141085135134688,0.0694420556974885,0.030160006,0.15919524,0.0077348017416566,1.0
Pericyte,Ependymal,Tac2,Tacr1,0.08145776,1.0,0.0014341434,-0.2476177938830336,-0.382035584515447,0.0050935703,0.079746686,1.0,1.0
Astrocyte,Inhibitory neuron,Crh,Crhr2,0.13116688,0.0,0.0054319757,0.0548563136946907,0.0738433875710094,0.018875837,0.14431223,0.0089043898182132,1.0
Pericyte,Inhibitory neuron,Crh,Crhr2,0.13551545,0.0,0.0075164167,0.1157136418445422,0.0815918726245803,0.026119161,0.16554539,0.0068287549723572,1.0
Astrocyte,Endothelial,Crh,Crhr2,0.06625784,1.0,0.0024897188,-0.1029650050597442,-0.1046368650651184,0.008651645,0.102477685,1.0,1.0
Astrocyte,Endothelial,Adcyap1,Ramp3,0.076016374,1.0,0.0019779447,-0.1124368442557016,-0.0214768791445578,0.0107359765,0.09236882,1.0,1.0
Astrocyte,Endothelial,Cck,Cckbr,0.06923309,1.0,0.0029734883,-0.0411636967810614,-0.2998984385327744,0.004493497,0.11093658,1.0,1.0
Astrocyte,Endothelial,Crh,Crhr1,0.05815493,1.0,0.0021224227,-0.2090165219001567,-0.2463788160012071,0.0061384635,0.095366836,1.0,1.0
Oligodendrocyte,Endothelial,Tac2,Tacr3,0.12273728,1.0,0.0017359959,-0.225190840662005,-0.1835714106808419,0.0054494045,0.08704295,1.0,1.0
Oligodendrocyte,Ependymal,Crh,Crhr2,0.06906353,1.0,0.0021038,-0.1264046707163413,-0.0970212741584379,0.0073105963,0.09498735,1.0,1.0
Pericyte,Ependymal,Ucn3,Crhr2,0.06552296,1.0,0.0012491316,-0.0657949625004698,-0.0887821815278627,0.008757661,0.07482343,1.0,1.0
Pericyte,Ependymal,Tac1,Tacr1,0.081751764,1.0,0.0015244508,-0.3157611368377006,-0.3835390026637692,0.003653282,0.08201638,1.0,1.0
Pericyte,Microglia,Tac1,Tacr1,0.09809917,1.0,0.0018489887,-0.2918034970326569,-0.305361446048653,0.0044310237,0.08958128,1.0,1.0
Pericyte,Microglia,Nts,Ntsr1,0.08828028,1.0,0.0012083867,-0.185536304130525,-0.1259522917597981,0.0072157285,0.073683664,1.0,1.0
OPC,Pericyte,Oxt,Avpr1a,0.06557364,1.0,0.0019186457,-0.0877524663573516,-0.0724092108586549,0.009976974,0.09110077,1.0,1.0
Oligodendrocyte,Microglia,Gal,Galr2,0.1212783,1.0,0.0020020076,-0.1531038710487886,-0.0366064333843413,0.0057983086,0.09287695,1.0,1.0
OPC,Pericyte,Oxt,Avpr2,0.060224984,0.905,0.0017391929,-0.0394252490936091,-0.032418122356752,0.011611127,0.08711608,0.1932769066703002,1.0
Astrocyte,Astrocyte,Tac2,Tacr1,0.087730326,1.0,0.0019046215,-0.2231621414254331,-0.3676606977185112,0.0067645423,0.0907975,1.0,1.0
Pericyte,Microglia,Penk,Oprd1,0.108077124,1.0,0.0012558914,-0.2279357074969066,-0.1440787767386019,0.0036937078,0.075010456,1.0,1.0
Oligodendrocyte,Microglia,Crh,Crhr1,0.06433543,1.0,0.0019389737,-0.2282839940110552,-0.2113748961308815,0.005607893,0.09153804,1.0,1.0
Astrocyte,Astrocyte,Ucn3,Crhr1,0.06704757,1.0,0.0013610488,-0.1442062526158834,-0.2083641411004966,0.007942058,0.077848144,1.0,1.0
Oligodendrocyte,Endothelial,Crh,Ramp3,0.07754771,1.0,0.0023995666,-0.08772004601112,-0.0229340525357536,0.01057091,0.10079397,1.0,1.0
OPC,OPC,Gal,Galr1,0.08094649,1.0,0.00197077,-0.1289545174016767,-0.1172216752064732,0.011333089,0.09221661,1.0,1.0
Pericyte,Microglia,Tac2,Tacr1,0.097805165,1.0,0.001739456,-0.22366015407799,-0.3038580279003308,0.006177933,0.0871221,1.0,1.0
Oligodendrocyte,OPC,Cck,Cckbr,0.12813443,1.0,0.006028769,0.055719761200639,-0.1761346918934566,0.009110598,0.1508684,1.0,1.0
Astrocyte,Ependymal,Tac2,Tacr1,0.082601234,1.0,0.001785368,-0.2306790654324124,-0.3814146128371712,0.006340996,0.088163674,1.0,1.0
Oligodendrocyte,OPC,Adcyap1,Ramp3,0.06409846,1.0,0.001424296,-0.1621321443266495,-0.0895106434210769,0.0077308565,0.07949422,1.0,1.0
OPC,Pericyte,Cck,Cckbr,0.065902084,1.0,0.001580429,-0.2454108023395741,-0.2924762716805062,0.0023883241,0.0833842,1.0,1.0
OPC,Pericyte,Crh,Crhr1,0.07705564,1.0,0.0028734845,-0.1775152070512814,-0.2018925209041773,0.008310682,0.10926069,1.0,1.0
OPC,Oligodendrocyte,Penk,Oprd1,0.057952188,1.0,0.0019529003,-0.2785847329451303,-0.3259669501403515,0.0057436833,0.09183606,1.0,1.0
OPC,Oligodendrocyte,Gal,Galr2,0.07333401,1.0,0.0017688987,-0.23418341004614,-0.1907681333079806,0.0051231678,0.08779187,1.0,1.0
Oligodendrocyte,Microglia,Tac2,Tacr1,0.09678023,1.0,0.0013576252,-0.238842814385019,-0.306797648284823,0.0048218053,0.07775778,1.0,1.0
Oligodendrocyte,OPC,Ucn3,Crhr1,0.10592849,1.0,0.0017504176,-0.1057415548493128,-0.1277814909044274,0.010214122,0.087372236,1.0,1.0
Oligodendrocyte,Oligodendrocyte,Crh,Ramp3,0.06576975,1.0,0.0019889756,-0.1182030445024885,-0.0947681827745544,0.008762115,0.09260222,1.0,1.0
OPC,OPC,Oxt,Avpr1a,0.06394726,1.0,0.0018640792,-0.0924347502960326,-0.0897203675779948,0.009693227,0.089913286,1.0,1.0
OPC,OPC,Oxt,Avpr2,0.05241,1.0,0.0014769919,-0.0681716184924666,-0.0583139171195538,0.009860632,0.08083363,1.0,1.0
OPC,OPC,Oxt,Oxtr,0.06499481,1.0,0.0018992255,-0.0959676089232232,-0.1077824483751306,0.010353403,0.09068046,1.0,1.0
OPC,Pericyte,Penk,Oprd1,0.06968752,1.0,0.002433144,-0.2568564014416538,-0.2725615400533948,0.00715613,0.10142546,1.0,1.0
Oligodendrocyte,Oligodendrocyte,Crh,Crhr1,0.056207698,1.0,0.0016556332,-0.2443194813786765,-0.2623729896616665,0.004788417,0.085178025,1.0,1.0
Oligodendrocyte,Oligodendrocyte,Adcyap1,Ramp3,0.06319854,1.0,0.0014021794,-0.1644612297598814,-0.0950033468797372,0.007610811,0.078923516,1.0,1.0
Astrocyte,Astrocyte,Tac1,Tacr1,0.08682644,1.0,0.0016084457,-0.3094184291285816,-0.3711691002240094,0.003854572,0.08405819,1.0,1.0
Pericyte,OPC,Penk,Oprd1,0.12386258,1.0,0.0014445386,-0.1987083888373289,-0.1560297425132386,0.0042485385,0.08001209,1.0,1.0
OPC,Oligodendrocyte,Crh,Ramp3,0.067905225,1.0,0.0024763301,-0.0883173028907737,-0.0902824934934762,0.010909078,0.10222998,1.0,1.0
Pericyte,OPC,Nts,Ntsr1,0.09932686,1.0,0.0013659581,-0.1646310213214049,-0.121948812478964,0.008156646,0.07797747,1.0,1.0
OPC,OPC,Trh,Trhr,0.07952638,1.0,0.0028849712,-0.1076865633580277,-0.0813780267511336,0.00950213,0.10945499,1.0,1.0
OPC,OPC,Ucn3,Crhr1,0.10578841,1.0,0.001693476,-0.1103913937565067,-0.12789453493956,0.009881854,0.08606268,1.0,1.0
Pericyte,OPC,Gal,Galr2,0.11105376,1.0,0.0016396532,-0.1802351564944068,-0.0971239275742896,0.004748841,0.084800914,1.0,1.0
OPC,Oligodendrocyte,Adcyap1,Ramp3,0.064157695,1.0,0.0016210767,-0.144591996981679,-0.0927833009567765,0.008798952,0.0843598,1.0,1.0
OPC,Oligodendrocyte,Cck,Cckar,0.07792341,1.0,0.0019011849,-0.330074231902559,-0.3694818460531838,0.0028373857,0.09072298,1.0,1.0
OPC,Oligodendrocyte,Cck,Cckbr,0.059719436,1.0,0.0014154622,-0.256162803751579,-0.3302352158625224,0.0021390284,0.0792669,1.0,1.0
OPC,Oligodendrocyte,Crh,Crhr1,0.058343176,1.0,0.0020613095,-0.2144337397669617,-0.2578873003805881,0.005961713,0.09411397,1.0,1.0
Oligodendrocyte,Microglia,Tac2,Tacr3,0.12308708,1.0,0.0017410947,-0.2245621586471613,-0.1569191396136606,0.00546541,0.08715955,1.0,1.0
Oligodendrocyte,Oligodendrocyte,Cck,Cckbr,0.06615125,1.0,0.0027802635,-0.0520730023220635,-0.320033953074502,0.0042014983,0.10766617,1.0,1.0
Oligodendrocyte,Microglia,Cck,Cckbr,0.079626665,1.0,0.0034865031,-0.0286383913685554,-0.2461890068893056,0.0052687586,0.11903208,1.0,1.0
Pericyte,Microglia,Gal,Galr2,0.12082324,1.0,0.0017890368,-0.1587840845735046,-0.0358644161970186,0.0051814932,0.088246234,1.0,1.0
Astrocyte,Ependymal,Ucn3,Crhr2,0.06587953,1.0,0.0013352059,-0.0539597000657749,-0.0882428512927686,0.009361128,0.077162825,1.0,1.0
Pericyte,Pericyte,Tac2,Tacr3,0.07914533,1.0,0.0013909553,-0.2901938672408916,-0.2807796430118955,0.0043662996,0.078631885,1.0,1.0
Pericyte,Astrocyte,Tac1,Tacr1,0.086880855,1.0,0.0016262764,-0.3082442128307212,-0.3697850875451092,0.0038973028,0.08448357,1.0,1.0
Pericyte,Pericyte,Tac2,Tacr1,0.09284913,1.0,0.0016468945,-0.2309233987128609,-0.3548833316815059,0.0058491873,0.08497206,1.0,1.0
Astrocyte,Microglia,Cck,Cckbr,0.07981168,1.0,0.0035357354,-0.0227668262879528,-0.2456114166055188,0.005343158,0.11976925,1.0,1.0
Pericyte,Pericyte,Tac1,Tacr3,0.079439335,1.0,0.0014785432,-0.3583372101955585,-0.2822830611602177,0.0031316588,0.08087264,1.0,1.0
Pericyte,Pericyte,Tac1,Tacr1,0.093143135,1.0,0.0017505987,-0.2990667416675278,-0.3563867498298281,0.004195236,0.08737636,1.0,1.0
Astrocyte,Endothelial,Ucn3,Crhr2,0.06045686,1.0,0.0012152292,-0.0671444523134365,-0.1002248239590311,0.008519971,0.0738766,1.0,1.0
Pericyte,Astrocyte,Tac2,Tacr1,0.08658685,1.0,0.0015299369,-0.2401008698760543,-0.368281669396787,0.005433795,0.0821517,1.0,1.0
Pericyte,Astrocyte,Ucn3,Crhr1,0.066691,1.0,0.0012733085,-0.1560415150505783,-0.2089034713355907,0.0074300715,0.07548967,1.0,1.0
Pericyte,Endothelial,Adcyap1,Ramp3,0.075927965,1.0,0.0019536028,-0.1142684530967441,-0.0209247959966633,0.0106038535,0.091851056,1.0,1.0
Pericyte,Astrocyte,Crh,Crhr1,0.077197134,1.0,0.0038585027,-0.1191694772123397,-0.205027697153013,0.011159549,0.1244511,1.0,1.0
Astrocyte,Astrocyte,Crh,Crhr1,0.07284855,1.0,0.0027884687,-0.1800268053621911,-0.2127761822065839,0.0080648,0.10780781,1.0,1.0
Astrocyte,Astrocyte,Gal,Galr1,0.060621023,1.0,0.0017906403,-0.1520868507234312,-0.1703084015059528,0.010297236,0.08828227,1.0,1.0
Astrocyte,Microglia,Crh,Crhr1,0.066952415,1.0,0.0025212031,-0.1916595761067964,-0.2070085143712995,0.0072918152,0.103057034,1.0,1.0
Oligodendrocyte,Pericyte,Tac2,Tacr1,0.0918242,1.0,0.0012853821,-0.2461060590198899,-0.357822952065998,0.004565223,0.07581965,1.0,1.0
Pericyte,Pericyte,Cck,Cckbr,0.07232693,1.0,0.0031026439,-0.0415409981667489,-0.2823100473945358,0.0046886755,0.113050796,1.0,1.0
Astrocyte,Endothelial,Tac2,Tacr1,0.08006065,1.0,0.0017262984,-0.2344023571875102,-0.3741445144316287,0.006131202,0.08682063,1.0,1.0
Astrocyte,Ependymal,Tac1,Tacr1,0.08169735,1.0,0.0015077365,-0.316935353135561,-0.3849230153426694,0.0036132268,0.081602305,1.0,1.0
OPC,OPC,Crh,Crhr2,0.064146906,1.0,0.002313208,-0.1136655815909774,-0.1158664037509341,0.008038279,0.09914507,1.0,1.0
Pericyte,Oligodendrocyte,Cck,Cckbr,0.06614429,1.0,0.0027787867,-0.0522929995787539,-0.320068991576552,0.004199267,0.107640654,1.0,1.0
Pericyte,Oligodendrocyte,Adcyap1,Ramp3,0.064150006,1.0,0.0016193208,-0.1447514515881127,-0.0927589262354642,0.008789422,0.08431796,1.0,1.0
OPC,OPC,Adcyap1,Ramp3,0.06505762,1.0,0.0016466461,-0.142262911548447,-0.0872905974981162,0.008937739,0.0849662,1.0,1.0
Oligodendrocyte,Oligodendrocyte,Tac2,Tacr1,0.09529051,1.0,0.0013359098,-0.241026141205388,-0.3773956301891233,0.0047446797,0.077181585,1.0,1.0
Pericyte,Oligodendrocyte,Crh,Crhr1,0.063173264,1.0,0.0029788804,-0.1468377353245663,-0.2502581228485135,0.008615509,0.11102597,1.0,1.0
Pericyte,Oligodendrocyte,Crh,Ramp3,0.07273531,1.0,0.003578643,-0.0207212984483783,-0.0826533159614015,0.015765142,0.12040656,0.7307184645083837,1.0
Oligodendrocyte,Oligodendrocyte,Trh,Trhr,0.054329455,1.0,0.002171342,-0.1544188638258438,-0.1429045541104395,0.0071516745,0.09635432,1.0,1.0
Astrocyte,Astrocyte,Penk,Oprd1,0.09624418,1.0,0.0014607538,-0.244202115848413,-0.2132902350505299,0.0042962297,0.0804239,1.0,1.0
Oligodendrocyte,Oligodendrocyte,Tac2,Tacr3,0.08276376,1.0,0.00115331,-0.2970312951711826,-0.2974731748146911,0.003620315,0.072107375,1.0,1.0
Pericyte,Oligodendrocyte,Tac1,Tacr1,0.09660945,1.0,0.001819414,-0.2939868238530259,-0.3759594279529534,0.004360149,0.08892593,1.0,1.0
Pericyte,Microglia,Ucn3,Crhr1,0.06079486,1.0,0.001151266,-0.1676742857951837,-0.2031358035003063,0.006717923,0.07204805,1.0,1.0
Astrocyte,Ependymal,Crh,Crhr1,0.059104394,1.0,0.0021654607,-0.2071433215193703,-0.2390603684230647,0.0062629385,0.09623631,1.0,1.0
Astrocyte,Ependymal,Crh,Crhr2,0.071680516,1.0,0.0027355228,-0.0897802528120825,-0.0926548923988559,0.009505802,0.10688933,1.0,1.0
Astrocyte,Endothelial,Tac1,Tacr1,0.07915677,1.0,0.0014578524,-0.3206586448906587,-0.3776529169371269,0.003493682,0.08035041,1.0,1.0
Pericyte,Ependymal,Crh,Crhr1,0.063452974,1.0,0.0029964244,-0.1462859933695188,-0.2313118833694938,0.008666249,0.111316085,1.0,1.0
Pericyte,Ependymal,Crh,Crhr2,0.07602909,1.0,0.0037852395,-0.0289229246622311,-0.084906407345285,0.013153513,0.12341044,0.7531460934420893,1.0
Pericyte,Microglia,Crh,Crhr1,0.07130099,1.0,0.0034886778,-0.130802247956945,-0.1992600293177286,0.010089942,0.11906478,1.0,1.0
Oligodendrocyte,Inhibitory neuron,Trh,Trhr,0.1431249,0.0,0.0068588094,0.0717047359230663,0.1069363774431776,0.022590622,0.15931806,0.0068287549723572,1.0
Pericyte,Microglia,Cck,Cckbr,0.079619706,1.0,0.0034846512,-0.0288583886252458,-0.2462240453913556,0.00526596,0.11900422,1.0,1.0
Pericyte,Ependymal,Penk,Oprd1,0.115252525,1.0,0.0013416425,-0.2146501373246097,-0.1733947168568535,0.0039459104,0.077334225,1.0,1.0
Oligodendrocyte,Astrocyte,Crh,Crhr1,0.070231564,1.0,0.0021445188,-0.2166512232664499,-0.2171425639661659,0.00620237,0.09581453,1.0,1.0
Pericyte,OPC,Trh,Trhr,0.07772374,1.0,0.0023868163,-0.1236729852116308,-0.0840267248225596,0.007861375,0.10055278,1.0,1.0
Oligodendrocyte,Ependymal,Crh,Crhr1,0.056487404,1.0,0.001665384,-0.2437677394236291,-0.2434267501826467,0.0048166183,0.08540709,1.0,1.0
OPC,OPC,Crh,Ramp3,0.06880515,1.0,0.0025153894,-0.0859882174575418,-0.0847897900348158,0.011081148,0.10295039,1.0,1.0
Oligodendrocyte,Oligodendrocyte,Gal,Galr2,0.070982166,1.0,0.0011413854,-0.2635392659741697,-0.1957702931748251,0.0033057341,0.071760446,1.0,1.0
OPC,Inhibitory neuron,Trh,Trhr,0.1403672,0.0,0.0054256045,0.0472486901717981,0.1043801340520654,0.017870126,0.1442398,0.0144635026251525,1.0
Pericyte,Oligodendrocyte,Penk,Oprl1,0.1209528,1.0,0.0014097646,-0.6731844845153176,-1.0533023954067662,0.0011163304,0.07911983,1.0,1.0
Astrocyte,Ependymal,Penk,Oprd1,0.11622194,1.0,0.0017769693,-0.207212609774692,-0.1754317823751907,0.005226252,0.08797433,1.0,1.0
Pericyte,Endothelial,Crh,Crhr2,0.07060642,1.0,0.003445112,-0.0421076769098927,-0.0968883800115475,0.011971586,0.118407324,1.0,1.0
OPC,Inhibitory neuron,Ucn3,Crhr2,0.12400075,0.0,0.001996974,0.0453650305858054,0.0760731106171698,0.014000783,0.092770964,0.0579896561459845,1.0
Oligodendrocyte,Pericyte,Crh,Crhr1,0.07492016,1.0,0.002307968,-0.2074009486629962,-0.2063782101852556,0.006675097,0.09904384,1.0,1.0
Oligodendrocyte,Pericyte,Cck,Cckbr,0.07233389,1.0,0.0031042928,-0.0413210009100585,-0.2822750088924858,0.0046911673,0.11307744,1.0,1.0
OPC,Microglia,Cck,Cckbr,0.073194854,1.0,0.0017750164,-0.232728192798071,-0.256390269677326,0.002682382,0.087930225,1.0,1.0
OPC,Microglia,Crh,Crhr1,0.066470906,1.0,0.0024140764,-0.1983982523993404,-0.2068892068498032,0.0069819833,0.1010675,1.0,1.0
Pericyte,Oligodendrocyte,Trh,Trhr,0.04976911,1.0,0.0014210362,-0.1948613314307151,-0.1481094955729777,0.004680418,0.079410434,1.0,1.0
OPC,Microglia,Nts,Ntsr1,0.08996982,1.0,0.0017808982,-0.1549566869017478,-0.1235785130430583,0.010634408,0.08806297,1.0,1.0
Pericyte,Oligodendrocyte,Tac2,Tacr3,0.08378869,1.0,0.0014776771,-0.2818486348641536,-0.2945335544301989,0.004638525,0.08085087,1.0,1.0
Pericyte,Oligodendrocyte,Tac2,Tacr1,0.09631544,1.0,0.0017116332,-0.225843480898359,-0.3744560098046312,0.0060791164,0.086483024,1.0,1.0
OPC,Microglia,Oxt,Avpr1a,0.06871818,1.0,0.0020241484,-0.0786996298412572,-0.0564821690374802,0.010525589,0.09334131,0.9739744400861048,1.0
Pericyte,Oligodendrocyte,Tac1,Tacr3,0.0840827,1.0,0.0015707259,-0.3499919778188205,-0.2960369725785212,0.0033269082,0.08314915,1.0,1.0
Pericyte,Endothelial,Cck,Cckbr,0.06904111,1.0,0.0029305273,-0.0472552591183544,-0.3005110673186112,0.004428575,0.11022091,1.0,1.0
Pericyte,Endothelial,Crh,Crhr1,0.0625035,1.0,0.002936871,-0.1481591937503052,-0.2386303309476361,0.008494008,0.11032699,1.0,1.0
Ependymal,Ependymal,Crh,Crhr1,0.059459936,1.0,0.0022334012,-0.2021674835745829,-0.2383904411687814,0.006459435,0.09758815,1.0,1.0
Pericyte,Endothelial,Tac2,Tacr1,0.078917176,1.0,0.0013866943,-0.2513410856381314,-0.3747654861099045,0.004925048,0.07852081,1.0,1.0
Oligodendrocyte,OPC,Tac2,Tacr1,0.14005913,1.0,0.001988493,-0.1754163661233423,-0.2186053387111119,0.007062424,0.09259201,1.0,1.0
Excitatory neuron,OPC,Oxt,Oxtr,0.09138624,0.785,0.007874991,0.0549885654809327,0.0918375390729989,0.042929582,0.16878936,0.1336587145244779,1.0
Excitatory neuron,OPC,Oxt,Avpr2,0.07880144,0.0,0.006124232,0.0827845559116892,0.1413060703285758,0.040886346,0.15187748,0.0068287549723572,1.0
Excitatory neuron,OPC,Oxt,Avpr1a,0.09033869,0.44,0.007729259,0.0585214241081232,0.1098996198701347,0.040192213,0.16748309,0.1176152129422526,1.0
Excitatory neuron,OPC,Gal,Galr2,0.11058492,1.0,0.0014385582,-0.1860871749332801,-0.1005652181518745,0.00416642,0.07985954,1.0,1.0
Excitatory neuron,OPC,Crh,Ramp3,0.06675011,1.0,0.0020389957,-0.1147480007374558,-0.0895896911529611,0.008982471,0.09365103,1.0,1.0
Excitatory neuron,OPC,Crh,Crhr2,0.06209187,1.0,0.0018751059,-0.1424253648708915,-0.1206663048690795,0.006515897,0.09015489,1.0,1.0
Excitatory neuron,OPC,Adcyap1,Ramp3,0.086605586,0.995,0.006641846,0.3041141364255078,-0.0468217957439712,0.03605091,0.15717721,0.0799218576418242,1.0
Excitatory neuron,Microglia,Ucn3,Crhr1,0.061533134,1.0,0.0013155179,-0.1431694429911857,-0.1992806174058519,0.0076763737,0.07663558,1.0,1.0
Excitatory neuron,Microglia,Tac1,Tacr3,0.13943112,1.0,0.009549813,0.0466594961171847,-0.1294194266557145,0.020227177,0.18275134,0.8972419499783137,1.0
Excitatory neuron,Microglia,Tac1,Tacr1,0.11312428,1.0,0.007446503,0.032378840379327,-0.2792979353268769,0.01784523,0.16490094,1.0,1.0
Excitatory neuron,Oligodendrocyte,Crh,Ramp3,0.06585019,1.0,0.002007334,-0.1170770861706878,-0.0950823946116215,0.008842991,0.092988946,1.0,1.0
Excitatory neuron,Oligodendrocyte,Penk,Oprk1,0.06076359,1.0,0.0031333244,-0.2014094783774968,-0.2756689795070699,0.011375347,0.113545075,1.0,1.0
Endothelial,Inhibitory neuron,Crh,Crhr2,0.13147968,0.0,0.0055819107,0.0592338052773816,0.0747572756879156,0.01939685,0.14600156,0.0074368670716604,1.0
Excitatory neuron,Oligodendrocyte,Penk,Oprl1,0.1365265,1.0,0.00875838,-0.5537008476302598,-1.0257831298266482,0.0069353743,0.17637946,1.0,1.0
Inhibitory neuron,Astrocyte,Oxt,Avpr1a,0.0644402,1.0,0.0031936106,-0.0672957878553646,-0.0906515560856961,0.016606802,0.114507705,0.8774050365774766,1.0
Inhibitory neuron,Astrocyte,Nts,Ntsr1,0.074273214,1.0,0.0037613278,-0.007462792400918,-0.1973561341472113,0.022460293,0.12306808,1.0,1.0
Inhibitory neuron,Astrocyte,Gal,Galr1,0.071166985,1.0,0.003984816,-0.0204517535230544,-0.1377680656780766,0.022915041,0.12621671,1.0,1.0
Inhibitory neuron,Astrocyte,Crh,Crhr1,0.0762735,1.0,0.0036312304,-0.1320955455126433,-0.1973867583217446,0.010502231,0.12118118,1.0,1.0
Inhibitory neuron,Astrocyte,Cck,Cckbr,0.07247219,1.0,0.0011840439,-0.3037346582204602,-0.2916677244399424,0.001789312,0.07299217,1.0,1.0
Excitatory neuron,Pericyte,Ucn3,Crhr1,0.07211787,1.0,0.001565866,-0.1222863976431267,-0.194283931460226,0.009137218,0.08303111,1.0,1.0
Excitatory neuron,Pericyte,Tac1,Tacr3,0.094464436,1.0,0.005954593,-0.0341548727835744,-0.2562195504384416,0.012612248,0.1500771,1.0,1.0
Excitatory neuron,Pericyte,Tac1,Tacr1,0.108168244,1.0,0.007050253,0.0251155957444561,-0.330323239108052,0.016895635,0.1611703,1.0,1.0
Excitatory neuron,Pericyte,Penk,Oprd1,0.07801818,1.0,0.0044144006,-0.1929423854281469,-0.2579701468865319,0.012983211,0.13197114,1.0,1.0
Excitatory neuron,Pericyte,Oxt,Oxtr,0.11144203,0.03,0.010665086,0.1066253598091162,0.1334028882417849,0.05813945,0.1911446,0.0427231313296826,1.0
Excitatory neuron,Pericyte,Oxt,Avpr2,0.08661642,0.0,0.0072114277,0.1115309253105468,0.1672018650913776,0.048144635,0.16270411,0.0068287549723572,1.0
Excitatory neuron,Pericyte,Oxt,Avpr1a,0.09196507,0.385,0.007955515,0.0632037080468042,0.1272107765894747,0.041368745,0.16950423,0.1069216220466718,1.0
Endothelial,Ependymal,Oxt,Avpr1a,0.064630784,1.0,0.0012650471,-0.099143893963164,-0.0808961122481339,0.0065782554,0.07526284,1.0,1.0
Excitatory neuron,OPC,Penk,Oprd1,0.13943627,1.0,0.008974418,-0.079224751952271,-0.1285104769331206,0.0263947,0.17815633,1.0,1.0
Excitatory neuron,OPC,Penk,Oprk1,0.11082803,1.0,0.006850384,-0.1041015202890171,-0.1512590076293659,0.02486991,0.15923576,1.0,1.0
Endothelial,Ependymal,Penk,Oprd1,0.11664176,1.0,0.001965494,-0.2039917017798422,-0.1732927761574955,0.005780723,0.092104465,1.0,1.0
Excitatory neuron,OPC,Trh,Trhr,0.110906035,0.305,0.0115566375,0.1705965729416297,0.0049250056907044,0.038063694,0.19742797,0.1342101358553253,1.0
Endothelial,OPC,Crh,Crhr2,0.06494121,1.0,0.0024825418,-0.1025494137157425,-0.1150718231555242,0.008626705,0.10234501,1.0,1.0
Ependymal,Endothelial,Ucn3,Crhr2,0.069024414,1.0,0.003097541,0.2172286366164447,-0.0875931505945099,0.021716855,0.112968296,0.5623031470755345,1.0
Ependymal,Endothelial,Ucn3,Crhr1,0.060921498,1.0,0.0026405754,0.1111771197760322,-0.2293351015305985,0.015408414,0.105214834,1.0,1.0
Ependymal,Endothelial,Tac2,Tacr3,0.12285132,1.0,0.0017903188,-0.223501542008161,-0.1824778840811225,0.0056199273,0.08827505,1.0,1.0
Ependymal,Endothelial,Tac1,Tacr3,0.14284375,1.0,0.011314166,0.1272108867775929,-0.1536842402461604,0.023964198,0.19575343,0.3975737632052188,1.0
Ependymal,Endothelial,Tac1,Tacr1,0.09799872,1.0,0.0070537655,0.0858779814944375,-0.3478179360597151,0.01690405,0.16120398,1.0,1.0
Endothelial,OPC,Crh,Ramp3,0.06959945,1.0,0.0026995232,-0.0748720495823069,-0.0839952094394059,0.01189232,0.10625866,0.9376423214068624,1.0
Endothelial,OPC,Nts,Ntsr1,0.0997133,1.0,0.0015139855,-0.1576365153784995,-0.1221613824651933,0.009040572,0.081757426,1.0,1.0
Ependymal,Endothelial,Nts,Ntsr1,0.06374124,1.0,0.001334558,-0.1965219482517992,-0.2188909262274674,0.007969145,0.07714555,1.0,1.0
Ependymal,Endothelial,Crh,Crhr2,0.06661338,1.0,0.0025678326,-0.0979891671149568,-0.1039669378108351,0.008923085,0.10390712,1.0,1.0
Ependymal,Endothelial,Crh,Crhr1,0.05851047,1.0,0.0021890127,-0.2040406839553693,-0.2457088887469238,0.006331055,0.09670777,1.0,1.0
Ependymal,Endothelial,Cck,Cckbr,0.06703615,1.0,0.0024818513,-0.1108756138446803,-0.3041701137426742,0.0037505415,0.10233223,1.0,1.0
Ependymal,Endothelial,Cck,Cckar,0.14411579,1.0,0.005901241,-0.0843571078803812,-0.1913397727973798,0.008807191,0.149504,1.0,1.0
Excitatory neuron,Pericyte,Crh,Crhr1,0.07500061,1.0,0.0023292708,-0.2062749903311954,-0.2066924220223226,0.0067367093,0.09945452,1.0,1.0
Ependymal,Endothelial,Adcyap1,Ramp3,0.075903505,1.0,0.0019468692,-0.114775034893557,-0.0210458508822263,0.010567304,0.09170715,1.0,1.0
Ependymal,Astrocyte,Tac2,Tacr1,0.085675955,1.0,0.0012314639,-0.2535942315292393,-0.3701277631815597,0.004373724,0.07433187,1.0,1.0
Ependymal,Astrocyte,Tac1,Tacr1,0.105668396,1.0,0.0077824052,0.0971181972565146,-0.3413341193465976,0.018650206,0.16796134,0.866222700926274,1.0
Endothelial,OPC,Oxt,Avpr1a,0.060892995,1.0,0.0011853053,-0.1099047666926343,-0.096318828955896,0.0061635976,0.07302819,1.0,1.0
Endothelial,OPC,Oxt,Oxtr,0.061940547,1.0,0.0012076537,-0.1134376253198249,-0.1143809097530318,0.0065833814,0.07366296,1.0,1.0
Ependymal,Oligodendrocyte,Ucn3,Crhr1,0.061591256,1.0,0.0026783466,0.1124985782017712,-0.2409628934314759,0.015628818,0.10588527,1.0,1.0
Ependymal,Pericyte,Cck,Cckbr,0.07032197,1.0,0.0026276158,-0.1051613528930748,-0.2859690938185987,0.0039708195,0.10498347,1.0,1.0
Ependymal,Pericyte,Crh,Crhr1,0.0778927,1.0,0.0030951528,-0.16580069281395,-0.2013419011713903,0.008951791,0.112929665,1.0,1.0
Excitatory neuron,Oligodendrocyte,Penk,Oprd1,0.066282846,1.0,0.0035431045,-0.2146707169316234,-0.3113755569734887,0.01042064,0.119879045,1.0,1.0
Excitatory neuron,Oligodendrocyte,Crh,Crhr1,0.05628814,1.0,0.0016709149,-0.2431935230468758,-0.2626872014987335,0.0048326147,0.08553667,1.0,1.0
Excitatory neuron,Oligodendrocyte,Cck,Cckbr,0.058838483,1.0,0.0012285281,-0.284116730829443,-0.3319565985169954,0.0018565358,0.074249804,1.0,1.0
Excitatory neuron,Oligodendrocyte,Cck,Cckar,0.07704246,1.0,0.0016501034,-0.3580281589804229,-0.3712032287076568,0.0024626642,0.08504777,1.0,1.0
Excitatory neuron,Oligodendrocyte,Adcyap1,Ramp3,0.08570567,1.0,0.006538711,0.3017850509922758,-0.0523144992026315,0.035491105,0.15614341,0.0870232553881998,1.0
Excitatory neuron,OPC,Ucn3,Crhr2,0.059209134,1.0,0.001260551,-0.0584367721828227,-0.1082578143069828,0.008837722,0.07513903,1.0,1.0
Ependymal,Astrocyte,Ucn3,Crhr1,0.07561512,1.0,0.0034692255,0.1401668363139978,-0.1957324677359754,0.020243792,0.11877186,0.6537404806251926,1.0
Excitatory neuron,Pericyte,Cck,Cckbr,0.06502113,1.0,0.0013717083,-0.273364729417438,-0.2941976543349792,0.0020729082,0.07812862,1.0,1.0
Excitatory neuron,Oligodendrocyte,Trh,Trhr,0.0829514,1.0,0.0068804626,0.0994082267225453,-0.0591577650597136,0.022661941,0.15952925,0.4682872459679408,1.0
Excitatory neuron,Oligodendrocyte,Tac1,Tacr3,0.0991078,1.0,0.006325844,-0.0258096404068365,-0.269973461856745,0.013398584,0.15397534,1.0,1.0
Endothelial,Ependymal,Tac2,Tacr1,0.081831515,1.0,0.0015489447,-0.2420811907448099,-0.3823671766020204,0.005501304,0.08261842,1.0,1.0
Excitatory neuron,Inhibitory neuron,Oxt,Avpr2,0.096639045,0.0,0.008605743,0.1483979950345729,0.1842580745791153,0.057453305,0.1751061,0.0068287549723572,1.0
Excitatory neuron,Inhibitory neuron,Gal,Galr1,0.13813409,0.0,0.0018081442,-0.0402333422223259,0.0529957298081068,0.010397894,0.08867454,0.1775713010137846,1.0
Endothelial,Excitatory neuron,Crh,Ramp3,0.12975217,0.0,0.0055014435,0.0808115922176105,0.1043310421365004,0.024235733,0.14509863,0.0068287549723572,1.0
Endothelial,Excitatory neuron,Oxt,Avpr2,0.07105728,0.0,0.0014021499,-0.0058154933202511,-0.0229218298299215,0.009360975,0.07892275,0.25,1.0
Excitatory neuron,Excitatory neuron,Oxt,Oxtr,0.1185264,0.0,0.0116506405,0.1248651548599037,0.1472144002558045,0.06351209,0.19807059,0.0068287549723572,1.0
Excitatory neuron,Ependymal,Crh,Crhr1,0.056567848,1.0,0.0016807558,-0.2426417810918283,-0.2437409620197138,0.004861076,0.08576662,1.0,1.0
Excitatory neuron,Excitatory neuron,Oxt,Avpr2,0.10050298,0.0,0.009143281,0.1626106974805065,0.1832966189961092,0.061041992,0.17952514,0.0068287549723572,1.0
Excitatory neuron,Ependymal,Ucn3,Crhr2,0.06626123,1.0,0.001427346,-0.0412901196964718,-0.0849269954334083,0.010007122,0.07957253,1.0,1.0
Excitatory neuron,Ependymal,Tac1,Tacr1,0.09677687,1.0,0.0061394786,0.0084212005742834,-0.3574754919419931,0.014713002,0.15203768,1.0,1.0
Excitatory neuron,Ependymal,Penk,Oprd1,0.13082622,1.0,0.00833516,-0.0951665004395518,-0.1458754512767355,0.024514576,0.17281078,1.0,1.0
Excitatory neuron,Ependymal,Oxt,Oxtr,0.07732073,1.0,0.0059182416,0.0187746077201794,0.0584972004036883,0.032262594,0.149687,0.2666441075458447,1.0
Excitatory neuron,Ependymal,Oxt,Avpr2,0.09392103,0.0,0.008227621,0.1384000634673612,0.1844352567600424,0.054928906,0.17188461,0.0068287549723572,1.0
Excitatory neuron,Microglia,Cck,Cckbr,0.072313905,1.0,0.0015405975,-0.2606821198759349,-0.258111652331799,0.002328131,0.08241388,1.0,1.0
Excitatory neuron,Ependymal,Oxt,Avpr1a,0.094076484,0.08,0.008249247,0.0692822968375936,0.1253223365778968,0.042896155,0.17207152,0.0988172087557728,1.0
OPC,Inhibitory neuron,Oxt,Avpr2,0.07024761,0.07,0.0020754624,-0.0025581793695829,-0.0153619128690143,0.013856116,0.09440606,0.1159991173266719,1.0
Inhibitory neuron,Oligodendrocyte,Penk,Oprk1,0.07647903,1.0,0.00578623,-0.0808385572973957,-0.2209632840032911,0.021006562,0.14825705,1.0,1.0
Pericyte,OPC,Adcyap1,Ramp3,0.065049924,1.0,0.0016448625,-0.1424223661548807,-0.0872662227768038,0.008928058,0.08492408,1.0,1.0
Oligodendrocyte,OPC,Crh,Ramp3,0.06666967,1.0,0.0020203476,-0.1158739590692566,-0.0892754793158941,0.00890032,0.09326182,1.0,1.0
OPC,Oligodendrocyte,Penk,Oprk1,0.052432932,1.0,0.0017270364,-0.2653234943910036,-0.2902603726739327,0.006269902,0.08683758,1.0,1.0
Pericyte,OPC,Crh,Ramp3,0.073635235,1.0,0.0036350891,-0.0183922130151464,-0.0771606125027411,0.016013807,0.12123775,0.6838398630097885,1.0
Pericyte,OPC,Crh,Crhr2,0.06897699,1.0,0.003342909,-0.0460695771485819,-0.1082372262188595,0.011616437,0.11684452,1.0,1.0
Pericyte,Endothelial,Tac1,Tacr1,0.07921118,1.0,0.0014740138,-0.3194844285927983,-0.3762689042582267,0.003532412,0.08075868,1.0,1.0
Pericyte,OPC,Crh,Crhr1,0.11730312,1.0,0.0063740797,-0.0400427824977699,-0.1223757729321494,0.018435093,0.15447077,1.0,1.0
Pericyte,OPC,Cck,Cckbr,0.12812746,1.0,0.0060255667,0.0554997639439485,-0.1761697303955066,0.009105759,0.15083437,1.0,1.0
Oligodendrocyte,OPC,Gal,Galr2,0.11150882,1.0,0.001834841,-0.1745549429696908,-0.0978659447616123,0.005314153,0.08926854,1.0,1.0
Oligodendrocyte,OPC,Gal,Galr1,0.07859465,1.0,0.0012716433,-0.1583103733297065,-0.1222238350733178,0.0073126988,0.07544401,1.0,1.0
Oligodendrocyte,OPC,Crh,Crhr2,0.062011424,1.0,0.0018579568,-0.1435513232026922,-0.1203520930320124,0.0064563043,0.08977878,1.0,1.0
Excitatory neuron,Ependymal,Crh,Crhr2,0.069143966,1.0,0.0021232183,-0.1252787123845406,-0.097335485995505,0.0073780743,0.095382996,1.0,1.0
OPC,Oligodendrocyte,Trh,Trhr,0.051571753,1.0,0.0017176222,-0.178874909577112,-0.1454607975015517,0.005657273,0.086621106,1.0,1.0
Excitatory neuron,Microglia,Crh,Crhr1,0.06441587,1.0,0.0019568705,-0.2271580356792545,-0.2116891079679486,0.0056596547,0.09192077,1.0,1.0
Endothelial,Excitatory neuron,Oxt,Oxtr,0.0890807,0.99,0.0017866611,-0.0435610359408538,-0.0590040485702262,0.0097397715,0.08819278,0.2479633507253652,1.0
Excitatory neuron,Oligodendrocyte,Tac1,Tacr1,0.11163455,1.0,0.007327395,0.030195513558958,-0.3498959172311772,0.017559795,0.1637937,1.0,1.0
Endothelial,Ependymal,Oxt,Avpr2,0.06447533,0.825,0.0012617307,-0.0300261273333963,-0.0217831920659884,0.008423514,0.07517154,0.3860613450638353,1.0
Excitatory neuron,Microglia,Penk,Oprk1,0.09762785,1.0,0.00587033,-0.1297580439432541,-0.1565972993261073,0.021311883,0.14917044,1.0,1.0
Excitatory neuron,Microglia,Penk,Oprd1,0.12365083,1.0,0.0078024194,-0.1084520706118487,-0.1165595111584839,0.022947729,0.1681409,1.0,1.0
Excitatory neuron,Microglia,Oxt,Avpr1a,0.09510961,0.12,0.008392973,0.0722565445628987,0.1431378184106494,0.043643534,0.17330536,0.0911062315662781,1.0
Excitatory neuron,Microglia,Nts,Ntsr1,0.09029132,1.0,0.0018898406,-0.1491377421768176,-0.1241466408839408,0.011284944,0.09047643,1.0,1.0
Excitatory neuron,Endothelial,Penk,Oprk1,0.07452095,1.0,0.0041547474,-0.1746698539483945,-0.2302647756024783,0.015083561,0.12853752,1.0,1.0
Excitatory neuron,Endothelial,Oxt,Oxtr,0.08216001,1.0,0.0065914667,0.0312340895359187,0.0753373456226455,0.035932597,0.15667355,0.2140550925843294,1.0
Excitatory neuron,Endothelial,Oxt,Avpr1a,0.0860053,0.975,0.0071264105,0.0460460143603598,0.1073816739140151,0.037057392,0.16189793,0.1588039790894433,1.0
Excitatory neuron,Endothelial,Nts,Ntsr1,0.0635647,1.0,0.001293612,-0.1997169789680961,-0.2200552984259545,0.00772464,0.07604356,1.0,1.0
Excitatory neuron,Endothelial,Crh,Ramp3,0.07762815,1.0,0.002421715,-0.0865940876793192,-0.0232482643728206,0.010668481,0.1012111,1.0,1.0
Excitatory neuron,Endothelial,Crh,Crhr2,0.0637213,1.0,0.0019324337,-0.1384634646322022,-0.1093174586617675,0.0067151072,0.09139765,1.0,1.0
Excitatory neuron,Endothelial,Crh,Crhr1,0.055618383,1.0,0.001647351,-0.2445149814726147,-0.2510594095978561,0.0047644633,0.084982835,1.0,1.0
Excitatory neuron,Microglia,Gal,Galr2,0.12035441,1.0,0.0015696208,-0.1646361030123778,-0.0393057067746035,0.0045460095,0.08312232,1.0,1.0
Excitatory neuron,Endothelial,Cck,Cckbr,0.06173531,1.0,0.001295614,-0.2790789903690435,-0.3123986742590546,0.0019579153,0.0760979,1.0,1.0
Excitatory neuron,Astrocyte,Ucn3,Crhr1,0.067429274,1.0,0.0014549723,-0.1315366722465804,-0.2050482852411363,0.008490125,0.080277376,1.0,1.0
Excitatory neuron,Astrocyte,Tac1,Tacr1,0.10190596,1.0,0.0065495647,0.0159381245812627,-0.3437215768233331,0.015695756,0.1562527,1.0,1.0
Excitatory neuron,Astrocyte,Penk,Oprd1,0.110848464,1.0,0.0068519013,-0.1321560065132727,-0.1837339039520747,0.020152157,0.1592506,1.0,1.0
Excitatory neuron,Astrocyte,Oxt,Avpr1a,0.08248258,1.0,0.0066363406,0.0359045534048994,0.1055665206881058,0.03450903,0.15712231,0.1910532087775056,1.0
Excitatory neuron,Astrocyte,Nts,Ntsr1,0.06366116,1.0,0.0012957638,-0.1995344538482076,-0.2239383476852721,0.007737489,0.076101966,1.0,1.0
Excitatory neuron,Astrocyte,Crh,Crhr1,0.07031201,1.0,0.002164313,-0.2155252649346491,-0.217456775803233,0.006259619,0.09621326,1.0,1.0
Excitatory neuron,Astrocyte,Cck,Cckbr,0.07391682,1.0,0.0015777185,-0.257894513206795,-0.2868524244589601,0.002384228,0.08331863,1.0,1.0
Ependymal,Pericyte,Tac2,Tacr1,0.091938235,1.0,0.0013256044,-0.2444167603660459,-0.3567294254662786,0.0047080778,0.076906264,1.0,1.0
Ependymal,Pericyte,Tac1,Tacr3,0.098226875,1.0,0.0070754406,0.0470251998916774,-0.2538320929617061,0.014986281,0.16141152,1.0,1.0
Ependymal,Pericyte,Tac1,Tacr1,0.111930676,1.0,0.008377339,0.106295668419708,-0.3279357816313165,0.02007594,0.1731718,0.6783023903622032,1.0
Excitatory neuron,Endothelial,Tac1,Tacr1,0.094236284,1.0,0.0059363516,0.0046979088191856,-0.3502053935364506,0.014226217,0.14988156,1.0,1.0
Excitatory neuron,Endothelial,Tac1,Tacr3,0.13908133,1.0,0.009521846,0.046030814102341,-0.1560716977228959,0.020167941,0.18253241,0.9106191527116336,1.0
Excitatory neuron,Endothelial,Ucn3,Crhr2,0.06083856,1.0,0.00129909,-0.0544748719441335,-0.0969089680996708,0.0091079185,0.07619215,1.0,1.0
Excitatory neuron,Endothelial,Adcyap1,Ramp3,0.09748362,0.215,0.007888519,0.3322680494836444,0.0195196310361693,0.04281766,0.16890979,0.0500212687824226,1.0
Microglia,Ependymal,Penk,Oprd1,0.11583508,1.0,0.0016032455,-0.2101806738888346,-0.1720086856322733,0.0047153123,0.083933614,1.0,1.0
