interaction,category,ligand,receptor,sender,receiver,mean_score,n_edges,pval,pval_empirical,n_replicates_tested,n_replicates_supporting,padj,replicate_fraction,significant
ANGPT1_TEK,neurovascular,Angiopoietin-1,TIE2,Astrocyte,Pericyte,0.03549196720123291,120,0.0,0.004975124378109453,1,1,0.0,1.0,True
GLU_NMDA_2A,neurotransmitter,Glutamate,NMDA receptor (GluN1/2A),Excitatory neuron,Excitatory neuron,1.5301879999170902,2258,9.381395945075592e-50,0.004975124378109453,12,9,6.270793089572671e-47,0.75,True
GLU_NMDA_2A,neurotransmitter,Glutamate,NMDA receptor (GluN1/2A),Erythrocyte (blood),Excitatory neuron,1.3561905439979478,1535,3.825964256823992e-30,0.004975124378109453,12,11,1.790168675767946e-27,0.9166666666666666,True
GLU_NMDA_2A,neurotransmitter,Glutamate,NMDA receptor (GluN1/2A),Erythrocyte (blood),Erythrocyte (blood),1.0763221544792267,6296,8.80838925388587e-30,0.004975124378109453,12,11,3.7467684835392715e-27,0.9166666666666666,True
GLU_NMDA_2B,neurotransmitter,Glutamate,NMDA receptor (GluN1/2B),Excitatory neuron,Excitatory neuron,0.862416684099591,2258,5.5656948256369085e-28,0.004975124378109453,12,7,2.0032220068580842e-25,0.5833333333333334,True
PDGFB_PDGFRB,neurovascular,PDGF-B,PDGFRB,Excitatory neuron,Pericyte,0.08039697478799258,255,7.166909886752734e-27,0.004975124378109453,7,5,2.3952836685797175e-24,0.7142857142857143,True
VEGFA_R,neurovascular,VEGF-A,VEGF receptor,Border macrophage,Endothelial,0.08458709669864084,381,1.2987655185458088e-25,0.004975124378109453,10,6,4.0512825741838925e-23,0.6,True
GLU_NMDA_2A,neurotransmitter,Glutamate,NMDA receptor (GluN1/2A),T / NK cell,Excitatory neuron,1.3409335159120106,651,1.1060059797358796e-24,0.004975124378109453,12,7,3.234376236990113e-22,0.5833333333333334,True
GLU_AMPA,neurotransmitter,Glutamate,AMPA receptor,Excitatory neuron,Excitatory neuron,3.163791295329061,2258,3.191200297023971e-21,0.004975124378109453,12,9,8.783309523397153e-19,0.75,True
GLU_NMDA_2A,neurotransmitter,Glutamate,NMDA receptor (GluN1/2A),Border macrophage,Excitatory neuron,1.072538066722361,1057,4.678110596228076e-21,0.004975124378109453,12,10,1.2160488599861758e-18,0.8333333333333334,True
GLU_NMDA_2A,neurotransmitter,Glutamate,NMDA receptor (GluN1/2A),Choroid plexus,Excitatory neuron,1.419901094704031,321,4.007928142200989e-20,0.004975124378109453,7,5,9.376547888679214e-18,0.7142857142857143,True
GLU_NMDA_2B,neurotransmitter,Glutamate,NMDA receptor (GluN1/2B),Erythrocyte (blood),Excitatory neuron,0.779435438286598,1535,8.622504232854327e-20,0.004975124378109453,12,9,1.8338498775238817e-17,0.75,True
GABA_A,neurotransmitter,GABA,GABA-A receptor,Erythrocyte (blood),Erythrocyte (blood),0.05213053835960628,6296,9.576994804959424e-19,0.004975124378109453,12,7,1.792430347696206e-16,0.5833333333333334,True
CX3CL1_CX3CR1,neuron_glia,Fractalkine,CX3CR1,Excitatory neuron,Microglia,0.3127530590693156,225,1.0502457475212133e-17,0.004975124378109453,5,4,1.8900384048660606e-15,0.8,True
GLU_NMDA_2A,neurotransmitter,Glutamate,NMDA receptor (GluN1/2A),Excitatory neuron,Erythrocyte (blood),1.3155033263787383,1535,5.3717729510249866e-17,0.004975124378109453,12,7,9.30908356957256e-15,0.5833333333333334,True
GLU_NMDA_2B,neurotransmitter,Glutamate,NMDA receptor (GluN1/2B),Endothelial,Excitatory neuron,0.6909426232345965,595,3.340252362845245e-16,0.004975124378109453,12,7,5.389324415776862e-14,0.5833333333333334,True
GLU_NMDA_2B,neurotransmitter,Glutamate,NMDA receptor (GluN1/2B),Border macrophage,Excitatory neuron,0.6607177800013416,1057,3.8968289415136417e-16,0.004975124378109453,12,7,6.077754205780776e-14,0.5833333333333334,True
GLU_NMDA_2A,neurotransmitter,Glutamate,NMDA receptor (GluN1/2A),Border macrophage,Erythrocyte (blood),1.0140770016554392,848,8.923668760248543e-16,0.004975124378109453,12,6,1.3468982622323526e-13,0.5,True
GLU_NMDA_2A,neurotransmitter,Glutamate,NMDA receptor (GluN1/2A),Endothelial,Excitatory neuron,1.0584030592141032,595,1.0637123803581788e-15,0.004975124378109453,12,6,1.5553469461549747e-13,0.5,True
GLU_MGLUR_II,neurotransmitter,Glutamate,Group II mGluR,Oligodendrocyte,Oligodendrocyte,0.8593468087376926,19620,5.753150612429867e-15,0.004975124378109453,12,7,8.157270216836165e-13,0.5833333333333334,True
SST_SSTR,neuropeptide,Somatostatin,Somatostatin receptor,Erythrocyte (blood),Erythrocyte (blood),0.1973317298976636,6296,1.0792683064405456e-14,0.004975124378109453,12,8,1.4852636487750919e-12,0.6666666666666666,True
CX3CL1_CX3CR1,neuron_glia,Fractalkine,CX3CR1,Oligodendrocyte,Microglia,0.42024417178144735,103,2.7824397957752897e-14,0.004975124378109453,2,2,3.5225317124617725e-12,1.0,True
GLU_MGLUR_III,neurotransmitter,Glutamate,Group III mGluR,Excitatory neuron,Excitatory neuron,0.4185529672487105,2258,3.5959060714291024e-14,0.004975124378109453,12,7,4.427695923214939e-12,0.5833333333333334,True
GABA_A,neurotransmitter,GABA,GABA-A receptor,Erythrocyte (blood),Excitatory neuron,0.07441800879344879,1535,4.039963331137183e-14,0.004975124378109453,12,7,4.846920109330995e-12,0.5833333333333334,True
GLU_NMDA_2B,neurotransmitter,Glutamate,NMDA receptor (GluN1/2B),Excitatory neuron,Erythrocyte (blood),0.755790023306682,1535,3.3397433208336873e-13,0.004975124378109453,12,8,3.720633094804958e-11,0.6666666666666666,True
GLU_AMPA,neurotransmitter,Glutamate,AMPA receptor,Border macrophage,Excitatory neuron,2.394747763787561,1057,8.710194257254228e-13,0.004975124378109453,12,8,9.477906727835473e-11,0.6666666666666666,True
GABA_A,neurotransmitter,GABA,GABA-A receptor,Excitatory neuron,Excitatory neuron,0.04847190145690215,2258,8.086237215796032e-12,0.004975124378109453,12,6,8.225109550589051e-10,0.5,True
GLU_MGLUR_I,neurotransmitter,Glutamate,Group I mGluR,Erythrocyte (blood),Erythrocyte (blood),0.5920529765617741,6296,3.083805100209004e-11,0.004975124378109453,12,6,3.006067513307902e-09,0.5,True
GLU_NMDA_2B,neurotransmitter,Glutamate,NMDA receptor (GluN1/2B),Astrocyte,Excitatory neuron,0.6599304927956491,336,7.64415849322027e-11,0.004975124378109453,9,5,7.01314070387797e-09,0.5555555555555556,True
GLU_NMDA_2B,neurotransmitter,Glutamate,NMDA receptor (GluN1/2B),Choroid plexus,Excitatory neuron,0.7746373028770043,321,1.288541280187509e-10,0.004975124378109453,7,5,1.1375631415089348e-08,0.7142857142857143,True
SEMA3A_R,guidance,Semaphorin 3A,Neuropilin-1 / Plexin-A4,Choroid plexus,Fibroblast / VLMC,0.006163866191670514,138,2.479620582258542e-10,0.01990049751243781,2,1,2.148545315627355e-08,0.5,True
APOE_TREM2,neuron_glia,ApoE,TREM2,Oligodendrocyte,Oligodendrocyte,0.04168996421447466,19620,3.6703798755577476e-10,0.004975124378109453,12,6,3.122492261406309e-08,0.5,True
PTN_PTPRZ1,neuron_glia,Pleiotrophin,PTPRZ1,Border macrophage,Astrocyte,0.5657346271729284,516,3.847749461518954e-10,0.004975124378109453,8,4,3.214932094722711e-08,0.5,True
GLU_AMPA,neurotransmitter,Glutamate,AMPA receptor,Erythrocyte (blood),Erythrocyte (blood),2.3364516853661366,6296,5.221484515255663e-10,0.004975124378109453,12,7,4.21229759428987e-08,0.5833333333333334,True
GLU_AMPA,neurotransmitter,Glutamate,AMPA receptor,Endothelial,Excitatory neuron,2.306986781328666,595,6.840477087602127e-10,0.004975124378109453,12,6,5.4248461513373476e-08,0.5,True
GLU_NMDA_2A,neurotransmitter,Glutamate,NMDA receptor (GluN1/2A),Microglia,Excitatory neuron,0.9936008787155152,225,9.51200952325233e-10,0.004975124378109453,5,3,7.417782093216274e-08,0.6,True
GLU_NMDA_2A,neurotransmitter,Glutamate,NMDA receptor (GluN1/2A),Oligodendrocyte,Excitatory neuron,1.18175475014228,601,1.5661139249715676e-09,0.004975124378109453,12,7,1.1631503261812643e-07,0.5833333333333334,True
GLU_NMDA_2A,neurotransmitter,Glutamate,NMDA receptor (GluN1/2A),Endothelial,Erythrocyte (blood),0.9354775568050167,594,2.642021085093748e-09,0.004975124378109453,12,7,1.7915966169787893e-07,0.5833333333333334,True
VEGFA_R,neurovascular,VEGF-A,VEGF receptor,Vascular smooth muscle,Endothelial,0.11794823999623306,131,3.111752882467282e-09,0.004975124378109453,1,1,2.0799845338663445e-07,1.0,True
GLU_MGLUR_I,neurotransmitter,Glutamate,Group I mGluR,Excitatory neuron,Erythrocyte (blood),0.7932216125513133,1535,3.4305146626650763e-09,0.004975124378109453,12,7,2.26075747980421e-07,0.5833333333333334,True
GABA_B,neurotransmitter,GABA,GABA-B receptor,Excitatory neuron,Excitatory neuron,0.061867466112277066,2258,4.077958424691658e-09,0.004975124378109453,12,6,2.6138037628948316e-07,0.5,True
GLU_NMDA_2A,neurotransmitter,Glutamate,NMDA receptor (GluN1/2A),Vascular smooth muscle,Excitatory neuron,1.167887365023295,225,6.194960449026377e-09,0.004975124378109453,4,2,3.764444148181093e-07,0.5,True
GLU_MGLUR_I,neurotransmitter,Glutamate,Group I mGluR,Excitatory neuron,Excitatory neuron,0.7561996187173339,2258,6.392226528659075e-09,0.004975124378109453,12,6,3.8345164009738224e-07,0.5,True
CCK_R,neuropeptide,Cholecystokinin,CCK receptor,Excitatory neuron,Excitatory neuron,0.573286667980907,2258,1.990381671030314e-08,0.004975124378109453,12,7,1.1086899808036714e-06,0.5833333333333334,True
GLU_AMPA,neurotransmitter,Glutamate,AMPA receptor,T / NK cell,Excitatory neuron,2.4943579982868904,651,2.2724404239269985e-08,0.004975124378109453,12,6,1.250911616888756e-06,0.5,True
GLU_NMDA_2A,neurotransmitter,Glutamate,NMDA receptor (GluN1/2A),Excitatory neuron,T / NK cell,1.3690040329451203,651,2.4171122120379093e-08,0.004975124378109453,12,6,1.3150776790843462e-06,0.5,True
GLU_AMPA,neurotransmitter,Glutamate,AMPA receptor,Excitatory neuron,Erythrocyte (blood),2.9410115501391383,1535,2.881357690462631e-08,0.004975124378109453,12,7,1.532030981099392e-06,0.5833333333333334,True
GABA_B,neurotransmitter,GABA,GABA-B receptor,Erythrocyte (blood),Excitatory neuron,0.08793820565997196,1535,4.583598963611393e-08,0.004975124378109453,12,6,2.34756990773976e-06,0.5,True
CSF1_CSF1R,neuron_glia,CSF-1,CSF1R,Oligodendrocyte,Microglia,0.06270985927396608,103,3.0629865472247566e-07,0.009950248756218905,2,1,1.3914285489771493e-05,0.5,True
GLU_NMDA_2A,neurotransmitter,Glutamate,NMDA receptor (GluN1/2A),Excitatory neuron,Choroid plexus,1.5605194865728835,321,4.2321811331773946e-07,0.004975124378109453,7,5,1.850689301134302e-05,0.7142857142857143,True
GLU_NMDA_2A,neurotransmitter,Glutamate,NMDA receptor (GluN1/2A),Choroid plexus,Erythrocyte (blood),1.0591032214489462,279,6.273678072169491e-07,0.004975124378109453,7,4,2.6209410446143794e-05,0.5714285714285714,True
GLU_NMDA_2B,neurotransmitter,Glutamate,NMDA receptor (GluN1/2B),T / NK cell,Choroid plexus,0.9309386056045006,116,6.484641479842546e-07,0.004975124378109453,2,1,2.6851006623171037e-05,0.5,True
GLU_NMDA_2B,neurotransmitter,Glutamate,NMDA receptor (GluN1/2B),Endothelial,Erythrocyte (blood),0.5125231895382557,594,9.723655875784051e-07,0.004975124378109453,12,6,3.9221539519649635e-05,0.5,True
GLU_AMPA,neurotransmitter,Glutamate,AMPA receptor,Fibroblast / VLMC,Excitatory neuron,2.2155843636315904,499,1.0178508053622042e-06,0.004975124378109453,7,4,4.002120939739289e-05,0.5714285714285714,True
CX3CL1_CX3CR1,neuron_glia,Fractalkine,CX3CR1,Border macrophage,Microglia,0.190446979859296,153,1.3709783419461398e-06,0.004975124378109453,3,2,5.301493935509081e-05,0.6666666666666666,True
GABA_B,neurotransmitter,GABA,GABA-B receptor,Excitatory neuron,Erythrocyte (blood),0.059641851392553374,1535,1.918551228702628e-06,0.004975124378109453,12,6,7.124524761190156e-05,0.5,True
GLU_NMDA_2A,neurotransmitter,Glutamate,NMDA receptor (GluN1/2A),Choroid plexus,T / NK cell,1.3110938401057803,116,1.0786548384717691e-05,0.004975124378109453,2,1,0.00034333510130676246,0.5,True
RELN_R,guidance,Reelin,Reelin receptor,Choroid plexus,T / NK cell,0.07278085782610137,116,2.026082224312826e-05,0.004975124378109453,2,1,0.000596228850789919,0.5,True
GLU_AMPA,neurotransmitter,Glutamate,AMPA receptor,Choroid plexus,Border macrophage,2.444994637032145,194,0.00010127828581985701,0.004975124378109453,3,2,0.0024553424836845127,0.6666666666666666,True
GLU_MGLUR_I,neurotransmitter,Glutamate,Group I mGluR,Border macrophage,Excitatory neuron,0.523571050917076,1057,0.00010873137534378932,0.004975124378109453,12,6,0.00259568421037546,0.5,True
PENK_OPR,neuropeptide,Enkephalin,Delta/mu opioid receptor,Fibroblast / VLMC,Choroid plexus,0.006542389807493791,138,0.00016990778549845479,0.024875621890547265,2,1,0.0037449542326872883,0.5,True
GLU_AMPA,neurotransmitter,Glutamate,AMPA receptor,Vascular smooth muscle,Fibroblast / VLMC,2.3356193156985494,154,0.00018509299992552217,0.004975124378109453,2,2,0.003972707094731735,1.0,True
GLU_AMPA,neurotransmitter,Glutamate,AMPA receptor,Fibroblast / VLMC,Choroid plexus,2.472313221813976,138,0.0003036083588493636,0.004975124378109453,2,1,0.006007147425293207,0.5,True
GLU_NMDA_2A,neurotransmitter,Glutamate,NMDA receptor (GluN1/2A),T / NK cell,Choroid plexus,1.1995850616487964,116,0.00048616024520395194,0.004975124378109453,2,1,0.00868222819583699,0.5,True
GLU_MGLUR_III,neurotransmitter,Glutamate,Group III mGluR,Vascular smooth muscle,Excitatory neuron,0.298398716184828,225,0.0008644390460229328,0.009950248756218905,4,2,0.013804472001164855,0.5,True
GLU_NMDA_2A,neurotransmitter,Glutamate,NMDA receptor (GluN1/2A),Border macrophage,Choroid plexus,0.867913227720359,194,0.001018507589579266,0.004975124378109453,3,2,0.01566808373064399,0.6666666666666666,True
GLU_NMDA_2B,neurotransmitter,Glutamate,NMDA receptor (GluN1/2B),Fibroblast / VLMC,Choroid plexus,0.6967825569968292,138,0.0011795396765837587,0.004975124378109453,2,2,0.017465399198529772,1.0,True
GLU_NMDA_2A,neurotransmitter,Glutamate,NMDA receptor (GluN1/2A),Microglia,Erythrocyte (blood),0.7293418239144718,170,0.0024530958083771575,0.014925373134328358,4,2,0.03110578668671198,0.5,True
APOE_LRP1,neuron_glia,ApoE,LRP1,Pericyte,Fibroblast / VLMC,1.25067106148471,92,0.0031414788203640172,0.014925373134328358,1,1,0.03798185891597736,1.0,True
TGFB1_R,neurovascular,TGF-beta1,TGF-beta receptor,Pericyte,Fibroblast / VLMC,0.008266843531442724,92,0.0,0.004975124378109453,1,0,0.0,0.0,False
CRH_R,neuropeptide,CRH,CRH receptor,Fibroblast / VLMC,Pericyte,0.05516373592874278,92,4.8440829149637516e-92,0.004975124378109453,1,0,7.555154653038464e-89,0.0,False
ANGPT1_TEK,neurovascular,Angiopoietin-1,TIE2,Ependymal,Excitatory neuron,0.009112470341424872,274,1.5018785138623842e-66,0.004975124378109453,7,0,1.756822391590524e-63,0.0,False
POMC_MC4R,neuropeptide,alpha-MSH,Melanocortin receptor,Erythrocyte (blood),Choroid plexus,0.0146640500714702,279,4.246295073007496e-63,0.004975124378109453,7,1,3.973682929320415e-60,0.14285714285714285,False
HCRT_R,neuropeptide,Orexin,Orexin receptor,Vascular smooth muscle,Excitatory neuron,0.002809550762176514,225,1.0175735396843635e-58,0.004975124378109453,4,1,7.935377653638561e-56,0.25,False
C3_CR3,neuron_glia,Complement C3,Complement receptor 3,T / NK cell,Endothelial,0.016562446303989575,253,1.235489211778977e-48,0.004975124378109453,7,0,7.226067527392292e-46,0.0,False
WNT7_FZD4,neurovascular,Wnt7a/b,Frizzled-4 / GPR124,Fibroblast / VLMC,Border macrophage,0.006895347553140977,408,3.232912147991311e-32,0.004975124378109453,7,1,1.6807551044945936e-29,0.14285714285714285,False
OXT_R,neuropeptide,Oxytocin,Oxytocin receptor,Astrocyte,Excitatory neuron,0.00779835099265689,336,2.5244355690850738e-28,0.004975124378109453,9,1,9.843195023124216e-26,0.1111111111111111,False
CX3CL1_CX3CR1,neuron_glia,Fractalkine,CX3CR1,Astrocyte,Microglia,0.28440286250824626,141,3.441211081675684e-20,0.004975124378109453,4,1,8.47443507955817e-18,0.25,False
C3_CR3,neuron_glia,Complement C3,Complement receptor 3,Pericyte,Excitatory neuron,0.008592893563064875,255,4.989684397705519e-20,0.009950248756218905,7,0,1.1117492046125773e-17,0.0,False
ANGPT1_TEK,neurovascular,Angiopoietin-1,TIE2,Fibroblast / VLMC,Pericyte,0.026249434636986774,92,2.891217999436317e-19,0.004975124378109453,1,0,5.881743051896751e-17,0.0,False
CRH_R,neuropeptide,CRH,CRH receptor,Vascular smooth muscle,Endothelial,0.015444315116824085,131,3.1073522452493913e-19,0.014925373134328358,1,0,6.058042148134125e-17,0.0,False
CSF1_CSF1R,neuron_glia,CSF-1,CSF1R,Choroid plexus,Microglia,0.3700086673100789,24,2.315240225523258e-16,0.004975124378109453,0,0,3.8689317911511876e-14,0.0,False
PDYN_KOR,neuropeptide,Dynorphin,Kappa opioid receptor,Fibroblast / VLMC,Oligodendrocyte,0.0013153368911584659,722,1.589975715909478e-14,0.009950248756218905,10,1,2.125570392782985e-12,0.1,False
GABA_B,neurotransmitter,GABA,GABA-B receptor,Erythrocyte (blood),Erythrocyte (blood),0.06620237608990494,6296,2.7855027433444238e-14,0.004975124378109453,12,4,3.5225317124617725e-12,0.3333333333333333,False
VEGFA_R,neurovascular,VEGF-A,VEGF receptor,T / NK cell,Endothelial,0.09717015221184892,253,6.97380349765021e-14,0.004975124378109453,7,2,8.157606641376334e-12,0.2857142857142857,False
IL34_CSF1R,neuron_glia,IL-34,CSF1R,Oligodendrocyte,Microglia,0.10284511441165961,103,2.02220202193624e-13,0.004975124378109453,2,0,2.3077764050340653e-11,0.0,False
CSF1_CSF1R,neuron_glia,CSF-1,CSF1R,Astrocyte,Microglia,0.09102637040699628,141,3.651419036052121e-12,0.004975124378109453,4,1,3.882952197656335e-10,0.25,False
VEGFA_R,neurovascular,VEGF-A,VEGF receptor,Astrocyte,Endothelial,0.0778528789250399,417,4.623594113615184e-12,0.004975124378109453,6,2,4.80751041280121e-10,0.3333333333333333,False
PDGFB_PDGFRB,neurovascular,PDGF-B,PDGFRB,Oligodendrocyte,Pericyte,0.06071262663983284,141,9.490048994485234e-12,0.004975124378109453,1,0,9.44764664791413e-10,0.0,False
VEGFA_R,neurovascular,VEGF-A,VEGF receptor,Excitatory neuron,Endothelial,0.046284249950857725,595,4.408186911970798e-11,0.004975124378109453,12,5,4.209368685941094e-09,0.4166666666666667,False
NRG1_ERBB4,guidance,Neuregulin-1,ErbB4,Excitatory neuron,Inhibitory neuron,0.1399726691571149,88,5.86997580968703e-11,0.004975124378109453,0,0,5.493123362705123e-09,0.0,False
IL34_CSF1R,neuron_glia,IL-34,CSF1R,Astrocyte,Microglia,0.0864337961724464,141,1.0622849585594735e-10,0.004975124378109453,4,1,9.558521771345725e-09,0.25,False
GABA_A,neurotransmitter,GABA,GABA-A receptor,Border macrophage,Excitatory neuron,0.04822040839136606,1057,3.9525084655630227e-10,0.004975124378109453,12,3,3.2445240544507686e-08,0.25,False
GLU_MGLUR_III,neurotransmitter,Glutamate,Group III mGluR,Endothelial,Excitatory neuron,0.3432659508801308,595,1.337439291391159e-09,0.004975124378109453,12,5,1.0258817121998743e-07,0.4166666666666667,False
CX3CL1_CX3CR1,neuron_glia,Fractalkine,CX3CR1,T / NK cell,Microglia,0.27871658876538274,80,1.5170718258404908e-09,0.004975124378109453,0,0,1.1448998505012349e-07,0.0,False
GLU_MGLUR_III,neurotransmitter,Glutamate,Group III mGluR,Erythrocyte (blood),Excitatory neuron,0.3621736828589672,1535,1.7596795084632305e-09,0.004975124378109453,12,5,1.28649069064054e-07,0.4166666666666667,False
VEGFA_R,neurovascular,VEGF-A,VEGF receptor,Endothelial,Endothelial,0.059689082575182545,282,1.9449722048496185e-09,0.004975124378109453,7,2,1.4000807609986715e-07,0.2857142857142857,False
WNT7_FZD4,neurovascular,Wnt7a/b,Frizzled-4 / GPR124,Excitatory neuron,Border macrophage,0.0013374760112563958,1057,1.9821294914832685e-09,0.01990049751243781,12,1,1.4052096804015474e-07,0.08333333333333333,False
GAL_R,neuropeptide,Galanin,Galanin receptor,Fibroblast / VLMC,Excitatory neuron,0.008629634050663583,499,2.2612860828718376e-09,0.009950248756218905,7,1,1.5791876987697504e-07,0.14285714285714285,False
GLU_NMDA_2A,neurotransmitter,Glutamate,NMDA receptor (GluN1/2A),Ependymal,Excitatory neuron,1.034627201783396,274,2.312387993717573e-09,0.004975124378109453,7,2,1.59112697391243e-07,0.2857142857142857,False
GABA_A,neurotransmitter,GABA,GABA-A receptor,Excitatory neuron,Erythrocyte (blood),0.04648113025516175,1535,3.915642521579126e-09,0.004975124378109453,12,5,2.5446237997873235e-07,0.4166666666666667,False
PENK_OPR,neuropeptide,Enkephalin,Delta/mu opioid receptor,Excitatory neuron,Vascular smooth muscle,0.01713524023691813,225,4.166175784319136e-09,0.009950248756218905,4,1,2.6342616884904374e-07,0.25,False
GLU_NMDA_2B,neurotransmitter,Glutamate,NMDA receptor (GluN1/2B),Erythrocyte (blood),Erythrocyte (blood),0.5177865282098705,6296,4.7143771959179956e-09,0.004975124378109453,12,5,2.9411427866267065e-07,0.4166666666666667,False
SST_SSTR,neuropeptide,Somatostatin,Somatostatin receptor,Excitatory neuron,Excitatory neuron,0.20704502663166782,2258,5.177890105365461e-09,0.004975124378109453,12,3,3.187808921448025e-07,0.25,False
GLU_AMPA,neurotransmitter,Glutamate,AMPA receptor,Erythrocyte (blood),Excitatory neuron,2.484271859579055,1535,6.898866830954587e-09,0.004975124378109453,12,4,4.086050367346394e-07,0.3333333333333333,False
GLU_MGLUR_III,neurotransmitter,Glutamate,Group III mGluR,Excitatory neuron,Erythrocyte (blood),0.39658210401814614,1535,6.9907044729171196e-09,0.004975124378109453,12,5,4.0886882785974004e-07,0.4166666666666667,False
WNT7_FZD4,neurovascular,Wnt7a/b,Frizzled-4 / GPR124,Inhibitory neuron,Excitatory neuron,0.02397866682572798,88,8.940336679320026e-09,0.029850746268656716,0,0,5.16442411389363e-07,0.0,False
NRG1_ERBB4,guidance,Neuregulin-1,ErbB4,Oligodendrocyte,Inhibitory neuron,0.05091651678085327,40,9.165413153458351e-09,0.009950248756218905,0,0,5.229874164028247e-07,0.0,False
TAC1_NK1,neuropeptide,Substance P,NK1 receptor,Choroid plexus,Pericyte,0.026066945820319945,41,1.09305482849198e-08,0.014925373134328358,0,0,6.161931978932499e-07,0.0,False
IL34_CSF1R,neuron_glia,IL-34,CSF1R,Excitatory neuron,Microglia,0.1126685979631212,225,2.797988079611484e-08,0.004975124378109453,5,2,1.5048030143105901e-06,0.4,False
IL34_CSF1R,neuron_glia,IL-34,CSF1R,Ependymal,Microglia,0.1328150298860338,63,3.1538124064739695e-08,0.004975124378109453,1,0,1.6580548595383937e-06,0.0,False
GABA_B,neurotransmitter,GABA,GABA-B receptor,Border macrophage,Excitatory neuron,0.06441560243815889,1057,3.994625138917911e-08,0.004975124378109453,12,4,2.076761224999656e-06,0.3333333333333333,False
GLU_AMPA,neurotransmitter,Glutamate,AMPA receptor,Excitatory neuron,Border macrophage,3.069653989237891,1057,4.615867311649026e-08,0.004975124378109453,12,5,2.34756990773976e-06,0.4166666666666667,False
PTN_PTPRZ1,neuron_glia,Pleiotrophin,PTPRZ1,Astrocyte,Astrocyte,0.5792212223165814,1758,6.629078073718978e-08,0.004975124378109453,11,5,3.3352103555839892e-06,0.45454545454545453,False
PENK_OPR,neuropeptide,Enkephalin,Delta/mu opioid receptor,Excitatory neuron,Microglia,0.020108270115322537,225,9.575658261444442e-08,0.009950248756218905,5,1,4.766436702691334e-06,0.2,False
CX3CL1_CX3CR1,neuron_glia,Fractalkine,CX3CR1,Vascular smooth muscle,Microglia,0.33509375367845806,35,9.982268424337325e-08,0.009950248756218905,0,0,4.916529890260457e-06,0.0,False
GABA_A,neurotransmitter,GABA,GABA-A receptor,Inhibitory neuron,Excitatory neuron,0.8741149590774016,88,1.574548092882474e-07,0.004975124378109453,0,0,7.67428179853864e-06,0.0,False
CRH_R,neuropeptide,CRH,CRH receptor,T / NK cell,Pericyte,0.022115449905395507,100,1.6201526023461836e-07,0.009950248756218905,0,0,7.815148480801848e-06,0.0,False
GLU_MGLUR_I,neurotransmitter,Glutamate,Group I mGluR,Erythrocyte (blood),Excitatory neuron,0.641805185829001,1535,1.7494703975737178e-07,0.004975124378109453,12,4,8.352828561476964e-06,0.3333333333333333,False
PENK_OPR,neuropeptide,Enkephalin,Delta/mu opioid receptor,Border macrophage,Erythrocyte (blood),0.01346780725245206,848,1.8716809859807235e-07,0.004975124378109453,12,2,8.846055892327075e-06,0.16666666666666666,False
GLU_NMDA_2A,neurotransmitter,Glutamate,NMDA receptor (GluN1/2A),Fibroblast / VLMC,Excitatory neuron,0.9253817920933267,499,2.4908043912645917e-07,0.004975124378109453,7,3,1.1425954653653946e-05,0.42857142857142855,False
NRXN_NLGN,synaptic_adhesion,Neurexin,Neuroligin,Excitatory neuron,Excitatory neuron,0.8124342277263307,2258,2.4625180435431436e-07,0.004975124378109453,12,4,1.1425954653653946e-05,0.3333333333333333,False
GLU_NMDA_2B,neurotransmitter,Glutamate,NMDA receptor (GluN1/2B),Oligodendrocyte,Excitatory neuron,0.7099987239686899,601,2.478028402603365e-07,0.004975124378109453,12,5,1.1425954653653946e-05,0.4166666666666667,False
GLU_MGLUR_III,neurotransmitter,Glutamate,Group III mGluR,Border macrophage,Excitatory neuron,0.28794883610284205,1057,3.6052129819054583e-07,0.004975124378109453,12,3,1.6219991867630423e-05,0.25,False
GLU_NMDA_2A,neurotransmitter,Glutamate,NMDA receptor (GluN1/2A),Astrocyte,Excitatory neuron,0.8809475551048914,336,3.6458020054489935e-07,0.004975124378109453,9,4,1.6246388174757945e-05,0.4444444444444444,False
APOE_TREM2,neuron_glia,ApoE,TREM2,OPC,Astrocyte,0.2386331558227539,23,3.8453180606566274e-07,0.024875621890547265,0,0,1.6973814345106002e-05,0.0,False
GLU_NMDA_2B,neurotransmitter,Glutamate,NMDA receptor (GluN1/2B),Endothelial,Choroid plexus,0.8604273725123632,84,4.810228398421985e-07,0.004975124378109453,0,0,2.0839869144644878e-05,0.0,False
CSF1_CSF1R,neuron_glia,CSF-1,CSF1R,Choroid plexus,T / NK cell,0.02423290959719954,116,4.92993616248228e-07,0.004975124378109453,2,0,2.116254248096751e-05,0.0,False
PENK_OPR,neuropeptide,Enkephalin,Delta/mu opioid receptor,Microglia,T / NK cell,0.02393266707658768,80,5.37444443676802e-07,0.01990049751243781,0,0,2.2860932290579603e-05,0.0,False
GLU_NMDA_2A,neurotransmitter,Glutamate,NMDA receptor (GluN1/2A),Pericyte,Erythrocyte (blood),0.9864817142486573,225,5.760449183288175e-07,0.004975124378109453,5,2,2.4282109665410246e-05,0.4,False
GLU_AMPA,neurotransmitter,Glutamate,AMPA receptor,Oligodendrocyte,Excitatory neuron,2.4907833292162955,601,8.888969357590593e-07,0.004975124378109453,12,4,3.6166510977535985e-05,0.3333333333333333,False
GLU_KAINATE,neurotransmitter,Glutamate,Kainate receptor,Excitatory neuron,Erythrocyte (blood),1.213594006133002,1535,8.863994973014378e-07,0.004975124378109453,12,4,3.6166510977535985e-05,0.3333333333333333,False
GLU_NMDA_2B,neurotransmitter,Glutamate,NMDA receptor (GluN1/2B),T / NK cell,Excitatory neuron,0.633366257913651,651,9.95459113084969e-07,0.004975124378109453,12,4,3.976082146241027e-05,0.3333333333333333,False
VEGFA_R,neurovascular,VEGF-A,VEGF receptor,Pericyte,Choroid plexus,0.03447746358266691,41,1.002730697278139e-06,0.024875621890547265,0,0,3.976082146241027e-05,0.0,False
NPY_R,neuropeptide,Neuropeptide Y,NPY receptor,Microglia,Vascular smooth muscle,0.2392125265938895,35,1.2315917356079384e-06,0.009950248756218905,0,0,4.8021814424246196e-05,0.0,False
NPY_R,neuropeptide,Neuropeptide Y,NPY receptor,Oligodendrocyte,Excitatory neuron,0.0718879733426797,601,1.4733789168696436e-06,0.004975124378109453,12,3,5.6507704524861166e-05,0.25,False
GABA_B,neurotransmitter,GABA,GABA-B receptor,Pericyte,Erythrocyte (blood),0.1506682316462199,225,1.5605820271762422e-06,0.004975124378109453,5,2,5.936555532648486e-05,0.4,False
TAC1_NK1,neuropeptide,Substance P,NK1 receptor,Endothelial,Endothelial,0.017505703242958016,282,1.7559435196752578e-06,0.014925373134328358,7,0,6.62585461980688e-05,0.0,False
PENK_OPR,neuropeptide,Enkephalin,Delta/mu opioid receptor,Vascular smooth muscle,Fibroblast / VLMC,0.027375537079650087,154,1.7893594807522988e-06,0.014925373134328358,2,0,6.697930408352005e-05,0.0,False
SST_SSTR,neuropeptide,Somatostatin,Somatostatin receptor,Border macrophage,Excitatory neuron,0.18352412703810939,1057,2.4939383048146064e-06,0.004975124378109453,12,3,9.188297108840585e-05,0.25,False
VEGFA_R,neurovascular,VEGF-A,VEGF receptor,Erythrocyte (blood),Ependymal,0.038253556643284205,241,2.584173202398062e-06,0.004975124378109453,6,1,9.446364385953541e-05,0.16666666666666666,False
PDGFB_PDGFRB,neurovascular,PDGF-B,PDGFRB,Vascular smooth muscle,Pericyte,0.06711486840652207,59,3.032249892360418e-06,0.004975124378109453,0,0,0.0001099836995841426,0.0,False
VIP_R,neuropeptide,VIP,VIP receptor,Microglia,Vascular smooth muscle,0.18223744801112585,35,3.1901514208354357e-06,0.004975124378109453,0,0,0.00011482091152376157,0.0,False
GLU_MGLUR_I,neurotransmitter,Glutamate,Group I mGluR,Choroid plexus,Excitatory neuron,0.7062672207660021,321,3.279623678432152e-06,0.004975124378109453,7,2,0.00011714014649911481,0.2857142857142857,False
SST_SSTR,neuropeptide,Somatostatin,Somatostatin receptor,Excitatory neuron,Erythrocyte (blood),0.19540630594526906,1535,3.3901129704778737e-06,0.004975124378109453,12,4,0.00012016923173383311,0.3333333333333333,False
GLU_MGLUR_I,neurotransmitter,Glutamate,Group I mGluR,Endothelial,Excitatory neuron,0.5579010832209547,595,3.5535188911961186e-06,0.004975124378109453,12,2,0.00012501439768350855,0.16666666666666666,False
GABA_A,neurotransmitter,GABA,GABA-A receptor,Excitatory neuron,Choroid plexus,0.06568127220664811,321,3.69336732053764e-06,0.004975124378109453,7,3,0.000128964669349221,0.42857142857142855,False
GABA_A,neurotransmitter,GABA,GABA-A receptor,Excitatory neuron,Border macrophage,0.03379419990158803,1057,3.72433540856183e-06,0.004975124378109453,12,4,0.00012908270649378373,0.3333333333333333,False
PDGFB_PDGFRB,neurovascular,PDGF-B,PDGFRB,Erythrocyte (blood),Pericyte,0.023856234550476075,225,4.677381455517594e-06,0.009950248756218905,5,1,0.00016092255757622665,0.2,False
GLU_NMDA_2A,neurotransmitter,Glutamate,NMDA receptor (GluN1/2A),Erythrocyte (blood),T / NK cell,1.089341914019204,526,5.370287130944182e-06,0.004975124378109453,12,5,0.00018341294515100606,0.4166666666666667,False
GLU_KAINATE,neurotransmitter,Glutamate,Kainate receptor,Choroid plexus,Erythrocyte (blood),1.1091619691541117,279,6.201011921687647e-06,0.004975124378109453,7,2,0.00021025025204040942,0.2857142857142857,False
GLU_AMPA,neurotransmitter,Glutamate,AMPA receptor,Border macrophage,Erythrocyte (blood),2.118805997706247,848,6.851966336800671e-06,0.004975124378109453,12,4,0.00023065000352439093,0.3333333333333333,False
CSF1_CSF1R,neuron_glia,CSF-1,CSF1R,Endothelial,Microglia,0.08362446180204065,82,7.000107703677579e-06,0.004975124378109453,0,0,0.00023395359961076706,0.0,False
GLU_NMDA_2A,neurotransmitter,Glutamate,NMDA receptor (GluN1/2A),T / NK cell,Erythrocyte (blood),0.9915165932912791,526,7.975076837567373e-06,0.004975124378109453,12,4,0.0002646481171842393,0.3333333333333333,False
GLU_NMDA_2A,neurotransmitter,Glutamate,NMDA receptor (GluN1/2A),Erythrocyte (blood),Border macrophage,0.8882467220976668,848,9.313982240860217e-06,0.004975124378109453,12,5,0.00030690227397876726,0.4166666666666667,False
GLU_MGLUR_III,neurotransmitter,Glutamate,Group III mGluR,Erythrocyte (blood),Erythrocyte (blood),0.2563908069833564,6296,9.605549301079103e-06,0.004975124378109453,12,4,0.00031429625999824563,0.3333333333333333,False
SST_SSTR,neuropeptide,Somatostatin,Somatostatin receptor,Erythrocyte (blood),Excitatory neuron,0.2189685871624403,1535,9.803376736536816e-06,0.004975124378109453,12,4,0.0003185416649323317,0.3333333333333333,False
GLU_MGLUR_III,neurotransmitter,Glutamate,Group III mGluR,Choroid plexus,Excitatory neuron,0.3553608676354833,321,1.0464543981989354e-05,0.004975124378109453,7,3,0.00033768000890847024,0.42857142857142855,False
CX3CL1_CX3CR1,neuron_glia,Fractalkine,CX3CR1,Pericyte,Microglia,0.42279318968455,33,1.0552010601280667e-05,0.009950248756218905,0,0,0.0003381702575574811,0.0,False
GLU_KAINATE,neurotransmitter,Glutamate,Kainate receptor,Pericyte,Pericyte,1.4440069657105665,26,1.0865857169144454e-05,0.004975124378109453,0,0,0.000343522606043425,0.0,False
VEGFA_R,neurovascular,VEGF-A,VEGF receptor,Fibroblast / VLMC,Endothelial,0.06959487344117443,223,1.1116972146265873e-05,0.004975124378109453,5,2,0.00034910276961327535,0.4,False
PDYN_KOR,neuropeptide,Dynorphin,Kappa opioid receptor,Oligodendrocyte,Border macrophage,0.0042010328986428,429,1.243244411876143e-05,0.029850746268656716,9,1,0.00038780937354456483,0.1111111111111111,False
GLU_KAINATE,neurotransmitter,Glutamate,Kainate receptor,Erythrocyte (blood),Erythrocyte (blood),0.8840045126810613,6296,1.2699144748513732e-05,0.004975124378109453,12,3,0.000391278447196099,0.25,False
HCRT_R,neuropeptide,Orexin,Orexin receptor,Vascular smooth muscle,Erythrocyte (blood),0.009275091348318108,237,1.2710904888610184e-05,0.04975124378109453,5,0,0.000391278447196099,0.0,False
SST_SSTR,neuropeptide,Somatostatin,Somatostatin receptor,Endothelial,Excitatory neuron,0.22102469972201755,595,1.425721124666571e-05,0.004975124378109453,12,4,0.0004346022820813572,0.3333333333333333,False
SEMA3A_R,guidance,Semaphorin 3A,Neuropilin-1 / Plexin-A4,Choroid plexus,Excitatory neuron,0.0025830987457917116,321,1.4304071690645227e-05,0.03482587064676617,7,1,0.0004346022820813572,0.14285714285714285,False
POMC_MC4R,neuropeptide,alpha-MSH,Melanocortin receptor,Oligodendrocyte,Erythrocyte (blood),0.0010547388328347583,1342,1.4758751944669225e-05,0.01990049751243781,10,1,0.00044552387322004713,0.1,False
GLU_AMPA,neurotransmitter,Glutamate,AMPA receptor,Excitatory neuron,Choroid plexus,3.264464162591833,321,1.662293812820942e-05,0.004975124378109453,7,3,0.000498581586550589,0.42857142857142855,False
GAL_R,neuropeptide,Galanin,Galanin receptor,Pericyte,T / NK cell,0.014755276441574096,100,1.6921371162158004e-05,0.04477611940298507,0,0,0.00050429997240597,0.0,False
PENK_OPR,neuropeptide,Enkephalin,Delta/mu opioid receptor,Excitatory neuron,Excitatory neuron,0.005371911281289201,2258,1.812978151135633e-05,0.004975124378109453,12,2,0.0005368939727318752,0.16666666666666666,False
CCK_R,neuropeptide,Cholecystokinin,CCK receptor,Erythrocyte (blood),Endothelial,0.6199855093000713,594,2.202286787275843e-05,0.004975124378109453,12,3,0.0006440312423539794,0.25,False
GLU_NMDA_2A,neurotransmitter,Glutamate,NMDA receptor (GluN1/2A),Excitatory neuron,Border macrophage,1.0778129744777842,1057,2.354588199459765e-05,0.004975124378109453,12,4,0.0006842930549858534,0.3333333333333333,False
GABA_A,neurotransmitter,GABA,GABA-A receptor,Pericyte,Excitatory neuron,0.12606004172680424,255,2.501505355611e-05,0.004975124378109453,7,1,0.0007225026888212265,0.14285714285714285,False
GABA_B,neurotransmitter,GABA,GABA-B receptor,Endothelial,Border macrophage,0.07330216948441633,381,2.790547995678855e-05,0.009950248756218905,10,2,0.0008010413540970161,0.2,False
TAC1_NK1,neuropeptide,Substance P,NK1 receptor,Fibroblast / VLMC,Fibroblast / VLMC,0.008043555245883223,1242,2.909200930721112e-05,0.009950248756218905,9,2,0.0008300092167587857,0.2222222222222222,False
GLU_NMDA_2B,neurotransmitter,Glutamate,NMDA receptor (GluN1/2B),Pericyte,Excitatory neuron,0.5902957303851258,255,2.9611213440449852e-05,0.004975124378109453,7,3,0.0008397022284113021,0.42857142857142855,False
VEGFA_R,neurovascular,VEGF-A,VEGF receptor,Oligodendrocyte,Endothelial,0.0507201303135265,220,3.004058199594226e-05,0.009950248756218905,4,0,0.0008467462840904449,0.0,False
GLU_MGLUR_III,neurotransmitter,Glutamate,Group III mGluR,Choroid plexus,Erythrocyte (blood),0.3354587191749217,279,3.225709730640644e-05,0.004975124378109453,7,1,0.0009037781933932679,0.14285714285714285,False
NRG1_ERBB4,guidance,Neuregulin-1,ErbB4,Border macrophage,Erythrocyte (blood),0.008476714410309522,848,3.565539781259876e-05,0.004975124378109453,12,2,0.0009930452759830332,0.16666666666666666,False
NPY_R,neuropeptide,Neuropeptide Y,NPY receptor,Excitatory neuron,Pericyte,0.07737336252249924,255,3.781110705489599e-05,0.004975124378109453,7,1,0.0010468530763896942,0.14285714285714285,False
CX3CL1_CX3CR1,neuron_glia,Fractalkine,CX3CR1,Endothelial,Microglia,0.19141695266816675,82,4.163014203275903e-05,0.004975124378109453,0,0,0.0011458084386545852,0.0,False
PDYN_KOR,neuropeptide,Dynorphin,Kappa opioid receptor,Oligodendrocyte,Excitatory neuron,0.0049861925413921945,601,4.385615910980633e-05,0.014925373134328358,12,1,0.0012000173595016598,0.08333333333333333,False
GLU_AMPA,neurotransmitter,Glutamate,AMPA receptor,Pericyte,Excitatory neuron,2.410674954395668,255,4.464698649209114e-05,0.004975124378109453,7,2,0.0012145537778865956,0.2857142857142857,False
GLU_AMPA,neurotransmitter,Glutamate,AMPA receptor,Vascular smooth muscle,Excitatory neuron,2.2623922811614143,225,5.059051802519925e-05,0.004975124378109453,4,1,0.0013682834326006201,0.25,False
VEGFA_R,neurovascular,VEGF-A,VEGF receptor,Choroid plexus,Endothelial,0.03904290000597636,84,5.286181924931073e-05,0.009950248756218905,0,0,0.0014214968521122121,0.0,False
GABA_B,neurotransmitter,GABA,GABA-B receptor,Endothelial,Erythrocyte (blood),0.04883587741691255,594,5.459694961570965e-05,0.004975124378109453,12,3,0.0014597664414394596,0.25,False
GLU_AMPA,neurotransmitter,Glutamate,AMPA receptor,Choroid plexus,Excitatory neuron,2.3720174823594613,321,5.528846758829232e-05,0.004975124378109453,7,2,0.0014615522025176258,0.2857142857142857,False
CX3CL1_CX3CR1,neuron_glia,Fractalkine,CX3CR1,Erythrocyte (blood),Microglia,0.15556413285872517,170,5.51548447558491e-05,0.004975124378109453,4,1,0.0014615522025176258,0.25,False
CORT_SSTR,neuropeptide,Cortistatin,Somatostatin receptor,Erythrocyte (blood),Erythrocyte (blood),0.021228854526710025,6296,5.603277087179232e-05,0.004975124378109453,12,5,0.0014729063758939114,0.4166666666666667,False
GLU_NMDA_2A,neurotransmitter,Glutamate,NMDA receptor (GluN1/2A),Pericyte,Excitatory neuron,0.9572631134706385,255,6.629698835974737e-05,0.004975124378109453,7,1,0.0017329810532695977,0.14285714285714285,False
PTN_PTPRZ1,neuron_glia,Pleiotrophin,PTPRZ1,Oligodendrocyte,OPC,1.0360426033536594,48,6.697547498452148e-05,0.004975124378109453,0,0,0.0017409902636254223,0.0,False
GABA_B,neurotransmitter,GABA,GABA-B receptor,Fibroblast / VLMC,Erythrocyte (blood),0.06551393404196894,477,7.246845946154182e-05,0.009950248756218905,8,2,0.0018733697338152167,0.25,False
CSF1_CSF1R,neuron_glia,CSF-1,CSF1R,Fibroblast / VLMC,Inhibitory neuron,0.11075210571289062,26,7.859117138209411e-05,0.03980099502487562,0,0,0.0020094431196547454,0.0,False
CSF1_CSF1R,neuron_glia,CSF-1,CSF1R,Excitatory neuron,Inhibitory neuron,0.03597931157458912,88,7.859111181415808e-05,0.03980099502487562,0,0,0.0020094431196547454,0.0,False
PTN_PTPRZ1,neuron_glia,Pleiotrophin,PTPRZ1,Oligodendrocyte,Oligodendrocyte,0.3326099764377213,19620,7.944778935647023e-05,0.004975124378109453,12,3,0.0020203054695593706,0.25,False
CRH_R,neuropeptide,CRH,CRH receptor,Vascular smooth muscle,Choroid plexus,0.011797588379656682,61,8.018439742223301e-05,0.01990049751243781,0,0,0.0020280151110196125,0.0,False
GABA_A,neurotransmitter,GABA,GABA-A receptor,Endothelial,Excitatory neuron,0.04687587533678327,595,8.142580967444767e-05,0.004975124378109453,12,3,0.002048340663799681,0.25,False
GAL_R,neuropeptide,Galanin,Galanin receptor,Fibroblast / VLMC,Ependymal,0.003956917110754519,245,8.507505146340997e-05,0.029850746268656716,6,0,0.0021286960737823277,0.0,False
TAC1_NK1,neuropeptide,Substance P,NK1 receptor,Choroid plexus,Erythrocyte (blood),0.01211552978843771,279,9.019534348538254e-05,0.024875621890547265,7,1,0.0022329312813127245,0.14285714285714285,False
CRH_R,neuropeptide,CRH,CRH receptor,Erythrocyte (blood),Endothelial,0.007227576541579532,594,8.975711038337226e-05,0.01990049751243781,12,2,0.0022329312813127245,0.16666666666666666,False
GLU_MGLUR_I,neurotransmitter,Glutamate,Group I mGluR,Pericyte,Excitatory neuron,0.6319892665919136,255,9.133320672024043e-05,0.004975124378109453,7,2,0.0022492003907579206,0.2857142857142857,False
CORT_SSTR,neuropeptide,Cortistatin,Somatostatin receptor,Choroid plexus,Pericyte,0.17940868255568715,41,9.278654650964682e-05,0.004975124378109453,0,0,0.002273027492767736,0.0,False
PTN_PTPRZ1,neuron_glia,Pleiotrophin,PTPRZ1,Ependymal,Astrocyte,0.4592489835744846,334,9.408728102588314e-05,0.004975124378109453,5,2,0.0022928874370838916,0.4,False
RELN_R,guidance,Reelin,Reelin receptor,Excitatory neuron,Ependymal,0.035342265002048796,274,0.00010278636631619538,0.009950248756218905,7,1,0.0024790588040900937,0.14285714285714285,False
VEGFA_R,neurovascular,VEGF-A,VEGF receptor,Pericyte,Endothelial,0.03575467069943746,108,0.00010350060495124389,0.009950248756218905,0,0,0.00248348374649677,0.0,False
GLU_MGLUR_I,neurotransmitter,Glutamate,Group I mGluR,Border macrophage,Erythrocyte (blood),0.4992608172151278,848,0.00011298926987702852,0.004975124378109453,12,2,0.0026836385469777486,0.16666666666666666,False
CSF1_CSF1R,neuron_glia,CSF-1,CSF1R,Oligodendrocyte,Oligodendrocyte,0.020078304540612768,19620,0.0001209091029638024,0.004975124378109453,12,3,0.002857240872563795,0.25,False
PDYN_KOR,neuropeptide,Dynorphin,Kappa opioid receptor,Excitatory neuron,Choroid plexus,0.00396711618358101,321,0.0001237336058644302,0.01990049751243781,7,1,0.0029092941800988384,0.14285714285714285,False
GABA_A,neurotransmitter,GABA,GABA-A receptor,Erythrocyte (blood),Choroid plexus,0.0750709169654436,279,0.00012437976515500845,0.004975124378109453,7,2,0.002909864605801423,0.2857142857142857,False
GABA_A,neurotransmitter,GABA,GABA-A receptor,Endothelial,Inhibitory neuron,0.11355502264840263,42,0.00012918005170905312,0.029850746268656716,0,0,0.003007131651475918,0.0,False
GLU_AMPA,neurotransmitter,Glutamate,AMPA receptor,Microglia,Excitatory neuron,2.1507681269115873,225,0.00012982336076892701,0.004975124378109453,5,2,0.003007146064543612,0.4,False
GABA_A,neurotransmitter,GABA,GABA-A receptor,Fibroblast / VLMC,Erythrocyte (blood),0.04479944456048482,477,0.00013063579100630404,0.004975124378109453,8,1,0.0030110584537856974,0.125,False
GLU_NMDA_2A,neurotransmitter,Glutamate,NMDA receptor (GluN1/2A),Erythrocyte (blood),Choroid plexus,1.1499404744862656,279,0.00013811886287986108,0.004975124378109453,7,2,0.0031483015304552024,0.2857142857142857,False
GLU_NMDA_2A,neurotransmitter,Glutamate,NMDA receptor (GluN1/2A),T / NK cell,T / NK cell,1.066846104153307,462,0.00013752769619330713,0.004975124378109453,10,3,0.0031483015304552024,0.3,False
GLU_NMDA_2B,neurotransmitter,Glutamate,NMDA receptor (GluN1/2B),Microglia,Excitatory neuron,0.5131384558147855,225,0.0001386087017041615,0.004975124378109453,5,2,0.0031483015304552024,0.4,False
GLU_KAINATE,neurotransmitter,Glutamate,Kainate receptor,Excitatory neuron,T / NK cell,1.2980928981359103,651,0.00014780424779402943,0.004975124378109453,12,2,0.003316371594713907,0.16666666666666666,False
GABA_B,neurotransmitter,GABA,GABA-B receptor,T / NK cell,Excitatory neuron,0.08391211988739154,651,0.000148134572193889,0.004975124378109453,12,3,0.003316371594713907,0.25,False
PDGFB_PDGFRB,neurovascular,PDGF-B,PDGFRB,Ependymal,Endothelial,0.02117468453393194,203,0.00014801759066498132,0.01990049751243781,3,0,0.003316371594713907,0.0,False
GLU_AMPA,neurotransmitter,Glutamate,AMPA receptor,Vascular smooth muscle,Border macrophage,2.1341798632610134,164,0.0001607267242311669,0.004975124378109453,1,0,0.003581144488941095,0.0,False
GABA_A,neurotransmitter,GABA,GABA-A receptor,T / NK cell,Excitatory neuron,0.06548905409243067,651,0.00016480700575662434,0.004975124378109453,12,2,0.0036546539333423946,0.16666666666666666,False
CORT_SSTR,neuropeptide,Cortistatin,Somatostatin receptor,Choroid plexus,Excitatory neuron,0.06114637108978081,321,0.00017047985714092594,0.004975124378109453,7,2,0.0037449542326872883,0.2857142857142857,False
CCK_R,neuropeptide,Cholecystokinin,CCK receptor,Erythrocyte (blood),Choroid plexus,0.7926726633929865,279,0.0001778541951235584,0.004975124378109453,7,2,0.0038886905559959335,0.2857142857142857,False
APOE_LRP1,neuron_glia,ApoE,LRP1,Astrocyte,Astrocyte,1.4888828229985547,1758,0.00018041556156950434,0.004975124378109453,11,4,0.003908168576776439,0.36363636363636365,False
PENK_OPR,neuropeptide,Enkephalin,Delta/mu opioid receptor,Endothelial,T / NK cell,0.00979407408491896,253,0.00017991955098379297,0.024875621890547265,7,1,0.003908168576776439,0.14285714285714285,False
CSF1_CSF1R,neuron_glia,CSF-1,CSF1R,Endothelial,T / NK cell,0.017252126701264515,253,0.00018447025217750116,0.01990049751243781,7,1,0.003972707094731735,0.14285714285714285,False
VEGFA_R,neurovascular,VEGF-A,VEGF receptor,Inhibitory neuron,Fibroblast / VLMC,0.07518832500164326,26,0.0001883395622737226,0.01990049751243781,0,0,0.004023930647848164,0.0,False
PDGFB_PDGFRB,neurovascular,PDGF-B,PDGFRB,Microglia,Fibroblast / VLMC,0.03306186458338862,92,0.0002138608526858306,0.01990049751243781,1,0,0.004548431498713643,0.0,False
GLU_AMPA,neurotransmitter,Glutamate,AMPA receptor,Inhibitory neuron,Excitatory neuron,2.1415334018793972,88,0.00022520153760735595,0.004975124378109453,0,0,0.004767954726085151,0.0,False
CRH_R,neuropeptide,CRH,CRH receptor,Vascular smooth muscle,Erythrocyte (blood),0.012708666958386385,237,0.00023687908957820302,0.03482587064676617,5,1,0.004992600270884738,0.2,False
PDGFB_PDGFRB,neurovascular,PDGF-B,PDGFRB,Excitatory neuron,Vascular smooth muscle,0.038833016819424096,225,0.00024582015949924346,0.009950248756218905,4,1,0.00515781401926888,0.25,False
GLU_AMPA,neurotransmitter,Glutamate,AMPA receptor,Ependymal,Excitatory neuron,2.2416081637361622,274,0.0002572924353708791,0.004975124378109453,7,2,0.005374425469197961,0.2857142857142857,False
GLU_NMDA_2A,neurotransmitter,Glutamate,NMDA receptor (GluN1/2A),Excitatory neuron,Endothelial,1.1531411323226801,595,0.00026267333186405295,0.004975124378109453,12,2,0.005462437865741795,0.16666666666666666,False
SST_SSTR,neuropeptide,Somatostatin,Somatostatin receptor,Border macrophage,Erythrocyte (blood),0.16496710008326568,848,0.00026766344747712536,0.004975124378109453,12,1,0.005541580844006503,0.08333333333333333,False
SST_SSTR,neuropeptide,Somatostatin,Somatostatin receptor,Ependymal,Excitatory neuron,0.21513746580938353,274,0.00027210174823506404,0.009950248756218905,7,2,0.005584052982420459,0.2857142857142857,False
C3_CR3,neuron_glia,Complement C3,Complement receptor 3,Oligodendrocyte,Oligodendrocyte,0.0028317278344089226,19620,0.0002714847243668603,0.004975124378109453,12,3,0.005584052982420459,0.25,False
HCRT_R,neuropeptide,Orexin,Orexin receptor,Endothelial,Erythrocyte (blood),0.0016369320928849755,594,0.00027370324236974827,0.03980099502487562,12,1,0.005592390703266604,0.08333333333333333,False
GLU_MGLUR_I,neurotransmitter,Glutamate,Group I mGluR,Pericyte,Erythrocyte (blood),0.5687353687816196,225,0.00027971389476178843,0.004975124378109453,5,1,0.0056903535373496,0.2,False
CCK_R,neuropeptide,Cholecystokinin,CCK receptor,Vascular smooth muscle,Pericyte,0.8784889447487007,59,0.00029230861334989016,0.004975124378109453,0,0,0.005920831176901022,0.0,False
SST_SSTR,neuropeptide,Somatostatin,Somatostatin receptor,Astrocyte,Excitatory neuron,0.1912334488616103,336,0.0003000050831737339,0.004975124378109453,9,2,0.005973292698595323,0.2222222222222222,False
PACAP_R,neuropeptide,PACAP,PACAP receptor,Pericyte,Astrocyte,0.13475654224554698,120,0.0002979809034999735,0.004975124378109453,1,0,0.005973292698595323,0.0,False
GABA_B,neurotransmitter,GABA,GABA-B receptor,Endothelial,Excitatory neuron,0.06273532244337707,595,0.00029806187066848356,0.004975124378109453,12,2,0.005973292698595323,0.16666666666666666,False
IL34_CSF1R,neuron_glia,IL-34,CSF1R,Fibroblast / VLMC,Microglia,0.04350317561108133,92,0.00029898744313401577,0.01990049751243781,1,0,0.005973292698595323,0.0,False
PTN_PTPRZ1,neuron_glia,Pleiotrophin,PTPRZ1,Fibroblast / VLMC,Astrocyte,0.4569838199940027,382,0.00030427312241814277,0.009950248756218905,7,3,0.006007147425293207,0.42857142857142855,False
SEMA3A_R,guidance,Semaphorin 3A,Neuropilin-1 / Plexin-A4,Erythrocyte (blood),Fibroblast / VLMC,0.001648571881108314,477,0.00030914680878815304,0.03482587064676617,8,1,0.006077722345881378,0.125,False
GLU_AMPA,neurotransmitter,Glutamate,AMPA receptor,Erythrocyte (blood),Endothelial,2.2333205544988717,594,0.00031247911720979347,0.004975124378109453,12,3,0.006117530499684618,0.25,False
CSF1_CSF1R,neuron_glia,CSF-1,CSF1R,Border macrophage,Choroid plexus,0.03346132863428175,194,0.0003259074778935387,0.004975124378109453,3,1,0.006353837871099448,0.3333333333333333,False
VEGFA_R,neurovascular,VEGF-A,VEGF receptor,Inhibitory neuron,T / NK cell,0.1520174060549055,28,0.0003299389238516299,0.024875621890547265,0,0,0.006405743670961727,0.0,False
GABA_A,neurotransmitter,GABA,GABA-A receptor,Pericyte,Erythrocyte (blood),0.10410446061028375,225,0.0003349121525009432,0.004975124378109453,5,1,0.006475429593189724,0.2,False
WNT7_FZD4,neurovascular,Wnt7a/b,Frizzled-4 / GPR124,Excitatory neuron,Erythrocyte (blood),0.0009443943197641777,1535,0.0003396260108924612,0.04477611940298507,12,1,0.006539547757061012,0.08333333333333333,False
GLU_NMDA_2B,neurotransmitter,Glutamate,NMDA receptor (GluN1/2B),Inhibitory neuron,Excitatory neuron,0.5557058263908733,88,0.0003555824920005959,0.004975124378109453,0,0,0.006818731475699951,0.0,False
PDGFB_PDGFRB,neurovascular,PDGF-B,PDGFRB,Ependymal,Pericyte,0.04834841357337104,72,0.0003599715826891754,0.014925373134328358,0,0,0.006874722593480211,0.0,False
GLU_NMDA_2B,neurotransmitter,Glutamate,NMDA receptor (GluN1/2B),Pericyte,Erythrocyte (blood),0.5213510306676229,225,0.0003751716492247805,0.004975124378109453,5,1,0.007135886775295724,0.2,False
ANGPT1_TEK,neurovascular,Angiopoietin-1,TIE2,Choroid plexus,Choroid plexus,0.003269663080573082,96,0.0003961880379985376,0.029850746268656716,1,0,0.0075051167198184505,0.0,False
APOE_LRP1,neuron_glia,ApoE,LRP1,Excitatory neuron,Excitatory neuron,1.0349067433467474,2258,0.0004032775130761197,0.004975124378109453,12,2,0.007589352619499078,0.16666666666666666,False
GLU_MGLUR_I,neurotransmitter,Glutamate,Group I mGluR,T / NK cell,Erythrocyte (blood),0.5761891356439192,526,0.0004051634175416224,0.009950248756218905,12,1,0.007589352619499078,0.08333333333333333,False
GLU_NMDA_2B,neurotransmitter,Glutamate,NMDA receptor (GluN1/2B),Fibroblast / VLMC,Excitatory neuron,0.4731773374553673,499,0.0004055007811230539,0.009950248756218905,7,2,0.007589352619499078,0.2857142857142857,False
NPY_R,neuropeptide,Neuropeptide Y,NPY receptor,Microglia,Endothelial,0.08718754641893434,82,0.000415943313235361,0.014925373134328358,0,0,0.007753779930789856,0.0,False
CCK_R,neuropeptide,Cholecystokinin,CCK receptor,Endothelial,Pericyte,0.7795139716731178,108,0.00042220623674260024,0.004975124378109453,0,0,0.007781382217797343,0.0,False
SST_SSTR,neuropeptide,Somatostatin,Somatostatin receptor,Choroid plexus,Excitatory neuron,0.23189997366655654,321,0.00042241314026940054,0.004975124378109453,7,2,0.007781382217797343,0.2857142857142857,False
GABA_A,neurotransmitter,GABA,GABA-A receptor,Ependymal,Excitatory neuron,0.05354337927198758,274,0.0004196707076695288,0.004975124378109453,7,1,0.007781382217797343,0.14285714285714285,False
MDK_PTPRZ1,neuron_glia,Midkine,PTPRZ1,Border macrophage,Astrocyte,0.0981964928697246,516,0.0004242895608223044,0.004975124378109453,8,1,0.007785297470931617,0.125,False
GLU_NMDA_2A,neurotransmitter,Glutamate,NMDA receptor (GluN1/2A),Excitatory neuron,Oligodendrocyte,1.2290038632077107,601,0.00043359337520746977,0.009950248756218905,12,4,0.007924935166389653,0.3333333333333333,False
GLU_NMDA_2A,neurotransmitter,Glutamate,NMDA receptor (GluN1/2A),T / NK cell,Border macrophage,0.8373064428567887,400,0.0004481031187756082,0.004975124378109453,11,2,0.00815826650875903,0.18181818181818182,False
GLU_AMPA,neurotransmitter,Glutamate,AMPA receptor,Excitatory neuron,T / NK cell,2.986381492307109,651,0.00045981028546401577,0.004975124378109453,12,3,0.008338962502659418,0.25,False
VIP_R,neuropeptide,VIP,VIP receptor,Choroid plexus,Erythrocyte (blood),0.03305068430507482,279,0.0004622255693973296,0.004975124378109453,7,3,0.008350399379189594,0.42857142857142855,False
GLU_MGLUR_I,neurotransmitter,Glutamate,Group I mGluR,Border macrophage,T / NK cell,0.5657181921601295,400,0.0004715303423419244,0.004975124378109453,11,2,0.008485732583914862,0.18181818181818182,False
SST_SSTR,neuropeptide,Somatostatin,Somatostatin receptor,Oligodendrocyte,Excitatory neuron,0.18852452896597383,601,0.00047476120835217566,0.004975124378109453,12,4,0.008511140589577892,0.3333333333333333,False
GLU_AMPA,neurotransmitter,Glutamate,AMPA receptor,Oligodendrocyte,Choroid plexus,2.2666691072609115,230,0.0004920517261848738,0.004975124378109453,6,1,0.008754030520224427,0.16666666666666666,False
CCK_R,neuropeptide,Cholecystokinin,CCK receptor,Endothelial,Excitatory neuron,0.5007706327598636,595,0.0005024295071789972,0.004975124378109453,12,4,0.008904801757918667,0.3333333333333333,False
PENK_OPR,neuropeptide,Enkephalin,Delta/mu opioid receptor,Erythrocyte (blood),Erythrocyte (blood),0.0032786908908599213,6296,0.0005214732016046364,0.009950248756218905,12,3,0.009207445699275825,0.25,False
APOE_TREM2,neuron_glia,ApoE,TREM2,Vascular smooth muscle,Astrocyte,0.08421616614619389,237,0.0005634363734251665,0.014925373134328358,7,2,0.009910972899459978,0.2857142857142857,False
GLU_KAINATE,neurotransmitter,Glutamate,Kainate receptor,Pericyte,Microglia,1.3596359852588538,33,0.0005696383884157534,0.004975124378109453,0,0,0.009949598731785378,0.0,False
VIP_R,neuropeptide,VIP,VIP receptor,Ependymal,Pericyte,0.045689125855763756,72,0.0005698851165032018,0.05472636815920398,0,0,0.009949598731785378,0.0,False
GLU_AMPA,neurotransmitter,Glutamate,AMPA receptor,Border macrophage,Choroid plexus,2.1233774362151157,194,0.0005774415161951947,0.004975124378109453,3,0,0.010044047785417532,0.0,False
SST_SSTR,neuropeptide,Somatostatin,Somatostatin receptor,Excitatory neuron,Border macrophage,0.18735798880415586,1057,0.0005901683685374254,0.009950248756218905,12,3,0.010227399245876345,0.25,False
GLU_NMDA_2A,neurotransmitter,Glutamate,NMDA receptor (GluN1/2A),Fibroblast / VLMC,Erythrocyte (blood),0.7783877829585685,477,0.0006143689730618753,0.009950248756218905,8,1,0.010529789102404817,0.125,False
GLU_MGLUR_I,neurotransmitter,Glutamate,Group I mGluR,Fibroblast / VLMC,Excitatory neuron,0.5292321988241467,499,0.0006127774826850945,0.004975124378109453,7,2,0.010529789102404817,0.2857142857142857,False
GLU_MGLUR_I,neurotransmitter,Glutamate,Group I mGluR,Endothelial,Erythrocyte (blood),0.4985149754618956,594,0.0006099211538548083,0.009950248756218905,12,1,0.010529789102404817,0.08333333333333333,False
MDK_PTPRZ1,neuron_glia,Midkine,PTPRZ1,Astrocyte,OPC,0.2638594171275263,23,0.0006482949896750827,0.014925373134328358,0,0,0.011070701666750773,0.0,False
GABA_A,neurotransmitter,GABA,GABA-A receptor,Border macrophage,Inhibitory neuron,0.09141669858176753,53,0.0006554035979341735,0.014925373134328358,0,0,0.011151394308123628,0.0,False
RELN_R,guidance,Reelin,Reelin receptor,Microglia,Pericyte,0.07815904328317354,33,0.0006669074939217585,0.024875621890547265,0,0,0.01130601508717358,0.0,False
GABA_A,neurotransmitter,GABA,GABA-A receptor,Choroid plexus,Border macrophage,0.04677828193939838,194,0.0006879664583720491,0.009950248756218905,3,1,0.01162092078961306,0.3333333333333333,False
GLU_MGLUR_I,neurotransmitter,Glutamate,Group I mGluR,Microglia,Excitatory neuron,0.5488443242179023,225,0.0007159695163820712,0.004975124378109453,5,1,0.01205043657248817,0.2,False
GLU_NMDA_2B,neurotransmitter,Glutamate,NMDA receptor (GluN1/2B),Excitatory neuron,Ependymal,0.7456866128601297,274,0.0007188025943324085,0.004975124378109453,7,1,0.012054757487029891,0.14285714285714285,False
GLU_NMDA_2B,neurotransmitter,Glutamate,NMDA receptor (GluN1/2B),Microglia,Ependymal,0.5905707866426498,63,0.0007290035162268981,0.004975124378109453,1,0,0.012161332354934506,0.0,False
NRG1_ERBB4,guidance,Neuregulin-1,ErbB4,Ependymal,Vascular smooth muscle,0.021803731268102474,88,0.0007303557152674922,0.03980099502487562,0,0,0.012161332354934506,0.0,False
GLU_NMDA_2A,neurotransmitter,Glutamate,NMDA receptor (GluN1/2A),Excitatory neuron,Fibroblast / VLMC,1.1033601822977315,499,0.0007398907752188396,0.004975124378109453,7,2,0.01224311262939286,0.2857142857142857,False
RELN_R,guidance,Reelin,Reelin receptor,Fibroblast / VLMC,Microglia,0.09537982422372569,92,0.0007405002936777472,0.01990049751243781,1,0,0.01224311262939286,0.0,False
CCK_R,neuropeptide,Cholecystokinin,CCK receptor,Erythrocyte (blood),Erythrocyte (blood),0.4473354198616069,6296,0.0007457645917987777,0.004975124378109453,12,3,0.01228673424305099,0.25,False
GLU_NMDA_2B,neurotransmitter,Glutamate,NMDA receptor (GluN1/2B),Ependymal,Excitatory neuron,0.5476471881796844,274,0.0007507497300144034,0.009950248756218905,7,0,0.012325466620131205,0.0,False
CSF1_CSF1R,neuron_glia,CSF-1,CSF1R,Microglia,Excitatory neuron,0.004699756834242079,225,0.0007752541735567094,0.04477611940298507,5,1,0.012683266706544906,0.2,False
GABA_B,neurotransmitter,GABA,GABA-B receptor,Pericyte,Excitatory neuron,0.13892531207963532,255,0.0007852035046357102,0.004975124378109453,7,1,0.012801279436203792,0.14285714285714285,False
GLU_AMPA,neurotransmitter,Glutamate,AMPA receptor,T / NK cell,Border macrophage,2.1674877873063085,400,0.0007981006048391924,0.004975124378109453,11,3,0.01292149733578748,0.2727272727272727,False
GLU_NMDA_2B,neurotransmitter,Glutamate,NMDA receptor (GluN1/2B),T / NK cell,T / NK cell,0.5843949846891098,462,0.0007965106662372178,0.009950248756218905,10,2,0.01292149733578748,0.2,False
GABA_A,neurotransmitter,GABA,GABA-A receptor,Fibroblast / VLMC,Excitatory neuron,0.03259172360739392,499,0.0008108043866830254,0.009950248756218905,7,2,0.013081909397551297,0.2857142857142857,False
GLU_AMPA,neurotransmitter,Glutamate,AMPA receptor,T / NK cell,Choroid plexus,2.4770533165027357,116,0.0008379814886828127,0.004975124378109453,2,0,0.013473936032807148,0.0,False
CCK_R,neuropeptide,Cholecystokinin,CCK receptor,Endothelial,Choroid plexus,0.7252711298919859,84,0.0008487925655879908,0.009950248756218905,0,0,0.013601028816391128,0.0,False
GLU_MGLUR_I,neurotransmitter,Glutamate,Group I mGluR,T / NK cell,Inhibitory neuron,0.9349998448576246,28,0.0008683407134014901,0.004975124378109453,0,0,0.013819612918386301,0.0,False
GLU_MGLUR_I,neurotransmitter,Glutamate,Group I mGluR,Vascular smooth muscle,Excitatory neuron,0.5718772315979004,225,0.000881264291568435,0.009950248756218905,4,0,0.013977747865249857,0.0,False
GLU_NMDA_2A,neurotransmitter,Glutamate,NMDA receptor (GluN1/2A),Fibroblast / VLMC,Border macrophage,0.699722898941414,408,0.0008896432171337067,0.004975124378109453,7,2,0.014062975043812882,0.2857142857142857,False
CCK_R,neuropeptide,Cholecystokinin,CCK receptor,Erythrocyte (blood),Excitatory neuron,0.5132867828642507,1535,0.0008977948314010941,0.009950248756218905,12,1,0.014144047192342489,0.08333333333333333,False
CSF1_CSF1R,neuron_glia,CSF-1,CSF1R,T / NK cell,Choroid plexus,0.018294186427675444,116,0.0009040090754976564,0.05472636815920398,2,0,0.014194155920313874,0.0,False
GABA_B,neurotransmitter,GABA,GABA-B receptor,Erythrocyte (blood),Choroid plexus,0.08458509218735506,279,0.0009265318949956933,0.004975124378109453,7,1,0.014476612491903965,0.14285714285714285,False
GABA_A,neurotransmitter,GABA,GABA-A receptor,Choroid plexus,Excitatory neuron,0.0466961147629212,321,0.0009312802650273763,0.009950248756218905,7,1,0.014476612491903965,0.14285714285714285,False
C3_CR3,neuron_glia,Complement C3,Complement receptor 3,Border macrophage,Endothelial,0.005204326211623945,381,0.0009311516696819151,0.03980099502487562,10,1,0.014476612491903965,0.1,False
BDNF_TRKB,neurotrophin,BDNF,TrkB,Erythrocyte (blood),Astrocyte,0.06485775218551608,537,0.0009506226960667665,0.004975124378109453,11,2,0.014728356274491393,0.18181818181818182,False
GABA_A,neurotransmitter,GABA,GABA-A receptor,Border macrophage,Erythrocyte (blood),0.04409041902366674,848,0.0009551368939133689,0.009950248756218905,12,1,0.014749457183566513,0.08333333333333333,False
GABA_B,neurotransmitter,GABA,GABA-B receptor,Border macrophage,Erythrocyte (blood),0.055178832403331435,848,0.001021321978595088,0.004975124378109453,12,2,0.01566808373064399,0.16666666666666666,False
CCK_R,neuropeptide,Cholecystokinin,CCK receptor,Excitatory neuron,Choroid plexus,0.6657006952250115,321,0.0010351165874166732,0.004975124378109453,7,1,0.015769525026227776,0.14285714285714285,False
GLU_MGLUR_I,neurotransmitter,Glutamate,Group I mGluR,T / NK cell,Excitatory neuron,0.5690869927040076,651,0.0010325449849591553,0.004975124378109453,12,1,0.015769525026227776,0.08333333333333333,False
GLU_MGLUR_III,neurotransmitter,Glutamate,Group III mGluR,Border macrophage,Erythrocyte (blood),0.23525350365155148,848,0.0010380452464368787,0.014925373134328358,12,3,0.015769525026227776,0.25,False
GLU_MGLUR_I,neurotransmitter,Glutamate,Group I mGluR,Microglia,Microglia,0.8267551149640765,42,0.0010606417443157763,0.009950248756218905,0,0,0.016060656057131122,0.0,False
GABA_B,neurotransmitter,GABA,GABA-B receptor,Choroid plexus,Erythrocyte (blood),0.048145299957644556,279,0.0010678320947812123,0.004975124378109453,7,1,0.016117375391875136,0.14285714285714285,False
PTN_PTPRZ1,neuron_glia,Pleiotrophin,PTPRZ1,Astrocyte,Pericyte,0.7278980781634649,120,0.0010912898775373332,0.009950248756218905,1,0,0.016418473752402515,0.0,False
GLU_AMPA,neurotransmitter,Glutamate,AMPA receptor,Erythrocyte (blood),Choroid plexus,2.424732806434768,279,0.0011107382039985307,0.004975124378109453,7,1,0.016657513001631815,0.14285714285714285,False
PDYN_KOR,neuropeptide,Dynorphin,Kappa opioid receptor,T / NK cell,Oligodendrocyte,0.0026003043383162542,453,0.0011160371003078628,0.04975124378109453,9,1,0.016683506684793896,0.1111111111111111,False
GLU_KAINATE,neurotransmitter,Glutamate,Kainate receptor,Choroid plexus,Border macrophage,1.034882849639224,194,0.0011409164457844305,0.009950248756218905,3,1,0.017001108438934237,0.3333333333333333,False
CCK_R,neuropeptide,Cholecystokinin,CCK receptor,Excitatory neuron,Erythrocyte (blood),0.46858456802678805,1535,0.0011737145083562535,0.004975124378109453,12,4,0.017434318046345747,0.3333333333333333,False
GABA_A,neurotransmitter,GABA,GABA-A receptor,Erythrocyte (blood),Border macrophage,0.0475849320163142,848,0.0011847146469751184,0.009950248756218905,12,1,0.017486687170967123,0.08333333333333333,False
NRG1_ERBB4,guidance,Neuregulin-1,ErbB4,Microglia,Oligodendrocyte,0.014163690863303768,103,0.0012218465880165484,0.04975124378109453,2,0,0.017978050897262357,0.0,False
CCK_R,neuropeptide,Cholecystokinin,CCK receptor,T / NK cell,Erythrocyte (blood),0.5071676799552975,526,0.0012315777263033037,0.004975124378109453,12,3,0.01802019661231686,0.25,False
HCRT_R,neuropeptide,Orexin,Orexin receptor,Pericyte,Erythrocyte (blood),0.011994884279039171,225,0.0012324135319387464,0.06467661691542288,5,0,0.01802019661231686,0.0,False
NRG1_ERBB4,guidance,Neuregulin-1,ErbB4,Border macrophage,Oligodendrocyte,0.015120816953254469,429,0.001251422531073217,0.014925373134328358,9,3,0.018241140258229226,0.3333333333333333,False
CCK_R,neuropeptide,Cholecystokinin,CCK receptor,Astrocyte,Pericyte,0.7150074938933054,120,0.0012685438367294822,0.004975124378109453,1,0,0.018433281403904492,0.0,False
CCK_R,neuropeptide,Cholecystokinin,CCK receptor,Oligodendrocyte,Excitatory neuron,0.5048787420283934,601,0.001311825241165069,0.004975124378109453,12,3,0.01894655083788394,0.25,False
GABA_A,neurotransmitter,GABA,GABA-A receptor,Endothelial,Endothelial,0.04604360651462636,282,0.001311964623097755,0.004975124378109453,7,1,0.01894655083788394,0.14285714285714285,False
GLU_NMDA_2B,neurotransmitter,Glutamate,NMDA receptor (GluN1/2B),Erythrocyte (blood),Border macrophage,0.4979717100285134,848,0.0013195144118164548,0.004975124378109453,12,2,0.018996947485812897,0.16666666666666666,False
GLU_AMPA,neurotransmitter,Glutamate,AMPA receptor,Astrocyte,Excitatory neuron,1.8730194313185555,336,0.0013291012616560385,0.004975124378109453,9,2,0.019026858820397344,0.2222222222222222,False
VEGFA_R,neurovascular,VEGF-A,VEGF receptor,Excitatory neuron,Astrocyte,0.028963570083890642,336,0.0013297249058067816,0.004975124378109453,9,1,0.019026858820397344,0.1111111111111111,False
IL34_CSF1R,neuron_glia,IL-34,CSF1R,Oligodendrocyte,Inhibitory neuron,0.03772194087505341,40,0.0013365494668382356,0.04477611940298507,0,0,0.01906620413212227,0.0,False
APOE_LRP1,neuron_glia,ApoE,LRP1,Endothelial,Endothelial,1.4009624590687717,282,0.0013584990436903209,0.004975124378109453,7,2,0.01928415012591269,0.2857142857142857,False
GLU_NMDA_2B,neurotransmitter,Glutamate,NMDA receptor (GluN1/2B),Excitatory neuron,T / NK cell,0.687016757585669,651,0.0013600704299104912,0.004975124378109453,12,1,0.01928415012591269,0.08333333333333333,False
GABA_A,neurotransmitter,GABA,GABA-A receptor,Vascular smooth muscle,T / NK cell,0.02314572385016908,94,0.0013661891699250216,0.03482587064676617,0,0,0.01931238406670446,0.0,False
GABA_B,neurotransmitter,GABA,GABA-B receptor,Erythrocyte (blood),Pericyte,0.08358087592654757,225,0.0013788673252166659,0.004975124378109453,5,1,0.019432892212918013,0.2,False
SST_SSTR,neuropeptide,Somatostatin,Somatostatin receptor,Border macrophage,Inhibitory neuron,0.3491229291232127,53,0.0013954392821440976,0.014925373134328358,0,0,0.019584142453408802,0.0,False
GABA_B,neurotransmitter,GABA,GABA-B receptor,OPC,Oligodendrocyte,0.262387752532959,48,0.0013979704166357215,0.004975124378109453,0,0,0.019584142453408802,0.0,False
PDGFB_PDGFRB,neurovascular,PDGF-B,PDGFRB,Endothelial,Vascular smooth muscle,0.04809127509138966,131,0.0014050224101188487,0.03482587064676617,1,0,0.019624178677451025,0.0,False
ANGPT1_TEK,neurovascular,Angiopoietin-1,TIE2,Vascular smooth muscle,Erythrocyte (blood),0.014293135469975854,237,0.0014426427644356997,0.03980099502487562,5,0,0.02008965921069833,0.0,False
SEMA3A_R,guidance,Semaphorin 3A,Neuropilin-1 / Plexin-A4,Erythrocyte (blood),Ependymal,0.0029124451870740204,241,0.0015196846240174509,0.024875621890547265,6,0,0.021099716189251196,0.0,False
CCK_R,neuropeptide,Cholecystokinin,CCK receptor,Oligodendrocyte,Vascular smooth muscle,0.7509100172254775,99,0.0015591515919365492,0.014925373134328358,0,0,0.02151997138251066,0.0,False
PDYN_KOR,neuropeptide,Dynorphin,Kappa opioid receptor,Erythrocyte (blood),Erythrocyte (blood),0.0008277703251741742,6296,0.0015556116113372245,0.024875621890547265,12,2,0.02151997138251066,0.16666666666666666,False
GABA_A,neurotransmitter,GABA,GABA-A receptor,T / NK cell,Inhibitory neuron,0.15496422137532914,28,0.0015665933526478658,0.009950248756218905,0,0,0.021548466539740598,0.0,False
NRG1_ERBB4,guidance,Neuregulin-1,ErbB4,Endothelial,Inhibitory neuron,0.0795968770980835,42,0.0015704268198443135,0.05472636815920398,0,0,0.021548466539740598,0.0,False
NRXN_NLGN,synaptic_adhesion,Neurexin,Neuroligin,Excitatory neuron,Choroid plexus,0.8939741121088605,321,0.0015752747082302127,0.004975124378109453,7,1,0.021551784677804577,0.14285714285714285,False
GLU_MGLUR_I,neurotransmitter,Glutamate,Group I mGluR,Excitatory neuron,T / NK cell,0.7472868879453012,651,0.0015898330936332038,0.014925373134328358,12,4,0.021687548236471604,0.3333333333333333,False
VIP_R,neuropeptide,VIP,VIP receptor,Excitatory neuron,Excitatory neuron,0.03399068766510307,2258,0.0015970345879803632,0.004975124378109453,12,2,0.021705940432142367,0.16666666666666666,False
POMC_MC4R,neuropeptide,alpha-MSH,Melanocortin receptor,Oligodendrocyte,Oligodendrocyte,0.00018288197259776575,19620,0.0016004593821519805,0.03482587064676617,12,2,0.021705940432142367,0.16666666666666666,False
GLU_NMDA_2A,neurotransmitter,Glutamate,NMDA receptor (GluN1/2A),Ependymal,Pericyte,0.8858328627215492,72,0.0016098105014239197,0.009950248756218905,0,0,0.021769662821278957,0.0,False
GLU_KAINATE,neurotransmitter,Glutamate,Kainate receptor,Oligodendrocyte,Border macrophage,0.9729015285318549,429,0.0016242976364555057,0.014925373134328358,9,1,0.021902272740562855,0.1111111111111111,False
NPY_R,neuropeptide,Neuropeptide Y,NPY receptor,Excitatory neuron,Endothelial,0.04802710869733025,595,0.0016387562950368557,0.009950248756218905,12,1,0.02203373765654439,0.08333333333333333,False
ANGPT1_TEK,neurovascular,Angiopoietin-1,TIE2,Vascular smooth muscle,Pericyte,0.04596131534899695,59,0.0016550802388519974,0.03482587064676617,0,0,0.02218945684122778,0.0,False
PDGFB_PDGFRB,neurovascular,PDGF-B,PDGFRB,Endothelial,Pericyte,0.03629404527169687,108,0.0016854790692084915,0.029850746268656716,0,0,0.022532447328075803,0.0,False
VIP_R,neuropeptide,VIP,VIP receptor,T / NK cell,Border macrophage,0.04400239780545235,400,0.0017109421779509968,0.01990049751243781,11,2,0.022807687893540495,0.18181818181818182,False
CCK_R,neuropeptide,Cholecystokinin,CCK receptor,Pericyte,Excitatory neuron,0.5372788747151692,255,0.0017702852374514662,0.014925373134328358,7,3,0.0235317176876006,0.42857142857142855,False
GLU_KAINATE,neurotransmitter,Glutamate,Kainate receptor,Fibroblast / VLMC,Excitatory neuron,0.8854668388863604,499,0.0018710869732345937,0.009950248756218905,7,2,0.024801178322279502,0.2857142857142857,False
CORT_SSTR,neuropeptide,Cortistatin,Somatostatin receptor,Vascular smooth muscle,Choroid plexus,0.09722030749086474,61,0.0018819517887697242,0.009950248756218905,0,0,0.02487472434930378,0.0,False
GABA_B,neurotransmitter,GABA,GABA-B receptor,Microglia,Endothelial,0.10158177701438345,82,0.001935941382084961,0.009950248756218905,0,0,0.02551625275148037,0.0,False
C3_CR3,neuron_glia,Complement C3,Complement receptor 3,Erythrocyte (blood),Microglia,0.009966983865289127,170,0.0019941748254066792,0.03980099502487562,4,0,0.026209955078870372,0.0,False
GLU_MGLUR_III,neurotransmitter,Glutamate,Group III mGluR,T / NK cell,Excitatory neuron,0.2864800106545198,651,0.002046529313479578,0.004975124378109453,12,3,0.02682271892933038,0.25,False
GLU_KAINATE,neurotransmitter,Glutamate,Kainate receptor,Endothelial,Erythrocyte (blood),0.8295648253525949,594,0.0020935769014065585,0.009950248756218905,12,2,0.02736269922257343,0.16666666666666666,False
CORT_SSTR,neuropeptide,Cortistatin,Somatostatin receptor,Excitatory neuron,Erythrocyte (blood),0.028794999697309365,1535,0.0021087063889159412,0.004975124378109453,12,1,0.02748366906333618,0.08333333333333333,False
GABA_A,neurotransmitter,GABA,GABA-A receptor,Inhibitory neuron,Choroid plexus,1.0727582216262816,20,0.0021485310092580943,0.004975124378109453,0,0,0.02792493497866284,0.0,False
GLU_NMDA_2A,neurotransmitter,Glutamate,NMDA receptor (GluN1/2A),Endothelial,Border macrophage,0.6818267776584375,381,0.0021884624882627037,0.004975124378109453,10,3,0.028320927472871394,0.3,False
SLIT_ROBO,guidance,Slit,Robo,Border macrophage,Microglia,0.1602354672999164,153,0.0021911040276083446,0.014925373134328358,3,1,0.028320927472871394,0.3333333333333333,False
NPY_R,neuropeptide,Neuropeptide Y,NPY receptor,Erythrocyte (blood),Erythrocyte (blood),0.032578943810855264,6296,0.0022032992192247713,0.004975124378109453,12,4,0.028400102057169984,0.3333333333333333,False
GLU_NMDA_2B,neurotransmitter,Glutamate,NMDA receptor (GluN1/2B),Ependymal,Choroid plexus,0.5410121601136004,61,0.002292474564020172,0.004975124378109453,0,0,0.029468374958929625,0.0,False
GLU_NMDA_2B,neurotransmitter,Glutamate,NMDA receptor (GluN1/2B),Border macrophage,Choroid plexus,0.538295732945511,194,0.0023317182388001376,0.004975124378109453,3,1,0.029890711340673545,0.3333333333333333,False
GLU_KAINATE,neurotransmitter,Glutamate,Kainate receptor,Erythrocyte (blood),Excitatory neuron,0.9389602161385726,1535,0.0023437822519279243,0.004975124378109453,12,3,0.029963270920138684,0.25,False
GLU_MGLUR_I,neurotransmitter,Glutamate,Group I mGluR,Astrocyte,Excitatory neuron,0.4820332984839167,336,0.0023709266345857288,0.004975124378109453,9,2,0.030145559030507134,0.2222222222222222,False
GABA_B,neurotransmitter,GABA,GABA-B receptor,Microglia,Vascular smooth muscle,0.08510571207318987,35,0.002369184704451752,0.05970149253731343,0,0,0.030145559030507134,0.0,False
GABA_A,neurotransmitter,GABA,GABA-A receptor,Erythrocyte (blood),Microglia,0.046968349989722755,170,0.002472771800248491,0.03980099502487562,4,1,0.031270538522601865,0.25,False
NRG1_ERBB4,guidance,Neuregulin-1,ErbB4,Fibroblast / VLMC,Border macrophage,0.015469183232270036,408,0.0024927574999486814,0.024875621890547265,7,1,0.0314383082001614,0.14285714285714285,False
GLU_MGLUR_I,neurotransmitter,Glutamate,Group I mGluR,Oligodendrocyte,Excitatory neuron,0.6237550339167209,601,0.0025340188822247796,0.009950248756218905,12,3,0.031872780510563824,0.25,False
GLU_AMPA,neurotransmitter,Glutamate,AMPA receptor,Fibroblast / VLMC,Erythrocyte (blood),1.8912318291404213,477,0.0026152825142731462,0.009950248756218905,8,2,0.032754249265137696,0.25,False
GABA_B,neurotransmitter,GABA,GABA-B receptor,Microglia,Excitatory neuron,0.07636917803022597,225,0.002618099855772921,0.01990049751243781,5,1,0.032754249265137696,0.2,False
PTN_PTPRZ1,neuron_glia,Pleiotrophin,PTPRZ1,Microglia,Astrocyte,0.6379359799919398,141,0.002689424202434137,0.009950248756218905,4,0,0.033556842248504866,0.0,False
GABA_A,neurotransmitter,GABA,GABA-A receptor,Erythrocyte (blood),Inhibitory neuron,0.0860985365780917,55,0.002699321935618403,0.024875621890547265,0,0,0.033590764193506664,0.0,False
GLU_KAINATE,neurotransmitter,Glutamate,Kainate receptor,Choroid plexus,Pericyte,1.3399895051630533,41,0.002766518681634129,0.004975124378109453,0,0,0.03426355363930563,0.0,False
SST_SSTR,neuropeptide,Somatostatin,Somatostatin receptor,Inhibitory neuron,Excitatory neuron,0.3473825007677078,88,0.0027680323307667297,0.014925373134328358,0,0,0.03426355363930563,0.0,False
NRXN_NLGN,synaptic_adhesion,Neurexin,Neuroligin,Endothelial,Inhibitory neuron,1.0759585471380324,42,0.002787976942464837,0.004975124378109453,0,0,0.03441937760895243,0.0,False
VEGFA_R,neurovascular,VEGF-A,VEGF receptor,Ependymal,Endothelial,0.025880826517866162,203,0.002840278280411819,0.029850746268656716,3,1,0.03497279493170237,0.3333333333333333,False
GABA_B,neurotransmitter,GABA,GABA-B receptor,Excitatory neuron,T / NK cell,0.047359993655560755,651,0.002851771214209603,0.009950248756218905,12,1,0.03502214569891531,0.08333333333333333,False
GLU_KAINATE,neurotransmitter,Glutamate,Kainate receptor,Excitatory neuron,Excitatory neuron,1.0865707303751244,2258,0.002883584180550533,0.004975124378109453,12,3,0.03527769532800607,0.25,False
GLU_MGLUR_I,neurotransmitter,Glutamate,Group I mGluR,Microglia,Border macrophage,0.5378372045903425,153,0.002887659181582886,0.009950248756218905,3,1,0.03527769532800607,0.3333333333333333,False
CRH_R,neuropeptide,CRH,CRH receptor,Border macrophage,Choroid plexus,0.004962939577004344,194,0.0029284155045610103,0.029850746268656716,3,0,0.035682437879794186,0.0,False
APOE_LRP1,neuron_glia,ApoE,LRP1,Erythrocyte (blood),Excitatory neuron,1.083517996068886,1535,0.0029476089177153234,0.009950248756218905,12,3,0.03582301850906493,0.25,False
NRXN_NLGN,synaptic_adhesion,Neurexin,Neuroligin,Excitatory neuron,Ependymal,0.8378223902987738,274,0.00299670553137795,0.009950248756218905,7,2,0.036325350210666914,0.2857142857142857,False
CORT_SSTR,neuropeptide,Cortistatin,Somatostatin receptor,Border macrophage,Excitatory neuron,0.030340466052716706,1057,0.003162562117354382,0.009950248756218905,12,1,0.03813821687397204,0.08333333333333333,False
GLU_MGLUR_III,neurotransmitter,Glutamate,Group III mGluR,Ependymal,Pericyte,0.3348602222071754,72,0.0031956812567684166,0.014925373134328358,0,0,0.03843854138925301,0.0,False
SST_SSTR,neuropeptide,Somatostatin,Somatostatin receptor,Choroid plexus,Erythrocyte (blood),0.22906486770158174,279,0.003258389965716055,0.01990049751243781,7,1,0.03909232474252672,0.14285714285714285,False
GLU_NMDA_2A,neurotransmitter,Glutamate,NMDA receptor (GluN1/2A),Endothelial,Choroid plexus,0.9455880267279488,84,0.003356398675448585,0.004975124378109453,0,0,0.04006272806740798,0.0,False
GABA_A,neurotransmitter,GABA,GABA-A receptor,Oligodendrocyte,Vascular smooth muscle,0.0561281286104761,99,0.0033563950027397627,0.024875621890547265,0,0,0.04006272806740798,0.0,False
CORT_SSTR,neuropeptide,Cortistatin,Somatostatin receptor,Astrocyte,T / NK cell,0.043565319272978555,232,0.003395189903045236,0.014925373134328358,4,1,0.040422629914373176,0.25,False
GABA_B,neurotransmitter,GABA,GABA-B receptor,Pericyte,Vascular smooth muscle,0.09368473190372273,59,0.0035091550586159154,0.004975124378109453,0,0,0.04167344294229408,0.0,False
GABA_B,neurotransmitter,GABA,GABA-B receptor,Choroid plexus,T / NK cell,0.05010974201662787,116,0.0035586554526746772,0.01990049751243781,2,0,0.042154300919151434,0.0,False
GLU_MGLUR_I,neurotransmitter,Glutamate,Group I mGluR,Endothelial,Pericyte,0.5491988482298674,108,0.003658441784967528,0.004975124378109453,0,0,0.043226891696623894,0.0,False
GLU_MGLUR_I,neurotransmitter,Glutamate,Group I mGluR,Excitatory neuron,Endothelial,0.6987037712786378,595,0.0037904461358203865,0.01990049751243781,12,2,0.04467379715240198,0.16666666666666666,False
GLU_NMDA_2A,neurotransmitter,Glutamate,NMDA receptor (GluN1/2A),Excitatory neuron,Inhibitory neuron,1.4590165940198032,88,0.0038147120359094656,0.004975124378109453,0,0,0.04469404757485356,0.0,False
NRXN_NLGN,synaptic_adhesion,Neurexin,Neuroligin,Border macrophage,Excitatory neuron,0.7218767362827384,1057,0.0038194024569618537,0.004975124378109453,12,3,0.04469404757485356,0.25,False
CORT_SSTR,neuropeptide,Cortistatin,Somatostatin receptor,Oligodendrocyte,Erythrocyte (blood),0.021503983284783968,1342,0.003820820480859462,0.014925373134328358,10,1,0.04469404757485356,0.1,False
RELN_R,guidance,Reelin,Reelin receptor,Excitatory neuron,Inhibitory neuron,0.05831141769886017,88,0.004008007339236393,0.009950248756218905,0,0,0.04676674897827203,0.0,False
IL34_CSF1R,neuron_glia,IL-34,CSF1R,T / NK cell,Pericyte,0.03519549071788788,100,0.004023411895494561,0.03482587064676617,0,0,0.04682971208711206,0.0,False
VIP_R,neuropeptide,VIP,VIP receptor,Microglia,Fibroblast / VLMC,0.07078514734040135,92,0.004064323564420708,0.024875621890547265,1,0,0.04718851106184738,0.0,False
GABA_A,neurotransmitter,GABA,GABA-A receptor,Ependymal,Erythrocyte (blood),0.03765081221631948,241,0.004074815345183066,0.024875621890547265,6,0,0.04719322029730586,0.0,False
APOE_TREM2,neuron_glia,ApoE,TREM2,Excitatory neuron,Microglia,0.05476397832234701,225,0.004094724422432039,0.03980099502487562,5,0,0.04730670511743089,0.0,False
CORT_SSTR,neuropeptide,Cortistatin,Somatostatin receptor,Border macrophage,Erythrocyte (blood),0.02950529842022455,848,0.004105719093566553,0.009950248756218905,12,3,0.0473168956620638,0.25,False
GLU_NMDA_2B,neurotransmitter,Glutamate,NMDA receptor (GluN1/2B),Erythrocyte (blood),Choroid plexus,0.6394836402708485,279,0.004185826166750082,0.014925373134328358,7,1,0.0481215740398615,0.14285714285714285,False
GLU_MGLUR_III,neurotransmitter,Glutamate,Group III mGluR,Ependymal,Excitatory neuron,0.25761446465540977,274,0.004211990455621714,0.004975124378109453,7,3,0.04830368466140686,0.42857142857142855,False
NPY_R,neuropeptide,Neuropeptide Y,NPY receptor,Erythrocyte (blood),Pericyte,0.051075987815856934,225,0.00427705377239572,0.01990049751243781,5,0,0.0489299134499745,0.0,False
NPY_R,neuropeptide,Neuropeptide Y,NPY receptor,Oligodendrocyte,Erythrocyte (blood),0.048516776851321476,1342,0.004325915185298474,0.024875621890547265,10,3,0.04936818817563795,0.3,False
NRXN_NLGN,synaptic_adhesion,Neurexin,Neuroligin,Erythrocyte (blood),Excitatory neuron,0.6741128560386186,1535,0.0043632128569042776,0.014925373134328358,12,2,0.0496726835947813,0.16666666666666666,False
GLU_NMDA_2B,neurotransmitter,Glutamate,NMDA receptor (GluN1/2B),Vascular smooth muscle,Excitatory neuron,0.5195149416393704,225,0.004438683507493086,0.01990049751243781,4,1,0.050409223620291634,0.25,False
GLU_KAINATE,neurotransmitter,Glutamate,Kainate receptor,Vascular smooth muscle,Erythrocyte (blood),0.8646564544001712,237,0.004471543342650828,0.009950248756218905,5,1,0.050441027626167284,0.2,False
GABA_B,neurotransmitter,GABA,GABA-B receptor,Erythrocyte (blood),Border macrophage,0.06257608160376549,848,0.0044738248482281305,0.014925373134328358,12,2,0.050441027626167284,0.16666666666666666,False
PENK_OPR,neuropeptide,Enkephalin,Delta/mu opioid receptor,Vascular smooth muscle,Erythrocyte (blood),0.007983461210999307,237,0.004469506632954497,0.05970149253731343,5,1,0.050441027626167284,0.2,False
GLU_NMDA_2A,neurotransmitter,Glutamate,NMDA receptor (GluN1/2A),T / NK cell,Inhibitory neuron,1.2663343037877763,28,0.0045386862365466235,0.009950248756218905,0,0,0.0508212388081371,0.0,False
GABA_A,neurotransmitter,GABA,GABA-A receptor,Border macrophage,Choroid plexus,0.0718499603345222,194,0.004518868942601252,0.009950248756218905,3,1,0.0508212388081371,0.3333333333333333,False
PENK_OPR,neuropeptide,Enkephalin,Delta/mu opioid receptor,Astrocyte,Pericyte,0.01629696786403656,120,0.004540132041419386,0.03482587064676617,1,0,0.0508212388081371,0.0,False
GABA_A,neurotransmitter,GABA,GABA-A receptor,Endothelial,T / NK cell,0.029655555962573868,253,0.004563812728354591,0.029850746268656716,7,0,0.05096439082570675,0.0,False
APOE_LRP1,neuron_glia,ApoE,LRP1,Border macrophage,Astrocyte,1.4480963425580846,516,0.004678860277077916,0.009950248756218905,8,0,0.05202183088597016,0.0,False
PACAP_R,neuropeptide,PACAP,PACAP receptor,T / NK cell,Pericyte,0.1573607724905014,100,0.004680741783071905,0.009950248756218905,0,0,0.05202183088597016,0.0,False
CCK_R,neuropeptide,Cholecystokinin,CCK receptor,Border macrophage,Choroid plexus,0.6376661910224206,194,0.0047299435698057125,0.009950248756218905,3,1,0.0524440899600022,0.3333333333333333,False
PACAP_R,neuropeptide,PACAP,PACAP receptor,Pericyte,Erythrocyte (blood),0.0861196690135532,225,0.004906171954485707,0.014925373134328358,5,0,0.05426945289607239,0.0,False
VIP_R,neuropeptide,VIP,VIP receptor,Vascular smooth muscle,Fibroblast / VLMC,0.043457689223351414,154,0.004928149371776802,0.029850746268656716,2,1,0.05438398799656523,0.5,False
GABA_A,neurotransmitter,GABA,GABA-A receptor,Erythrocyte (blood),Endothelial,0.03812137436786485,594,0.0049827891878132,0.03482587064676617,12,3,0.054857577905359924,0.25,False
SLIT_ROBO,guidance,Slit,Robo,Ependymal,Pericyte,0.14108666446473864,72,0.00509540032126438,0.01990049751243781,0,0,0.055834609140974316,0.0,False
SLIT_ROBO,guidance,Slit,Robo,Erythrocyte (blood),Fibroblast / VLMC,0.12013983070475501,477,0.005091226257536764,0.009950248756218905,8,1,0.055834609140974316,0.125,False
CX3CL1_CX3CR1,neuron_glia,Fractalkine,CX3CR1,Inhibitory neuron,T / NK cell,0.28771619285855976,28,0.00513156751374419,0.024875621890547265,0,0,0.05609954298319875,0.0,False
GLU_AMPA,neurotransmitter,Glutamate,AMPA receptor,Choroid plexus,Endothelial,2.6149813334147134,84,0.0052299702958439965,0.009950248756218905,0,0,0.05679582350764706,0.0,False
GLU_MGLUR_III,neurotransmitter,Glutamate,Group III mGluR,Inhibitory neuron,Excitatory neuron,0.30769520049745386,88,0.005231673419917906,0.014925373134328358,0,0,0.05679582350764706,0.0,False
MDK_PTPRZ1,neuron_glia,Midkine,PTPRZ1,Vascular smooth muscle,Astrocyte,0.0984866573840757,237,0.005209016417052206,0.009950248756218905,7,0,0.05679582350764706,0.0,False
BDNF_TRKB,neurotrophin,BDNF,TrkB,T / NK cell,Astrocyte,0.09760156813366659,232,0.005274896420983615,0.004975124378109453,4,1,0.05713250081894059,0.25,False
IL34_CSF1R,neuron_glia,IL-34,CSF1R,Fibroblast / VLMC,Inhibitory neuron,0.11075210571289062,26,0.005294150290934337,0.06965174129353234,0,0,0.05720861249718652,0.0,False
GABA_A,neurotransmitter,GABA,GABA-A receptor,Excitatory neuron,Fibroblast / VLMC,0.04446535108084669,499,0.0053730657148233375,0.014925373134328358,7,2,0.05792759096695482,0.2857142857142857,False
GLU_KAINATE,neurotransmitter,Glutamate,Kainate receptor,T / NK cell,Border macrophage,0.9138109479844571,400,0.0054722962900096,0.009950248756218905,11,2,0.05886178009414924,0.18181818181818182,False
GABA_A,neurotransmitter,GABA,GABA-A receptor,T / NK cell,Vascular smooth muscle,0.09339919496089855,94,0.005564165896908484,0.014925373134328358,0,0,0.05944002792610684,0.0,False
GABA_A,neurotransmitter,GABA,GABA-A receptor,Choroid plexus,Inhibitory neuron,0.07585262060165406,20,0.005550047360571521,0.014925373134328358,0,0,0.05944002792610684,0.0,False
VEGFA_R,neurovascular,VEGF-A,VEGF receptor,Astrocyte,Vascular smooth muscle,0.05428124329208825,237,0.00555648291069277,0.01990049751243781,7,2,0.05944002792610684,0.2857142857142857,False
GLU_KAINATE,neurotransmitter,Glutamate,Kainate receptor,Excitatory neuron,Ependymal,1.3331696852280275,274,0.005601922429536879,0.024875621890547265,7,0,0.05957135238137058,0.0,False
SLIT_ROBO,guidance,Slit,Robo,Astrocyte,Ependymal,0.08951471308748166,334,0.0055936047973812195,0.009950248756218905,5,1,0.05957135238137058,0.2,False
NRG1_ERBB4,guidance,Neuregulin-1,ErbB4,T / NK cell,Border macrophage,0.016510987579822542,400,0.005633515163502705,0.014925373134328358,11,1,0.059636238574726594,0.09090909090909091,False
NRG1_ERBB4,guidance,Neuregulin-1,ErbB4,Vascular smooth muscle,Astrocyte,0.011418327500548544,237,0.005620970075351672,0.01990049751243781,7,1,0.059636238574726594,0.14285714285714285,False
GLU_NMDA_2B,neurotransmitter,Glutamate,NMDA receptor (GluN1/2B),Excitatory neuron,Choroid plexus,0.7098588884062484,321,0.0056523074758032775,0.014925373134328358,7,2,0.05970010537084319,0.2857142857142857,False
GLU_NMDA_2A,neurotransmitter,Glutamate,NMDA receptor (GluN1/2A),Vascular smooth muscle,Erythrocyte (blood),0.7670479127626378,237,0.005776783069227179,0.014925373134328358,5,1,0.06074060220430106,0.2,False
SST_SSTR,neuropeptide,Somatostatin,Somatostatin receptor,Erythrocyte (blood),Inhibitory neuron,0.31197111173109576,55,0.005768772983572452,0.009950248756218905,0,0,0.06074060220430106,0.0,False
GABA_A,neurotransmitter,GABA,GABA-A receptor,Ependymal,Pericyte,0.052250825696521334,72,0.005810257315908262,0.03482587064676617,0,0,0.060819225908578876,0.0,False
VEGFA_R,neurovascular,VEGF-A,VEGF receptor,Erythrocyte (blood),Endothelial,0.02330692960357024,594,0.005804311315071477,0.01990049751243781,12,2,0.060819225908578876,0.16666666666666666,False
GLU_MGLUR_II,neurotransmitter,Glutamate,Group II mGluR,Excitatory neuron,Oligodendrocyte,1.590891870008332,601,0.005840499695338095,0.004975124378109453,12,3,0.06099932605912265,0.25,False
VEGFA_R,neurovascular,VEGF-A,VEGF receptor,Erythrocyte (blood),Vascular smooth muscle,0.033866651953524174,237,0.005896277935711705,0.029850746268656716,5,1,0.06144473153940996,0.2,False
VEGFA_R,neurovascular,VEGF-A,VEGF receptor,Pericyte,Vascular smooth muscle,0.036455873715675484,59,0.005934948958122466,0.06965174129353234,0,0,0.061710280389011156,0.0,False
GLU_MGLUR_I,neurotransmitter,Glutamate,Group I mGluR,Erythrocyte (blood),Fibroblast / VLMC,0.5316436150788761,477,0.00599444090192584,0.009950248756218905,8,2,0.062053072964847356,0.25,False
GLU_MGLUR_I,neurotransmitter,Glutamate,Group I mGluR,Ependymal,Erythrocyte (blood),0.5077515642672653,241,0.005986860747704446,0.014925373134328358,6,0,0.062053072964847356,0.0,False
GLU_MGLUR_I,neurotransmitter,Glutamate,Group I mGluR,Pericyte,Vascular smooth muscle,0.6504088175498833,59,0.006032333726575575,0.014925373134328358,0,0,0.06230748235462939,0.0,False
GLU_AMPA,neurotransmitter,Glutamate,AMPA receptor,Erythrocyte (blood),Border macrophage,2.1587519668183237,848,0.0061023762241542495,0.004975124378109453,12,3,0.062470445519314716,0.25,False
GLU_MGLUR_II,neurotransmitter,Glutamate,Group II mGluR,Erythrocyte (blood),Excitatory neuron,1.0715158494753636,1535,0.006133372844925687,0.009950248756218905,12,1,0.062470445519314716,0.08333333333333333,False
PTN_PTPRZ1,neuron_glia,Pleiotrophin,PTPRZ1,Choroid plexus,Microglia,0.3526849349339803,24,0.006118441587566048,0.024875621890547265,0,0,0.062470445519314716,0.0,False
SST_SSTR,neuropeptide,Somatostatin,Somatostatin receptor,T / NK cell,Excitatory neuron,0.18780074132386074,651,0.006080944644087342,0.014925373134328358,12,1,0.062470445519314716,0.08333333333333333,False
GABA_B,neurotransmitter,GABA,GABA-B receptor,Border macrophage,Choroid plexus,0.09858907590207365,194,0.006141569766805893,0.01990049751243781,3,0,0.062470445519314716,0.0,False
GABA_B,neurotransmitter,GABA,GABA-B receptor,Endothelial,Endothelial,0.055567408073033,282,0.006090917014230695,0.009950248756218905,7,1,0.062470445519314716,0.14285714285714285,False
NRG1_ERBB4,guidance,Neuregulin-1,ErbB4,Oligodendrocyte,Pericyte,0.03792452643103633,141,0.006113251471851091,0.01990049751243781,1,0,0.062470445519314716,0.0,False
GLU_AMPA,neurotransmitter,Glutamate,AMPA receptor,Endothelial,Ependymal,1.3608394914072723,203,0.006168607244341591,0.014925373134328358,3,1,0.06247383830362403,0.3333333333333333,False
GLU_NMDA_2A,neurotransmitter,Glutamate,NMDA receptor (GluN1/2A),Oligodendrocyte,Border macrophage,0.8289864480078637,429,0.006163043526863485,0.009950248756218905,9,3,0.06247383830362403,0.3333333333333333,False
SLIT_ROBO,guidance,Slit,Robo,T / NK cell,Pericyte,0.188835746049881,100,0.006223381093559074,0.024875621890547265,0,0,0.06289244090013586,0.0,False
GLU_KAINATE,neurotransmitter,Glutamate,Kainate receptor,Erythrocyte (blood),Inhibitory neuron,1.0691057031804865,55,0.006252579607527843,0.01990049751243781,0,0,0.06297031667690055,0.0,False
MDK_PTPRZ1,neuron_glia,Midkine,PTPRZ1,Ependymal,Astrocyte,0.09191454955917633,334,0.006258003260260473,0.024875621890547265,5,0,0.06297031667690055,0.0,False
GABA_A,neurotransmitter,GABA,GABA-A receptor,Ependymal,T / NK cell,0.05709922213514312,119,0.00629588402444801,0.01990049751243781,1,0,0.06321553937852412,0.0,False
GLU_KAINATE,neurotransmitter,Glutamate,Kainate receptor,Vascular smooth muscle,Microglia,1.110081502369472,35,0.006325158531569934,0.014925373134328358,0,0,0.06337348344585808,0.0,False
MDK_PTPRZ1,neuron_glia,Midkine,PTPRZ1,Endothelial,Endothelial,0.08644845997188108,282,0.006397105854517098,0.009950248756218905,7,1,0.0639573895155673,0.14285714285714285,False
GABA_B,neurotransmitter,GABA,GABA-B receptor,Fibroblast / VLMC,Excitatory neuron,0.04347579584331933,499,0.006446978513469811,0.01990049751243781,7,2,0.0643185766834227,0.2857142857142857,False
SLIT_ROBO,guidance,Slit,Robo,Endothelial,Excitatory neuron,0.11648018279997241,595,0.006475633895425715,0.014925373134328358,12,2,0.06446700212063175,0.16666666666666666,False
GLU_NMDA_2B,neurotransmitter,Glutamate,NMDA receptor (GluN1/2B),Oligodendrocyte,Microglia,0.5771122696330246,103,0.0064962534619838214,0.01990049751243781,2,0,0.06453496804378409,0.0,False
GABA_A,neurotransmitter,GABA,GABA-A receptor,Oligodendrocyte,Excitatory neuron,0.040690502192137046,601,0.006530503286347287,0.014925373134328358,12,1,0.06473776456953169,0.08333333333333333,False
APOE_LRP1,neuron_glia,ApoE,LRP1,Erythrocyte (blood),T / NK cell,1.2171455439279288,526,0.006621301788666962,0.009950248756218905,12,2,0.06522330751404783,0.16666666666666666,False
GLU_KAINATE,neurotransmitter,Glutamate,Kainate receptor,Vascular smooth muscle,Oligodendrocyte,0.8973320024182098,99,0.006611694083884518,0.014925373134328358,0,0,0.06522330751404783,0.0,False
GABA_B,neurotransmitter,GABA,GABA-B receptor,Choroid plexus,Border macrophage,0.051266942442077953,194,0.0066189781881858005,0.024875621890547265,3,1,0.06522330751404783,0.3333333333333333,False
CORT_SSTR,neuropeptide,Cortistatin,Somatostatin receptor,Microglia,Endothelial,0.045356878420201745,82,0.006649135921655795,0.05970149253731343,0,0,0.06535988860804089,0.0,False
CRH_R,neuropeptide,CRH,CRH receptor,Ependymal,Excitatory neuron,0.007002264043710528,274,0.006663915994600836,0.03980099502487562,7,0,0.06536784683173441,0.0,False
GLU_NMDA_2B,neurotransmitter,Glutamate,NMDA receptor (GluN1/2B),Choroid plexus,T / NK cell,0.6232058621686081,116,0.006743821220815144,0.014925373134328358,2,0,0.06601326253597083,0.0,False
CX3CL1_CX3CR1,neuron_glia,Fractalkine,CX3CR1,Pericyte,Vascular smooth muscle,0.0825843063451476,59,0.006798249626213529,0.03482587064676617,0,0,0.06614885713282628,0.0,False
VEGFA_R,neurovascular,VEGF-A,VEGF receptor,Vascular smooth muscle,Fibroblast / VLMC,0.03413555838844993,154,0.0068000855483841514,0.03482587064676617,2,1,0.06614885713282628,0.5,False
NTF3_TRKC,neurotrophin,NT-3,TrkC,Endothelial,Endothelial,0.006285332618875706,282,0.006772194971096933,0.05472636815920398,7,0,0.06614885713282628,0.0,False
CORT_SSTR,neuropeptide,Cortistatin,Somatostatin receptor,Pericyte,Pericyte,0.07116799629651584,26,0.006884795992742449,0.07960199004975124,0,0,0.06683394284241062,0.0,False
SST_SSTR,neuropeptide,Somatostatin,Somatostatin receptor,Erythrocyte (blood),T / NK cell,0.1859370259277721,526,0.006919488749457292,0.004975124378109453,12,1,0.06701364964189534,0.08333333333333333,False
PACAP_R,neuropeptide,PACAP,PACAP receptor,Oligodendrocyte,Erythrocyte (blood),0.027365806916431593,1342,0.00693195264515438,0.009950248756218905,10,2,0.06701364964189534,0.2,False
GAL_R,neuropeptide,Galanin,Galanin receptor,Excitatory neuron,T / NK cell,0.004362088743992115,651,0.006962304282995817,0.03482587064676617,12,1,0.06716829224770603,0.08333333333333333,False
GAL_R,neuropeptide,Galanin,Galanin receptor,Fibroblast / VLMC,Fibroblast / VLMC,0.0009406898140715324,1242,0.006994189019590886,0.05970149253731343,9,1,0.06733705848285135,0.1111111111111111,False
PTN_PTPRZ1,neuron_glia,Pleiotrophin,PTPRZ1,Endothelial,Microglia,0.5029413903631815,82,0.007015738330998845,0.014925373134328358,0,0,0.06740583090501766,0.0,False
TAC1_NK1,neuropeptide,Substance P,NK1 receptor,Pericyte,Oligodendrocyte,0.012908882283149882,141,0.007071933247241057,0.05472636815920398,1,0,0.06780650750787072,0.0,False
GLU_AMPA,neurotransmitter,Glutamate,AMPA receptor,Ependymal,Erythrocyte (blood),1.9348321584250423,241,0.007111309377814319,0.009950248756218905,6,2,0.06804461468055868,0.3333333333333333,False
CX3CL1_CX3CR1,neuron_glia,Fractalkine,CX3CR1,Oligodendrocyte,Oligodendrocyte,0.036934541370890556,19620,0.007125990239516128,0.009950248756218905,12,2,0.06804593536876727,0.16666666666666666,False
CCK_R,neuropeptide,Cholecystokinin,CCK receptor,Fibroblast / VLMC,Microglia,0.7119954902192821,92,0.007216198882374285,0.03482587064676617,1,0,0.06876699505219813,0.0,False
GLU_NMDA_2A,neurotransmitter,Glutamate,NMDA receptor (GluN1/2A),Inhibitory neuron,Excitatory neuron,0.8100457286292856,88,0.007247386938630343,0.01990049751243781,0,0,0.06892382822327515,0.0,False
GLU_MGLUR_II,neurotransmitter,Glutamate,Group II mGluR,Choroid plexus,Inhibitory neuron,1.7715965688228608,20,0.007359076983068862,0.01990049751243781,0,0,0.06984405923687466,0.0,False
NRG1_ERBB4,guidance,Neuregulin-1,ErbB4,Choroid plexus,Fibroblast / VLMC,0.008951741716136103,138,0.007396620131394587,0.07462686567164178,2,0,0.07005827043480824,0.0,False
GABA_B,neurotransmitter,GABA,GABA-B receptor,Erythrocyte (blood),Microglia,0.060162765138289505,170,0.007519831181702391,0.01990049751243781,4,1,0.07108139413976866,0.25,False
GLU_NMDA_2A,neurotransmitter,Glutamate,NMDA receptor (GluN1/2A),Choroid plexus,Choroid plexus,0.981494759519895,96,0.007611637140658138,0.014925373134328358,1,0,0.07180413342971659,0.0,False
SST_SSTR,neuropeptide,Somatostatin,Somatostatin receptor,Endothelial,Inhibitory neuron,0.280191855771201,42,0.007689219660441736,0.029850746268656716,0,0,0.07239005792999373,0.0,False
NRXN_NLGN,synaptic_adhesion,Neurexin,Neuroligin,Microglia,Ependymal,0.8101886633842711,63,0.007723562560704075,0.004975124378109453,1,0,0.07242194232772418,0.0,False
NRG1_ERBB4,guidance,Neuregulin-1,ErbB4,Border macrophage,Astrocyte,0.00530969033869662,516,0.0077138781237028565,0.04975124378109453,8,0,0.07242194232772418,0.0,False
GLU_NMDA_2A,neurotransmitter,Glutamate,NMDA receptor (GluN1/2A),Ependymal,Erythrocyte (blood),0.7119313503202066,241,0.00778986390535514,0.01990049751243781,6,1,0.07289754642631341,0.16666666666666666,False
GABA_A,neurotransmitter,GABA,GABA-A receptor,Endothelial,Choroid plexus,0.07050438154311407,84,0.007818708425576835,0.024875621890547265,0,0,0.07302143058537726,0.0,False
GABA_B,neurotransmitter,GABA,GABA-B receptor,Erythrocyte (blood),Fibroblast / VLMC,0.071748009267843,477,0.007873951438355497,0.009950248756218905,8,3,0.07339087406387523,0.375,False
GABA_B,neurotransmitter,GABA,GABA-B receptor,Ependymal,Microglia,0.07689295496259417,63,0.008051964520787588,0.029850746268656716,1,0,0.07475226585866097,0.0,False
CORT_SSTR,neuropeptide,Cortistatin,Somatostatin receptor,Erythrocyte (blood),Vascular smooth muscle,0.041572849458782986,237,0.008049874325484813,0.029850746268656716,5,0,0.07475226585866097,0.0,False
GLU_NMDA_2B,neurotransmitter,Glutamate,NMDA receptor (GluN1/2B),Choroid plexus,Erythrocyte (blood),0.4980417609642056,279,0.00810158295482194,0.03482587064676617,7,1,0.07506397355566703,0.14285714285714285,False
PENK_OPR,neuropeptide,Enkephalin,Delta/mu opioid receptor,T / NK cell,T / NK cell,0.009878698365512865,462,0.008152022106324123,0.04477611940298507,10,1,0.07538203841006041,0.1,False
GLU_NMDA_2B,neurotransmitter,Glutamate,NMDA receptor (GluN1/2B),Microglia,T / NK cell,0.6000486895442009,80,0.008194689115967409,0.024875621890547265,0,0,0.07547824876695179,0.0,False
RELN_R,guidance,Reelin,Reelin receptor,Vascular smooth muscle,T / NK cell,0.062033873923281406,94,0.00819446066843157,0.01990049751243781,0,0,0.07547824876695179,0.0,False
GLU_MGLUR_I,neurotransmitter,Glutamate,Group I mGluR,Ependymal,Excitatory neuron,0.5326245305311941,274,0.008260426656322985,0.009950248756218905,7,1,0.07593425604113015,0.14285714285714285,False
NRG1_ERBB4,guidance,Neuregulin-1,ErbB4,Erythrocyte (blood),Erythrocyte (blood),0.01025389802785356,6296,0.008478403112293257,0.014925373134328358,12,0,0.07778519247533362,0.0,False
GLU_AMPA,neurotransmitter,Glutamate,AMPA receptor,Fibroblast / VLMC,Border macrophage,1.8133718564229853,408,0.008583485636308444,0.01990049751243781,7,1,0.07859516495555227,0.14285714285714285,False
GLU_MGLUR_II,neurotransmitter,Glutamate,Group II mGluR,Inhibitory neuron,Excitatory neuron,1.0593184476548976,88,0.008614841995405964,0.01990049751243781,0,0,0.07872821425098536,0.0,False
CRH_R,neuropeptide,CRH,CRH receptor,Excitatory neuron,Border macrophage,0.0029958100846722764,1057,0.00863511672319047,0.03980099502487562,12,2,0.0787596708534273,0.16666666666666666,False
GABA_B,neurotransmitter,GABA,GABA-B receptor,Inhibitory neuron,Excitatory neuron,0.88049992648038,88,0.0086825859991767,0.024875621890547265,0,0,0.07903856009756377,0.0,False
GLU_AMPA,neurotransmitter,Glutamate,AMPA receptor,Choroid plexus,Choroid plexus,2.230929296463728,96,0.008828143723078935,0.014925373134328358,1,0,0.08005210170598127,0.0,False
VIP_R,neuropeptide,VIP,VIP receptor,Ependymal,T / NK cell,0.045529617481872814,119,0.008826458300820352,0.04975124378109453,1,1,0.08005210170598127,1.0,False
NRXN_NLGN,synaptic_adhesion,Neurexin,Neuroligin,Excitatory neuron,Inhibitory neuron,0.9417048746889288,88,0.009033774758322921,0.01990049751243781,0,0,0.08167013696121055,0.0,False
GLU_NMDA_2B,neurotransmitter,Glutamate,NMDA receptor (GluN1/2B),Pericyte,Ependymal,0.5333360350794263,72,0.009041489836697385,0.01990049751243781,0,0,0.08167013696121055,0.0,False
GLU_AMPA,neurotransmitter,Glutamate,AMPA receptor,Pericyte,Fibroblast / VLMC,1.560081264247065,92,0.009063275277889029,0.004975124378109453,1,1,0.08170918116617103,1.0,False
BDNF_TRKB,neurotrophin,BDNF,TrkB,Astrocyte,Erythrocyte (blood),0.053416855730379985,537,0.00913015904907841,0.029850746268656716,11,1,0.08215387344353439,0.09090909090909091,False
MDK_PTPRZ1,neuron_glia,Midkine,PTPRZ1,Erythrocyte (blood),Ependymal,0.09907608704942886,241,0.009215650388754262,0.029850746268656716,6,2,0.08276396961416736,0.3333333333333333,False
CORT_SSTR,neuropeptide,Cortistatin,Somatostatin receptor,Erythrocyte (blood),Fibroblast / VLMC,0.019478786416523612,477,0.009307815841278308,0.03980099502487562,8,1,0.08327202738306157,0.125,False
PDYN_KOR,neuropeptide,Dynorphin,Kappa opioid receptor,Erythrocyte (blood),Excitatory neuron,0.0016216647741460644,1535,0.009303184760433143,0.04975124378109453,12,2,0.08327202738306157,0.16666666666666666,False
NRXN_NLGN,synaptic_adhesion,Neurexin,Neuroligin,Endothelial,Excitatory neuron,0.6596240763904667,595,0.009356438782675128,0.004975124378109453,12,3,0.08354728447354375,0.25,False
GLU_MGLUR_II,neurotransmitter,Glutamate,Group II mGluR,Ependymal,Oligodendrocyte,0.9245887676515191,221,0.009450229472827606,0.014925373134328358,3,1,0.08390440930428912,0.3333333333333333,False
CCK_R,neuropeptide,Cholecystokinin,CCK receptor,Ependymal,Choroid plexus,0.7629146575927734,61,0.00941459707543475,0.01990049751243781,0,0,0.08390440930428912,0.0,False
GABA_B,neurotransmitter,GABA,GABA-B receptor,Microglia,Choroid plexus,0.10969635844230652,24,0.009444658983080426,0.05472636815920398,0,0,0.08390440930428912,0.0,False
GLU_KAINATE,neurotransmitter,Glutamate,Kainate receptor,Excitatory neuron,Border macrophage,1.099841394510152,1057,0.009500729832563393,0.009950248756218905,12,1,0.08419302061849264,0.08333333333333333,False
GLU_AMPA,neurotransmitter,Glutamate,AMPA receptor,T / NK cell,Erythrocyte (blood),2.2504397508309366,526,0.00969245588747715,0.01990049751243781,12,2,0.08563908161058371,0.16666666666666666,False
VEGFA_R,neurovascular,VEGF-A,VEGF receptor,Border macrophage,Erythrocyte (blood),0.022166442758632155,848,0.009700515762686338,0.029850746268656716,12,1,0.08563908161058371,0.08333333333333333,False
GLU_NMDA_2A,neurotransmitter,Glutamate,NMDA receptor (GluN1/2A),Border macrophage,T / NK cell,0.7529305964708328,400,0.00977324569738285,0.009950248756218905,11,4,0.08611867536356752,0.36363636363636365,False
GLU_KAINATE,neurotransmitter,Glutamate,Kainate receptor,Border macrophage,T / NK cell,0.8409230138361454,400,0.00986895702854169,0.014925373134328358,11,1,0.08679859010629053,0.09090909090909091,False
GABA_A,neurotransmitter,GABA,GABA-A receptor,Astrocyte,T / NK cell,0.02333368874829391,232,0.00990334319475392,0.03482587064676617,4,0,0.08693760376783038,0.0,False
GLU_AMPA,neurotransmitter,Glutamate,AMPA receptor,Endothelial,Border macrophage,1.7377346985609199,381,0.010051357089459255,0.01990049751243781,10,2,0.08807172251232183,0.2,False
GLU_NMDA_2B,neurotransmitter,Glutamate,NMDA receptor (GluN1/2B),Microglia,Vascular smooth muscle,0.5405840056283133,35,0.010120304352654102,0.01990049751243781,0,0,0.08851010105807204,0.0,False
GLU_NMDA_2A,neurotransmitter,Glutamate,NMDA receptor (GluN1/2A),Border macrophage,Border macrophage,0.682310248803943,638,0.010181911832145831,0.01990049751243781,12,2,0.08888277138546706,0.16666666666666666,False
GLU_KAINATE,neurotransmitter,Glutamate,Kainate receptor,Erythrocyte (blood),T / NK cell,0.9732980736081591,526,0.01022412894242319,0.024875621890547265,12,2,0.08908510115753838,0.16666666666666666,False
C3_CR3,neuron_glia,Complement C3,Complement receptor 3,Excitatory neuron,Microglia,0.004790161980523003,225,0.010393208295248797,0.04477611940298507,5,0,0.09039000299901324,0.0,False
GABA_B,neurotransmitter,GABA,GABA-B receptor,Ependymal,Erythrocyte (blood),0.04533779571659832,241,0.01067682787725829,0.014925373134328358,6,0,0.09268437409590266,0.0,False
GLU_NMDA_2A,neurotransmitter,Glutamate,NMDA receptor (GluN1/2A),Microglia,Pericyte,1.0332992727106267,33,0.010813042994921569,0.01990049751243781,0,0,0.09369301513562596,0.0,False
PTN_PTPRZ1,neuron_glia,Pleiotrophin,PTPRZ1,Inhibitory neuron,Erythrocyte (blood),0.5677295966581865,55,0.0108393144213765,0.03482587064676617,0,0,0.09374704653904001,0.0,False
GLU_NMDA_2A,neurotransmitter,Glutamate,NMDA receptor (GluN1/2A),Pericyte,T / NK cell,0.900219805240631,100,0.010864135768208463,0.009950248756218905,0,0,0.09378836025728303,0.0,False
GLU_KAINATE,neurotransmitter,Glutamate,Kainate receptor,Choroid plexus,Excitatory neuron,0.9396631671260822,321,0.01095705340705388,0.024875621890547265,7,0,0.0942427442860388,0.0,False
NRXN_NLGN,synaptic_adhesion,Neurexin,Neuroligin,Choroid plexus,Choroid plexus,0.8109241469452778,96,0.010950577806529882,0.024875621890547265,1,0,0.0942427442860388,0.0,False
GABA_A,neurotransmitter,GABA,GABA-A receptor,Choroid plexus,Oligodendrocyte,0.0268354840900587,230,0.010997817946745854,0.024875621890547265,6,1,0.09441979848224559,0.16666666666666666,False
GABA_B,neurotransmitter,GABA,GABA-B receptor,Pericyte,Fibroblast / VLMC,0.03925197150396264,92,0.011076601116989042,0.014925373134328358,1,0,0.09492200847324493,0.0,False
GLU_NMDA_2B,neurotransmitter,Glutamate,NMDA receptor (GluN1/2B),Endothelial,T / NK cell,0.44008959093583905,253,0.0111834054245164,0.01990049751243781,7,2,0.09566207309197848,0.2857142857142857,False
SEMA3A_R,guidance,Semaphorin 3A,Neuropilin-1 / Plexin-A4,Erythrocyte (blood),T / NK cell,0.001495644733479721,526,0.011234978227316476,0.03980099502487562,12,1,0.09592785241900327,0.08333333333333333,False
GLU_KAINATE,neurotransmitter,Glutamate,Kainate receptor,Ependymal,Erythrocyte (blood),0.8261771884696613,241,0.011341136021674195,0.024875621890547265,6,1,0.0966578787712451,0.16666666666666666,False
GABA_A,neurotransmitter,GABA,GABA-A receptor,Erythrocyte (blood),Ependymal,0.05549436238791438,241,0.011387094734830822,0.029850746268656716,6,0,0.09687312048049712,0.0,False
GABA_A,neurotransmitter,GABA,GABA-A receptor,Oligodendrocyte,Border macrophage,0.03283977119516937,429,0.01143660214401087,0.014925373134328358,9,2,0.09711771584723568,0.2222222222222222,False
VEGFA_R,neurovascular,VEGF-A,VEGF receptor,Endothelial,T / NK cell,0.019269749109924076,253,0.011589842122219685,0.04477611940298507,7,1,0.09824070885845272,0.14285714285714285,False
VIP_R,neuropeptide,VIP,VIP receptor,Fibroblast / VLMC,T / NK cell,0.054945758025570696,221,0.011644754202153988,0.03980099502487562,4,1,0.09845650319726142,0.25,False
IL34_CSF1R,neuron_glia,IL-34,CSF1R,Erythrocyte (blood),Choroid plexus,0.031191394961435734,279,0.011657384648703318,0.024875621890547265,7,1,0.09845650319726142,0.14285714285714285,False
NRXN_NLGN,synaptic_adhesion,Neurexin,Neuroligin,Border macrophage,Choroid plexus,0.7562679974074217,194,0.011755600659694571,0.009950248756218905,3,0,0.0991071270030827,0.0,False
NRXN_NLGN,synaptic_adhesion,Neurexin,Neuroligin,Endothelial,Erythrocyte (blood),0.6294269742387714,594,0.011817079910140374,0.029850746268656716,12,1,0.0994462534164511,0.08333333333333333,False
PTN_PTPRZ1,neuron_glia,Pleiotrophin,PTPRZ1,OPC,Oligodendrocyte,0.47301318248112995,48,0.011872268547391644,0.03482587064676617,0,0,0.09973131873114094,0.0,False
VIP_R,neuropeptide,VIP,VIP receptor,T / NK cell,Excitatory neuron,0.03236303365175625,651,0.011915720384671286,0.029850746268656716,12,2,0.09973820336292835,0.16666666666666666,False
ANGPT1_TEK,neurovascular,Angiopoietin-1,TIE2,Vascular smooth muscle,Border macrophage,0.01183902490429762,164,0.01190815582291082,0.0945273631840796,1,0,0.09973820336292835,0.0,False
NPY_R,neuropeptide,Neuropeptide Y,NPY receptor,Erythrocyte (blood),Excitatory neuron,0.035920382943914454,1535,0.01206235250883695,0.014925373134328358,12,1,0.10078526319437159,0.08333333333333333,False
CCK_R,neuropeptide,Cholecystokinin,CCK receptor,Excitatory neuron,Endothelial,0.5485145490710475,595,0.012103583418285508,0.029850746268656716,12,3,0.10094949521240267,0.25,False
GLU_NMDA_2A,neurotransmitter,Glutamate,NMDA receptor (GluN1/2A),Fibroblast / VLMC,T / NK cell,0.8373424157297988,221,0.01220860045479209,0.03482587064676617,4,1,0.10164420200706795,0.25,False
APOE_LRP1,neuron_glia,ApoE,LRP1,Pericyte,Oligodendrocyte,1.2019680040947935,141,0.012266849129566533,0.014925373134328358,1,1,0.1017669983639039,1.0,False
CCK_R,neuropeptide,Cholecystokinin,CCK receptor,Vascular smooth muscle,Excitatory neuron,0.5336632251739502,225,0.012259989759466898,0.029850746268656716,4,1,0.1017669983639039,0.25,False
GLU_KAINATE,neurotransmitter,Glutamate,Kainate receptor,Fibroblast / VLMC,Vascular smooth muscle,0.7006918253836694,154,0.01237973943332968,0.01990049751243781,2,0,0.10252177134256561,0.0,False
SLIT_ROBO,guidance,Slit,Robo,Astrocyte,Excitatory neuron,0.11692639422558603,336,0.012405392741211042,0.03482587064676617,9,1,0.10255270783767927,0.1111111111111111,False
GLU_MGLUR_I,neurotransmitter,Glutamate,Group I mGluR,Astrocyte,Choroid plexus,0.49320580810308456,152,0.012498556690521339,0.03482587064676617,2,0,0.10314064683412583,0.0,False
CRH_R,neuropeptide,CRH,CRH receptor,Erythrocyte (blood),Border macrophage,0.003965798062535952,848,0.012638772422104235,0.04975124378109453,12,2,0.10411411296307344,0.16666666666666666,False
CCK_R,neuropeptide,Cholecystokinin,CCK receptor,Ependymal,Border macrophage,0.4791728174043394,241,0.012718985158143322,0.01990049751243781,5,1,0.10459074086986397,0.2,False
BDNF_TRKB,neurotrophin,BDNF,TrkB,Choroid plexus,T / NK cell,0.15427372681683507,116,0.012745966037607932,0.004975124378109453,2,1,0.10462872822801318,0.5,False
APOE_LRP1,neuron_glia,ApoE,LRP1,Erythrocyte (blood),Pericyte,1.3502983087963527,225,0.012792639533644325,0.014925373134328358,5,2,0.10478747008817205,0.4,False
SST_SSTR,neuropeptide,Somatostatin,Somatostatin receptor,Choroid plexus,Pericyte,0.28918926599549083,41,0.01281009465493362,0.029850746268656716,0,0,0.10478747008817205,0.0,False
SST_SSTR,neuropeptide,Somatostatin,Somatostatin receptor,T / NK cell,Pericyte,0.20888607263565062,100,0.012935382066203838,0.01990049751243781,0,0,0.10562766612175874,0.0,False
CORT_SSTR,neuropeptide,Cortistatin,Somatostatin receptor,Ependymal,Endothelial,0.02940416747126086,203,0.012989321889893784,0.04477611940298507,3,0,0.10588333993521432,0.0,False
SLIT_ROBO,guidance,Slit,Robo,Choroid plexus,Erythrocyte (blood),0.1631405554364659,279,0.01308554831718879,0.029850746268656716,7,1,0.10645031365567692,0.14285714285714285,False
SLIT_ROBO,guidance,Slit,Robo,Microglia,Excitatory neuron,0.11527511994043986,225,0.013104377145900814,0.03980099502487562,5,1,0.10645031365567692,0.2,False
GLU_NMDA_2B,neurotransmitter,Glutamate,NMDA receptor (GluN1/2B),Endothelial,Fibroblast / VLMC,0.37085390144399466,223,0.01323926499985187,0.03980099502487562,5,1,0.10680434643846018,0.2,False
CORT_SSTR,neuropeptide,Cortistatin,Somatostatin receptor,OPC,Astrocyte,0.09242566772129225,23,0.013226499792651135,0.06467661691542288,0,0,0.10680434643846018,0.0,False
GABA_A,neurotransmitter,GABA,GABA-A receptor,Oligodendrocyte,Choroid plexus,0.04062823679136193,230,0.013187233389573644,0.014925373134328358,6,1,0.10680434643846018,0.16666666666666666,False
GABA_B,neurotransmitter,GABA,GABA-B receptor,Fibroblast / VLMC,Fibroblast / VLMC,0.030586174288809588,1242,0.013220688653161995,0.014925373134328358,9,1,0.10680434643846018,0.1111111111111111,False
WNT7_FZD4,neurovascular,Wnt7a/b,Frizzled-4 / GPR124,Border macrophage,Excitatory neuron,0.00205810744466935,1057,0.013294680956188454,0.07960199004975124,12,0,0.10706680239932147,0.0,False
NPY_R,neuropeptide,Neuropeptide Y,NPY receptor,Erythrocyte (blood),T / NK cell,0.042414145097986376,526,0.013524289062730559,0.029850746268656716,12,1,0.10872877753353313,0.08333333333333333,False
GLU_NMDA_2B,neurotransmitter,Glutamate,NMDA receptor (GluN1/2B),Fibroblast / VLMC,Erythrocyte (blood),0.42274662983492484,477,0.013617064229779631,0.01990049751243781,8,2,0.10919089687913645,0.25,False
GABA_B,neurotransmitter,GABA,GABA-B receptor,Endothelial,Vascular smooth muscle,0.06777337307238397,131,0.013628442782093542,0.024875621890547265,1,0,0.10919089687913645,0.0,False
BDNF_TRKB,neurotrophin,BDNF,TrkB,Excitatory neuron,Astrocyte,0.0713043450599625,336,0.013808582396901869,0.014925373134328358,9,0,0.11025658197116697,0.0,False
GABA_A,neurotransmitter,GABA,GABA-A receptor,T / NK cell,Pericyte,0.06699173927307128,100,0.013786249400115188,0.04477611940298507,0,0,0.11025658197116697,0.0,False
PDGFB_PDGFRB,neurovascular,PDGF-B,PDGFRB,Microglia,Astrocyte,0.005762630743337861,141,0.01385767127432826,0.08955223880597014,4,0,0.11046004070286529,0.0,False
APOE_LRP1,neuron_glia,ApoE,LRP1,Erythrocyte (blood),Astrocyte,1.2634981821813176,537,0.013889413820601246,0.029850746268656716,11,2,0.11052477426291367,0.18181818181818182,False
APOE_LRP1,neuron_glia,ApoE,LRP1,Excitatory neuron,Inhibitory neuron,1.4487922584468669,88,0.013989356331832596,0.03980099502487562,0,0,0.11077659446351752,0.0,False
VIP_R,neuropeptide,VIP,VIP receptor,Vascular smooth muscle,Ependymal,0.03940192610025406,88,0.013992085344718712,0.05472636815920398,0,0,0.11077659446351752,0.0,False
CORT_SSTR,neuropeptide,Cortistatin,Somatostatin receptor,T / NK cell,Choroid plexus,0.02980808554024532,116,0.01396307184761611,0.03482587064676617,2,0,0.11077659446351752,0.0,False
SEMA3A_R,guidance,Semaphorin 3A,Neuropilin-1 / Plexin-A4,Excitatory neuron,Erythrocyte (blood),0.0008444240504833308,1535,0.014126571509137738,0.04477611940298507,12,1,0.11165241231630992,0.08333333333333333,False
CSF1_CSF1R,neuron_glia,CSF-1,CSF1R,Microglia,Erythrocyte (blood),0.011687562044929056,170,0.014203664193688287,0.03482587064676617,4,0,0.11207241949792159,0.0,False
GABA_B,neurotransmitter,GABA,GABA-B receptor,Excitatory neuron,Ependymal,0.06137370758683142,274,0.014295827579785127,0.024875621890547265,7,0,0.1126097260030549,0.0,False
GLU_AMPA,neurotransmitter,Glutamate,AMPA receptor,Erythrocyte (blood),Fibroblast / VLMC,2.1136767531840808,477,0.01448576856442742,0.01990049751243781,8,0,0.11344018690832573,0.0,False
CCK_R,neuropeptide,Cholecystokinin,CCK receptor,T / NK cell,Inhibitory neuron,0.9418815331799644,28,0.01448574773570146,0.03980099502487562,0,0,0.11344018690832573,0.0,False
SST_SSTR,neuropeptide,Somatostatin,Somatostatin receptor,Oligodendrocyte,Vascular smooth muscle,0.17685615173493974,99,0.014492634758445207,0.024875621890547265,0,0,0.11344018690832573,0.0,False
GABA_B,neurotransmitter,GABA,GABA-B receptor,T / NK cell,Inhibitory neuron,0.14866481508527482,28,0.014522477443489445,0.03980099502487562,0,0,0.11344018690832573,0.0,False
GABA_B,neurotransmitter,GABA,GABA-B receptor,T / NK cell,T / NK cell,0.0880964660283291,462,0.014509611149633287,0.014925373134328358,10,1,0.11344018690832573,0.1,False
PTN_PTPRZ1,neuron_glia,Pleiotrophin,PTPRZ1,Astrocyte,Border macrophage,0.5312306051568467,516,0.014555660722054178,0.03482587064676617,8,1,0.11350989419748582,0.125,False
PTN_PTPRZ1,neuron_glia,Pleiotrophin,PTPRZ1,Choroid plexus,Astrocyte,0.40261548835980265,152,0.014626908471638589,0.01990049751243781,2,1,0.1138757150395956,0.5,False
NRXN_NLGN,synaptic_adhesion,Neurexin,Neuroligin,Border macrophage,Microglia,0.7403975452472961,153,0.01469731089409353,0.024875621890547265,3,0,0.11423375028814556,0.0,False
GLU_AMPA,neurotransmitter,Glutamate,AMPA receptor,Endothelial,T / NK cell,1.9081336782855007,253,0.014844477474774482,0.01990049751243781,7,2,0.11502659226491505,0.2857142857142857,False
GLU_MGLUR_II,neurotransmitter,Glutamate,Group II mGluR,T / NK cell,Oligodendrocyte,1.0770009540301022,453,0.014909424894795867,0.014925373134328358,9,1,0.11502659226491505,0.1111111111111111,False
GLU_KAINATE,neurotransmitter,Glutamate,Kainate receptor,T / NK cell,Erythrocyte (blood),0.9144098934338574,526,0.014914935123937104,0.014925373134328358,12,2,0.11502659226491505,0.16666666666666666,False
RELN_R,guidance,Reelin,Reelin receptor,Inhibitory neuron,Choroid plexus,0.22508926391601564,20,0.014858394937613041,0.04975124378109453,0,0,0.11502659226491505,0.0,False
PDGFB_PDGFRB,neurovascular,PDGF-B,PDGFRB,Fibroblast / VLMC,Pericyte,0.009430248452269512,92,0.01492223584201826,0.05472636815920398,1,0,0.11502659226491505,0.0,False
GABA_B,neurotransmitter,GABA,GABA-B receptor,Ependymal,Border macrophage,0.05941467512692653,241,0.015114896560371145,0.029850746268656716,5,0,0.11632006744404043,0.0,False
GABA_B,neurotransmitter,GABA,GABA-B receptor,Astrocyte,Vascular smooth muscle,0.06930182754741943,237,0.015162919639000183,0.03482587064676617,7,2,0.11649404544187202,0.2857142857142857,False
CORT_SSTR,neuropeptide,Cortistatin,Somatostatin receptor,Border macrophage,Endothelial,0.044221087234226734,381,0.015187298080688595,0.04477611940298507,10,1,0.11649404544187202,0.1,False
GLU_MGLUR_I,neurotransmitter,Glutamate,Group I mGluR,Choroid plexus,Endothelial,0.656184271687553,84,0.015430519947218368,0.01990049751243781,0,0,0.1181659620835266,0.0,False
TAC1_NK1,neuropeptide,Substance P,NK1 receptor,Erythrocyte (blood),Excitatory neuron,0.004669307225690214,1535,0.0156383741980476,0.04477611940298507,12,2,0.11956201449781817,0.16666666666666666,False
SST_SSTR,neuropeptide,Somatostatin,Somatostatin receptor,Erythrocyte (blood),Border macrophage,0.1801358105720214,848,0.015743374427214105,0.024875621890547265,12,4,0.12016843221033409,0.3333333333333333,False
GLU_NMDA_2A,neurotransmitter,Glutamate,NMDA receptor (GluN1/2A),Endothelial,T / NK cell,0.7485576029351577,253,0.01579011964565554,0.01990049751243781,7,0,0.12032894107821218,0.0,False
NTF3_TRKC,neurotrophin,NT-3,TrkC,Astrocyte,Ependymal,0.017109037159445756,334,0.015842115788853674,0.04975124378109453,5,1,0.1205288776846282,0.2,False
GLU_NMDA_2A,neurotransmitter,Glutamate,NMDA receptor (GluN1/2A),Erythrocyte (blood),Endothelial,0.7615699260323135,594,0.01587683107228957,0.029850746268656716,12,1,0.12059690355071899,0.08333333333333333,False
GABA_A,neurotransmitter,GABA,GABA-A receptor,Fibroblast / VLMC,Inhibitory neuron,0.1376394904576815,26,0.015952637893557695,0.05472636815920398,0,0,0.12097632529004289,0.0,False
GLU_AMPA,neurotransmitter,Glutamate,AMPA receptor,Pericyte,Border macrophage,1.8118016511201858,160,0.016061899906297625,0.014925373134328358,3,1,0.12124470073608161,0.3333333333333333,False
SST_SSTR,neuropeptide,Somatostatin,Somatostatin receptor,Microglia,Erythrocyte (blood),0.18509681330007666,170,0.016065765004567342,0.029850746268656716,4,1,0.12124470073608161,0.25,False
CSF1_CSF1R,neuron_glia,CSF-1,CSF1R,Ependymal,Microglia,0.06494224639165969,63,0.016050776838248765,0.05970149253731343,1,0,0.12124470073608161,0.0,False
GABA_A,neurotransmitter,GABA,GABA-A receptor,Excitatory neuron,Inhibitory neuron,0.05901075899600983,88,0.016171025702632284,0.04477611940298507,0,0,0.12184255919906031,0.0,False
GLU_MGLUR_I,neurotransmitter,Glutamate,Group I mGluR,Excitatory neuron,Oligodendrocyte,0.7199113123032098,601,0.016315230555511543,0.03482587064676617,12,2,0.12273145300520662,0.16666666666666666,False
CORT_SSTR,neuropeptide,Cortistatin,Somatostatin receptor,Pericyte,T / NK cell,0.07276771128177643,100,0.016671939670721565,0.03482587064676617,0,0,0.1252134923263342,0.0,False
GLU_AMPA,neurotransmitter,Glutamate,AMPA receptor,Microglia,T / NK cell,2.191229410469532,80,0.01676302937834402,0.024875621890547265,0,0,0.12538060137050794,0.0,False
GLU_KAINATE,neurotransmitter,Glutamate,Kainate receptor,T / NK cell,Pericyte,1.0861920297145844,100,0.016774579281457144,0.029850746268656716,0,0,0.12538060137050794,0.0,False
BDNF_TRKB,neurotrophin,BDNF,TrkB,Vascular smooth muscle,Border macrophage,0.19514973934103802,164,0.01674916518448493,0.01990049751243781,1,0,0.12538060137050794,0.0,False
GLU_NMDA_2A,neurotransmitter,Glutamate,NMDA receptor (GluN1/2A),Excitatory neuron,Microglia,1.0672884019215902,225,0.016847512643366907,0.01990049751243781,5,0,0.125724898976577,0.0,False
C3_CR3,neuron_glia,Complement C3,Complement receptor 3,Choroid plexus,Oligodendrocyte,0.004176672645237135,230,0.016915177162997962,0.01990049751243781,6,1,0.1260288438625278,0.16666666666666666,False
GLU_NMDA_2B,neurotransmitter,Glutamate,NMDA receptor (GluN1/2B),Border macrophage,Erythrocyte (blood),0.3975369370770904,848,0.017099098910514858,0.01990049751243781,12,2,0.1271966356157377,0.16666666666666666,False
GLU_MGLUR_I,neurotransmitter,Glutamate,Group I mGluR,Choroid plexus,Choroid plexus,0.6315312422811985,96,0.01731757412385166,0.01990049751243781,1,1,0.12861734813571735,1.0,False
GLU_AMPA,neurotransmitter,Glutamate,AMPA receptor,Pericyte,Choroid plexus,2.1874460883256868,41,0.017423240283812425,0.029850746268656716,0,0,0.1291970543390782,0.0,False
CCK_R,neuropeptide,Cholecystokinin,CCK receptor,Fibroblast / VLMC,Erythrocyte (blood),0.4378859714392096,477,0.01746564719893119,0.029850746268656716,8,2,0.12930658741107443,0.25,False
GLU_AMPA,neurotransmitter,Glutamate,AMPA receptor,Vascular smooth muscle,Erythrocyte (blood),1.9089426385702464,237,0.017561805520698293,0.024875621890547265,5,2,0.129404233120232,0.4,False
GLU_NMDA_2A,neurotransmitter,Glutamate,NMDA receptor (GluN1/2A),Fibroblast / VLMC,Choroid plexus,0.9260010408318561,138,0.017531375440860992,0.024875621890547265,2,1,0.129404233120232,0.5,False
GLU_MGLUR_I,neurotransmitter,Glutamate,Group I mGluR,Erythrocyte (blood),Ependymal,0.5941325055118418,241,0.0175395221090988,0.01990049751243781,6,1,0.129404233120232,0.16666666666666666,False
GLU_AMPA,neurotransmitter,Glutamate,AMPA receptor,Inhibitory neuron,Erythrocyte (blood),2.2395567763935436,55,0.017686171655117048,0.029850746268656716,0,0,0.12940598024018607,0.0,False
NRXN_NLGN,synaptic_adhesion,Neurexin,Neuroligin,Choroid plexus,Oligodendrocyte,0.635187728508659,230,0.017628407017015988,0.01990049751243781,6,2,0.12940598024018607,0.3333333333333333,False
GLU_NMDA_2B,neurotransmitter,Glutamate,NMDA receptor (GluN1/2B),Excitatory neuron,Border macrophage,0.5371442729838073,1057,0.017685735044817134,0.03482587064676617,12,3,0.12940598024018607,0.25,False
SST_SSTR,neuropeptide,Somatostatin,Somatostatin receptor,Oligodendrocyte,Microglia,0.14268944217163382,103,0.017659571683485954,0.04975124378109453,2,1,0.12940598024018607,0.5,False
PDGFB_PDGFRB,neurovascular,PDGF-B,PDGFRB,Fibroblast / VLMC,Vascular smooth muscle,0.020604100320246312,154,0.017700326427381723,0.07462686567164178,2,1,0.12940598024018607,0.5,False
CORT_SSTR,neuropeptide,Cortistatin,Somatostatin receptor,Excitatory neuron,Excitatory neuron,0.031896267690101066,2258,0.017834897712782852,0.01990049751243781,12,1,0.1301864062373026,0.08333333333333333,False
GLU_KAINATE,neurotransmitter,Glutamate,Kainate receptor,Pericyte,Ependymal,0.8353689495060179,72,0.017966458715077575,0.01990049751243781,0,0,0.13089187181860404,0.0,False
GLU_NMDA_2B,neurotransmitter,Glutamate,NMDA receptor (GluN1/2B),Choroid plexus,Choroid plexus,0.5586405011514822,96,0.01803736442026083,0.024875621890547265,1,0,0.13089187181860404,0.0,False
RELN_R,guidance,Reelin,Reelin receptor,Pericyte,Choroid plexus,0.058424501884274366,41,0.017989822708986695,0.07462686567164178,0,0,0.13089187181860404,0.0,False
GABA_B,neurotransmitter,GABA,GABA-B receptor,T / NK cell,Erythrocyte (blood),0.057399762900609934,526,0.01804344033404565,0.03482587064676617,12,1,0.13089187181860404,0.08333333333333333,False
NRXN_NLGN,synaptic_adhesion,Neurexin,Neuroligin,T / NK cell,Erythrocyte (blood),0.7070720149876953,526,0.01824502103387614,0.024875621890547265,12,2,0.13214930869583044,0.16666666666666666,False
GLU_MGLUR_II,neurotransmitter,Glutamate,Group II mGluR,Erythrocyte (blood),Oligodendrocyte,1.0939917890396629,1342,0.018368247319192968,0.014925373134328358,10,2,0.13235003902773024,0.2,False
GLU_NMDA_2A,neurotransmitter,Glutamate,NMDA receptor (GluN1/2A),Ependymal,Choroid plexus,0.7123245958422051,61,0.01830360983623613,0.03980099502487562,0,0,0.13235003902773024,0.0,False
SLIT_ROBO,guidance,Slit,Robo,Erythrocyte (blood),Erythrocyte (blood),0.11201383961125584,6296,0.018346878141821628,0.009950248756218905,12,1,0.13235003902773024,0.08333333333333333,False
GABA_B,neurotransmitter,GABA,GABA-B receptor,Excitatory neuron,Fibroblast / VLMC,0.05448844616781017,499,0.018414164438352722,0.01990049751243781,7,1,0.13235003902773024,0.14285714285714285,False
RELN_R,guidance,Reelin,Reelin receptor,Oligodendrocyte,Microglia,0.021976704736357752,103,0.01839205697723597,0.09950248756218906,2,0,0.13235003902773024,0.0,False
PACAP_R,neuropeptide,PACAP,PACAP receptor,Inhibitory neuron,T / NK cell,0.20422316449029104,28,0.01845451059016985,0.04477611940298507,0,0,0.13243658750215448,0.0,False
VIP_R,neuropeptide,VIP,VIP receptor,Ependymal,Fibroblast / VLMC,0.0352707746077557,245,0.018512219843401647,0.03980099502487562,6,1,0.1326472842990449,0.16666666666666666,False
CCK_R,neuropeptide,Cholecystokinin,CCK receptor,Choroid plexus,Excitatory neuron,0.4803201182980404,321,0.01902325895408276,0.009950248756218905,7,1,0.13610065542225264,0.14285714285714285,False
GLU_MGLUR_III,neurotransmitter,Glutamate,Group III mGluR,Ependymal,Fibroblast / VLMC,0.1979049680184345,245,0.01907274048115475,0.04477611940298507,6,2,0.1362463400172871,0.3333333333333333,False
APOE_LRP1,neuron_glia,ApoE,LRP1,Endothelial,Fibroblast / VLMC,1.0583822053644154,223,0.019215749148173512,0.01990049751243781,5,1,0.13705867418339004,0.2,False
GLU_KAINATE,neurotransmitter,Glutamate,Kainate receptor,Erythrocyte (blood),Border macrophage,0.8696642464624261,848,0.019394255088426023,0.01990049751243781,12,1,0.13728550614031068,0.08333333333333333,False
GABA_A,neurotransmitter,GABA,GABA-A receptor,Inhibitory neuron,Erythrocyte (blood),0.5471603393554687,55,0.019307866496680207,0.04477611940298507,0,0,0.13728550614031068,0.0,False
SST_SSTR,neuropeptide,Somatostatin,Somatostatin receptor,Ependymal,Endothelial,0.16767668900231422,203,0.019374217125901493,0.024875621890547265,3,0,0.13728550614031068,0.0,False
PACAP_R,neuropeptide,PACAP,PACAP receptor,T / NK cell,Ependymal,0.08710269968048866,119,0.019306926502516638,0.03980099502487562,1,1,0.13728550614031068,1.0,False
GABA_B,neurotransmitter,GABA,GABA-B receptor,Erythrocyte (blood),T / NK cell,0.07811848190347505,526,0.019361522194929124,0.009950248756218905,12,1,0.13728550614031068,0.08333333333333333,False
BDNF_TRKB,neurotrophin,BDNF,TrkB,Border macrophage,Astrocyte,0.03401140649189321,516,0.019590667637677802,0.029850746268656716,8,0,0.1384663653726502,0.0,False
GLU_AMPA,neurotransmitter,Glutamate,AMPA receptor,Erythrocyte (blood),Pericyte,2.421086379157172,225,0.019630880194420507,0.024875621890547265,5,0,0.13854130984870822,0.0,False
GLU_NMDA_2B,neurotransmitter,Glutamate,NMDA receptor (GluN1/2B),Border macrophage,Inhibitory neuron,0.6620447028358027,53,0.019673147870268463,0.03980099502487562,0,0,0.13863051036895505,0.0,False
GABA_A,neurotransmitter,GABA,GABA-A receptor,Ependymal,Choroid plexus,0.04066570665015549,61,0.019715155081121483,0.05472636815920398,0,0,0.1387176099617555,0.0,False
GLU_AMPA,neurotransmitter,Glutamate,AMPA receptor,Choroid plexus,Inhibitory neuron,2.7375916481018066,20,0.019776059299694716,0.029850746268656716,0,0,0.13872890774103686,0.0,False
VEGFA_R,neurovascular,VEGF-A,VEGF receptor,Microglia,Endothelial,0.06227543586637915,82,0.019759306484362665,0.04975124378109453,0,0,0.13872890774103686,0.0,False
PACAP_R,neuropeptide,PACAP,PACAP receptor,Vascular smooth muscle,Choroid plexus,0.08994983258794566,61,0.01984367458248609,0.03980099502487562,0,0,0.13899484037642576,0.0,False
GLU_AMPA,neurotransmitter,Glutamate,AMPA receptor,Vascular smooth muscle,Vascular smooth muscle,1.7603054721565807,408,0.020041801236658125,0.024875621890547265,7,1,0.13955321551133806,0.14285714285714285,False
APOE_LRP1,neuron_glia,ApoE,LRP1,Pericyte,Astrocyte,1.3555245021979014,120,0.02010234393131905,0.01990049751243781,1,0,0.13955321551133806,0.0,False
APOE_LRP1,neuron_glia,ApoE,LRP1,Fibroblast / VLMC,Excitatory neuron,0.985848145637818,499,0.01999579834034756,0.03482587064676617,7,2,0.13955321551133806,0.2857142857142857,False
GLU_MGLUR_I,neurotransmitter,Glutamate,Group I mGluR,Erythrocyte (blood),Choroid plexus,0.5937706603798815,279,0.02008437846546656,0.024875621890547265,7,1,0.13955321551133806,0.14285714285714285,False
SLIT_ROBO,guidance,Slit,Robo,Fibroblast / VLMC,Choroid plexus,0.13972237274266672,138,0.02007323338771764,0.04477611940298507,2,0,0.13955321551133806,0.0,False
MDK_PTPRZ1,neuron_glia,Midkine,PTPRZ1,Ependymal,Border macrophage,0.06570646871669658,241,0.01996851395083257,0.03980099502487562,5,0,0.13955321551133806,0.0,False
NRG1_ERBB4,guidance,Neuregulin-1,ErbB4,Choroid plexus,Border macrophage,0.010940516425162247,194,0.02018209458092341,0.06467661691542288,3,0,0.13989928969502316,0.0,False
APOE_LRP1,neuron_glia,ApoE,LRP1,Oligodendrocyte,Microglia,1.8763121540106615,103,0.020288292041484638,0.029850746268656716,2,1,0.14021996818627272,0.5,False
NRXN_NLGN,synaptic_adhesion,Neurexin,Neuroligin,Excitatory neuron,Erythrocyte (blood),0.7016713013089829,1535,0.0202695688335633,0.024875621890547265,12,3,0.14021996818627272,0.25,False
GLU_NMDA_2B,neurotransmitter,Glutamate,NMDA receptor (GluN1/2B),Vascular smooth muscle,T / NK cell,0.4538698399320562,94,0.02056965576457089,0.01990049751243781,0,0,0.14195489575579232,0.0,False
PACAP_R,neuropeptide,PACAP,PACAP receptor,Ependymal,Excitatory neuron,0.12269937861574827,274,0.02061792016856296,0.029850746268656716,7,0,0.1420784218979471,0.0,False
NRXN_NLGN,synaptic_adhesion,Neurexin,Neuroligin,Pericyte,T / NK cell,0.7629475158452987,100,0.020782681470435382,0.029850746268656716,0,0,0.14267609998944902,0.0,False
CCK_R,neuropeptide,Cholecystokinin,CCK receptor,Excitatory neuron,T / NK cell,0.525935196473668,651,0.020751001617631572,0.04477611940298507,12,1,0.14267609998944902,0.08333333333333333,False
MDK_PTPRZ1,neuron_glia,Midkine,PTPRZ1,Vascular smooth muscle,Oligodendrocyte,0.1506452187143191,99,0.020796131693268695,0.03980099502487562,0,0,0.14267609998944902,0.0,False
GLU_MGLUR_III,neurotransmitter,Glutamate,Group III mGluR,Astrocyte,Excitatory neuron,0.21968936565376462,336,0.020964648257296478,0.03482587064676617,9,2,0.14362165328827264,0.2222222222222222,False
GLU_AMPA,neurotransmitter,Glutamate,AMPA receptor,Choroid plexus,Fibroblast / VLMC,2.3033458745997883,138,0.02110448885675733,0.029850746268656716,2,1,0.14407725983024192,0.5,False
TAC1_NK1,neuropeptide,Substance P,NK1 receptor,Microglia,Excitatory neuron,0.008842135005527073,225,0.02112353072099721,0.0845771144278607,5,1,0.14407725983024192,0.2,False
GAL_R,neuropeptide,Galanin,Galanin receptor,Oligodendrocyte,Fibroblast / VLMC,0.002109677177386931,722,0.02107839399838494,0.04975124378109453,10,1,0.14407725983024192,0.1,False
GLU_AMPA,neurotransmitter,Glutamate,AMPA receptor,Pericyte,Erythrocyte (blood),1.9384716531965467,225,0.02130224871354363,0.029850746268656716,5,1,0.14508474778845798,0.2,False
SST_SSTR,neuropeptide,Somatostatin,Somatostatin receptor,Border macrophage,Vascular smooth muscle,0.20722103336962258,164,0.021371468533641053,0.01990049751243781,1,0,0.14534462393736408,0.0,False
GABA_B,neurotransmitter,GABA,GABA-B receptor,Choroid plexus,Choroid plexus,0.034243760630488396,96,0.021510207722007353,0.009950248756218905,1,0,0.1460758518596116,0.0,False
SLIT_ROBO,guidance,Slit,Robo,Vascular smooth muscle,Excitatory neuron,0.12650836997561984,225,0.02158685000752034,0.01990049751243781,4,0,0.14610956001114256,0.0,False
VIP_R,neuropeptide,VIP,VIP receptor,Choroid plexus,Astrocyte,0.03793099875512876,152,0.02160885136304994,0.05472636815920398,2,0,0.14610956001114256,0.0,False
RELN_R,guidance,Reelin,Reelin receptor,Border macrophage,T / NK cell,0.03451081156730652,400,0.021564392818073607,0.04477611940298507,11,2,0.14610956001114256,0.18181818181818182,False
GABA_A,neurotransmitter,GABA,GABA-A receptor,Pericyte,Microglia,0.07251855098839963,33,0.021651561520241423,0.03980099502487562,0,0,0.14618709430477578,0.0,False
GLU_AMPA,neurotransmitter,Glutamate,AMPA receptor,Border macrophage,Inhibitory neuron,2.3460255973743944,53,0.021823594532463467,0.029850746268656716,0,0,0.14713630953515355,0.0,False
PACAP_R,neuropeptide,PACAP,PACAP receptor,Fibroblast / VLMC,Erythrocyte (blood),0.08348518878658863,477,0.021886605294060963,0.024875621890547265,8,0,0.1473488146344047,0.0,False
GLU_KAINATE,neurotransmitter,Glutamate,Kainate receptor,Microglia,Pericyte,1.1204114466002493,33,0.021981067617057384,0.03482587064676617,0,0,0.14777214853478665,0.0,False
APOE_LRP1,neuron_glia,ApoE,LRP1,Fibroblast / VLMC,Astrocyte,1.2261610571002461,382,0.022082556463024962,0.01990049751243781,7,0,0.1482414371456152,0.0,False
IL34_CSF1R,neuron_glia,IL-34,CSF1R,Pericyte,Microglia,0.06999795364611076,33,0.022196522756497746,0.07462686567164178,0,0,0.14874750984536833,0.0,False
APOE_TREM2,neuron_glia,ApoE,TREM2,Pericyte,Border macrophage,0.04303443431854248,160,0.02224409223026825,0.03980099502487562,3,0,0.14874750984536833,0.0,False
CSF1_CSF1R,neuron_glia,CSF-1,CSF1R,Erythrocyte (blood),Oligodendrocyte,0.01191238701432366,1342,0.02225331414656077,0.04477611940298507,10,1,0.14874750984536833,0.1,False
GABA_A,neurotransmitter,GABA,GABA-A receptor,Astrocyte,Excitatory neuron,0.028442549031405223,336,0.022328873077284046,0.04975124378109453,9,1,0.14903965353582319,0.1111111111111111,False
GLU_KAINATE,neurotransmitter,Glutamate,Kainate receptor,Border macrophage,Inhibitory neuron,1.1225294909387264,53,0.022371635823758614,0.04975124378109453,0,0,0.14911237039795805,0.0,False
GLU_MGLUR_III,neurotransmitter,Glutamate,Group III mGluR,Pericyte,Excitatory neuron,0.258873964992224,255,0.022534165749293494,0.03980099502487562,7,1,0.14998202210660636,0.14285714285714285,False
PDGFB_PDGFRB,neurovascular,PDGF-B,PDGFRB,Ependymal,Vascular smooth muscle,0.03898580236868425,88,0.02257540757753366,0.04975124378109453,0,0,0.15004308530579544,0.0,False
MDK_PTPRZ1,neuron_glia,Midkine,PTPRZ1,Excitatory neuron,Astrocyte,0.05550581411946388,336,0.022663174194560393,0.04477611940298507,9,1,0.15041275468985543,0.1111111111111111,False
NPY_R,neuropeptide,Neuropeptide Y,NPY receptor,Erythrocyte (blood),Ependymal,0.040633431361423986,241,0.022747008992158188,0.03980099502487562,6,1,0.15075531880213622,0.16666666666666666,False
CRH_R,neuropeptide,CRH,CRH receptor,Excitatory neuron,Pericyte,0.004915194417916092,255,0.02279943714794788,0.04975124378109453,7,1,0.15088906140770597,0.14285714285714285,False
GLU_AMPA,neurotransmitter,Glutamate,AMPA receptor,Erythrocyte (blood),Inhibitory neuron,2.109194961461154,55,0.022865263054889506,0.029850746268656716,0,0,0.1508978361549055,0.0,False
NRXN_NLGN,synaptic_adhesion,Neurexin,Neuroligin,T / NK cell,Choroid plexus,0.8635300803801109,116,0.022848080822849184,0.03980099502487562,2,0,0.1508978361549055,0.0,False
VIP_R,neuropeptide,VIP,VIP receptor,Fibroblast / VLMC,Erythrocyte (blood),0.06111171441757954,477,0.02295069705435446,0.03482587064676617,8,1,0.15124832608073877,0.125,False
PDGFB_PDGFRB,neurovascular,PDGF-B,PDGFRB,T / NK cell,Microglia,0.023929005861282347,80,0.023047440291673247,0.05472636815920398,0,0,0.15167225474646853,0.0,False
GLU_MGLUR_I,neurotransmitter,Glutamate,Group I mGluR,Oligodendrocyte,Erythrocyte (blood),0.4854472184945148,1342,0.02320903475915914,0.029850746268656716,10,2,0.15230725615442584,0.2,False
VIP_R,neuropeptide,VIP,VIP receptor,Endothelial,Pericyte,0.04526171198597661,108,0.023202713521498535,0.07462686567164178,0,0,0.15230725615442584,0.0,False
GLU_KAINATE,neurotransmitter,Glutamate,Kainate receptor,Choroid plexus,T / NK cell,0.9922826146257335,116,0.023369776375376138,0.029850746268656716,2,0,0.15250653230179212,0.0,False
GLU_KAINATE,neurotransmitter,Glutamate,Kainate receptor,Pericyte,Erythrocyte (blood),0.816621114677853,225,0.023311753382155093,0.03482587064676617,5,0,0.15250653230179212,0.0,False
SST_SSTR,neuropeptide,Somatostatin,Somatostatin receptor,Choroid plexus,Microglia,0.2674537201722463,24,0.0232927387020005,0.05472636815920398,0,0,0.15250653230179212,0.0,False
NPY_R,neuropeptide,Neuropeptide Y,NPY receptor,T / NK cell,T / NK cell,0.037452254976545064,462,0.023338923153038378,0.03482587064676617,10,1,0.15250653230179212,0.1,False
MDK_PTPRZ1,neuron_glia,Midkine,PTPRZ1,Oligodendrocyte,OPC,0.2501661578814189,48,0.023538098034037266,0.1044776119402985,0,0,0.15339103161735426,0.0,False
PACAP_R,neuropeptide,PACAP,PACAP receptor,Pericyte,Microglia,0.18567868435021603,33,0.023587327790580488,0.06467661691542288,0,0,0.15349806221436177,0.0,False
GLU_MGLUR_I,neurotransmitter,Glutamate,Group I mGluR,Ependymal,Choroid plexus,0.5081720215375306,61,0.023747278298163255,0.03482587064676617,0,0,0.15432432660709147,0.0,False
NRXN_NLGN,synaptic_adhesion,Neurexin,Neuroligin,Fibroblast / VLMC,T / NK cell,0.6580265202133904,221,0.02387352022361483,0.03482587064676617,4,1,0.15492954386448513,0.25,False
GLU_KAINATE,neurotransmitter,Glutamate,Kainate receptor,T / NK cell,Fibroblast / VLMC,0.8888608497731826,221,0.023976994245230292,0.024875621890547265,4,2,0.1553855347277459,0.5,False
APOE_LRP1,neuron_glia,ApoE,LRP1,Erythrocyte (blood),Erythrocyte (blood),0.9459534503775145,6296,0.02429670909949866,0.029850746268656716,12,0,0.1572396983078205,0.0,False
SST_SSTR,neuropeptide,Somatostatin,Somatostatin receptor,Fibroblast / VLMC,Excitatory neuron,0.19863717051928412,499,0.024388622445662273,0.029850746268656716,7,2,0.15761652544648314,0.2857142857142857,False
NRXN_NLGN,synaptic_adhesion,Neurexin,Neuroligin,Border macrophage,Pericyte,0.8420658357441425,160,0.02446394519564925,0.029850746268656716,3,2,0.15788524078681773,0.6666666666666666,False
APOE_LRP1,neuron_glia,ApoE,LRP1,Vascular smooth muscle,Astrocyte,1.3771021436538375,237,0.024542032971222285,0.024875621890547265,7,2,0.15809753801382034,0.2857142857142857,False
GABA_A,neurotransmitter,GABA,GABA-A receptor,Oligodendrocyte,Ependymal,0.02807170934806582,221,0.024594449571179972,0.05472636815920398,3,0,0.15809753801382034,0.0,False
GABA_A,neurotransmitter,GABA,GABA-A receptor,Astrocyte,Pericyte,0.013798033197720846,120,0.024598206384710667,0.13432835820895522,1,0,0.15809753801382034,0.0,False
GLU_MGLUR_III,neurotransmitter,Glutamate,Group III mGluR,T / NK cell,Erythrocyte (blood),0.26161080802801445,526,0.02478693989080115,0.03482587064676617,12,3,0.15909203257758378,0.25,False
APOE_LRP1,neuron_glia,ApoE,LRP1,Border macrophage,Border macrophage,1.1074961319238787,638,0.0248222460321025,0.04477611940298507,12,1,0.15910039614275015,0.08333333333333333,False
CCK_R,neuropeptide,Cholecystokinin,CCK receptor,Pericyte,Oligodendrocyte,0.48838863896985424,141,0.024875085849155786,0.04477611940298507,1,0,0.15922096674172356,0.0,False
VIP_R,neuropeptide,VIP,VIP receptor,Excitatory neuron,T / NK cell,0.02987172238288387,651,0.02495128413591624,0.03482587064676617,12,0,0.15949051703818592,0.0,False
MDK_PTPRZ1,neuron_glia,Midkine,PTPRZ1,Astrocyte,Erythrocyte (blood),0.063875283164907,537,0.025143413324272206,0.029850746268656716,11,2,0.16028914527743046,0.18181818181818182,False
CSF1_CSF1R,neuron_glia,CSF-1,CSF1R,Excitatory neuron,Vascular smooth muscle,0.02151284800635444,225,0.02514473875478392,0.06467661691542288,4,0,0.16028914527743046,0.0,False
APOE_LRP1,neuron_glia,ApoE,LRP1,Oligodendrocyte,Astrocyte,1.3813442803962885,342,0.025196426709507773,0.024875621890547265,6,2,0.16040010962419982,0.3333333333333333,False
GLU_KAINATE,neurotransmitter,Glutamate,Kainate receptor,Astrocyte,Excitatory neuron,0.7456254524489244,336,0.025569108309900154,0.03980099502487562,9,1,0.16233087894440004,0.1111111111111111,False
PTN_PTPRZ1,neuron_glia,Pleiotrophin,PTPRZ1,Excitatory neuron,Astrocyte,0.35866642211164745,336,0.025555085090841142,0.03482587064676617,9,1,0.16233087894440004,0.1111111111111111,False
CCK_R,neuropeptide,Cholecystokinin,CCK receptor,Oligodendrocyte,OPC,0.4879263639450073,48,0.026029311889903192,0.05970149253731343,0,0,0.16502865898761115,0.0,False
VIP_R,neuropeptide,VIP,VIP receptor,Endothelial,Ependymal,0.042318146804283405,203,0.026117664637598747,0.03980099502487562,3,0,0.1653647535038221,0.0,False
SLIT_ROBO,guidance,Slit,Robo,Border macrophage,Choroid plexus,0.15099833767438672,194,0.02619976797087968,0.05472636815920398,3,0,0.16543686145174902,0.0,False
NPY_R,neuropeptide,Neuropeptide Y,NPY receptor,Excitatory neuron,Ependymal,0.03784521457052579,274,0.026192615603645605,0.029850746268656716,7,1,0.16543686145174902,0.14285714285714285,False
GLU_NMDA_2B,neurotransmitter,Glutamate,NMDA receptor (GluN1/2B),Border macrophage,T / NK cell,0.43944793730974196,400,0.026320781670830445,0.04975124378109453,11,2,0.16597700463317472,0.18181818181818182,False
BDNF_TRKB,neurotrophin,BDNF,TrkB,Vascular smooth muscle,Endothelial,0.16260995391670985,131,0.026551482086392464,0.03482587064676617,1,0,0.167206439679987,0.0,False
GLU_MGLUR_III,neurotransmitter,Glutamate,Group III mGluR,Erythrocyte (blood),Fibroblast / VLMC,0.26050502399228653,477,0.02667271510716176,0.03980099502487562,8,1,0.16774413170216382,0.125,False
GLU_KAINATE,neurotransmitter,Glutamate,Kainate receptor,Microglia,Microglia,1.00496088323139,42,0.026732580230078615,0.04477611940298507,0,0,0.1678515044789536,0.0,False
GABA_B,neurotransmitter,GABA,GABA-B receptor,Ependymal,Ependymal,0.03112064695906365,174,0.026761535016306775,0.06965174129353234,4,1,0.1678515044789536,0.25,False
BDNF_TRKB,neurotrophin,BDNF,TrkB,Vascular smooth muscle,Excitatory neuron,0.15838275061713325,225,0.02703685296721231,0.029850746268656716,4,1,0.16912638878418576,0.25,False
GABA_A,neurotransmitter,GABA,GABA-A receptor,T / NK cell,Border macrophage,0.03408455312252045,400,0.027037088867401356,0.05970149253731343,11,1,0.16912638878418576,0.09090909090909091,False
APOE_LRP1,neuron_glia,ApoE,LRP1,Excitatory neuron,Erythrocyte (blood),0.9791721091208319,1535,0.02731125496377654,0.029850746268656716,12,1,0.17038581596734723,0.08333333333333333,False
PTN_PTPRZ1,neuron_glia,Pleiotrophin,PTPRZ1,Border macrophage,Endothelial,0.40470375945874715,381,0.02730439643995508,0.024875621890547265,10,1,0.17038581596734723,0.1,False
RELN_R,guidance,Reelin,Reelin receptor,Inhibitory neuron,Excitatory neuron,0.11157605797052383,88,0.027516671888399333,0.04477611940298507,0,0,0.17143875867619238,0.0,False
APOE_LRP1,neuron_glia,ApoE,LRP1,Excitatory neuron,Oligodendrocyte,1.1182490655665787,601,0.027818117945158993,0.03482587064676617,12,2,0.17308640141675388,0.16666666666666666,False
GLU_NMDA_2A,neurotransmitter,Glutamate,NMDA receptor (GluN1/2A),Vascular smooth muscle,Pericyte,0.7684732150223296,59,0.02797087055173272,0.029850746268656716,0,0,0.17334530239941376,0.0,False
PTN_PTPRZ1,neuron_glia,Pleiotrophin,PTPRZ1,Vascular smooth muscle,Astrocyte,0.4503166383831813,237,0.027932538048582322,0.03482587064676617,7,1,0.17334530239941376,0.14285714285714285,False
SLIT_ROBO,guidance,Slit,Robo,Excitatory neuron,Excitatory neuron,0.11366973911058174,2258,0.02796315313149761,0.04975124378109453,12,1,0.17334530239941376,0.08333333333333333,False
APOE_LRP1,neuron_glia,ApoE,LRP1,Microglia,Endothelial,1.3031461326087392,82,0.02802029829849816,0.04975124378109453,0,0,0.17342192558025515,0.0,False
PDGFB_PDGFRB,neurovascular,PDGF-B,PDGFRB,T / NK cell,Vascular smooth muscle,0.019365084932205526,94,0.028272860840081914,0.0945273631840796,0,0,0.17475391792700565,0.0,False
SST_SSTR,neuropeptide,Somatostatin,Somatostatin receptor,Pericyte,Astrocyte,0.16808969676494598,120,0.02839711476090363,0.024875621890547265,1,0,0.17529036934863865,0.0,False
GLU_AMPA,neurotransmitter,Glutamate,AMPA receptor,Ependymal,Border macrophage,1.6335346421760149,241,0.028766464536244447,0.01990049751243781,5,1,0.17733634725308006,0.2,False
GLU_MGLUR_III,neurotransmitter,Glutamate,Group III mGluR,T / NK cell,Pericyte,0.34270730972290037,100,0.028856475611362918,0.029850746268656716,0,0,0.17765717024416722,0.0,False
CCK_R,neuropeptide,Cholecystokinin,CCK receptor,Inhibitory neuron,Erythrocyte (blood),0.5267981442538174,55,0.029064985355373822,0.04477611940298507,0,0,0.17847121585012352,0.0,False
PENK_OPR,neuropeptide,Enkephalin,Delta/mu opioid receptor,Astrocyte,Excitatory neuron,0.006648668221064976,336,0.029031064081416338,0.06965174129353234,9,1,0.17847121585012352,0.1111111111111111,False
NPY_R,neuropeptide,Neuropeptide Y,NPY receptor,Choroid plexus,Pericyte,0.07394278049468994,41,0.02930110844674949,0.0845771144278607,0,0,0.17968530330582025,0.0,False
RELN_R,guidance,Reelin,Reelin receptor,Endothelial,Border macrophage,0.04075229832819441,381,0.02935382296464803,0.03482587064676617,10,1,0.17977295504134572,0.1,False
PDGFB_PDGFRB,neurovascular,PDGF-B,PDGFRB,Fibroblast / VLMC,Ependymal,0.021061639883080307,245,0.02949807519841169,0.04975124378109453,6,0,0.1804202534030958,0.0,False
GLU_MGLUR_I,neurotransmitter,Glutamate,Group I mGluR,Inhibitory neuron,Choroid plexus,0.6672588288784027,20,0.029546499191974798,0.05970149253731343,0,0,0.18048050877186694,0.0,False
SLIT_ROBO,guidance,Slit,Robo,Border macrophage,Fibroblast / VLMC,0.09294751995042258,408,0.029592710487647358,0.03482587064676617,7,2,0.18052710869843805,0.2857142857142857,False
GLU_AMPA,neurotransmitter,Glutamate,AMPA receptor,Endothelial,Fibroblast / VLMC,1.464781691675229,223,0.02985441167723439,0.03980099502487562,5,2,0.1816499248865796,0.4,False
GLU_KAINATE,neurotransmitter,Glutamate,Kainate receptor,Fibroblast / VLMC,Erythrocyte (blood),0.7560722745439541,477,0.029829855702752633,0.05472636815920398,8,2,0.1816499248865796,0.25,False
GLU_KAINATE,neurotransmitter,Glutamate,Kainate receptor,Border macrophage,Excitatory neuron,0.8164871673090005,1057,0.02990353999595895,0.029850746268656716,12,2,0.18171255018323626,0.16666666666666666,False
GLU_NMDA_2B,neurotransmitter,Glutamate,NMDA receptor (GluN1/2B),Erythrocyte (blood),Pericyte,0.5580657296710544,225,0.029992673787575017,0.05970149253731343,5,1,0.18184268051786154,0.2,False
VEGFA_R,neurovascular,VEGF-A,VEGF receptor,Choroid plexus,Border macrophage,0.0190675934565436,194,0.030002682060224214,0.06965174129353234,3,1,0.18184268051786154,0.3333333333333333,False
NRXN_NLGN,synaptic_adhesion,Neurexin,Neuroligin,Erythrocyte (blood),Inhibitory neuron,0.9663764953613281,55,0.030274968666341658,0.05970149253731343,0,0,0.18325559946935654,0.0,False
CCK_R,neuropeptide,Cholecystokinin,CCK receptor,Endothelial,Endothelial,0.476707712555608,282,0.030373276226281908,0.03980099502487562,7,1,0.18361312592089543,0.14285714285714285,False
GLU_NMDA_2B,neurotransmitter,Glutamate,NMDA receptor (GluN1/2B),Ependymal,T / NK cell,0.4079252792005779,119,0.030669605313146043,0.04477611940298507,1,0,0.18516526872285205,0.0,False
GLU_KAINATE,neurotransmitter,Glutamate,Kainate receptor,Choroid plexus,Fibroblast / VLMC,0.9899721188821654,138,0.030967872812798194,0.03482587064676617,2,1,0.18652041408579148,0.5,False
GLU_KAINATE,neurotransmitter,Glutamate,Kainate receptor,T / NK cell,Excitatory neuron,0.8833916967365599,651,0.030990724423678173,0.01990049751243781,12,3,0.18652041408579148,0.25,False
IL34_CSF1R,neuron_glia,IL-34,CSF1R,Endothelial,Vascular smooth muscle,0.01734735219533207,131,0.031013652951217306,0.07960199004975124,1,0,0.18652041408579148,0.0,False
GLU_NMDA_2B,neurotransmitter,Glutamate,NMDA receptor (GluN1/2B),Astrocyte,T / NK cell,0.35800905268767785,232,0.031163407853473695,0.05472636815920398,4,0,0.1871804689940994,0.0,False
SST_SSTR,neuropeptide,Somatostatin,Somatostatin receptor,Excitatory neuron,Pericyte,0.1722234847498875,255,0.03136918980926486,0.05472636815920398,7,2,0.1881749219455773,0.2857142857142857,False
GLU_KAINATE,neurotransmitter,Glutamate,Kainate receptor,T / NK cell,T / NK cell,0.9115573015563931,462,0.03149187625603725,0.03980099502487562,10,2,0.18866900000255862,0.2,False
GLU_KAINATE,neurotransmitter,Glutamate,Kainate receptor,Astrocyte,T / NK cell,0.6905739921434172,232,0.03157433394330505,0.04477611940298507,4,1,0.18892111064031245,0.25,False
GLU_MGLUR_I,neurotransmitter,Glutamate,Group I mGluR,Inhibitory neuron,Endothelial,0.5103986717405773,42,0.03176208536931371,0.05970149253731343,0,0,0.1897176922144502,0.0,False
GABA_A,neurotransmitter,GABA,GABA-A receptor,T / NK cell,Choroid plexus,0.07183687543046885,116,0.03178855967004252,0.03482587064676617,2,0,0.1897176922144502,0.0,False
APOE_LRP1,neuron_glia,ApoE,LRP1,Endothelial,Excitatory neuron,1.0884824556462904,595,0.03191666772172839,0.04477611940298507,12,1,0.19023960289167788,0.08333333333333333,False
NPY_R,neuropeptide,Neuropeptide Y,NPY receptor,Excitatory neuron,T / NK cell,0.0398394296978659,651,0.032097866120009845,0.04975124378109453,12,2,0.1910762284675904,0.16666666666666666,False
MDK_PTPRZ1,neuron_glia,Midkine,PTPRZ1,Choroid plexus,Endothelial,0.06790303935607274,84,0.032193234714672704,0.05970149253731343,0,0,0.1912957864887893,0.0,False
TAC1_NK1,neuropeptide,Substance P,NK1 receptor,Excitatory neuron,Choroid plexus,0.006424402150780984,321,0.032216516296893774,0.07960199004975124,7,1,0.1912957864887893,0.14285714285714285,False
CSF1_CSF1R,neuron_glia,CSF-1,CSF1R,Oligodendrocyte,Choroid plexus,0.03643532032551973,230,0.032497884536619594,0.05472636815920398,6,0,0.19247797689473808,0.0,False
GABA_A,neurotransmitter,GABA,GABA-A receptor,Border macrophage,Border macrophage,0.03551420036901875,638,0.03249526579430957,0.03980099502487562,12,2,0.19247797689473808,0.16666666666666666,False
GLU_MGLUR_I,neurotransmitter,Glutamate,Group I mGluR,Pericyte,Pericyte,0.6414243670610281,26,0.03274124949708642,0.04975124378109453,0,0,0.19327777711480323,0.0,False
NPY_R,neuropeptide,Neuropeptide Y,NPY receptor,Microglia,Excitatory neuron,0.03607377529144287,225,0.03275684489250672,0.04975124378109453,5,2,0.19327777711480323,0.4,False
NRG1_ERBB4,guidance,Neuregulin-1,ErbB4,Excitatory neuron,T / NK cell,0.010162444158633184,651,0.032737485221116434,0.05970149253731343,12,0,0.19327777711480323,0.0,False
NRXN_NLGN,synaptic_adhesion,Neurexin,Neuroligin,T / NK cell,T / NK cell,0.7297251610270826,462,0.033100117643550274,0.03482587064676617,10,0,0.1950572423856067,0.0,False
APOE_LRP1,neuron_glia,ApoE,LRP1,Erythrocyte (blood),Fibroblast / VLMC,1.0747665610453367,477,0.03320972424755746,0.029850746268656716,8,2,0.19545698082304572,0.25,False
NRXN_NLGN,synaptic_adhesion,Neurexin,Neuroligin,Ependymal,Excitatory neuron,0.7109139809643266,274,0.033433352201970676,0.03980099502487562,7,1,0.1965259484334432,0.14285714285714285,False
GLU_NMDA_2A,neurotransmitter,Glutamate,NMDA receptor (GluN1/2A),Vascular smooth muscle,Border macrophage,0.7000756779821907,164,0.03381482463850341,0.05472636815920398,1,0,0.1985189014850156,0.0,False
MDK_PTPRZ1,neuron_glia,Midkine,PTPRZ1,Fibroblast / VLMC,Astrocyte,0.10711996936049137,382,0.03395682234111917,0.03980099502487562,7,1,0.199102721471299,0.14285714285714285,False
GABA_B,neurotransmitter,GABA,GABA-B receptor,Pericyte,Endothelial,0.08408151511792783,108,0.034203077939467974,0.029850746268656716,0,0,0.2002956216254952,0.0,False
NRXN_NLGN,synaptic_adhesion,Neurexin,Neuroligin,Microglia,Excitatory neuron,0.7348968036969503,225,0.03433048831699433,0.04477611940298507,5,1,0.20060818974509273,0.2,False
GLU_MGLUR_III,neurotransmitter,Glutamate,Group III mGluR,Endothelial,Erythrocyte (blood),0.20019038016547258,594,0.03438346066892036,0.05970149253731343,12,1,0.20060818974509273,0.08333333333333333,False
VEGFA_R,neurovascular,VEGF-A,VEGF receptor,Fibroblast / VLMC,Vascular smooth muscle,0.028100654676363065,154,0.0343850754809926,0.0845771144278607,2,0,0.20060818974509273,0.0,False
GABA_A,neurotransmitter,GABA,GABA-A receptor,Oligodendrocyte,Pericyte,0.06911204808147241,141,0.034550665348323725,0.05472636815920398,1,0,0.20132324179926117,0.0,False
CCK_R,neuropeptide,Cholecystokinin,CCK receptor,T / NK cell,Pericyte,0.6195869970321656,100,0.034654780413971666,0.05970149253731343,0,0,0.20142822056766885,0.0,False
NPY_R,neuropeptide,Neuropeptide Y,NPY receptor,Erythrocyte (blood),Astrocyte,0.031964343575347956,537,0.03463053300055925,0.04975124378109453,11,1,0.20142822056766885,0.09090909090909091,False
NPY_R,neuropeptide,Neuropeptide Y,NPY receptor,Border macrophage,Pericyte,0.04845280237495899,160,0.03472484493341354,0.04477611940298507,3,0,0.2015850489372729,0.0,False
PACAP_R,neuropeptide,PACAP,PACAP receptor,Choroid plexus,Oligodendrocyte,0.06681650255037391,230,0.03491453026267689,0.04975124378109453,6,0,0.202435052167367,0.0,False
APOE_LRP1,neuron_glia,ApoE,LRP1,Microglia,Astrocyte,1.3205354247532837,141,0.035040502348464744,0.029850746268656716,4,0,0.20246082451481798,0.0,False
SST_SSTR,neuropeptide,Somatostatin,Somatostatin receptor,Pericyte,Excitatory neuron,0.19369222416597254,255,0.03502164569472836,0.04975124378109453,7,0,0.20246082451481798,0.0,False
NRG1_ERBB4,guidance,Neuregulin-1,ErbB4,Oligodendrocyte,Astrocyte,0.011410932094730132,342,0.03504878560739529,0.06965174129353234,6,1,0.20246082451481798,0.16666666666666666,False
NRG1_ERBB4,guidance,Neuregulin-1,ErbB4,Astrocyte,Erythrocyte (blood),0.006497556270833788,537,0.03533345205414566,0.06467661691542288,11,1,0.20385354150597726,0.09090909090909091,False
GLU_AMPA,neurotransmitter,Glutamate,AMPA receptor,Fibroblast / VLMC,Inhibitory neuron,2.122942145054157,26,0.03558537556711616,0.014925373134328358,0,0,0.2049420749669088,0.0,False
APOE_LRP1,neuron_glia,ApoE,LRP1,Astrocyte,Excitatory neuron,1.4989475192768233,336,0.0356097257850175,0.024875621890547265,9,2,0.2049420749669088,0.2222222222222222,False
SLIT_ROBO,guidance,Slit,Robo,Astrocyte,Pericyte,0.10784825384616852,120,0.035814014360658945,0.05970149253731343,1,1,0.2058645862328295,1.0,False
CCK_R,neuropeptide,Cholecystokinin,CCK receptor,Ependymal,Pericyte,0.6139799522029029,72,0.035881282068359166,0.03482587064676617,0,0,0.2059981825740522,0.0,False
GABA_A,neurotransmitter,GABA,GABA-A receptor,Erythrocyte (blood),Pericyte,0.04361518197589451,225,0.036058661941262386,0.05472636815920398,5,0,0.20625730956377347,0.0,False
TAC1_NK1,neuropeptide,Substance P,NK1 receptor,Border macrophage,Endothelial,0.004641978446579981,381,0.03603342514599327,0.07960199004975124,10,1,0.20625730956377347,0.1,False
GAL_R,neuropeptide,Galanin,Galanin receptor,Border macrophage,Endothelial,0.0030146568153161077,381,0.03605669004170908,0.05472636815920398,10,1,0.20625730956377347,0.1,False
GLU_MGLUR_II,neurotransmitter,Glutamate,Group II mGluR,T / NK cell,Astrocyte,0.8107612497847656,232,0.036154629692466,0.05970149253731343,4,0,0.20655373910994923,0.0,False
APOE_LRP1,neuron_glia,ApoE,LRP1,Ependymal,T / NK cell,1.28442111836762,119,0.03620745402793919,0.03482587064676617,1,0,0.20660326511796034,0.0,False
GLU_AMPA,neurotransmitter,Glutamate,AMPA receptor,Border macrophage,Border macrophage,1.940600194620862,638,0.036280222286486266,0.029850746268656716,12,2,0.2067663338349199,0.16666666666666666,False
GLU_AMPA,neurotransmitter,Glutamate,AMPA receptor,Excitatory neuron,Endothelial,2.7539710062892495,595,0.03642701090798365,0.04477611940298507,12,1,0.20710979815493102,0.08333333333333333,False
SLIT_ROBO,guidance,Slit,Robo,Endothelial,Astrocyte,0.0934212670909415,417,0.036429015576300114,0.05970149253731343,6,1,0.20710979815493102,0.16666666666666666,False
GABA_A,neurotransmitter,GABA,GABA-A receptor,Erythrocyte (blood),Oligodendrocyte,0.018380648510644405,1342,0.03658728857608458,0.05970149253731343,10,0,0.2077571884071599,0.0,False
GLU_NMDA_2A,neurotransmitter,Glutamate,NMDA receptor (GluN1/2A),Choroid plexus,Ependymal,1.0285910094370607,61,0.0366898797401431,0.03980099502487562,0,0,0.20808720885349039,0.0,False
APOE_TREM2,neuron_glia,ApoE,TREM2,Endothelial,Microglia,0.05663540305160895,82,0.03712600107327571,0.05472636815920398,0,0,0.21030576152767197,0.0,False
GLU_KAINATE,neurotransmitter,Glutamate,Kainate receptor,Excitatory neuron,Inhibitory neuron,1.4267591400579973,88,0.03749414030246459,0.06965174129353234,0,0,0.21162253615830137,0.0,False
VIP_R,neuropeptide,VIP,VIP receptor,Choroid plexus,Excitatory neuron,0.028571928123076015,321,0.037485281727847174,0.04477611940298507,7,0,0.21162253615830137,0.0,False
GABA_A,neurotransmitter,GABA,GABA-A receptor,Border macrophage,Microglia,0.012920386650983025,153,0.037445679565390355,0.0845771144278607,3,1,0.21162253615830137,0.3333333333333333,False
PTN_PTPRZ1,neuron_glia,Pleiotrophin,PTPRZ1,Fibroblast / VLMC,Ependymal,0.303448714528765,245,0.03780791290605834,0.04477611940298507,6,1,0.21313641504511682,0.16666666666666666,False
VIP_R,neuropeptide,VIP,VIP receptor,Astrocyte,Erythrocyte (blood),0.03034399985379125,537,0.03788496454985666,0.04477611940298507,11,2,0.2133137775316237,0.18181818181818182,False
GABA_B,neurotransmitter,GABA,GABA-B receptor,Border macrophage,Inhibitory neuron,0.08621566250639141,53,0.03798743737977387,0.06467661691542288,0,0,0.2136336772836081,0.0,False
GLU_MGLUR_II,neurotransmitter,Glutamate,Group II mGluR,Ependymal,Choroid plexus,0.9588057721247438,61,0.03804628804634027,0.06467661691542288,0,0,0.21370778123508538,0.0,False
NRXN_NLGN,synaptic_adhesion,Neurexin,Neuroligin,Excitatory neuron,Astrocyte,0.7502878721626032,336,0.03818644878603377,0.03980099502487562,9,2,0.21398131002377488,0.2222222222222222,False
PACAP_R,neuropeptide,PACAP,PACAP receptor,Astrocyte,Border macrophage,0.06229674654413563,516,0.03816046100699048,0.06965174129353234,8,1,0.21398131002377488,0.125,False
APOE_LRP1,neuron_glia,ApoE,LRP1,Oligodendrocyte,OPC,2.112109969059626,48,0.03834358933994927,0.05472636815920398,0,0,0.21460484990624715,0.0,False
CCK_R,neuropeptide,Cholecystokinin,CCK receptor,Ependymal,Endothelial,0.48660434995378765,203,0.038402652807656264,0.05970149253731343,3,1,0.2146786290167547,0.3333333333333333,False
APOE_LRP1,neuron_glia,ApoE,LRP1,Astrocyte,Border macrophage,1.3810384793337,516,0.03862077870365085,0.03980099502487562,8,1,0.21564036223673308,0.125,False
GLU_NMDA_2A,neurotransmitter,Glutamate,NMDA receptor (GluN1/2A),Endothelial,Fibroblast / VLMC,0.5860597590159943,223,0.03883710679304802,0.04975124378109453,5,0,0.21658977673977553,0.0,False
PACAP_R,neuropeptide,PACAP,PACAP receptor,Choroid plexus,Excitatory neuron,0.07563660857833435,321,0.038994915465170726,0.05472636815920398,7,2,0.21721096364468315,0.2857142857142857,False
CORT_SSTR,neuropeptide,Cortistatin,Somatostatin receptor,Inhibitory neuron,Oligodendrocyte,0.15847793072462082,40,0.03905010872339288,0.06467661691542288,0,0,0.2172597606620158,0.0,False
GLU_AMPA,neurotransmitter,Glutamate,AMPA receptor,Inhibitory neuron,Choroid plexus,2.0971489012241364,20,0.039159948604271556,0.03980099502487562,0,0,0.21735677421984054,0.0,False
GLU_AMPA,neurotransmitter,Glutamate,AMPA receptor,T / NK cell,Ependymal,1.962300522988584,119,0.03916045323088813,0.06467661691542288,1,0,0.21735677421984054,0.0,False
APOE_LRP1,neuron_glia,ApoE,LRP1,Border macrophage,Erythrocyte (blood),1.0836597700726311,848,0.039527320526601045,0.07960199004975124,12,2,0.21887376656090687,0.16666666666666666,False
NPY_R,neuropeptide,Neuropeptide Y,NPY receptor,Excitatory neuron,Fibroblast / VLMC,0.029445753905003917,499,0.03952192567534646,0.05472636815920398,7,3,0.21887376656090687,0.42857142857142855,False
GLU_NMDA_2B,neurotransmitter,Glutamate,NMDA receptor (GluN1/2B),Inhibitory neuron,Choroid plexus,0.5804441213607788,20,0.03966072739197751,0.06467661691542288,0,0,0.21911821962681902,0.0,False
GLU_NMDA_2B,neurotransmitter,Glutamate,NMDA receptor (GluN1/2B),Fibroblast / VLMC,T / NK cell,0.4296052558389724,221,0.039665127596476966,0.05970149253731343,4,0,0.21911821962681902,0.0,False
CCK_R,neuropeptide,Cholecystokinin,CCK receptor,Pericyte,Erythrocyte (blood),0.4874366431766086,225,0.03984158576395092,0.05970149253731343,5,1,0.21983346673293205,0.2,False
APOE_LRP1,neuron_glia,ApoE,LRP1,Microglia,Fibroblast / VLMC,1.1809761109559431,92,0.03995635325757474,0.03980099502487562,1,0,0.22020703992013216,0.0,False
CCK_R,neuropeptide,Cholecystokinin,CCK receptor,Erythrocyte (blood),Inhibitory neuron,0.6754449714313854,55,0.04006738345031088,0.06965174129353234,0,0,0.2205591613694172,0.0,False
CCK_R,neuropeptide,Cholecystokinin,CCK receptor,Border macrophage,Inhibitory neuron,0.7810172000021305,53,0.040189321229111084,0.06965174129353234,0,0,0.2209704277685203,0.0,False
APOE_LRP1,neuron_glia,ApoE,LRP1,OPC,Oligodendrocyte,1.3915798713763554,48,0.04036986269676393,0.04975124378109453,0,0,0.22170256755652398,0.0,False
GLU_MGLUR_III,neurotransmitter,Glutamate,Group III mGluR,Border macrophage,Oligodendrocyte,0.21635002495247724,429,0.040490992997607944,0.05472636815920398,9,3,0.22210709992474512,0.3333333333333333,False
BDNF_TRKB,neurotrophin,BDNF,TrkB,Choroid plexus,Pericyte,0.10783882257415027,41,0.04058755557331014,0.029850746268656716,0,0,0.2223760802429955,0.0,False
GABA_A,neurotransmitter,GABA,GABA-A receptor,Excitatory neuron,T / NK cell,0.028736732705580657,651,0.04070329056046945,0.06467661691542288,12,0,0.22274935266951643,0.0,False
SLIT_ROBO,guidance,Slit,Robo,Endothelial,Erythrocyte (blood),0.10261896413183373,594,0.04075833498905756,0.03482587064676617,12,2,0.2227900109974303,0.16666666666666666,False
NRXN_NLGN,synaptic_adhesion,Neurexin,Neuroligin,Fibroblast / VLMC,Excitatory neuron,0.6459761924280193,499,0.04085604089823975,0.05472636815920398,7,2,0.2230634951725365,0.2857142857142857,False
IL34_CSF1R,neuron_glia,IL-34,CSF1R,Excitatory neuron,Endothelial,0.027121538374604296,595,0.041260796463530924,0.06965174129353234,12,1,0.22501080029471004,0.08333333333333333,False
GABA_B,neurotransmitter,GABA,GABA-B receptor,Pericyte,Choroid plexus,0.11313616938707305,41,0.0413636620362946,0.06965174129353234,0,0,0.22530916725008435,0.0,False
TAC1_NK1,neuropeptide,Substance P,NK1 receptor,T / NK cell,Border macrophage,0.004701012969017029,400,0.04144798219587692,0.07960199004975124,11,1,0.22550594034245128,0.09090909090909091,False
CSF1_CSF1R,neuron_glia,CSF-1,CSF1R,Pericyte,Endothelial,0.0224395924144321,108,0.041758939962394374,0.09950248756218906,0,0,0.2269338909222338,0.0,False
NRXN_NLGN,synaptic_adhesion,Neurexin,Neuroligin,Pericyte,Oligodendrocyte,0.6867250597223322,141,0.041865417804439475,0.05970149253731343,1,0,0.22724859617978224,0.0,False
GLU_NMDA_2B,neurotransmitter,Glutamate,NMDA receptor (GluN1/2B),Border macrophage,Fibroblast / VLMC,0.35450737265979543,408,0.042204025082230305,0.05970149253731343,7,1,0.22855628861082825,0.14285714285714285,False
VIP_R,neuropeptide,VIP,VIP receptor,Astrocyte,Pericyte,0.06700506409009298,120,0.04217605197790889,0.05970149253731343,1,0,0.22855628861082825,0.0,False
GLU_NMDA_2A,neurotransmitter,Glutamate,NMDA receptor (GluN1/2A),Astrocyte,Pericyte,0.5701503753662109,120,0.042385973990469346,0.0845771144278607,1,0,0.22901151535959133,0.0,False
PTN_PTPRZ1,neuron_glia,Pleiotrophin,PTPRZ1,T / NK cell,Oligodendrocyte,0.3292764152912115,453,0.04238473679920338,0.03482587064676617,9,2,0.22901151535959133,0.2222222222222222,False
APOE_TREM2,neuron_glia,ApoE,TREM2,T / NK cell,Ependymal,0.04873998826291381,119,0.04315096047464008,0.0845771144278607,1,0,0.23287582936659854,0.0,False
GABA_B,neurotransmitter,GABA,GABA-B receptor,Oligodendrocyte,Choroid plexus,0.048969616578972856,230,0.043204215239072745,0.06467661691542288,6,1,0.2328946118705315,0.16666666666666666,False
GLU_KAINATE,neurotransmitter,Glutamate,Kainate receptor,Oligodendrocyte,Erythrocyte (blood),0.827347900668484,1342,0.04351228062667744,0.04477611940298507,10,1,0.23329732437761264,0.1,False
NRXN_NLGN,synaptic_adhesion,Neurexin,Neuroligin,Choroid plexus,Excitatory neuron,0.7472730009726646,321,0.04352822487318996,0.05472636815920398,7,1,0.23329732437761264,0.14285714285714285,False
TAC1_NK1,neuropeptide,Substance P,NK1 receptor,Inhibitory neuron,Erythrocyte (blood),0.039469337463378905,55,0.04352154485757272,0.05472636815920398,0,0,0.23329732437761264,0.0,False
MDK_PTPRZ1,neuron_glia,Midkine,PTPRZ1,Inhibitory neuron,Astrocyte,0.030267220476399296,46,0.043398633920656,0.11442786069651742,0,0,0.23329732437761264,0.0,False
TAC1_NK1,neuropeptide,Substance P,NK1 receptor,Oligodendrocyte,Pericyte,0.00676377572066395,141,0.043403113420440516,0.05472636815920398,1,0,0.23329732437761264,0.0,False
GLU_MGLUR_III,neurotransmitter,Glutamate,Group III mGluR,Oligodendrocyte,T / NK cell,0.26081774145298975,453,0.04378997510074578,0.04975124378109453,9,1,0.2341637639958737,0.1111111111111111,False
GABA_A,neurotransmitter,GABA,GABA-A receptor,T / NK cell,Erythrocyte (blood),0.04022185544097378,526,0.043772696608693075,0.05970149253731343,12,1,0.2341637639958737,0.08333333333333333,False
GLU_MGLUR_I,neurotransmitter,Glutamate,Group I mGluR,T / NK cell,Microglia,0.5471857041120529,80,0.04393159663866602,0.06467661691542288,0,0,0.23465290031086564,0.0,False
VIP_R,neuropeptide,VIP,VIP receptor,Pericyte,Erythrocyte (blood),0.04523982101016574,225,0.0442095927826693,0.04477611940298507,5,1,0.23586851155086622,0.2,False
GABA_A,neurotransmitter,GABA,GABA-A receptor,Microglia,Excitatory neuron,0.03536986668904622,225,0.044283979226740086,0.0845771144278607,5,1,0.23599628565138595,0.2,False
GLU_MGLUR_I,neurotransmitter,Glutamate,Group I mGluR,Excitatory neuron,Pericyte,0.7255960165285597,255,0.044370439494315544,0.06965174129353234,7,2,0.2361880391284442,0.2857142857142857,False
PTN_PTPRZ1,neuron_glia,Pleiotrophin,PTPRZ1,T / NK cell,Astrocyte,0.325755480034598,232,0.04452621103737339,0.05472636815920398,4,0,0.23674788800439783,0.0,False
GLU_MGLUR_II,neurotransmitter,Glutamate,Group II mGluR,Excitatory neuron,Excitatory neuron,1.2329814825256489,2258,0.04458193247519638,0.05472636815920398,12,1,0.23676873440045496,0.08333333333333333,False
NRXN_NLGN,synaptic_adhesion,Neurexin,Neuroligin,Fibroblast / VLMC,Choroid plexus,0.661764359128648,138,0.04463133655507614,0.04477611940298507,2,0,0.23676873440045496,0.0,False
APOE_LRP1,neuron_glia,ApoE,LRP1,T / NK cell,Erythrocyte (blood),1.1737014023523367,526,0.04481380033550533,0.05472636815920398,12,1,0.23719883684369847,0.08333333333333333,False
GLU_MGLUR_III,neurotransmitter,Glutamate,Group III mGluR,Fibroblast / VLMC,Excitatory neuron,0.20719314887671766,499,0.04479169738221478,0.05970149253731343,7,0,0.23719883684369847,0.0,False
CCK_R,neuropeptide,Cholecystokinin,CCK receptor,T / NK cell,Excitatory neuron,0.45994009363669586,651,0.04526353533125369,0.04477611940298507,12,3,0.2393085670225266,0.25,False
PACAP_R,neuropeptide,PACAP,PACAP receptor,Astrocyte,Endothelial,0.05428499769535568,417,0.04555385424325873,0.06467661691542288,6,1,0.24057165237495212,0.16666666666666666,False
RELN_R,guidance,Reelin,Reelin receptor,Ependymal,Inhibitory neuron,0.11768087025346427,29,0.045936642845093884,0.08955223880597014,0,0,0.2423196751659462,0.0,False
NPY_R,neuropeptide,Neuropeptide Y,NPY receptor,Border macrophage,Fibroblast / VLMC,0.04086238211568664,408,0.0461023297992916,0.07960199004975124,7,1,0.24291982109333943,0.14285714285714285,False
TAC1_NK1,neuropeptide,Substance P,NK1 receptor,Endothelial,Border macrophage,0.004785982642586776,381,0.04621701138611232,0.09950248756218906,10,1,0.24325016453950452,0.1,False
SST_SSTR,neuropeptide,Somatostatin,Somatostatin receptor,Fibroblast / VLMC,Pericyte,0.2084625596585481,92,0.046522808158685355,0.06965174129353234,1,0,0.244584516151111,0.0,False
APOE_LRP1,neuron_glia,ApoE,LRP1,Ependymal,Border macrophage,1.1304610893439455,241,0.046752411614153236,0.04477611940298507,5,1,0.24479490480607716,0.2,False
CCK_R,neuropeptide,Cholecystokinin,CCK receptor,Microglia,T / NK cell,0.5885550618171692,80,0.04677209764835071,0.07960199004975124,0,0,0.24479490480607716,0.0,False
GLU_MGLUR_I,neurotransmitter,Glutamate,Group I mGluR,Fibroblast / VLMC,Vascular smooth muscle,0.3746363613512609,154,0.04662023754770204,0.06467661691542288,2,2,0.24479490480607716,1.0,False
MDK_PTPRZ1,neuron_glia,Midkine,PTPRZ1,T / NK cell,Pericyte,0.10492605209350586,100,0.046739935374669,0.06965174129353234,0,0,0.24479490480607716,0.0,False
MDK_PTPRZ1,neuron_glia,Midkine,PTPRZ1,Microglia,Astrocyte,0.1415089233547238,141,0.047065614019061695,0.05970149253731343,4,0,0.24578125892320277,0.0,False
IL34_CSF1R,neuron_glia,IL-34,CSF1R,T / NK cell,Microglia,0.0637923002243042,80,0.047043051435602896,0.09950248756218906,0,0,0.24578125892320277,0.0,False
CCK_R,neuropeptide,Cholecystokinin,CCK receptor,Fibroblast / VLMC,Pericyte,0.5852249316547228,92,0.047347261603090364,0.06467661691542288,1,0,0.246789624349601,0.0,False
PTN_PTPRZ1,neuron_glia,Pleiotrophin,PTPRZ1,Erythrocyte (blood),Border macrophage,0.30972821490382246,848,0.04736419804786102,0.03980099502487562,12,3,0.246789624349601,0.25,False
GLU_NMDA_2B,neurotransmitter,Glutamate,NMDA receptor (GluN1/2B),Choroid plexus,Fibroblast / VLMC,0.5103769302368164,138,0.047456136607516214,0.05472636815920398,2,0,0.24699361867248984,0.0,False
CCK_R,neuropeptide,Cholecystokinin,CCK receptor,T / NK cell,Choroid plexus,0.5776891138019233,116,0.047510496810267706,0.06965174129353234,2,1,0.24700179397249178,0.5,False
APOE_LRP1,neuron_glia,ApoE,LRP1,T / NK cell,Astrocyte,1.3445637421361332,232,0.047620090703341666,0.04975124378109453,4,1,0.24729678623855234,0.25,False
NRXN_NLGN,synaptic_adhesion,Neurexin,Neuroligin,Pericyte,Excitatory neuron,0.7404430702620861,255,0.04800071123982533,0.06965174129353234,7,0,0.24899703757332894,0.0,False
GLU_MGLUR_II,neurotransmitter,Glutamate,Group II mGluR,Border macrophage,Excitatory neuron,0.9481431090730253,1057,0.048204259783265806,0.04477611940298507,12,0,0.24977600390465196,0.0,False
GLU_NMDA_2A,neurotransmitter,Glutamate,NMDA receptor (GluN1/2A),Vascular smooth muscle,T / NK cell,0.7339791845768056,94,0.04845635747966154,0.06467661691542288,0,0,0.2505273996103164,0.0,False
NPY_R,neuropeptide,Neuropeptide Y,NPY receptor,Border macrophage,Endothelial,0.036199577993608206,381,0.04845196812571321,0.06467661691542288,10,1,0.2505273996103164,0.1,False
NRG1_ERBB4,guidance,Neuregulin-1,ErbB4,Border macrophage,T / NK cell,0.006887213885784149,400,0.048513065722428673,0.07960199004975124,11,0,0.25054374670556706,0.0,False
GLU_AMPA,neurotransmitter,Glutamate,AMPA receptor,Excitatory neuron,Inhibitory neuron,3.162151439623399,88,0.04862719649200862,0.05970149253731343,0,0,0.2508562870850147,0.0,False
PDGFB_PDGFRB,neurovascular,PDGF-B,PDGFRB,Border macrophage,Pericyte,0.014111283421516418,160,0.048795418549459534,0.09950248756218906,3,0,0.2514468759833934,0.0,False
PACAP_R,neuropeptide,PACAP,PACAP receptor,Oligodendrocyte,T / NK cell,0.028203488054128145,453,0.048860377648818135,0.04975124378109453,9,0,0.25150462818352043,0.0,False
GLU_KAINATE,neurotransmitter,Glutamate,Kainate receptor,Endothelial,T / NK cell,0.7594220822036502,253,0.04925188070643443,0.04975124378109453,7,0,0.25296328191592393,0.0,False
PDGFB_PDGFRB,neurovascular,PDGF-B,PDGFRB,Fibroblast / VLMC,Microglia,0.026552223640939464,92,0.049208589807025756,0.1044776119402985,1,0,0.25296328191592393,0.0,False
CORT_SSTR,neuropeptide,Cortistatin,Somatostatin receptor,Excitatory neuron,Pericyte,0.03631344823276295,255,0.04990640056647105,0.07462686567164178,7,1,0.25604391255539255,0.14285714285714285,False
GLU_KAINATE,neurotransmitter,Glutamate,Kainate receptor,Excitatory neuron,Endothelial,1.1075714249570832,595,0.050757550321532854,0.05472636815920398,12,0,0.2595466119084415,0.0,False
NRXN_NLGN,synaptic_adhesion,Neurexin,Neuroligin,Oligodendrocyte,Astrocyte,0.6584102954083716,342,0.05069721437234606,0.05970149253731343,6,1,0.2595466119084415,0.16666666666666666,False
PTN_PTPRZ1,neuron_glia,Pleiotrophin,PTPRZ1,Astrocyte,Endothelial,0.48198543378203323,417,0.05078176572988738,0.04477611940298507,6,1,0.2595466119084415,0.16666666666666666,False
SLIT_ROBO,guidance,Slit,Robo,Ependymal,Choroid plexus,0.16014319853704484,61,0.05081100587906228,0.07960199004975124,0,0,0.2595466119084415,0.0,False
GLU_NMDA_2A,neurotransmitter,Glutamate,NMDA receptor (GluN1/2A),Microglia,Border macrophage,0.6558579105177736,153,0.05120089139206398,0.05472636815920398,3,1,0.2609683778033413,0.3333333333333333,False
CORT_SSTR,neuropeptide,Cortistatin,Somatostatin receptor,Oligodendrocyte,Border macrophage,0.026285280019809037,429,0.05114877541836537,0.07462686567164178,9,0,0.2609683778033413,0.0,False
GABA_B,neurotransmitter,GABA,GABA-B receptor,Pericyte,Oligodendrocyte,0.09202583884516506,141,0.05127488858295592,0.06965174129353234,1,0,0.26106115743161123,0.0,False
GLU_MGLUR_I,neurotransmitter,Glutamate,Group I mGluR,Oligodendrocyte,T / NK cell,0.5442402068089702,453,0.05155000836834518,0.06965174129353234,9,1,0.2615328344931081,0.1111111111111111,False
GLU_MGLUR_I,neurotransmitter,Glutamate,Group I mGluR,Vascular smooth muscle,Oligodendrocyte,0.46790444369267936,99,0.05159111054437674,0.06467661691542288,0,0,0.2615328344931081,0.0,False
PTN_PTPRZ1,neuron_glia,Pleiotrophin,PTPRZ1,Oligodendrocyte,Astrocyte,0.3805919575412371,342,0.05143724605067785,0.05472636815920398,6,2,0.2615328344931081,0.3333333333333333,False
NRG1_ERBB4,guidance,Neuregulin-1,ErbB4,Oligodendrocyte,Ependymal,0.004577770492070401,221,0.051533344467575314,0.11940298507462686,3,0,0.2615328344931081,0.0,False
PDGFB_PDGFRB,neurovascular,PDGF-B,PDGFRB,Erythrocyte (blood),Border macrophage,0.011732361086134641,848,0.05184620506584149,0.07462686567164178,12,1,0.2625415514102515,0.08333333333333333,False
VIP_R,neuropeptide,VIP,VIP receptor,Erythrocyte (blood),Vascular smooth muscle,0.02228514001339297,237,0.05193177737200407,0.0845771144278607,5,0,0.26269057980930494,0.0,False
GLU_NMDA_2B,neurotransmitter,Glutamate,NMDA receptor (GluN1/2B),T / NK cell,Erythrocyte (blood),0.44855317122129434,526,0.05202932561213328,0.06467661691542288,12,2,0.2628997997183279,0.16666666666666666,False
PACAP_R,neuropeptide,PACAP,PACAP receptor,Microglia,Pericyte,0.07379067305362585,33,0.0521706615161958,0.12935323383084577,0,0,0.26332958493449854,0.0,False
MDK_PTPRZ1,neuron_glia,Midkine,PTPRZ1,Choroid plexus,Microglia,0.1930214762687683,24,0.05245738704287225,0.0845771144278607,0,0,0.26449150212672334,0.0,False
APOE_LRP1,neuron_glia,ApoE,LRP1,Choroid plexus,Ependymal,1.3790029091913192,61,0.05271056298425247,0.04477611940298507,0,0,0.26491162642676397,0.0,False
C1Q_LRP1,neuron_glia,C1q,LRP1,Microglia,Pericyte,0.07939144336816037,33,0.05266052452445865,0.11442786069651742,0,0,0.26491162642676397,0.0,False
GABA_B,neurotransmitter,GABA,GABA-B receptor,Astrocyte,Erythrocyte (blood),0.029397085392275337,537,0.05267760163260437,0.05472636815920398,11,2,0.26491162642676397,0.18181818181818182,False
SST_SSTR,neuropeptide,Somatostatin,Somatostatin receptor,Excitatory neuron,Endothelial,0.17331077661834846,595,0.05281235639634414,0.05970149253731343,12,1,0.26513842873229,0.08333333333333333,False
GLU_AMPA,neurotransmitter,Glutamate,AMPA receptor,Vascular smooth muscle,Endothelial,1.6664273019965368,131,0.05330182706089197,0.05970149253731343,1,1,0.2672884023572862,1.0,False
NRXN_NLGN,synaptic_adhesion,Neurexin,Neuroligin,Astrocyte,Excitatory neuron,0.7059802776646047,336,0.053354855268584155,0.05472636815920398,9,1,0.2672884023572862,0.1111111111111111,False
NGF_TRKA,neurotrophin,NGF,TrkA / p75,Oligodendrocyte,Oligodendrocyte,0.00012941646041247945,19620,0.05385454578798747,0.0845771144278607,12,1,0.2695031227187095,0.08333333333333333,False
PDGFB_PDGFRB,neurovascular,PDGF-B,PDGFRB,Choroid plexus,Erythrocyte (blood),0.012333274101270997,279,0.05400686845694383,0.07462686567164178,7,0,0.2699766426389318,0.0,False
APOE_LRP1,neuron_glia,ApoE,LRP1,Choroid plexus,Excitatory neuron,1.12050208068711,321,0.05406599124894196,0.07462686567164178,7,1,0.2699837492569898,0.14285714285714285,False
GABA_B,neurotransmitter,GABA,GABA-B receptor,Fibroblast / VLMC,T / NK cell,0.0690648612393513,221,0.05418750821463386,0.06965174129353234,4,0,0.2703020798894156,0.0,False
NRXN_NLGN,synaptic_adhesion,Neurexin,Neuroligin,Erythrocyte (blood),Choroid plexus,0.6746632826371005,279,0.05443943719349182,0.05472636815920398,7,0,0.27098098577483853,0.0,False
NRG1_ERBB4,guidance,Neuregulin-1,ErbB4,T / NK cell,Endothelial,0.008197153981024097,253,0.0544101944705154,0.07462686567164178,7,0,0.27098098577483853,0.0,False
CCK_R,neuropeptide,Cholecystokinin,CCK receptor,Border macrophage,Vascular smooth muscle,0.5339926786539031,164,0.05494698576145156,0.06467661691542288,1,0,0.272458961145602,0.0,False
CCK_R,neuropeptide,Cholecystokinin,CCK receptor,Border macrophage,Excitatory neuron,0.4167773803676652,1057,0.05494572286740185,0.0845771144278607,12,2,0.272458961145602,0.16666666666666666,False
GLU_MGLUR_III,neurotransmitter,Glutamate,Group III mGluR,Excitatory neuron,T / NK cell,0.3067641778292561,651,0.05496927961561194,0.07462686567164178,12,1,0.272458961145602,0.08333333333333333,False
BDNF_TRKB,neurotrophin,BDNF,TrkB,Astrocyte,Fibroblast / VLMC,0.04792187226380353,382,0.054927794317544056,0.05970149253731343,7,2,0.272458961145602,0.2857142857142857,False
NRXN_NLGN,synaptic_adhesion,Neurexin,Neuroligin,Border macrophage,Inhibitory neuron,0.951351061182202,53,0.05543890183633365,0.05970149253731343,0,0,0.2742057311756925,0.0,False
C1Q_LRP1,neuron_glia,C1q,LRP1,Erythrocyte (blood),Erythrocyte (blood),0.0022480862340599943,6296,0.055428444273988554,0.07462686567164178,12,0,0.2742057311756925,0.0,False
GABA_B,neurotransmitter,GABA,GABA-B receptor,Erythrocyte (blood),Oligodendrocyte,0.02463463868185234,1342,0.05550192082195256,0.06965174129353234,10,0,0.27422754754584583,0.0,False
CORT_SSTR,neuropeptide,Cortistatin,Somatostatin receptor,Oligodendrocyte,Astrocyte,0.024220318125005354,342,0.05567378001186726,0.07462686567164178,6,0,0.27478651548051364,0.0,False
GLU_MGLUR_I,neurotransmitter,Glutamate,Group I mGluR,Pericyte,Oligodendrocyte,0.46518206131373735,141,0.05576303036686665,0.05472636815920398,1,0,0.27493700641366603,0.0,False
GLU_AMPA,neurotransmitter,Glutamate,AMPA receptor,Endothelial,Erythrocyte (blood),1.8965413478087094,594,0.056054125929459214,0.06965174129353234,12,2,0.27608132128835755,0.16666666666666666,False
GLU_AMPA,neurotransmitter,Glutamate,AMPA receptor,Pericyte,Endothelial,1.9522073489648324,108,0.05633507607391889,0.04477611940298507,0,0,0.27659162743952415,0.0,False
CCK_R,neuropeptide,Cholecystokinin,CCK receptor,Choroid plexus,Microglia,0.6715580622355143,24,0.056303155304654906,0.06467661691542288,0,0,0.27659162743952415,0.0,False
PDGFB_PDGFRB,neurovascular,PDGF-B,PDGFRB,Choroid plexus,Border macrophage,0.01254288560336398,194,0.056288442320845296,0.0945273631840796,3,0,0.27659162743952415,0.0,False
GLU_AMPA,neurotransmitter,Glutamate,AMPA receptor,Fibroblast / VLMC,T / NK cell,1.8819421990964207,221,0.05656587861247031,0.0845771144278607,4,0,0.27719064536744353,0.0,False
PACAP_R,neuropeptide,PACAP,PACAP receptor,Excitatory neuron,T / NK cell,0.09116554177851172,651,0.05663480593530156,0.06467661691542288,12,1,0.27719064536744353,0.08333333333333333,False
MDK_PTPRZ1,neuron_glia,Midkine,PTPRZ1,Pericyte,Vascular smooth muscle,0.07322798138957913,59,0.056582651858117956,0.06965174129353234,0,0,0.27719064536744353,0.0,False
PACAP_R,neuropeptide,PACAP,PACAP receptor,Fibroblast / VLMC,Choroid plexus,0.09349647185940674,138,0.056694769353513086,0.07960199004975124,2,0,0.27719417534491925,0.0,False
MDK_PTPRZ1,neuron_glia,Midkine,PTPRZ1,Erythrocyte (blood),Astrocyte,0.06863846658994366,537,0.05680621695779861,0.05472636815920398,11,1,0.2774491535965968,0.09090909090909091,False
GABA_B,neurotransmitter,GABA,GABA-B receptor,Vascular smooth muscle,Fibroblast / VLMC,0.057776177084291135,154,0.05701761563649582,0.06965174129353234,2,0,0.27819126544646916,0.0,False
GLU_AMPA,neurotransmitter,Glutamate,AMPA receptor,Endothelial,Choroid plexus,1.9249664346377056,84,0.057512980170594995,0.06467661691542288,0,0,0.2800728396955196,0.0,False
GLU_NMDA_2A,neurotransmitter,Glutamate,NMDA receptor (GluN1/2A),Excitatory neuron,Ependymal,0.9654963595153642,274,0.057538480319272035,0.05472636815920398,7,0,0.2800728396955196,0.0,False
CORT_SSTR,neuropeptide,Cortistatin,Somatostatin receptor,Pericyte,Border macrophage,0.05075605437159538,160,0.05764268959751771,0.06467661691542288,3,0,0.2800728396955196,0.0,False
CORT_SSTR,neuropeptide,Cortistatin,Somatostatin receptor,Fibroblast / VLMC,Fibroblast / VLMC,0.01243095452658796,1242,0.057601490436814645,0.06467661691542288,9,2,0.2800728396955196,0.2222222222222222,False
PENK_OPR,neuropeptide,Enkephalin,Delta/mu opioid receptor,Border macrophage,Pericyte,0.011640292406082154,160,0.05797569104525118,0.0945273631840796,3,0,0.28139860829951274,0.0,False
VIP_R,neuropeptide,VIP,VIP receptor,Erythrocyte (blood),Excitatory neuron,0.028830856337221128,1535,0.058121193668934555,0.06467661691542288,12,1,0.281812502774036,0.08333333333333333,False
APOE_LRP1,neuron_glia,ApoE,LRP1,Border macrophage,Endothelial,1.1552813240862267,381,0.05835483829801438,0.05970149253731343,10,1,0.28265247246005104,0.1,False
CCK_R,neuropeptide,Cholecystokinin,CCK receptor,Choroid plexus,Endothelial,0.5139522297041756,84,0.0585465941680795,0.06467661691542288,0,0,0.2830394680895131,0.0,False
TAC1_NK1,neuropeptide,Substance P,NK1 receptor,Ependymal,Excitatory neuron,0.0047609923529798965,274,0.05855571812580652,0.0845771144278607,7,1,0.2830394680895131,0.14285714285714285,False
SLIT_ROBO,guidance,Slit,Robo,Choroid plexus,Excitatory neuron,0.1391101979485182,321,0.05865262436212988,0.0945273631840796,7,0,0.28321530380846827,0.0,False
GLU_MGLUR_II,neurotransmitter,Glutamate,Group II mGluR,Choroid plexus,Oligodendrocyte,1.0611203426900118,230,0.05886591731034018,0.05472636815920398,6,1,0.2832580684842515,0.16666666666666666,False
BDNF_TRKB,neurotrophin,BDNF,TrkB,Excitatory neuron,T / NK cell,0.08375593868818151,651,0.05887630193185414,0.07960199004975124,12,0,0.2832580684842515,0.0,False
NPY_R,neuropeptide,Neuropeptide Y,NPY receptor,Ependymal,Choroid plexus,0.07166530753745408,61,0.058780446766289914,0.07960199004975124,0,0,0.2832580684842515,0.0,False
NPY_R,neuropeptide,Neuropeptide Y,NPY receptor,Pericyte,Astrocyte,0.052033615112304685,120,0.058903633390719544,0.08955223880597014,1,0,0.2832580684842515,0.0,False
VIP_R,neuropeptide,VIP,VIP receptor,Excitatory neuron,Ependymal,0.03444647701987385,274,0.05909077262672506,0.07462686567164178,7,0,0.2838662475569267,0.0,False
GLU_NMDA_2B,neurotransmitter,Glutamate,NMDA receptor (GluN1/2B),Endothelial,Microglia,0.3903058680092416,82,0.05972426071886472,0.06965174129353234,0,0,0.2866151957985313,0.0,False
GLU_NMDA_2A,neurotransmitter,Glutamate,NMDA receptor (GluN1/2A),Pericyte,Pericyte,0.9104755841768705,26,0.05994454250024568,0.05970149253731343,0,0,0.28735510348666526,0.0,False
GLU_MGLUR_I,neurotransmitter,Glutamate,Group I mGluR,Endothelial,T / NK cell,0.4408392491547958,253,0.060055985331632165,0.06467661691542288,7,1,0.28735510348666526,0.14285714285714285,False
BDNF_TRKB,neurotrophin,BDNF,TrkB,Erythrocyte (blood),Border macrophage,0.06437295583902665,848,0.060185510027128006,0.07462686567164178,12,0,0.28735510348666526,0.0,False
VIP_R,neuropeptide,VIP,VIP receptor,Choroid plexus,T / NK cell,0.05460051626994692,116,0.0601340266570993,0.08955223880597014,2,0,0.28735510348666526,0.0,False
VIP_R,neuropeptide,VIP,VIP receptor,Vascular smooth muscle,Vascular smooth muscle,0.022472229950568256,408,0.06014405040973607,0.07462686567164178,7,1,0.28735510348666526,0.14285714285714285,False
MDK_PTPRZ1,neuron_glia,Midkine,PTPRZ1,Astrocyte,Astrocyte,0.04683267649801382,1758,0.060355407707394886,0.07960199004975124,11,1,0.28787253074709546,0.09090909090909091,False
GLU_NMDA_2A,neurotransmitter,Glutamate,NMDA receptor (GluN1/2A),Astrocyte,Erythrocyte (blood),0.5307138490055304,537,0.060445484069592735,0.06467661691542288,11,2,0.28800857429900656,0.18181818181818182,False
BDNF_TRKB,neurotrophin,BDNF,TrkB,Border macrophage,Fibroblast / VLMC,0.051895138095406926,408,0.06059586483869677,0.0845771144278607,7,0,0.2881382638010795,0.0,False
IL34_CSF1R,neuron_glia,IL-34,CSF1R,Ependymal,Pericyte,0.012658010754320357,72,0.06058290948775599,0.09950248756218906,0,0,0.2881382638010795,0.0,False
BDNF_TRKB,neurotrophin,BDNF,TrkB,Border macrophage,T / NK cell,0.03970884174108505,400,0.06086452701827357,0.05970149253731343,11,0,0.28912195118629647,0.0,False
TAC1_NK1,neuropeptide,Substance P,NK1 receptor,Border macrophage,Oligodendrocyte,0.005610611055280779,429,0.06096731240381106,0.1044776119402985,9,1,0.2893164855349208,0.1111111111111111,False
PACAP_R,neuropeptide,PACAP,PACAP receptor,Endothelial,Choroid plexus,0.1141372670729955,84,0.061085821847877954,0.07960199004975124,0,0,0.28958516760508707,0.0,False
ANGPT1_TEK,neurovascular,Angiopoietin-1,TIE2,Erythrocyte (blood),Ependymal,0.004649203842606287,241,0.061500538213504784,0.06467661691542288,6,0,0.29125609139776204,0.0,False
PTN_PTPRZ1,neuron_glia,Pleiotrophin,PTPRZ1,Pericyte,Astrocyte,0.40908277134100596,120,0.06196027454648599,0.06467661691542288,1,0,0.29299061607094645,0.0,False
RELN_R,guidance,Reelin,Reelin receptor,Vascular smooth muscle,Border macrophage,0.07680653798870923,164,0.062054648541634526,0.0845771144278607,1,0,0.29299061607094645,0.0,False
C3_CR3,neuron_glia,Complement C3,Complement receptor 3,Excitatory neuron,Endothelial,0.0018026245742284951,595,0.06200449106232953,0.03980099502487562,12,1,0.29299061607094645,0.08333333333333333,False
GABA_A,neurotransmitter,GABA,GABA-A receptor,Astrocyte,Choroid plexus,0.03379653041300021,152,0.06222558981737784,0.07462686567164178,2,1,0.2935015471325715,0.5,False
PTN_PTPRZ1,neuron_glia,Pleiotrophin,PTPRZ1,Oligodendrocyte,Border macrophage,0.37698670853545896,429,0.062333254396814385,0.07960199004975124,9,2,0.2937132903551808,0.2222222222222222,False
SST_SSTR,neuropeptide,Somatostatin,Somatostatin receptor,Fibroblast / VLMC,Inhibitory neuron,0.45056679157110363,26,0.06250932009284332,0.0945273631840796,0,0,0.29395086302956175,0.0,False
GLU_MGLUR_III,neurotransmitter,Glutamate,Group III mGluR,Fibroblast / VLMC,Erythrocyte (blood),0.2027738569167675,477,0.0624468745733721,0.07960199004975124,8,1,0.29395086302956175,0.125,False
RELN_R,guidance,Reelin,Reelin receptor,Border macrophage,Oligodendrocyte,0.0090985225908684,429,0.06266243604317791,0.10945273631840796,9,1,0.2943750383996279,0.1111111111111111,False
C1Q_LRP1,neuron_glia,C1q,LRP1,Border macrophage,Border macrophage,0.014165215544566092,638,0.06289227420661411,0.06467661691542288,12,0,0.29515842629162226,0.0,False
NRXN_NLGN,synaptic_adhesion,Neurexin,Neuroligin,Choroid plexus,Astrocyte,0.5906745109118914,152,0.0630394487197576,0.06467661691542288,2,0,0.29555268593160905,0.0,False
GLU_AMPA,neurotransmitter,Glutamate,AMPA receptor,Excitatory neuron,Oligodendrocyte,2.919658301475639,601,0.06350338021297638,0.06467661691542288,12,3,0.2963566966000817,0.25,False
GLU_AMPA,neurotransmitter,Glutamate,AMPA receptor,T / NK cell,Inhibitory neuron,2.239383501665933,28,0.06352762699078476,0.07960199004975124,0,0,0.2963566966000817,0.0,False
MDK_PTPRZ1,neuron_glia,Midkine,PTPRZ1,Pericyte,Border macrophage,0.09516713954508305,160,0.06352061524313427,0.0845771144278607,3,0,0.2963566966000817,0.0,False
APOE_TREM2,neuron_glia,ApoE,TREM2,Astrocyte,Fibroblast / VLMC,0.05235423717199196,382,0.06352253931264751,0.07462686567164178,7,1,0.2963566966000817,0.14285714285714285,False
PDGFB_PDGFRB,neurovascular,PDGF-B,PDGFRB,Microglia,Erythrocyte (blood),0.02261151776594274,170,0.06349565850415465,0.0945273631840796,4,0,0.2963566966000817,0.0,False
GLU_NMDA_2A,neurotransmitter,Glutamate,NMDA receptor (GluN1/2A),Choroid plexus,Endothelial,0.9341995332922254,84,0.06385397557225278,0.06965174129353234,0,0,0.29645343558713566,0.0,False
PTN_PTPRZ1,neuron_glia,Pleiotrophin,PTPRZ1,Erythrocyte (blood),Ependymal,0.33572912067793215,241,0.0636521028579191,0.04975124378109453,6,1,0.29645343558713566,0.16666666666666666,False
GLU_MGLUR_III,neurotransmitter,Glutamate,Group III mGluR,Excitatory neuron,Fibroblast / VLMC,0.2831057998125921,499,0.06373749449169859,0.07462686567164178,7,1,0.29645343558713566,0.14285714285714285,False
BDNF_TRKB,neurotrophin,BDNF,TrkB,Endothelial,Endothelial,0.0855133017749651,282,0.06379996201204965,0.07960199004975124,7,1,0.29645343558713566,0.14285714285714285,False
CORT_SSTR,neuropeptide,Cortistatin,Somatostatin receptor,Vascular smooth muscle,Border macrophage,0.0464754697026276,164,0.06393874616449478,0.08955223880597014,1,0,0.29645343558713566,0.0,False
NRG1_ERBB4,guidance,Neuregulin-1,ErbB4,Astrocyte,Border macrophage,0.0059327977572300634,516,0.06399187218273286,0.08955223880597014,8,1,0.29645343558713566,0.125,False
PENK_OPR,neuropeptide,Enkephalin,Delta/mu opioid receptor,Endothelial,Border macrophage,0.0051820675532023115,381,0.06398717436606524,0.0945273631840796,10,0,0.29645343558713566,0.0,False
APOE_LRP1,neuron_glia,ApoE,LRP1,Border macrophage,Excitatory neuron,1.0244617357272072,1057,0.0640672052631412,0.08955223880597014,12,1,0.29650885601012633,0.08333333333333333,False
GLU_NMDA_2B,neurotransmitter,Glutamate,NMDA receptor (GluN1/2B),T / NK cell,Pericyte,0.5396083974838257,100,0.0643316415179288,0.07462686567164178,0,0,0.29743848879682694,0.0,False
BDNF_TRKB,neurotrophin,BDNF,TrkB,Pericyte,Astrocyte,0.027307695150375365,120,0.06458073363855622,0.03980099502487562,1,0,0.29829541233445667,0.0,False
BDNF_TRKB,neurotrophin,BDNF,TrkB,Choroid plexus,Inhibitory neuron,0.09021205902099609,20,0.0648605817275683,0.03482587064676617,0,0,0.299292565979578,0.0,False
PTN_PTPRZ1,neuron_glia,Pleiotrophin,PTPRZ1,Microglia,Oligodendrocyte,0.36481146905028705,103,0.0649325544147624,0.08955223880597014,2,1,0.2993294799080524,0.5,False
GABA_A,neurotransmitter,GABA,GABA-A receptor,Erythrocyte (blood),Fibroblast / VLMC,0.03964509504146296,477,0.06504664233999434,0.07960199004975124,8,2,0.29956027510711963,0.25,False
GLU_NMDA_2A,neurotransmitter,Glutamate,NMDA receptor (GluN1/2A),Border macrophage,Microglia,0.5852254613552218,153,0.06519274625588,0.07462686567164178,3,0,0.29993791517331614,0.0,False
APOE_LRP1,neuron_glia,ApoE,LRP1,Choroid plexus,Endothelial,1.3535211370104836,84,0.06544268718609451,0.07960199004975124,0,0,0.30079207597616525,0.0,False
GLU_MGLUR_I,neurotransmitter,Glutamate,Group I mGluR,Erythrocyte (blood),Border macrophage,0.46435281100138176,848,0.06647815551664762,0.07462686567164178,12,1,0.3052515109542632,0.08333333333333333,False
GLU_KAINATE,neurotransmitter,Glutamate,Kainate receptor,Endothelial,Endothelial,0.6714079519535633,282,0.06690311615418816,0.05472636815920398,7,1,0.3061200515424729,0.14285714285714285,False
GLU_MGLUR_III,neurotransmitter,Glutamate,Group III mGluR,Oligodendrocyte,Astrocyte,0.26376099474945963,342,0.06692900464371657,0.05970149253731343,6,1,0.3061200515424729,0.16666666666666666,False
NPY_R,neuropeptide,Neuropeptide Y,NPY receptor,Microglia,Choroid plexus,0.09449104468027751,24,0.06678518415668354,0.05970149253731343,0,0,0.3061200515424729,0.0,False
VIP_R,neuropeptide,VIP,VIP receptor,T / NK cell,Choroid plexus,0.04651728477971307,116,0.06682911475745652,0.07960199004975124,2,0,0.3061200515424729,0.0,False
GLU_MGLUR_I,neurotransmitter,Glutamate,Group I mGluR,Border macrophage,Microglia,0.41951582011054545,153,0.06710831390502582,0.06965174129353234,3,1,0.30664043043126543,0.3333333333333333,False
GLU_MGLUR_I,neurotransmitter,Glutamate,Group I mGluR,Choroid plexus,Inhibitory neuron,0.7595714807510376,20,0.0672301741548197,0.0945273631840796,0,0,0.30689754621502574,0.0,False
NRXN_NLGN,synaptic_adhesion,Neurexin,Neuroligin,Ependymal,Ependymal,0.5381862500618244,174,0.06758260407058678,0.0945273631840796,4,0,0.3073070985872454,0.0,False
PACAP_R,neuropeptide,PACAP,PACAP receptor,Ependymal,Endothelial,0.06290654772020914,203,0.06743067039491231,0.08955223880597014,3,1,0.3073070985872454,0.3333333333333333,False
VIP_R,neuropeptide,VIP,VIP receptor,Oligodendrocyte,T / NK cell,0.014736602901096638,453,0.06756376849285226,0.09950248756218906,9,1,0.3073070985872454,0.1111111111111111,False
PENK_OPR,neuropeptide,Enkephalin,Delta/mu opioid receptor,Pericyte,Fibroblast / VLMC,0.008266843531442724,92,0.06756984877643488,0.06467661691542288,1,0,0.3073070985872454,0.0,False
GLU_MGLUR_I,neurotransmitter,Glutamate,Group I mGluR,Inhibitory neuron,T / NK cell,0.5765734187194279,28,0.06772502997164308,0.0845771144278607,0,0,0.3076557429488524,0.0,False
SST_SSTR,neuropeptide,Somatostatin,Somatostatin receptor,Pericyte,Oligodendrocyte,0.17575554687080655,141,0.06799241926250187,0.07960199004975124,1,0,0.3083172680322142,0.0,False
BDNF_TRKB,neurotrophin,BDNF,TrkB,Oligodendrocyte,Astrocyte,0.06540479611235055,342,0.06800244082266405,0.05970149253731343,6,0,0.3083172680322142,0.0,False
IL34_CSF1R,neuron_glia,IL-34,CSF1R,Astrocyte,T / NK cell,0.018942753816473073,232,0.06895139912151524,0.1044776119402985,4,1,0.3123171311612486,0.25,False
GLU_MGLUR_I,neurotransmitter,Glutamate,Group I mGluR,T / NK cell,Choroid plexus,0.5512901410974306,116,0.0693345087161868,0.08955223880597014,2,0,0.3134455712879594,0.0,False
BDNF_TRKB,neurotrophin,BDNF,TrkB,Border macrophage,Endothelial,0.05194235692812702,381,0.06928160411541871,0.07462686567164178,10,1,0.3134455712879594,0.1,False
GLU_MGLUR_III,neurotransmitter,Glutamate,Group III mGluR,OPC,Oligodendrocyte,0.23164726297060648,48,0.06942005223985005,0.1044776119402985,0,0,0.3135293672106741,0.0,False
GLU_AMPA,neurotransmitter,Glutamate,AMPA receptor,Pericyte,Oligodendrocyte,1.7389509567977688,141,0.0697382440814255,0.07960199004975124,1,0,0.31448090795045647,0.0,False
GLU_NMDA_2A,neurotransmitter,Glutamate,NMDA receptor (GluN1/2A),Oligodendrocyte,Inhibitory neuron,0.934276407957077,40,0.06976515974622223,0.06965174129353234,0,0,0.31448090795045647,0.0,False
GLU_MGLUR_II,neurotransmitter,Glutamate,Group II mGluR,T / NK cell,Border macrophage,0.9599812330305576,400,0.07006448910456377,0.0845771144278607,11,0,0.3153832489432006,0.0,False
GLU_MGLUR_I,neurotransmitter,Glutamate,Group I mGluR,Fibroblast / VLMC,Erythrocyte (blood),0.39892225195526826,477,0.07010014509530425,0.07960199004975124,8,1,0.3153832489432006,0.125,False
GLU_KAINATE,neurotransmitter,Glutamate,Kainate receptor,Oligodendrocyte,Microglia,0.7639516927663562,103,0.0702807580746084,0.08955223880597014,2,0,0.3158920912882735,0.0,False
GABA_A,neurotransmitter,GABA,GABA-A receptor,Excitatory neuron,Endothelial,0.040571699823652,595,0.07042080224154028,0.06965174129353234,12,2,0.31621778664891265,0.16666666666666666,False
SST_SSTR,neuropeptide,Somatostatin,Somatostatin receptor,Excitatory neuron,Microglia,0.16662651962704128,225,0.07068059815721081,0.07462686567164178,5,0,0.31708007552980766,0.0,False
GABA_B,neurotransmitter,GABA,GABA-B receptor,Pericyte,Pericyte,0.10556557545295128,26,0.0710265557145451,0.07960199004975124,0,0,0.3183268718279277,0.0,False
RELN_R,guidance,Reelin,Reelin receptor,Ependymal,Erythrocyte (blood),0.014072598263435838,241,0.07135217078564517,0.11442786069651742,6,1,0.3194801981875921,0.16666666666666666,False
GABA_A,neurotransmitter,GABA,GABA-A receptor,Pericyte,Choroid plexus,0.07227872348413235,41,0.07156560846462016,0.1044776119402985,0,0,0.32012952390626936,0.0,False
PTN_PTPRZ1,neuron_glia,Pleiotrophin,PTPRZ1,Choroid plexus,Vascular smooth muscle,0.5012211076548843,61,0.07180089383521615,0.09950248756218906,0,0,0.32060094554976715,0.0,False
SLIT_ROBO,guidance,Slit,Robo,Astrocyte,Choroid plexus,0.12632436618993156,152,0.07180803396797521,0.0845771144278607,2,0,0.32060094554976715,0.0,False
CCK_R,neuropeptide,Cholecystokinin,CCK receptor,Fibroblast / VLMC,Vascular smooth muscle,0.4650109897960316,154,0.0720606272849008,0.09950248756218906,2,0,0.321421997203099,0.0,False
MDK_PTPRZ1,neuron_glia,Midkine,PTPRZ1,T / NK cell,Vascular smooth muscle,0.1475789318693445,94,0.07258077666408771,0.09950248756218906,0,0,0.32343376572501564,0.0,False
NPY_R,neuropeptide,Neuropeptide Y,NPY receptor,Border macrophage,Excitatory neuron,0.028626542443245678,1057,0.07266596069735255,0.0945273631840796,12,1,0.3235052617534849,0.08333333333333333,False
GLU_NMDA_2A,neurotransmitter,Glutamate,NMDA receptor (GluN1/2A),T / NK cell,Microglia,0.7566971868276596,80,0.07291685408065493,0.0845771144278607,0,0,0.32431365042146804,0.0,False
NRXN_NLGN,synaptic_adhesion,Neurexin,Neuroligin,Erythrocyte (blood),Erythrocyte (blood),0.5693985363740706,6296,0.07427147438855304,0.07462686567164178,12,1,0.3297117919013659,0.08333333333333333,False
VIP_R,neuropeptide,VIP,VIP receptor,Microglia,Border macrophage,0.03917983388589098,153,0.07424206412340062,0.11940298507462686,3,1,0.3297117919013659,0.3333333333333333,False
GLU_NMDA_2B,neurotransmitter,Glutamate,NMDA receptor (GluN1/2B),Excitatory neuron,Endothelial,0.5374488073236802,595,0.0743464905445526,0.07462686567164178,12,1,0.3297319708606271,0.08333333333333333,False
SLIT_ROBO,guidance,Slit,Robo,Ependymal,Erythrocyte (blood),0.09110854522815878,241,0.0744204462049031,0.08955223880597014,6,0,0.32974741268252045,0.0,False
SST_SSTR,neuropeptide,Somatostatin,Somatostatin receptor,Vascular smooth muscle,Excitatory neuron,0.16080669032202827,225,0.07463071013196154,0.0945273631840796,4,0,0.3303662182662706,0.0,False
C3_CR3,neuron_glia,Complement C3,Complement receptor 3,Border macrophage,Excitatory neuron,0.0014720782990036083,1057,0.07479427069432837,0.1044776119402985,12,1,0.33077730867557886,0.08333333333333333,False
NRXN_NLGN,synaptic_adhesion,Neurexin,Neuroligin,Inhibitory neuron,Fibroblast / VLMC,1.0342209614240205,26,0.07505991456465072,0.06965174129353234,0,0,0.33132579268679313,0.0,False
VEGFA_R,neurovascular,VEGF-A,VEGF receptor,Vascular smooth muscle,Vascular smooth muscle,0.03296806181178374,408,0.07501775668925127,0.1044776119402985,7,1,0.33132579268679313,0.14285714285714285,False
GLU_MGLUR_II,neurotransmitter,Glutamate,Group II mGluR,Inhibitory neuron,Choroid plexus,1.0403202593326568,20,0.07556857398149945,0.0845771144278607,0,0,0.33253771328527226,0.0,False
GLU_NMDA_2B,neurotransmitter,Glutamate,NMDA receptor (GluN1/2B),Pericyte,Border macrophage,0.37250330075621607,160,0.07561874907790761,0.0945273631840796,3,0,0.33253771328527226,0.0,False
GABA_B,neurotransmitter,GABA,GABA-B receptor,Oligodendrocyte,Excitatory neuron,0.04484203740483314,601,0.07553184201191986,0.07462686567164178,12,2,0.33253771328527226,0.16666666666666666,False
NRG1_ERBB4,guidance,Neuregulin-1,ErbB4,Excitatory neuron,Choroid plexus,0.00955168777537123,321,0.07556150051847241,0.11940298507462686,7,1,0.33253771328527226,0.14285714285714285,False
IL34_CSF1R,neuron_glia,IL-34,CSF1R,Microglia,Endothelial,0.055019634525950364,82,0.07598441485112155,0.09950248756218906,0,0,0.33383199726610113,0.0,False
GLU_NMDA_2A,neurotransmitter,Glutamate,NMDA receptor (GluN1/2A),Inhibitory neuron,T / NK cell,0.7774096216474261,28,0.07621931968887309,0.0845771144278607,0,0,0.3342363606600161,0.0,False
GABA_B,neurotransmitter,GABA,GABA-B receptor,Microglia,Border macrophage,0.04799458949394476,153,0.07620492990607275,0.1044776119402985,3,0,0.3342363606600161,0.0,False
NPY_R,neuropeptide,Neuropeptide Y,NPY receptor,Pericyte,Endothelial,0.0340286945855176,108,0.07635954135485859,0.1044776119402985,0,0,0.3345377284638421,0.0,False
GLU_MGLUR_III,neurotransmitter,Glutamate,Group III mGluR,Endothelial,T / NK cell,0.2166577897995357,253,0.07666933493189901,0.0945273631840796,7,1,0.33526711976294904,0.14285714285714285,False
SLIT_ROBO,guidance,Slit,Robo,Pericyte,Vascular smooth muscle,0.13332843780517578,59,0.07662588929949236,0.08955223880597014,0,0,0.33526711976294904,0.0,False
GLU_AMPA,neurotransmitter,Glutamate,AMPA receptor,Erythrocyte (blood),T / NK cell,2.16066083867287,526,0.07686943645373384,0.0845771144278607,12,1,0.3358282849365272,0.08333333333333333,False
GLU_AMPA,neurotransmitter,Glutamate,AMPA receptor,Choroid plexus,Erythrocyte (blood),2.1602359324373226,279,0.07704784334989065,0.07960199004975124,7,0,0.33598029732911305,0.0,False
GLU_MGLUR_III,neurotransmitter,Glutamate,Group III mGluR,Endothelial,Oligodendrocyte,0.23529263030398975,220,0.07699034841690869,0.08955223880597014,4,0,0.33598029732911305,0.0,False
GLU_MGLUR_I,neurotransmitter,Glutamate,Group I mGluR,Oligodendrocyte,Microglia,0.4478923996675362,103,0.07734719500933644,0.10945273631840796,2,1,0.33697162518499557,0.5,False
SST_SSTR,neuropeptide,Somatostatin,Somatostatin receptor,Endothelial,Erythrocyte (blood),0.16233122444112694,594,0.07754402099837163,0.09950248756218906,12,3,0.33751485976872636,0.25,False
CCK_R,neuropeptide,Cholecystokinin,CCK receptor,Ependymal,Excitatory neuron,0.48283254404137604,274,0.07793373010749795,0.10945273631840796,7,1,0.33889583938009565,0.14285714285714285,False
GLU_KAINATE,neurotransmitter,Glutamate,Kainate receptor,Microglia,Endothelial,0.8026317619695896,82,0.07801520077144196,0.0945273631840796,0,0,0.33893512015745303,0.0,False
GABA_B,neurotransmitter,GABA,GABA-B receptor,T / NK cell,Border macrophage,0.046092123091220856,400,0.07809077872390609,0.11442786069651742,11,1,0.33894875106600797,0.09090909090909091,False
VIP_R,neuropeptide,VIP,VIP receptor,Microglia,Excitatory neuron,0.04927516089545356,225,0.07842942211781803,0.0845771144278607,5,1,0.3401031196378782,0.2,False
C1Q_LRP1,neuron_glia,C1q,LRP1,Excitatory neuron,Fibroblast / VLMC,0.004448144732114069,499,0.07851961045752376,0.07960199004975124,7,0,0.34017894197292003,0.0,False
CORT_SSTR,neuropeptide,Cortistatin,Somatostatin receptor,Ependymal,Excitatory neuron,0.039598413845048336,274,0.07866939151700891,0.1044776119402985,7,0,0.34019785851024464,0.0,False
PENK_OPR,neuropeptide,Enkephalin,Delta/mu opioid receptor,Border macrophage,Border macrophage,0.005231755467417845,638,0.07864109857373291,0.1044776119402985,12,1,0.34019785851024464,0.08333333333333333,False
GLU_NMDA_2A,neurotransmitter,Glutamate,NMDA receptor (GluN1/2A),Excitatory neuron,Pericyte,1.0215531536177094,255,0.07901592633961302,0.09950248756218906,7,1,0.3413809042872108,0.14285714285714285,False
GLU_MGLUR_I,neurotransmitter,Glutamate,Group I mGluR,Erythrocyte (blood),Pericyte,0.545116261376275,225,0.07911226863293863,0.1044776119402985,5,0,0.34148183111948327,0.0,False
GLU_MGLUR_I,neurotransmitter,Glutamate,Group I mGluR,Choroid plexus,T / NK cell,0.5723985484961805,116,0.07933050761877469,0.0945273631840796,2,0,0.3421082443762643,0.0,False
GLU_MGLUR_II,neurotransmitter,Glutamate,Group II mGluR,Oligodendrocyte,T / NK cell,1.1023281217937175,453,0.07945724482175676,0.10945273631840796,9,0,0.34230220748716184,0.0,False
GLU_NMDA_2B,neurotransmitter,Glutamate,NMDA receptor (GluN1/2B),Fibroblast / VLMC,Border macrophage,0.3397448694004732,408,0.07952179943119148,0.1044776119402985,7,1,0.34230220748716184,0.14285714285714285,False
PACAP_R,neuropeptide,PACAP,PACAP receptor,Microglia,Ependymal,0.04821489727686322,63,0.0796644483782954,0.13432835820895522,1,0,0.34250719948159275,0.0,False
IL34_CSF1R,neuron_glia,IL-34,CSF1R,Pericyte,Erythrocyte (blood),0.03581295437282986,225,0.07971582394431598,0.09950248756218906,5,1,0.34250719948159275,0.2,False
PACAP_R,neuropeptide,PACAP,PACAP receptor,Excitatory neuron,Endothelial,0.08506252595356532,595,0.07996301195477801,0.09950248756218906,12,0,0.34325406691413424,0.0,False
GLU_NMDA_2A,neurotransmitter,Glutamate,NMDA receptor (GluN1/2A),Border macrophage,Pericyte,0.7031578153371811,160,0.08021245568840069,0.06965174129353234,3,0,0.3440092393822427,0.0,False
POMC_MC4R,neuropeptide,alpha-MSH,Melanocortin receptor,Erythrocyte (blood),Excitatory neuron,0.0005922414192547627,1535,0.08095456915639015,0.08955223880597014,12,1,0.3468740193065472,0.08333333333333333,False
C1Q_LRP1,neuron_glia,C1q,LRP1,Excitatory neuron,Border macrophage,0.0009586495279476343,1057,0.08156427506968833,0.09950248756218906,12,0,0.3491667365517582,0.0,False
GLU_KAINATE,neurotransmitter,Glutamate,Kainate receptor,Vascular smooth muscle,Pericyte,0.7502091456267793,59,0.08183014590921456,0.0845771144278607,0,0,0.3499846916903244,0.0,False
APOE_LRP1,neuron_glia,ApoE,LRP1,Microglia,Border macrophage,1.169825920092514,153,0.08198777365552429,0.0945273631840796,3,2,0.3503386236841992,0.6666666666666666,False
NPY_R,neuropeptide,Neuropeptide Y,NPY receptor,T / NK cell,Inhibitory neuron,0.044131845235824585,28,0.08221310192779208,0.12935323383084577,0,0,0.3509809342337036,0.0,False
VIP_R,neuropeptide,VIP,VIP receptor,T / NK cell,Ependymal,0.04011945263678286,119,0.08254369596170713,0.10945273631840796,1,0,0.3520710605331155,0.0,False
NRXN_NLGN,synaptic_adhesion,Neurexin,Neuroligin,Border macrophage,T / NK cell,0.6409164559841156,400,0.08272216215928402,0.06467661691542288,11,1,0.35244196551182183,0.09090909090909091,False
NTS_R,neuropeptide,Neurotensin,Neurotensin receptor,Choroid plexus,Choroid plexus,0.02951446423927943,96,0.08278130371820736,0.13432835820895522,1,0,0.35244196551182183,0.0,False
GLU_AMPA,neurotransmitter,Glutamate,AMPA receptor,Erythrocyte (blood),Microglia,1.9982267204452964,170,0.08294757623836879,0.0945273631840796,4,0,0.3528288265630251,0.0,False
MDK_PTPRZ1,neuron_glia,Midkine,PTPRZ1,Oligodendrocyte,Choroid plexus,0.07956925604654395,230,0.08305133790327529,0.08955223880597014,6,1,0.35294932792863315,0.16666666666666666,False
SST_SSTR,neuropeptide,Somatostatin,Somatostatin receptor,Microglia,Oligodendrocyte,0.19400875545242457,103,0.08316616105167501,0.07960199004975124,2,1,0.3531165767339268,0.5,False
NRXN_NLGN,synaptic_adhesion,Neurexin,Neuroligin,Fibroblast / VLMC,Microglia,0.6685704873955768,92,0.08361391254578737,0.1044776119402985,1,0,0.3546958266561551,0.0,False
CRH_R,neuropeptide,CRH,CRH receptor,T / NK cell,Border macrophage,0.003113944232463837,400,0.08384111026877289,0.09950248756218906,11,1,0.3553374591916561,0.09090909090909091,False
TAC1_NK1,neuropeptide,Substance P,NK1 receptor,Border macrophage,Erythrocyte (blood),0.0038616792210992776,848,0.08435009202962795,0.12437810945273632,12,1,0.35717111367115767,0.08333333333333333,False
NRXN_NLGN,synaptic_adhesion,Neurexin,Neuroligin,Border macrophage,Erythrocyte (blood),0.6043501923669059,848,0.08459635401983828,0.0845771144278607,12,1,0.35782893784636655,0.08333333333333333,False
PTN_PTPRZ1,neuron_glia,Pleiotrophin,PTPRZ1,Oligodendrocyte,Inhibitory neuron,0.41208134293556214,40,0.0846583958529446,0.1044776119402985,0,0,0.35782893784636655,0.0,False
GLU_MGLUR_III,neurotransmitter,Glutamate,Group III mGluR,Microglia,Excitatory neuron,0.21806066036224364,225,0.08494030745734671,0.1044776119402985,5,1,0.3586964788744813,0.2,False
GABA_B,neurotransmitter,GABA,GABA-B receptor,Inhibitory neuron,Erythrocyte (blood),0.7422230807217685,55,0.08515270345006837,0.1044776119402985,0,0,0.359088195993999,0.0,False
GABA_B,neurotransmitter,GABA,GABA-B receptor,Excitatory neuron,Inhibitory neuron,0.05168036168271845,88,0.08518655643371209,0.09950248756218906,0,0,0.359088195993999,0.0,False
GLU_KAINATE,neurotransmitter,Glutamate,Kainate receptor,Fibroblast / VLMC,T / NK cell,0.7819895369434788,221,0.08536694673800266,0.0945273631840796,4,1,0.35920138829776477,0.25,False
GABA_A,neurotransmitter,GABA,GABA-A receptor,Border macrophage,Endothelial,0.03433763949576951,381,0.08529521654762251,0.12437810945273632,10,2,0.35920138829776477,0.2,False
NRXN_NLGN,synaptic_adhesion,Neurexin,Neuroligin,Excitatory neuron,Endothelial,0.7351574720454817,595,0.08557778125655569,0.0945273631840796,12,1,0.35976499415941066,0.08333333333333333,False
GLU_MGLUR_III,neurotransmitter,Glutamate,Group III mGluR,Oligodendrocyte,Excitatory neuron,0.23612928668195118,601,0.08600592458450745,0.09950248756218906,12,1,0.3599617838085141,0.08333333333333333,False
GLU_MGLUR_III,neurotransmitter,Glutamate,Group III mGluR,Pericyte,Erythrocyte (blood),0.21383138497670492,225,0.08586540888962146,0.09950248756218906,5,1,0.3599617838085141,0.2,False
GABA_A,neurotransmitter,GABA,GABA-A receptor,Excitatory neuron,Ependymal,0.033317047749122565,274,0.08600924862105552,0.10945273631840796,7,0,0.3599617838085141,0.0,False
VIP_R,neuropeptide,VIP,VIP receptor,Border macrophage,Excitatory neuron,0.025202544432489402,1057,0.08580663225393154,0.07462686567164178,12,1,0.3599617838085141,0.08333333333333333,False
RELN_R,guidance,Reelin,Reelin receptor,Erythrocyte (blood),Erythrocyte (blood),0.015167355816692984,6296,0.08593154199674691,0.0845771144278607,12,1,0.3599617838085141,0.08333333333333333,False
BDNF_TRKB,neurotrophin,BDNF,TrkB,Vascular smooth muscle,Astrocyte,0.08089160617393783,237,0.08611380607744862,0.07960199004975124,7,1,0.3600772999431475,0.14285714285714285,False
GLU_MGLUR_III,neurotransmitter,Glutamate,Group III mGluR,Choroid plexus,Fibroblast / VLMC,0.2752268711725871,138,0.08624009058526783,0.11442786069651742,2,0,0.3602833784361323,0.0,False
CCK_R,neuropeptide,Cholecystokinin,CCK receptor,Choroid plexus,Choroid plexus,0.5060192930201689,96,0.0868769000520585,0.11940298507462686,1,1,0.36228649154317194,1.0,False
GLU_NMDA_2B,neurotransmitter,Glutamate,NMDA receptor (GluN1/2B),Erythrocyte (blood),Ependymal,0.42396914019129583,241,0.08702928328585707,0.11442786069651742,6,0,0.36228649154317194,0.0,False
VIP_R,neuropeptide,VIP,VIP receptor,Vascular smooth muscle,Choroid plexus,0.06417533706446163,61,0.08702365644496807,0.09950248756218906,0,0,0.36228649154317194,0.0,False
RELN_R,guidance,Reelin,Reelin receptor,T / NK cell,Astrocyte,0.0580446720123291,232,0.08688762170895581,0.12935323383084577,4,0,0.36228649154317194,0.0,False
GLU_NMDA_2A,neurotransmitter,Glutamate,NMDA receptor (GluN1/2A),Pericyte,Border macrophage,0.6361881658434868,160,0.08747227036140737,0.0845771144278607,3,0,0.36348379486769544,0.0,False
GLU_MGLUR_I,neurotransmitter,Glutamate,Group I mGluR,Border macrophage,Oligodendrocyte,0.44025279147363766,429,0.08741747984114756,0.0845771144278607,9,1,0.36348379486769544,0.1111111111111111,False
SLIT_ROBO,guidance,Slit,Robo,Choroid plexus,Fibroblast / VLMC,0.13607883777307428,138,0.08807383473763891,0.0945273631840796,2,0,0.3656588045584849,0.0,False
GLU_NMDA_2B,neurotransmitter,Glutamate,NMDA receptor (GluN1/2B),Excitatory neuron,Pericyte,0.6142707123475917,255,0.08827835592357319,0.11442786069651742,7,1,0.36585866020053054,0.14285714285714285,False
CCK_R,neuropeptide,Cholecystokinin,CCK receptor,Erythrocyte (blood),Pericyte,0.4968334219190809,225,0.08820129590434267,0.1044776119402985,5,0,0.36585866020053054,0.0,False
BDNF_TRKB,neurotrophin,BDNF,TrkB,Fibroblast / VLMC,Border macrophage,0.0820202488525241,408,0.08843473441338584,0.09950248756218906,7,1,0.36618240913294897,0.14285714285714285,False
PACAP_R,neuropeptide,PACAP,PACAP receptor,Astrocyte,Choroid plexus,0.03637659549713135,152,0.08885583677671238,0.1044776119402985,2,0,0.36727602498077494,0.0,False
IL34_CSF1R,neuron_glia,IL-34,CSF1R,T / NK cell,Oligodendrocyte,0.014223807168585838,453,0.08881691798758312,0.09950248756218906,9,1,0.36727602498077494,0.1111111111111111,False
IL34_CSF1R,neuron_glia,IL-34,CSF1R,Choroid plexus,Choroid plexus,0.021032632639010746,96,0.08898153533652725,0.11940298507462686,1,0,0.3674709654365499,0.0,False
CCK_R,neuropeptide,Cholecystokinin,CCK receptor,Excitatory neuron,Fibroblast / VLMC,0.4441085652502362,499,0.08922752239128251,0.07960199004975124,7,1,0.36768066606179767,0.14285714285714285,False
BDNF_TRKB,neurotrophin,BDNF,TrkB,Border macrophage,Excitatory neuron,0.0663540456919819,1057,0.08925392686801942,0.09950248756218906,12,0,0.36768066606179767,0.0,False
APOE_TREM2,neuron_glia,ApoE,TREM2,Vascular smooth muscle,Border macrophage,0.041113661556709105,164,0.08926805656041936,0.11940298507462686,1,0,0.36768066606179767,0.0,False
GLU_MGLUR_III,neurotransmitter,Glutamate,Group III mGluR,Microglia,Oligodendrocyte,0.1643791314467643,103,0.08947105259625865,0.11940298507462686,2,0,0.36819266059621303,0.0,False
GLU_AMPA,neurotransmitter,Glutamate,AMPA receptor,T / NK cell,T / NK cell,2.1579968669971863,462,0.08975049490689896,0.08955223880597014,10,0,0.36864478964226055,0.0,False
CCK_R,neuropeptide,Cholecystokinin,CCK receptor,Excitatory neuron,Inhibitory neuron,0.5940588116645813,88,0.0899748556895622,0.09950248756218906,0,0,0.36864478964226055,0.0,False
GLU_MGLUR_I,neurotransmitter,Glutamate,Group I mGluR,Endothelial,Endothelial,0.3705930413929283,282,0.08996839670723333,0.09950248756218906,7,1,0.36864478964226055,0.14285714285714285,False
PACAP_R,neuropeptide,PACAP,PACAP receptor,Choroid plexus,Ependymal,0.17824237268479143,61,0.08990301259498762,0.0945273631840796,0,0,0.36864478964226055,0.0,False
VIP_R,neuropeptide,VIP,VIP receptor,Erythrocyte (blood),Ependymal,0.023655031231923716,241,0.08985041007080224,0.10945273631840796,6,0,0.36864478964226055,0.0,False
SST_SSTR,neuropeptide,Somatostatin,Somatostatin receptor,Excitatory neuron,T / NK cell,0.15260840808191606,651,0.09028207449980719,0.09950248756218906,12,2,0.36957990077392633,0.16666666666666666,False
GLU_NMDA_2A,neurotransmitter,Glutamate,NMDA receptor (GluN1/2A),Endothelial,Endothelial,0.5824155266403307,282,0.09040492794489169,0.08955223880597014,7,1,0.3697593163060736,0.14285714285714285,False
GLU_KAINATE,neurotransmitter,Glutamate,Kainate receptor,Choroid plexus,Inhibitory neuron,1.1344320714473723,20,0.09057537241649533,0.11442786069651742,0,0,0.37013289741203637,0.0,False
AVP_R,neuropeptide,Vasopressin,Vasopressin receptor,Erythrocyte (blood),Erythrocyte (blood),0.00018479954332984236,6296,0.09068526633931306,0.12437810945273632,12,1,0.3702586048879981,0.08333333333333333,False
GLU_AMPA,neurotransmitter,Glutamate,AMPA receptor,Pericyte,Pericyte,2.00041872721452,26,0.09107204189663554,0.12437810945273632,0,0,0.3709613836754462,0.0,False
GLU_MGLUR_II,neurotransmitter,Glutamate,Group II mGluR,Erythrocyte (blood),Inhibitory neuron,1.0478097070347179,55,0.09170337720757471,0.0945273631840796,0,0,0.3709613836754462,0.0,False
CCK_R,neuropeptide,Cholecystokinin,CCK receptor,Excitatory neuron,Microglia,0.5114769585927328,225,0.09151396209433194,0.1044776119402985,5,1,0.3709613836754462,0.2,False
NRXN_NLGN,synaptic_adhesion,Neurexin,Neuroligin,Astrocyte,Fibroblast / VLMC,0.383494007493813,382,0.09119275949170641,0.07960199004975124,7,1,0.3709613836754462,0.14285714285714285,False
SLIT_ROBO,guidance,Slit,Robo,Ependymal,Inhibitory neuron,0.1814300767306624,29,0.09138079010590322,0.11442786069651742,0,0,0.3709613836754462,0.0,False
PACAP_R,neuropeptide,PACAP,PACAP receptor,Choroid plexus,Vascular smooth muscle,0.12991213603097884,61,0.09180878014451094,0.11940298507462686,0,0,0.3709613836754462,0.0,False
SLIT_ROBO,guidance,Slit,Robo,Border macrophage,T / NK cell,0.10086659759283066,400,0.0915212008748823,0.11940298507462686,11,1,0.3709613836754462,0.09090909090909091,False
PACAP_R,neuropeptide,PACAP,PACAP receptor,Erythrocyte (blood),Excitatory neuron,0.060514344726400965,1535,0.09108003815653021,0.08955223880597014,12,0,0.3709613836754462,0.0,False
GABA_A,neurotransmitter,GABA,GABA-A receptor,Vascular smooth muscle,Excitatory neuron,0.029144134521484375,225,0.0915218629404822,0.12437810945273632,4,1,0.3709613836754462,0.25,False
CORT_SSTR,neuropeptide,Cortistatin,Somatostatin receptor,Endothelial,Excitatory neuron,0.01479909430031015,595,0.09178907994626856,0.11940298507462686,12,0,0.3709613836754462,0.0,False
NTF3_TRKC,neurotrophin,NT-3,TrkC,Excitatory neuron,Erythrocyte (blood),0.0024616194082005406,1535,0.0916187769483836,0.12437810945273632,12,1,0.3709613836754462,0.08333333333333333,False
NTF3_TRKC,neurotrophin,NT-3,TrkC,Excitatory neuron,Choroid plexus,0.0022536930265456344,321,0.09179141875150848,0.19402985074626866,7,0,0.3709613836754462,0.0,False
GLU_AMPA,neurotransmitter,Glutamate,AMPA receptor,Border macrophage,Endothelial,1.7956523513543636,381,0.09222376673789368,0.1044776119402985,10,1,0.3710361174261432,0.1,False
GLU_NMDA_2A,neurotransmitter,Glutamate,NMDA receptor (GluN1/2A),Oligodendrocyte,Endothelial,0.8239602050997994,220,0.09214556425763437,0.10945273631840796,4,1,0.3710361174261432,0.25,False
SST_SSTR,neuropeptide,Somatostatin,Somatostatin receptor,Inhibitory neuron,T / NK cell,0.3289733827114105,28,0.09207310097920413,0.09950248756218906,0,0,0.3710361174261432,0.0,False
RELN_R,guidance,Reelin,Reelin receptor,Endothelial,Ependymal,0.045250765208540294,203,0.09207837708678845,0.09950248756218906,3,0,0.3710361174261432,0.0,False
APOE_TREM2,neuron_glia,ApoE,TREM2,Border macrophage,Border macrophage,0.023176203700815995,638,0.09215133900862366,0.1044776119402985,12,1,0.3710361174261432,0.08333333333333333,False
GLU_MGLUR_II,neurotransmitter,Glutamate,Group II mGluR,OPC,Astrocyte,0.49109607157499896,23,0.09252433568087565,0.10945273631840796,0,0,0.3716063233054224,0.0,False
PTN_PTPRZ1,neuron_glia,Pleiotrophin,PTPRZ1,Choroid plexus,Endothelial,0.3251631635995138,84,0.09251172263030044,0.12935323383084577,0,0,0.3716063233054224,0.0,False
GLU_AMPA,neurotransmitter,Glutamate,AMPA receptor,Choroid plexus,T / NK cell,2.191903118429513,116,0.09277653939380909,0.09950248756218906,2,0,0.37171834811251675,0.0,False
NRXN_NLGN,synaptic_adhesion,Neurexin,Neuroligin,Border macrophage,Astrocyte,0.4835481717604999,516,0.09289837959393815,0.1044776119402985,8,1,0.37171834811251675,0.125,False
SST_SSTR,neuropeptide,Somatostatin,Somatostatin receptor,Excitatory neuron,Oligodendrocyte,0.13064262880858488,601,0.09263355187160505,0.07462686567164178,12,1,0.37171834811251675,0.08333333333333333,False
VIP_R,neuropeptide,VIP,VIP receptor,Oligodendrocyte,Vascular smooth muscle,0.007526011780054883,99,0.09294944802129612,0.14925373134328357,0,0,0.37171834811251675,0.0,False
TAC1_NK1,neuropeptide,Substance P,NK1 receptor,Vascular smooth muscle,Excitatory neuron,0.0035751451386345757,225,0.09289682558986789,0.07960199004975124,4,1,0.37171834811251675,0.25,False
NRG1_ERBB4,guidance,Neuregulin-1,ErbB4,Excitatory neuron,Microglia,0.011908196343315972,225,0.09343905625570631,0.1044776119402985,5,0,0.3733572538176343,0.0,False
GLU_KAINATE,neurotransmitter,Glutamate,Kainate receptor,Border macrophage,Endothelial,0.7059494705963636,381,0.09361171557127329,0.11442786069651742,10,1,0.37372800098804415,0.1,False
GABA_B,neurotransmitter,GABA,GABA-B receptor,Ependymal,Excitatory neuron,0.04237218538339991,274,0.09394474890734444,0.1044776119402985,7,0,0.37450009350487806,0.0,False
CORT_SSTR,neuropeptide,Cortistatin,Somatostatin receptor,Erythrocyte (blood),Excitatory neuron,0.020510708295561203,1535,0.0939651869576249,0.0845771144278607,12,1,0.37450009350487806,0.08333333333333333,False
SST_SSTR,neuropeptide,Somatostatin,Somatostatin receptor,T / NK cell,Vascular smooth muscle,0.21782234120876232,94,0.09440976898236342,0.09950248756218906,0,0,0.3746762587518901,0.0,False
GABA_B,neurotransmitter,GABA,GABA-B receptor,Pericyte,T / NK cell,0.118182954788208,100,0.09419531278959131,0.0945273631840796,0,0,0.3746762587518901,0.0,False
MDK_PTPRZ1,neuron_glia,Midkine,PTPRZ1,Oligodendrocyte,Oligodendrocyte,0.06828698781409152,19620,0.09426959379141886,0.10945273631840796,12,1,0.3746762587518901,0.08333333333333333,False
NRG1_ERBB4,guidance,Neuregulin-1,ErbB4,Inhibitory neuron,Erythrocyte (blood),0.03186210502277721,55,0.09415404435867913,0.12935323383084577,0,0,0.3746762587518901,0.0,False
IL34_CSF1R,neuron_glia,IL-34,CSF1R,Border macrophage,Astrocyte,0.01339876882789671,516,0.09433371042898114,0.11442786069651742,8,0,0.3746762587518901,0.0,False
APOE_LRP1,neuron_glia,ApoE,LRP1,Excitatory neuron,Fibroblast / VLMC,0.9085058506003363,499,0.09469398284406738,0.08955223880597014,7,0,0.37548571671812825,0.0,False
CCK_R,neuropeptide,Cholecystokinin,CCK receptor,Oligodendrocyte,Endothelial,0.42164303931322966,220,0.09509585201853749,0.10945273631840796,4,1,0.37675994207852403,0.25,False
SST_SSTR,neuropeptide,Somatostatin,Somatostatin receptor,Erythrocyte (blood),Vascular smooth muscle,0.13819663685585376,237,0.09520482651768997,0.11940298507462686,5,2,0.37682059000740825,0.4,False
GABA_A,neurotransmitter,GABA,GABA-A receptor,Excitatory neuron,Oligodendrocyte,0.023825607958331878,601,0.09527222867680357,0.09950248756218906,12,1,0.37682059000740825,0.08333333333333333,False
APOE_LRP1,neuron_glia,ApoE,LRP1,Microglia,Excitatory neuron,1.0336837837431165,225,0.09552983050318309,0.09950248756218906,5,1,0.3775016001312943,0.2,False
CX3CL1_CX3CR1,neuron_glia,Fractalkine,CX3CR1,Astrocyte,Pericyte,0.07685406804084778,120,0.09560576964214229,0.0845771144278607,1,0,0.3775016001312943,0.0,False
NPY_R,neuropeptide,Neuropeptide Y,NPY receptor,Pericyte,Fibroblast / VLMC,0.051962590735891594,92,0.09577661320117914,0.1044776119402985,1,0,0.377857312958109,0.0,False
GLU_KAINATE,neurotransmitter,Glutamate,Kainate receptor,Vascular smooth muscle,Excitatory neuron,0.791222686237759,225,0.096063652798761,0.10945273631840796,4,0,0.3786704561460848,0.0,False
GLU_MGLUR_I,neurotransmitter,Glutamate,Group I mGluR,Erythrocyte (blood),T / NK cell,0.49411140807227943,526,0.09625173338253229,0.11442786069651742,12,3,0.37909247516571426,0.25,False
MDK_PTPRZ1,neuron_glia,Midkine,PTPRZ1,Choroid plexus,Inhibitory neuron,0.14892244338989258,20,0.09640394208667874,0.11940298507462686,0,0,0.3793726198684355,0.0,False
PTN_PTPRZ1,neuron_glia,Pleiotrophin,PTPRZ1,Endothelial,Inhibitory neuron,0.5536569044703529,42,0.09665412549517188,0.11940298507462686,0,0,0.38003752369068,0.0,False
GLU_KAINATE,neurotransmitter,Glutamate,Kainate receptor,Oligodendrocyte,OPC,0.9024621372421583,48,0.09700098850156724,0.1044776119402985,0,0,0.381081129470053,0.0,False
BDNF_TRKB,neurotrophin,BDNF,TrkB,Excitatory neuron,Border macrophage,0.07929979852606016,1057,0.09740664260732479,0.08955223880597014,12,1,0.38235375902657104,0.08333333333333333,False
C1Q_LRP1,neuron_glia,C1q,LRP1,Border macrophage,Erythrocyte (blood),0.010885245957464542,848,0.09807580182151032,0.10945273631840796,12,0,0.38465773405100323,0.0,False
PTN_PTPRZ1,neuron_glia,Pleiotrophin,PTPRZ1,Endothelial,Astrocyte,0.3152467126754834,417,0.0981640565861393,0.0945273631840796,6,0,0.3846814244275928,0.0,False
NRXN_NLGN,synaptic_adhesion,Neurexin,Neuroligin,OPC,Astrocyte,0.87694964201554,23,0.09882437391057197,0.11940298507462686,0,0,0.386298450733138,0.0,False
PTN_PTPRZ1,neuron_glia,Pleiotrophin,PTPRZ1,Vascular smooth muscle,Oligodendrocyte,0.29186632777705335,99,0.09879456720399743,0.11940298507462686,0,0,0.386298450733138,0.0,False
GABA_A,neurotransmitter,GABA,GABA-A receptor,Border macrophage,T / NK cell,0.0424153870344162,400,0.09879514797215588,0.1044776119402985,11,2,0.386298450733138,0.18181818181818182,False
BDNF_TRKB,neurotrophin,BDNF,TrkB,Vascular smooth muscle,Pericyte,0.136397575927993,59,0.09915318096561082,0.11940298507462686,0,0,0.3869372258032469,0.0,False
BDNF_TRKB,neurotrophin,BDNF,TrkB,Excitatory neuron,Erythrocyte (blood),0.07901066065999507,1535,0.09913434642918906,0.09950248756218906,12,1,0.3869372258032469,0.08333333333333333,False
GLU_KAINATE,neurotransmitter,Glutamate,Kainate receptor,Vascular smooth muscle,Border macrophage,0.7340376122695643,164,0.09952956297634902,0.11940298507462686,1,0,0.38802848389506867,0.0,False
BDNF_TRKB,neurotrophin,BDNF,TrkB,Vascular smooth muscle,Ependymal,0.15944507718086243,88,0.09972383869925089,0.11442786069651742,0,0,0.38802848389506867,0.0,False
SST_SSTR,neuropeptide,Somatostatin,Somatostatin receptor,Oligodendrocyte,Border macrophage,0.1167477677752088,429,0.0997645364662893,0.11940298507462686,9,1,0.38802848389506867,0.1111111111111111,False
GABA_A,neurotransmitter,GABA,GABA-A receptor,Endothelial,Erythrocyte (blood),0.022305656864185525,594,0.09963224181327934,0.1044776119402985,12,2,0.38802848389506867,0.16666666666666666,False
GLU_KAINATE,neurotransmitter,Glutamate,Kainate receptor,Microglia,T / NK cell,0.8194005429744721,80,0.09992756560322785,0.09950248756218906,0,0,0.38833976699128164,0.0,False
GLU_AMPA,neurotransmitter,Glutamate,AMPA receptor,T / NK cell,Microglia,1.9732172399759293,80,0.10020745911875834,0.12935323383084577,0,0,0.38910431636238196,0.0,False
C1Q_LRP1,neuron_glia,C1q,LRP1,Fibroblast / VLMC,T / NK cell,0.022370536402879258,221,0.10068841360863329,0.11442786069651742,4,0,0.3906476677237108,0.0,False
BDNF_TRKB,neurotrophin,BDNF,TrkB,Border macrophage,Erythrocyte (blood),0.061924517435847586,848,0.1009248659761105,0.09950248756218906,12,1,0.3909167615084611,0.08333333333333333,False
NPY_R,neuropeptide,Neuropeptide Y,NPY receptor,Border macrophage,Choroid plexus,0.037579433819682324,194,0.10087440466002517,0.13432835820895522,3,1,0.3909167615084611,0.3333333333333333,False
GLU_KAINATE,neurotransmitter,Glutamate,Kainate receptor,Choroid plexus,Endothelial,0.9832737970919836,84,0.1013675596226038,0.10945273631840796,0,0,0.3916588038597549,0.0,False
PTN_PTPRZ1,neuron_glia,Pleiotrophin,PTPRZ1,Microglia,Fibroblast / VLMC,0.39047000460002734,92,0.10130200925489591,0.11442786069651742,1,0,0.3916588038597549,0.0,False
PACAP_R,neuropeptide,PACAP,PACAP receptor,Inhibitory neuron,Astrocyte,0.09478987818178923,46,0.1013211821890152,0.12437810945273632,0,0,0.3916588038597549,0.0,False
GLU_MGLUR_I,neurotransmitter,Glutamate,Group I mGluR,Microglia,Erythrocyte (blood),0.3934122555396136,170,0.10150277041207734,0.0945273631840796,4,1,0.3918525873929401,0.25,False
CX3CL1_CX3CR1,neuron_glia,Fractalkine,CX3CR1,Fibroblast / VLMC,Microglia,0.09234925845394963,92,0.10158520805890925,0.10945273631840796,1,0,0.3918525873929401,0.0,False
SST_SSTR,neuropeptide,Somatostatin,Somatostatin receptor,Choroid plexus,Fibroblast / VLMC,0.23561544651570526,138,0.10169635682959072,0.12437810945273632,2,0,0.3919581990161902,0.0,False
SST_SSTR,neuropeptide,Somatostatin,Somatostatin receptor,Excitatory neuron,Vascular smooth muscle,0.17054174608654446,225,0.10178735633812852,0.09950248756218906,4,1,0.3919860414042003,0.25,False
MDK_PTPRZ1,neuron_glia,Midkine,PTPRZ1,Astrocyte,Microglia,0.07136424847528444,141,0.10196534622829234,0.11442786069651742,4,1,0.39234856496889786,0.25,False
GLU_MGLUR_II,neurotransmitter,Glutamate,Group II mGluR,Endothelial,Oligodendrocyte,1.1178823693232103,220,0.10250315134854937,0.11442786069651742,4,0,0.39409387441237675,0.0,False
PACAP_R,neuropeptide,PACAP,PACAP receptor,Choroid plexus,T / NK cell,0.11716523098534551,116,0.10298434397077783,0.12437810945273632,2,0,0.3956188386200899,0.0,False
APOE_LRP1,neuron_glia,ApoE,LRP1,Excitatory neuron,Ependymal,1.00140840076182,274,0.10308299179292679,0.10945273631840796,7,1,0.39567294388769847,0.14285714285714285,False
GLU_KAINATE,neurotransmitter,Glutamate,Kainate receptor,Pericyte,Oligodendrocyte,0.7248160259943481,141,0.10339964084333819,0.10945273631840796,1,0,0.39656304877539295,0.0,False
MDK_PTPRZ1,neuron_glia,Midkine,PTPRZ1,Oligodendrocyte,Microglia,0.14412596734982092,103,0.1038646931533797,0.12935323383084577,2,1,0.3980203925181521,0.5,False
GLU_NMDA_2A,neurotransmitter,Glutamate,NMDA receptor (GluN1/2A),Vascular smooth muscle,Choroid plexus,0.8366073682659962,61,0.10420121076443822,0.11442786069651742,0,0,0.39845298426967696,0.0,False
C1Q_LRP1,neuron_glia,C1q,LRP1,Microglia,Oligodendrocyte,0.13343348665144836,103,0.10432001573343008,0.09950248756218906,2,0,0.39845298426967696,0.0,False
APOE_TREM2,neuron_glia,ApoE,TREM2,Fibroblast / VLMC,T / NK cell,0.05076524466950429,221,0.10440336796636546,0.11442786069651742,4,1,0.39845298426967696,0.25,False
CORT_SSTR,neuropeptide,Cortistatin,Somatostatin receptor,Astrocyte,Erythrocyte (blood),0.029667218526204426,537,0.10408403849905584,0.10945273631840796,11,1,0.39845298426967696,0.09090909090909091,False
VIP_R,neuropeptide,VIP,VIP receptor,Excitatory neuron,Erythrocyte (blood),0.022121147748313433,1535,0.10434222618351208,0.0945273631840796,12,1,0.39845298426967696,0.08333333333333333,False
GABA_B,neurotransmitter,GABA,GABA-B receptor,T / NK cell,Ependymal,0.058591665340070966,119,0.10499999027156587,0.13432835820895522,1,0,0.4004033858848058,0.0,False
GLU_KAINATE,neurotransmitter,Glutamate,Kainate receptor,Pericyte,Excitatory neuron,0.8203652374884661,255,0.10560297243288652,0.11940298507462686,7,1,0.40208557857435423,0.14285714285714285,False
GLU_MGLUR_III,neurotransmitter,Glutamate,Group III mGluR,Microglia,Pericyte,0.2884423010277026,33,0.10561298911474276,0.1044776119402985,0,0,0.40208557857435423,0.0,False
GABA_B,neurotransmitter,GABA,GABA-B receptor,Ependymal,Choroid plexus,0.032447128022303345,61,0.1057378532983882,0.12437810945273632,0,0,0.4022336712058198,0.0,False
CCK_R,neuropeptide,Cholecystokinin,CCK receptor,Inhibitory neuron,Fibroblast / VLMC,0.6723067026871902,26,0.10606009025499641,0.11940298507462686,0,0,0.40242765600207087,0.0,False
GABA_A,neurotransmitter,GABA,GABA-A receptor,Fibroblast / VLMC,T / NK cell,0.045134707813349245,221,0.10595786188467071,0.11442786069651742,4,1,0.40242765600207087,0.25,False
APOE_TREM2,neuron_glia,ApoE,TREM2,Astrocyte,Border macrophage,0.03464704058891119,516,0.10613287615015077,0.09950248756218906,8,1,0.40242765600207087,0.125,False
PDYN_KOR,neuropeptide,Dynorphin,Kappa opioid receptor,Excitatory neuron,Erythrocyte (blood),0.0006924833459263904,1535,0.10603957312184786,0.11940298507462686,12,0,0.40242765600207087,0.0,False
RELN_R,guidance,Reelin,Reelin receptor,Excitatory neuron,Excitatory neuron,0.012110241199616735,2258,0.10622916902148166,0.11442786069651742,12,2,0.40246662498098196,0.16666666666666666,False
GABA_A,neurotransmitter,GABA,GABA-A receptor,Border macrophage,Oligodendrocyte,0.022589748833840823,429,0.10643036159667985,0.11442786069651742,9,1,0.40290263908646035,0.1111111111111111,False
VIP_R,neuropeptide,VIP,VIP receptor,Pericyte,Choroid plexus,0.06472584677905571,41,0.10653477059199945,0.16417910447761194,0,0,0.40293200035752086,0.0,False
TAC1_NK1,neuropeptide,Substance P,NK1 receptor,Inhibitory neuron,Excitatory neuron,0.019386777146296066,88,0.10661034760474691,0.1044776119402985,0,0,0.40293200035752086,0.0,False
PACAP_R,neuropeptide,PACAP,PACAP receptor,Vascular smooth muscle,Vascular smooth muscle,0.036073662486730836,408,0.10709824098781034,0.10945273631840796,7,1,0.40444928941240077,0.14285714285714285,False
GLU_NMDA_2B,neurotransmitter,Glutamate,NMDA receptor (GluN1/2B),Astrocyte,Erythrocyte (blood),0.29115113710335955,537,0.10721491556724022,0.11940298507462686,11,1,0.40456337898315886,0.09090909090909091,False
GLU_NMDA_2B,neurotransmitter,Glutamate,NMDA receptor (GluN1/2B),Fibroblast / VLMC,Inhibitory neuron,0.4839868270433866,26,0.10793466003025359,0.12437810945273632,0,0,0.40695106710842593,0.0,False
GLU_MGLUR_III,neurotransmitter,Glutamate,Group III mGluR,Pericyte,Vascular smooth muscle,0.2753224494093556,59,0.10804400052149227,0.10945273631840796,0,0,0.40703532885673294,0.0,False
GABA_A,neurotransmitter,GABA,GABA-A receptor,Endothelial,Border macrophage,0.02520569603587073,381,0.10824676413646883,0.11940298507462686,10,1,0.4074711258202234,0.1,False
MDK_PTPRZ1,neuron_glia,Midkine,PTPRZ1,Choroid plexus,Border macrophage,0.05675190349215085,194,0.1084154971481,0.12437810945273632,3,1,0.40777822440189704,0.3333333333333333,False
SLIT_ROBO,guidance,Slit,Robo,Oligodendrocyte,Excitatory neuron,0.12166039330788737,601,0.10866630767900698,0.10945273631840796,12,1,0.4083932960884125,0.08333333333333333,False
GABA_A,neurotransmitter,GABA,GABA-A receptor,Choroid plexus,Fibroblast / VLMC,0.02022425851960113,138,0.10898394611428042,0.15920398009950248,2,0,0.40925833376301607,0.0,False
GLU_MGLUR_I,neurotransmitter,Glutamate,Group I mGluR,Border macrophage,Endothelial,0.4077654792254991,381,0.10917953034017475,0.0945273631840796,10,2,0.4096567859932392,0.2,False
GABA_A,neurotransmitter,GABA,GABA-A receptor,Erythrocyte (blood),T / NK cell,0.04812786708313249,526,0.10926515685393512,0.09950248756218906,12,1,0.4096567859932392,0.08333333333333333,False
PACAP_R,neuropeptide,PACAP,PACAP receptor,Erythrocyte (blood),Oligodendrocyte,0.02120172608804774,1342,0.10978951636750733,0.12437810945273632,10,1,0.4112931521886043,0.1,False
GLU_KAINATE,neurotransmitter,Glutamate,Kainate receptor,Erythrocyte (blood),Pericyte,0.911541797320048,225,0.11043792484731957,0.09950248756218906,5,0,0.4133912402884866,0.0,False
GLU_NMDA_2A,neurotransmitter,Glutamate,NMDA receptor (GluN1/2A),Ependymal,T / NK cell,0.5621887715924688,119,0.1110694194652897,0.14925373134328357,1,0,0.4153024240262178,0.0,False
NTF3_TRKC,neurotrophin,NT-3,TrkC,Border macrophage,Excitatory neuron,0.002969582574820902,1057,0.11112601728592109,0.13432835820895522,12,0,0.4153024240262178,0.0,False
BDNF_TRKB,neurotrophin,BDNF,TrkB,Oligodendrocyte,Erythrocyte (blood),0.036554051049597754,1342,0.1112340553016295,0.11442786069651742,10,1,0.4153744172037705,0.1,False
NRXN_NLGN,synaptic_adhesion,Neurexin,Neuroligin,Microglia,Astrocyte,0.7182537198912168,141,0.11169919051646221,0.09950248756218906,4,0,0.4164466234474316,0.0,False
CCK_R,neuropeptide,Cholecystokinin,CCK receptor,Vascular smooth muscle,Choroid plexus,0.5305787735298032,61,0.11164800601117514,0.1044776119402985,0,0,0.4164466234474316,0.0,False
CX3CL1_CX3CR1,neuron_glia,Fractalkine,CX3CR1,Erythrocyte (blood),T / NK cell,0.06296260014686295,526,0.11191463507800009,0.11940298507462686,12,2,0.41691765726907837,0.16666666666666666,False
GLU_MGLUR_I,neurotransmitter,Glutamate,Group I mGluR,Border macrophage,Pericyte,0.43906227201223375,160,0.11205741141979281,0.09950248756218906,3,1,0.4171174447360466,0.3333333333333333,False
PTN_PTPRZ1,neuron_glia,Pleiotrophin,PTPRZ1,Border macrophage,Inhibitory neuron,0.4527511461725775,53,0.1124897954565966,0.12437810945273632,0,0,0.4181015531413361,0.0,False
PACAP_R,neuropeptide,PACAP,PACAP receptor,T / NK cell,Excitatory neuron,0.0875271493297202,651,0.11250050339921824,0.12437810945273632,12,1,0.4181015531413361,0.08333333333333333,False
GLU_KAINATE,neurotransmitter,Glutamate,Kainate receptor,Oligodendrocyte,Pericyte,0.9629470972304649,141,0.11290956869972302,0.11442786069651742,1,0,0.41928878725873336,0.0,False
CCK_R,neuropeptide,Cholecystokinin,CCK receptor,Ependymal,Microglia,0.6182592274650694,63,0.11355664695743534,0.12935323383084577,1,0,0.4213572966802854,0.0,False
NRXN_NLGN,synaptic_adhesion,Neurexin,Neuroligin,Excitatory neuron,T / NK cell,0.7122199333483173,651,0.11417744877291447,0.12437810945273632,12,1,0.423325105236503,0.08333333333333333,False
NPY_R,neuropeptide,Neuropeptide Y,NPY receptor,Pericyte,T / NK cell,0.04843839168548584,100,0.11449125944687422,0.12437810945273632,0,0,0.4238835435331028,0.0,False
PACAP_R,neuropeptide,PACAP,PACAP receptor,Oligodendrocyte,Border macrophage,0.035916058889357914,429,0.11450925390592903,0.15422885572139303,9,1,0.4238835435331028,0.1111111111111111,False
SST_SSTR,neuropeptide,Somatostatin,Somatostatin receptor,Pericyte,T / NK cell,0.25124552607536316,100,0.11464725613454735,0.10945273631840796,0,0,0.4240589023348198,0.0,False
PDGFB_PDGFRB,neurovascular,PDGF-B,PDGFRB,Border macrophage,Fibroblast / VLMC,0.01412538263727637,408,0.11493334038581371,0.15920398009950248,7,1,0.42478127935641574,0.14285714285714285,False
VIP_R,neuropeptide,VIP,VIP receptor,Border macrophage,T / NK cell,0.031003747433423996,400,0.11537603434550764,0.11442786069651742,11,2,0.426080871904207,0.18181818181818182,False
GLU_NMDA_2A,neurotransmitter,Glutamate,NMDA receptor (GluN1/2A),Oligodendrocyte,T / NK cell,0.8186709136099741,453,0.11579943380683955,0.12437810945273632,9,1,0.42730721670520677,0.1111111111111111,False
CX3CL1_CX3CR1,neuron_glia,Fractalkine,CX3CR1,Erythrocyte (blood),Fibroblast / VLMC,0.06620858512834434,477,0.11612387375485178,0.1044776119402985,8,2,0.4278296104716154,0.25,False
PDGFB_PDGFRB,neurovascular,PDGF-B,PDGFRB,Astrocyte,Oligodendrocyte,0.006440891857035676,342,0.11609153483463341,0.15920398009950248,6,0,0.4278296104716154,0.0,False
SST_SSTR,neuropeptide,Somatostatin,Somatostatin receptor,Endothelial,Border macrophage,0.15939126599804937,381,0.11645420428763187,0.12935323383084577,10,1,0.428709065194201,0.1,False
GLU_MGLUR_I,neurotransmitter,Glutamate,Group I mGluR,Vascular smooth muscle,T / NK cell,0.4158981607315388,94,0.11760472430966923,0.11442786069651742,0,0,0.43244877836132345,0.0,False
IL34_CSF1R,neuron_glia,IL-34,CSF1R,Choroid plexus,Endothelial,0.02537217310496739,84,0.11765490379439297,0.15422885572139303,0,0,0.43244877836132345,0.0,False
CCK_R,neuropeptide,Cholecystokinin,CCK receptor,Border macrophage,Erythrocyte (blood),0.3794715707453917,848,0.11801740133697863,0.12935323383084577,12,0,0.43344067571092854,0.0,False
CCK_R,neuropeptide,Cholecystokinin,CCK receptor,Microglia,Vascular smooth muscle,0.5484716619764055,35,0.11834305847155613,0.14925373134328357,0,0,0.4339824274979333,0.0,False
VEGFA_R,neurovascular,VEGF-A,VEGF receptor,Erythrocyte (blood),Border macrophage,0.009989083902734631,848,0.11835041194429641,0.13930348258706468,12,2,0.4339824274979333,0.16666666666666666,False
GLU_NMDA_2B,neurotransmitter,Glutamate,NMDA receptor (GluN1/2B),Vascular smooth muscle,Pericyte,0.3837187532651222,59,0.11870598647992975,0.12437810945273632,0,0,0.4346050944754235,0.0,False
GABA_B,neurotransmitter,GABA,GABA-B receptor,Vascular smooth muscle,Erythrocyte (blood),0.01793785940242719,237,0.1186598300863102,0.14925373134328357,5,0,0.4346050944754235,0.0,False
GLU_MGLUR_II,neurotransmitter,Glutamate,Group II mGluR,T / NK cell,Excitatory neuron,1.0255441608883085,651,0.11961649422053555,0.11442786069651742,12,0,0.4350482795584679,0.0,False
CCK_R,neuropeptide,Cholecystokinin,CCK receptor,Choroid plexus,Inhibitory neuron,0.673063600063324,20,0.11975682497783857,0.13930348258706468,0,0,0.4350482795584679,0.0,False
CCK_R,neuropeptide,Cholecystokinin,CCK receptor,Pericyte,Border macrophage,0.4680947676301003,160,0.1190403219150365,0.10945273631840796,3,1,0.4350482795584679,0.3333333333333333,False
CCK_R,neuropeptide,Cholecystokinin,CCK receptor,Border macrophage,Endothelial,0.431274794843879,381,0.11910950827684103,0.13432835820895522,10,1,0.4350482795584679,0.1,False
GLU_MGLUR_III,neurotransmitter,Glutamate,Group III mGluR,Excitatory neuron,Endothelial,0.26690016173514997,595,0.11949084893628004,0.14427860696517414,12,2,0.4350482795584679,0.16666666666666666,False
PTN_PTPRZ1,neuron_glia,Pleiotrophin,PTPRZ1,Excitatory neuron,Fibroblast / VLMC,0.2627339554215242,499,0.1196384629267489,0.12935323383084577,7,1,0.4350482795584679,0.14285714285714285,False
SST_SSTR,neuropeptide,Somatostatin,Somatostatin receptor,Border macrophage,Endothelial,0.1413800239250103,381,0.1197177133375833,0.12437810945273632,10,1,0.4350482795584679,0.1,False
CX3CL1_CX3CR1,neuron_glia,Fractalkine,CX3CR1,Ependymal,Microglia,0.10667711117910961,63,0.11914035235759451,0.13930348258706468,1,0,0.4350482795584679,0.0,False
MDK_PTPRZ1,neuron_glia,Midkine,PTPRZ1,Oligodendrocyte,Border macrophage,0.05719247425630654,429,0.11959687801135493,0.12935323383084577,9,3,0.4350482795584679,0.3333333333333333,False
CX3CL1_CX3CR1,neuron_glia,Fractalkine,CX3CR1,Choroid plexus,Oligodendrocyte,0.03684417164844015,230,0.11936685876192349,0.12935323383084577,6,1,0.4350482795584679,0.16666666666666666,False
GLU_KAINATE,neurotransmitter,Glutamate,Kainate receptor,Microglia,Excitatory neuron,0.7403848139444987,225,0.1200970311638101,0.13432835820895522,5,0,0.4351956562828727,0.0,False
NRXN_NLGN,synaptic_adhesion,Neurexin,Neuroligin,Fibroblast / VLMC,Erythrocyte (blood),0.5373748405924383,477,0.12016943533179558,0.14427860696517414,8,0,0.4351956562828727,0.0,False
CX3CL1_CX3CR1,neuron_glia,Fractalkine,CX3CR1,Border macrophage,Fibroblast / VLMC,0.06057160975886326,408,0.11995948383725319,0.13930348258706468,7,2,0.4351956562828727,0.2857142857142857,False
GABA_B,neurotransmitter,GABA,GABA-B receptor,Microglia,T / NK cell,0.030434748530387877,80,0.12003874361820094,0.12437810945273632,0,0,0.4351956562828727,0.0,False
GLU_MGLUR_I,neurotransmitter,Glutamate,Group I mGluR,Excitatory neuron,Astrocyte,0.6238405959946769,336,0.12057015941392984,0.10945273631840796,9,1,0.4358025285177878,0.1111111111111111,False
GLU_KAINATE,neurotransmitter,Glutamate,Kainate receptor,Astrocyte,Pericyte,0.5662837197383245,120,0.12077015291413129,0.13930348258706468,1,0,0.4358025285177878,0.0,False
PACAP_R,neuropeptide,PACAP,PACAP receptor,Choroid plexus,Choroid plexus,0.08963721555968125,96,0.12072744873898755,0.12437810945273632,1,0,0.4358025285177878,0.0,False
RELN_R,guidance,Reelin,Reelin receptor,Microglia,Fibroblast / VLMC,0.04639163095018138,92,0.1208027098712483,0.15920398009950248,1,0,0.4358025285177878,0.0,False
GABA_B,neurotransmitter,GABA,GABA-B receptor,Choroid plexus,Astrocyte,0.02981279162984145,152,0.12054560363776723,0.11940298507462686,2,0,0.4358025285177878,0.0,False
GLU_MGLUR_I,neurotransmitter,Glutamate,Group I mGluR,Erythrocyte (blood),Endothelial,0.4321035682552993,594,0.12145132520195834,0.12935323383084577,12,2,0.43636070112330727,0.16666666666666666,False
PACAP_R,neuropeptide,PACAP,PACAP receptor,Excitatory neuron,Ependymal,0.08756013116697325,274,0.1214532135607232,0.13432835820895522,7,1,0.43636070112330727,0.14285714285714285,False
MDK_PTPRZ1,neuron_glia,Midkine,PTPRZ1,Ependymal,Choroid plexus,0.0776731264395792,61,0.12126155091863672,0.12935323383084577,0,0,0.43636070112330727,0.0,False
BDNF_TRKB,neurotrophin,BDNF,TrkB,Excitatory neuron,Ependymal,0.06761805463011247,274,0.12115892137253953,0.13930348258706468,7,1,0.43636070112330727,0.14285714285714285,False
PACAP_R,neuropeptide,PACAP,PACAP receptor,Ependymal,Oligodendrocyte,0.046438679975621844,221,0.12142926228917,0.14427860696517414,3,1,0.43636070112330727,0.3333333333333333,False
C3_CR3,neuron_glia,Complement C3,Complement receptor 3,Border macrophage,Astrocyte,0.0029806055763895198,516,0.1215169894344239,0.08955223880597014,8,0,0.43636070112330727,0.0,False
NRXN_NLGN,synaptic_adhesion,Neurexin,Neuroligin,Fibroblast / VLMC,Pericyte,0.5052998169608738,92,0.12169592184853778,0.12437810945273632,1,0,0.43644467478501536,0.0,False
GABA_A,neurotransmitter,GABA,GABA-A receptor,Border macrophage,Fibroblast / VLMC,0.027941666981753183,408,0.12176933648263072,0.12935323383084577,7,1,0.43644467478501536,0.14285714285714285,False
PDGFB_PDGFRB,neurovascular,PDGF-B,PDGFRB,Pericyte,Choroid plexus,0.0188382675008076,41,0.12182020629818979,0.1044776119402985,0,0,0.43644467478501536,0.0,False
SLIT_ROBO,guidance,Slit,Robo,Vascular smooth muscle,Pericyte,0.11912314972635042,59,0.12233496053245074,0.13432835820895522,0,0,0.4379535427171668,0.0,False
GLU_NMDA_2A,neurotransmitter,Glutamate,NMDA receptor (GluN1/2A),Choroid plexus,Border macrophage,0.7247934869884216,194,0.12262585309617269,0.11940298507462686,3,0,0.4380946951095711,0.0,False
PACAP_R,neuropeptide,PACAP,PACAP receptor,Excitatory neuron,Vascular smooth muscle,0.0973365773095025,225,0.12288958347978018,0.12935323383084577,4,0,0.4380946951095711,0.0,False
CORT_SSTR,neuropeptide,Cortistatin,Somatostatin receptor,Inhibitory neuron,Endothelial,0.08294285762877691,42,0.12266915830990954,0.15422885572139303,0,0,0.4380946951095711,0.0,False
MDK_PTPRZ1,neuron_glia,Midkine,PTPRZ1,Erythrocyte (blood),Oligodendrocyte,0.05025719650278503,1342,0.12284407886850063,0.13432835820895522,10,1,0.4380946951095711,0.1,False
GABA_B,neurotransmitter,GABA,GABA-B receptor,Oligodendrocyte,Erythrocyte (blood),0.021781555586529205,1342,0.12293616898458365,0.13930348258706468,10,0,0.4380946951095711,0.0,False
PDGFB_PDGFRB,neurovascular,PDGF-B,PDGFRB,Vascular smooth muscle,Vascular smooth muscle,0.008671572395399505,408,0.12293397998327554,0.16417910447761194,7,1,0.4380946951095711,0.14285714285714285,False
GLU_MGLUR_II,neurotransmitter,Glutamate,Group II mGluR,Choroid plexus,Pericyte,1.2813982963562012,41,0.12381002985324491,0.14427860696517414,0,0,0.44020298608155994,0.0,False
SST_SSTR,neuropeptide,Somatostatin,Somatostatin receptor,Fibroblast / VLMC,Microglia,0.1914348006248474,92,0.12362314523761214,0.11940298507462686,1,0,0.44020298608155994,0.0,False
NTF3_TRKC,neurotrophin,NT-3,TrkC,Erythrocyte (blood),Erythrocyte (blood),0.0015502665878251063,6296,0.12378567014796554,0.11940298507462686,12,0,0.44020298608155994,0.0,False
GABA_A,neurotransmitter,GABA,GABA-A receptor,Choroid plexus,Choroid plexus,0.018643829350670178,96,0.12393484822978545,0.12437810945273632,1,0,0.44031219048380116,0.0,False
APOE_TREM2,neuron_glia,ApoE,TREM2,Vascular smooth muscle,Oligodendrocyte,0.04833039370450107,99,0.12451157183886058,0.13930348258706468,0,0,0.44202552703644055,0.0,False
GABA_B,neurotransmitter,GABA,GABA-B receptor,Endothelial,Ependymal,0.023564590021894483,203,0.12480965813552536,0.13432835820895522,3,0,0.44274783200615864,0.0,False
PTN_PTPRZ1,neuron_glia,Pleiotrophin,PTPRZ1,Oligodendrocyte,Ependymal,0.3176631522933822,221,0.12497204262619499,0.13930348258706468,3,0,0.44298802079391386,0.0,False
GLU_MGLUR_I,neurotransmitter,Glutamate,Group I mGluR,Fibroblast / VLMC,T / NK cell,0.41486110406763416,221,0.1254845304903104,0.13930348258706468,4,0,0.4444679168540214,0.0,False
GLU_NMDA_2B,neurotransmitter,Glutamate,NMDA receptor (GluN1/2B),Ependymal,Erythrocyte (blood),0.35079280321034156,241,0.12560392183623692,0.13930348258706468,6,2,0.4445542740330958,0.3333333333333333,False
GLU_MGLUR_III,neurotransmitter,Glutamate,Group III mGluR,Vascular smooth muscle,Vascular smooth muscle,0.2164301404766008,408,0.12570283482750766,0.12935323383084577,7,2,0.4445680757051461,0.2857142857142857,False
GABA_A,neurotransmitter,GABA,GABA-A receptor,Excitatory neuron,Pericyte,0.030171933828615674,255,0.12608287755480263,0.14925373134328357,7,0,0.4455753656185208,0.0,False
GLU_NMDA_2A,neurotransmitter,Glutamate,NMDA receptor (GluN1/2A),Erythrocyte (blood),Inhibitory neuron,0.7304960034110329,55,0.12643126284661438,0.15422885572139303,0,0,0.4461326386570955,0.0,False
SST_SSTR,neuropeptide,Somatostatin,Somatostatin receptor,Excitatory neuron,Inhibitory neuron,0.19956899027932773,88,0.12634076997728694,0.13930348258706468,0,0,0.4461326386570955,0.0,False
GLU_MGLUR_II,neurotransmitter,Glutamate,Group II mGluR,Erythrocyte (blood),Border macrophage,0.9358216689302111,848,0.12682481899929832,0.11940298507462686,12,3,0.44708323363997954,0.25,False
GLU_NMDA_2A,neurotransmitter,Glutamate,NMDA receptor (GluN1/2A),Inhibitory neuron,Oligodendrocyte,0.6548322677612305,40,0.12689175769905808,0.14925373134328357,0,0,0.44708323363997954,0.0,False
APOE_TREM2,neuron_glia,ApoE,TREM2,T / NK cell,Erythrocyte (blood),0.03098415784509463,526,0.1272624046670905,0.14925373134328357,12,0,0.44805176180384976,0.0,False
GABA_B,neurotransmitter,GABA,GABA-B receptor,Microglia,Pericyte,0.16167810468962698,33,0.127492789094945,0.14427860696517414,0,0,0.44812520736722544,0.0,False
BDNF_TRKB,neurotrophin,BDNF,TrkB,Choroid plexus,Endothelial,0.08367189623060681,84,0.1275705869230913,0.13930348258706468,0,0,0.44812520736722544,0.0,False
NPY_R,neuropeptide,Neuropeptide Y,NPY receptor,T / NK cell,Excitatory neuron,0.03824782353209277,651,0.12743661777075294,0.12935323383084577,12,1,0.44812520736722544,0.08333333333333333,False
GLU_AMPA,neurotransmitter,Glutamate,AMPA receptor,Inhibitory neuron,Border macrophage,1.4622078931556557,53,0.12825491142038503,0.16417910447761194,0,0,0.4481738092128316,0.0,False
SST_SSTR,neuropeptide,Somatostatin,Somatostatin receptor,Pericyte,Erythrocyte (blood),0.1912074875831604,225,0.1278722088803395,0.11940298507462686,5,0,0.4481738092128316,0.0,False
MDK_PTPRZ1,neuron_glia,Midkine,PTPRZ1,Oligodendrocyte,Erythrocyte (blood),0.05515021503238138,1342,0.128135229423341,0.14427860696517414,10,1,0.4481738092128316,0.1,False
PACAP_R,neuropeptide,PACAP,PACAP receptor,Border macrophage,Astrocyte,0.04380245425904444,516,0.12774019814259863,0.13930348258706468,8,2,0.4481738092128316,0.25,False
ANGPT1_TEK,neurovascular,Angiopoietin-1,TIE2,Fibroblast / VLMC,Astrocyte,0.004557212297829034,382,0.1279959031114467,0.09950248756218906,7,0,0.4481738092128316,0.0,False
PENK_OPR,neuropeptide,Enkephalin,Delta/mu opioid receptor,Excitatory neuron,T / NK cell,0.0037375284779456353,651,0.12794853445161397,0.13930348258706468,12,1,0.4481738092128316,0.08333333333333333,False
PENK_OPR,neuropeptide,Enkephalin,Delta/mu opioid receptor,Oligodendrocyte,Excitatory neuron,0.0030547917980124272,601,0.12817533073809073,0.13930348258706468,12,0,0.4481738092128316,0.0,False
NRXN_NLGN,synaptic_adhesion,Neurexin,Neuroligin,Microglia,Pericyte,0.7702372941103849,33,0.1285863208341862,0.12935323383084577,0,0,0.44832741816926763,0.0,False
GLU_NMDA_2B,neurotransmitter,Glutamate,NMDA receptor (GluN1/2B),Oligodendrocyte,Inhibitory neuron,0.5310335755348206,40,0.12847856394537832,0.13930348258706468,0,0,0.44832741816926763,0.0,False
GLU_MGLUR_III,neurotransmitter,Glutamate,Group III mGluR,Microglia,Fibroblast / VLMC,0.1979290246963501,92,0.12854996914394778,0.1044776119402985,1,0,0.44832741816926763,0.0,False
GLU_KAINATE,neurotransmitter,Glutamate,Kainate receptor,Oligodendrocyte,Inhibitory neuron,0.9519288599491119,40,0.1287567760055635,0.14427860696517414,0,0,0.4485874571333073,0.0,False
PENK_OPR,neuropeptide,Enkephalin,Delta/mu opioid receptor,Pericyte,Excitatory neuron,0.004919782573101567,255,0.12919650506652602,0.0845771144278607,7,1,0.44978455893324054,0.14285714285714285,False
APOE_LRP1,neuron_glia,ApoE,LRP1,Erythrocyte (blood),Choroid plexus,1.127627764551443,279,0.12954193403651565,0.15920398009950248,7,1,0.4503170203245592,0.14285714285714285,False
NPY_R,neuropeptide,Neuropeptide Y,NPY receptor,Astrocyte,T / NK cell,0.030535511415580224,232,0.12954080663433887,0.10945273631840796,4,1,0.4503170203245592,0.25,False
GLU_NMDA_2B,neurotransmitter,Glutamate,NMDA receptor (GluN1/2B),Endothelial,Oligodendrocyte,0.44991151961413295,220,0.1305471123322824,0.13930348258706468,4,1,0.4531330361813513,0.25,False
CORT_SSTR,neuropeptide,Cortistatin,Somatostatin receptor,Vascular smooth muscle,Excitatory neuron,0.03071403079562717,225,0.1306425445199066,0.13432835820895522,4,0,0.4531330361813513,0.0,False
CORT_SSTR,neuropeptide,Cortistatin,Somatostatin receptor,Microglia,Erythrocyte (blood),0.02375963715945973,170,0.1305365701246356,0.13432835820895522,4,0,0.4531330361813513,0.0,False
GLU_KAINATE,neurotransmitter,Glutamate,Kainate receptor,Erythrocyte (blood),Microglia,0.7879440482924966,170,0.13172125035577759,0.15920398009950248,4,0,0.4559654961525083,0.0,False
NRXN_NLGN,synaptic_adhesion,Neurexin,Neuroligin,T / NK cell,Microglia,0.7696460537612438,80,0.1317515175888419,0.14427860696517414,0,0,0.4559654961525083,0.0,False
CORT_SSTR,neuropeptide,Cortistatin,Somatostatin receptor,Erythrocyte (blood),T / NK cell,0.016905050313971343,526,0.13173632601391905,0.16417910447761194,12,0,0.4559654961525083,0.0,False
CCK_R,neuropeptide,Cholecystokinin,CCK receptor,Border macrophage,Fibroblast / VLMC,0.3860131765113157,408,0.13222233066099076,0.15422885572139303,7,1,0.4572566778734485,0.14285714285714285,False
GLU_MGLUR_I,neurotransmitter,Glutamate,Group I mGluR,Excitatory neuron,Vascular smooth muscle,0.6184303824106853,225,0.13264467864367535,0.14925373134328357,4,0,0.45837847221104655,0.0,False
VIP_R,neuropeptide,VIP,VIP receptor,Excitatory neuron,Border macrophage,0.025026566060850276,1057,0.13276743885695136,0.16417910447761194,12,2,0.45846409329274934,0.16666666666666666,False
GLU_MGLUR_III,neurotransmitter,Glutamate,Group III mGluR,Erythrocyte (blood),Pericyte,0.24540912363264294,225,0.13320450234414033,0.13930348258706468,5,1,0.45963411981433083,0.2,False
NRXN_NLGN,synaptic_adhesion,Neurexin,Neuroligin,Endothelial,Microglia,0.5532397486087752,82,0.1333184670449689,0.12935323383084577,0,0,0.45968836205114927,0.0,False
GLU_AMPA,neurotransmitter,Glutamate,AMPA receptor,Oligodendrocyte,Border macrophage,1.8835534413099844,429,0.13358098090767473,0.11442786069651742,9,2,0.46025435174301177,0.2222222222222222,False
GABA_A,neurotransmitter,GABA,GABA-A receptor,Endothelial,Ependymal,0.016917381967817034,203,0.13385420051436836,0.12437810945273632,3,0,0.46060955743480636,0.0,False
TAC1_NK1,neuropeptide,Substance P,NK1 receptor,Pericyte,Erythrocyte (blood),0.007968442175123427,225,0.13388095706589798,0.13432835820895522,5,0,0.46060955743480636,0.0,False
CORT_SSTR,neuropeptide,Cortistatin,Somatostatin receptor,Border macrophage,Oligodendrocyte,0.015064911408857866,429,0.1340427203403753,0.15422885572139303,9,0,0.4608272508983218,0.0,False
MDK_PTPRZ1,neuron_glia,Midkine,PTPRZ1,Excitatory neuron,Choroid plexus,0.034736145879620706,321,0.13440095726023116,0.15422885572139303,7,0,0.4617195881208675,0.0,False
GLU_KAINATE,neurotransmitter,Glutamate,Kainate receptor,Excitatory neuron,Microglia,1.076558624903361,225,0.13475768594612852,0.14427860696517414,5,1,0.4622662848547914,0.2,False
C1Q_LRP1,neuron_glia,C1q,LRP1,Microglia,Endothelial,0.10087556955291004,82,0.13468462635343964,0.13432835820895522,0,0,0.4622662848547914,0.0,False
CX3CL1_CX3CR1,neuron_glia,Fractalkine,CX3CR1,T / NK cell,Inhibitory neuron,0.18428988116128103,28,0.13511590828642706,0.1791044776119403,0,0,0.4631555566829247,0.0,False
GLU_MGLUR_I,neurotransmitter,Glutamate,Group I mGluR,Oligodendrocyte,OPC,0.4691750109195709,48,0.13556659252262282,0.13930348258706468,0,0,0.4643602389556019,0.0,False
GABA_A,neurotransmitter,GABA,GABA-A receptor,Fibroblast / VLMC,Ependymal,0.01350811549595424,245,0.1358536269390636,0.14925373134328357,6,0,0.4650030142266852,0.0,False
PACAP_R,neuropeptide,PACAP,PACAP receptor,Endothelial,Endothelial,0.07138968296084844,282,0.13607651672991594,0.14427860696517414,7,1,0.4654254545170151,0.14285714285714285,False
APOE_LRP1,neuron_glia,ApoE,LRP1,Ependymal,Microglia,0.9624761702522399,63,0.13631355912104437,0.15920398009950248,1,0,0.4658956487416849,0.0,False
GABA_B,neurotransmitter,GABA,GABA-B receptor,T / NK cell,Choroid plexus,0.07528353867859676,116,0.13680126866774395,0.1890547263681592,2,0,0.46624800570127706,0.0,False
GABA_B,neurotransmitter,GABA,GABA-B receptor,Pericyte,Border macrophage,0.06200564950704575,160,0.1366306462801919,0.15920398009950248,3,0,0.46624800570127706,0.0,False
PACAP_R,neuropeptide,PACAP,PACAP receptor,T / NK cell,Erythrocyte (blood),0.048798569821586174,526,0.1368707785705695,0.15422885572139303,12,2,0.46624800570127706,0.16666666666666666,False
BDNF_TRKB,neurotrophin,BDNF,TrkB,Oligodendrocyte,Border macrophage,0.043049014253771944,429,0.1369148877609649,0.14925373134328357,9,0,0.46624800570127706,0.0,False
GABA_A,neurotransmitter,GABA,GABA-A receptor,Pericyte,Fibroblast / VLMC,0.018756624149239582,92,0.13654162923433727,0.14925373134328357,1,0,0.46624800570127706,0.0,False
CORT_SSTR,neuropeptide,Cortistatin,Somatostatin receptor,Ependymal,Border macrophage,0.028511490564623314,241,0.13720544586987748,0.14925373134328357,5,1,0.46689765907284125,0.2,False
APOE_LRP1,neuron_glia,ApoE,LRP1,Astrocyte,Pericyte,1.5206347246964773,120,0.13761692640477252,0.11442786069651742,1,1,0.46761771869856983,1.0,False
BDNF_TRKB,neurotrophin,BDNF,TrkB,OPC,Oligodendrocyte,0.25374404589335126,48,0.13754068945264536,0.13930348258706468,0,0,0.46761771869856983,0.0,False
GABA_A,neurotransmitter,GABA,GABA-A receptor,Ependymal,Ependymal,0.012014436995846102,174,0.138284052386123,0.1691542288557214,4,0,0.46954360022835234,0.0,False
NRG1_ERBB4,guidance,Neuregulin-1,ErbB4,Astrocyte,Excitatory neuron,0.015991937546502976,336,0.138435319654173,0.13432835820895522,9,0,0.4697163601608959,0.0,False
GLU_AMPA,neurotransmitter,Glutamate,AMPA receptor,Ependymal,Choroid plexus,1.5670330289934502,61,0.1385568948363779,0.15422885572139303,0,0,0.4697881963329074,0.0,False
APOE_LRP1,neuron_glia,ApoE,LRP1,Choroid plexus,Oligodendrocyte,1.136839518858039,230,0.1397372001108666,0.14427860696517414,6,0,0.47213105332060984,0.0,False
CCK_R,neuropeptide,Cholecystokinin,CCK receptor,Border macrophage,Microglia,0.47280246525808095,153,0.1393793866062179,0.15422885572139303,3,0,0.47213105332060984,0.0,False
GLU_NMDA_2B,neurotransmitter,Glutamate,NMDA receptor (GluN1/2B),Ependymal,Border macrophage,0.30228765277941694,241,0.13985331051557282,0.17412935323383086,5,1,0.47213105332060984,0.2,False
BDNF_TRKB,neurotrophin,BDNF,TrkB,T / NK cell,Choroid plexus,0.1002552632627816,116,0.13968535256366382,0.15422885572139303,2,0,0.47213105332060984,0.0,False
GABA_A,neurotransmitter,GABA,GABA-A receptor,Microglia,Endothelial,0.034008590186514503,82,0.13975835165135575,0.12437810945273632,0,0,0.47213105332060984,0.0,False
VEGFA_R,neurovascular,VEGF-A,VEGF receptor,Erythrocyte (blood),Choroid plexus,0.011246437667518533,279,0.13948769865527783,0.14925373134328357,7,0,0.47213105332060984,0.0,False
GABA_A,neurotransmitter,GABA,GABA-A receptor,Vascular smooth muscle,Border macrophage,0.014221146339323462,164,0.14021794268905585,0.14427860696517414,1,0,0.4730207309604126,0.0,False
CX3CL1_CX3CR1,neuron_glia,Fractalkine,CX3CR1,OPC,Astrocyte,0.09242566772129225,23,0.140505295295497,0.14427860696517414,0,0,0.473648614328264,0.0,False
VIP_R,neuropeptide,VIP,VIP receptor,Erythrocyte (blood),Erythrocyte (blood),0.01883539192974946,6296,0.14065950825054335,0.16417910447761194,12,0,0.47382709798725153,0.0,False
NRXN_NLGN,synaptic_adhesion,Neurexin,Neuroligin,Excitatory neuron,Fibroblast / VLMC,0.704669933041972,499,0.14081351545989185,0.14427860696517414,7,0,0.47400463225671513,0.0,False
NRXN_NLGN,synaptic_adhesion,Neurexin,Neuroligin,Pericyte,Astrocyte,0.4567769393324852,120,0.14093628208810638,0.15920398009950248,1,0,0.4740768252266353,0.0,False
CSF1_CSF1R,neuron_glia,CSF-1,CSF1R,Excitatory neuron,Erythrocyte (blood),0.003924113686775929,1535,0.14114097332081005,0.14427860696517414,12,2,0.47442429178740675,0.16666666666666666,False
GLU_MGLUR_II,neurotransmitter,Glutamate,Group II mGluR,Erythrocyte (blood),Erythrocyte (blood),0.9506138149729375,6296,0.14155830735961394,0.14925373134328357,12,1,0.4754855133780572,0.08333333333333333,False
NPY_R,neuropeptide,Neuropeptide Y,NPY receptor,Excitatory neuron,Erythrocyte (blood),0.02287881017119566,1535,0.14189047458237042,0.14925373134328357,12,1,0.47625934761184446,0.08333333333333333,False
GLU_KAINATE,neurotransmitter,Glutamate,Kainate receptor,Border macrophage,Vascular smooth muscle,0.7623263568412967,164,0.14252528628343647,0.13930348258706468,1,0,0.4775116993022733,0.0,False
GLU_KAINATE,neurotransmitter,Glutamate,Kainate receptor,Ependymal,Microglia,0.7440851907881479,63,0.14256974651106558,0.15422885572139303,1,0,0.4775116993022733,0.0,False
PACAP_R,neuropeptide,PACAP,PACAP receptor,Border macrophage,Pericyte,0.09429150968790054,160,0.14238725861287965,0.14427860696517414,3,0,0.4775116993022733,0.0,False
GLU_AMPA,neurotransmitter,Glutamate,AMPA receptor,Endothelial,Inhibitory neuron,1.9161254990668524,42,0.1429303514189471,0.14925373134328357,0,0,0.4783002118627407,0.0,False
GABA_A,neurotransmitter,GABA,GABA-A receptor,Pericyte,Endothelial,0.05347145045245135,108,0.1430096166693683,0.1791044776119403,0,0,0.4783002118627407,0.0,False
APOE_LRP1,neuron_glia,ApoE,LRP1,Endothelial,Astrocyte,1.1433644766430202,417,0.14353036078826698,0.14925373134328357,6,0,0.4795944906862448,0.0,False
PTN_PTPRZ1,neuron_glia,Pleiotrophin,PTPRZ1,Astrocyte,Oligodendrocyte,0.33373270362441304,342,0.14375170314616575,0.15422885572139303,6,0,0.4795944906862448,0.0,False
BDNF_TRKB,neurotrophin,BDNF,TrkB,T / NK cell,Inhibitory neuron,0.1565967627934047,28,0.14380659765608067,0.1890547263681592,0,0,0.4795944906862448,0.0,False
SLIT_ROBO,guidance,Slit,Robo,Excitatory neuron,Erythrocyte (blood),0.11468769082805622,1535,0.14366582865601907,0.14427860696517414,12,1,0.4795944906862448,0.08333333333333333,False
APOE_LRP1,neuron_glia,ApoE,LRP1,Vascular smooth muscle,Choroid plexus,1.3667751296621855,61,0.14392257756791,0.16417910447761194,0,0,0.4796394162679849,0.0,False
MDK_PTPRZ1,neuron_glia,Midkine,PTPRZ1,Erythrocyte (blood),Choroid plexus,0.06622325850643992,279,0.14426657632394035,0.15920398009950248,7,0,0.48044363745175583,0.0,False
APOE_LRP1,neuron_glia,ApoE,LRP1,Pericyte,Pericyte,1.1213056307572584,26,0.14438374363567402,0.15422885572139303,0,0,0.4804918467079081,0.0,False
SLIT_ROBO,guidance,Slit,Robo,Ependymal,Ependymal,0.06340699839866025,174,0.14489783811699347,0.15920398009950248,4,0,0.48185997480413106,0.0,False
NRXN_NLGN,synaptic_adhesion,Neurexin,Neuroligin,OPC,Oligodendrocyte,0.4764564223587513,48,0.14509970892110235,0.14427860696517414,0,0,0.48218859235925987,0.0,False
GLU_MGLUR_III,neurotransmitter,Glutamate,Group III mGluR,Pericyte,T / NK cell,0.24480663418769835,100,0.14525828556402587,0.13930348258706468,0,0,0.482372972430147,0.0,False
GABA_B,neurotransmitter,GABA,GABA-B receptor,Astrocyte,Choroid plexus,0.0351724416801804,152,0.14541369017153866,0.1791044776119403,2,0,0.48254656476073005,0.0,False
CRH_R,neuropeptide,CRH,CRH receptor,Excitatory neuron,Erythrocyte (blood),0.001773076104030547,1535,0.1456183227808936,0.18407960199004975,12,0,0.48288315541587606,0.0,False
CSF1_CSF1R,neuron_glia,CSF-1,CSF1R,Excitatory neuron,Border macrophage,0.0051741194589699675,1057,0.14628097132512324,0.14427860696517414,12,1,0.4847370147523029,0.08333333333333333,False
APOE_LRP1,neuron_glia,ApoE,LRP1,Endothelial,Choroid plexus,1.244708898521605,84,0.14676006725882923,0.16417910447761194,0,0,0.4856367430721796,0.0,False
CRH_R,neuropeptide,CRH,CRH receptor,Fibroblast / VLMC,Endothelial,0.003299433019663721,223,0.14675695671847583,0.07462686567164178,5,1,0.4856367430721796,0.2,False
NRXN_NLGN,synaptic_adhesion,Neurexin,Neuroligin,Oligodendrocyte,Excitatory neuron,0.6631996369798251,601,0.14699886421509978,0.15422885572139303,12,1,0.48608317007947127,0.08333333333333333,False
CORT_SSTR,neuropeptide,Cortistatin,Somatostatin receptor,Excitatory neuron,Inhibitory neuron,0.03698024695569819,88,0.14754134445541423,0.1890547263681592,0,0,0.48753245106418297,0.0,False
GLU_MGLUR_III,neurotransmitter,Glutamate,Group III mGluR,Excitatory neuron,Oligodendrocyte,0.2900449475908835,601,0.147904236650874,0.13432835820895522,12,1,0.4880422590193508,0.08333333333333333,False
GABA_B,neurotransmitter,GABA,GABA-B receptor,Ependymal,Pericyte,0.0429119509127405,72,0.14780774980415878,0.16417910447761194,0,0,0.4880422590193508,0.0,False
GLU_NMDA_2B,neurotransmitter,Glutamate,NMDA receptor (GluN1/2B),Endothelial,Ependymal,0.25815547510908154,203,0.14884051929192676,0.15422885572139303,3,0,0.4907856164671779,0.0,False
CRH_R,neuropeptide,CRH,CRH receptor,Border macrophage,Fibroblast / VLMC,0.0030111688024857465,408,0.14919590427756313,0.07462686567164178,7,1,0.49161101134839286,0.14285714285714285,False
GLU_NMDA_2B,neurotransmitter,Glutamate,NMDA receptor (GluN1/2B),Choroid plexus,Inhibitory neuron,0.5681001543998718,20,0.14949596581076813,0.15422885572139303,0,0,0.49225307813411967,0.0,False
GLU_MGLUR_II,neurotransmitter,Glutamate,Group II mGluR,Ependymal,T / NK cell,0.7489980684608972,119,0.1498742689025938,0.14925373134328357,1,0,0.4924259179277154,0.0,False
SLIT_ROBO,guidance,Slit,Robo,Pericyte,Astrocyte,0.08744353502988815,120,0.1498249974608084,0.15920398009950248,1,0,0.4924259179277154,0.0,False
NPY_R,neuropeptide,Neuropeptide Y,NPY receptor,Vascular smooth muscle,Astrocyte,0.029079850212934147,237,0.1499694236048289,0.14427860696517414,7,1,0.4924259179277154,0.14285714285714285,False
VEGFA_R,neurovascular,VEGF-A,VEGF receptor,Pericyte,Erythrocyte (blood),0.008064188427395291,225,0.14969952999065683,0.14925373134328357,5,0,0.4924259179277154,0.0,False
POMC_MC4R,neuropeptide,alpha-MSH,Melanocortin receptor,Erythrocyte (blood),Erythrocyte (blood),0.00022010158704832821,6296,0.15021320262245452,0.14925373134328357,12,1,0.4928804874266933,0.08333333333333333,False
APOE_LRP1,neuron_glia,ApoE,LRP1,Excitatory neuron,Border macrophage,0.9387311963620001,1057,0.15075228225240223,0.15920398009950248,12,1,0.4929441436643522,0.08333333333333333,False
GLU_KAINATE,neurotransmitter,Glutamate,Kainate receptor,Inhibitory neuron,Excitatory neuron,0.6989725110205737,88,0.15156138864963403,0.17412935323383086,0,0,0.4929441436643522,0.0,False
GLU_KAINATE,neurotransmitter,Glutamate,Kainate receptor,Ependymal,Vascular smooth muscle,0.6201668097214266,88,0.15111146492733707,0.14427860696517414,0,0,0.4929441436643522,0.0,False
GLU_MGLUR_I,neurotransmitter,Glutamate,Group I mGluR,Choroid plexus,Vascular smooth muscle,0.5406785069919023,61,0.15170753726793484,0.17412935323383086,0,0,0.4929441436643522,0.0,False
GLU_NMDA_2B,neurotransmitter,Glutamate,NMDA receptor (GluN1/2B),Excitatory neuron,Fibroblast / VLMC,0.49752239856070174,499,0.1515443762728017,0.15920398009950248,7,0,0.4929441436643522,0.0,False
NRXN_NLGN,synaptic_adhesion,Neurexin,Neuroligin,Fibroblast / VLMC,Astrocyte,0.3458431893618319,382,0.1515903604859682,0.17412935323383086,7,0,0.4929441436643522,0.0,False
SST_SSTR,neuropeptide,Somatostatin,Somatostatin receptor,Astrocyte,Choroid plexus,0.14258551754449544,152,0.15036259501221588,0.13432835820895522,2,0,0.4929441436643522,0.0,False
SST_SSTR,neuropeptide,Somatostatin,Somatostatin receptor,T / NK cell,Oligodendrocyte,0.1367028725331456,453,0.151590044260015,0.1791044776119403,9,0,0.4929441436643522,0.0,False
CX3CL1_CX3CR1,neuron_glia,Fractalkine,CX3CR1,Microglia,Microglia,0.08873235044025239,42,0.1511689498704324,0.15920398009950248,0,0,0.4929441436643522,0.0,False
NPY_R,neuropeptide,Neuropeptide Y,NPY receptor,Endothelial,Erythrocyte (blood),0.029512351911878745,594,0.15165794366371393,0.13930348258706468,12,3,0.4929441436643522,0.25,False
VEGFA_R,neurovascular,VEGF-A,VEGF receptor,Inhibitory neuron,Endothelial,0.02872309514454433,42,0.15060117302998477,0.19900497512437812,0,0,0.4929441436643522,0.0,False
NPY_R,neuropeptide,Neuropeptide Y,NPY receptor,T / NK cell,Erythrocyte (blood),0.02676208311613975,526,0.15166881400594023,0.14427860696517414,12,1,0.4929441436643522,0.08333333333333333,False
IL34_CSF1R,neuron_glia,IL-34,CSF1R,Fibroblast / VLMC,Vascular smooth muscle,0.01542857095792696,154,0.15117585031853864,0.13432835820895522,2,1,0.4929441436643522,0.5,False
GAL_R,neuropeptide,Galanin,Galanin receptor,T / NK cell,Excitatory neuron,0.002186659111222181,651,0.15133606674453398,0.14925373134328357,12,1,0.4929441436643522,0.08333333333333333,False
APOE_LRP1,neuron_glia,ApoE,LRP1,Excitatory neuron,Vascular smooth muscle,1.0533278033468458,225,0.1524139401503048,0.1691542288557214,4,0,0.4943746785691956,0.0,False
GLU_NMDA_2A,neurotransmitter,Glutamate,NMDA receptor (GluN1/2A),Border macrophage,Fibroblast / VLMC,0.5629584657795289,408,0.1526528874436185,0.1691542288557214,7,2,0.4943746785691956,0.2857142857142857,False
PTN_PTPRZ1,neuron_glia,Pleiotrophin,PTPRZ1,Fibroblast / VLMC,Microglia,0.37309550785500073,92,0.15259577289571075,0.1691542288557214,1,0,0.4943746785691956,0.0,False
GLU_MGLUR_III,neurotransmitter,Glutamate,Group III mGluR,Erythrocyte (blood),Endothelial,0.19641195603894063,594,0.1526760868844812,0.13432835820895522,12,1,0.4943746785691956,0.08333333333333333,False
WNT7_FZD4,neurovascular,Wnt7a/b,Frizzled-4 / GPR124,Erythrocyte (blood),Excitatory neuron,0.0005554819340037989,1535,0.15238277922195753,0.08955223880597014,12,1,0.4943746785691956,0.08333333333333333,False
NRXN_NLGN,synaptic_adhesion,Neurexin,Neuroligin,Vascular smooth muscle,T / NK cell,0.5143467733200561,94,0.15312547936985826,0.17412935323383086,0,0,0.49480256765992187,0.0,False
RELN_R,guidance,Reelin,Reelin receptor,Choroid plexus,Erythrocyte (blood),0.03422642608697269,279,0.153079273787307,0.16417910447761194,7,1,0.49480256765992187,0.14285714285714285,False
IL34_CSF1R,neuron_glia,IL-34,CSF1R,Choroid plexus,Astrocyte,0.0057776797758905514,152,0.15306107179163853,0.23383084577114427,2,0,0.49480256765992187,0.0,False
GLU_AMPA,neurotransmitter,Glutamate,AMPA receptor,Microglia,Endothelial,1.77603160171974,82,0.15327152076643846,0.14925373134328357,0,0,0.49493267471785063,0.0,False
SLIT_ROBO,guidance,Slit,Robo,Astrocyte,Erythrocyte (blood),0.06359996043104033,537,0.1536844157929233,0.14427860696517414,11,0,0.49558193073403733,0.0,False
GAL_R,neuropeptide,Galanin,Galanin receptor,Excitatory neuron,Ependymal,0.002407442261702823,274,0.1536117846677374,0.0945273631840796,7,0,0.49558193073403733,0.0,False
MDK_PTPRZ1,neuron_glia,Midkine,PTPRZ1,Erythrocyte (blood),Microglia,0.06960755761931925,170,0.15394911803923672,0.15422885572139303,4,1,0.4960936110920032,0.25,False
GLU_AMPA,neurotransmitter,Glutamate,AMPA receptor,Endothelial,Oligodendrocyte,2.032516834410754,220,0.1541479311953774,0.1791044776119403,4,1,0.4963924088528361,0.25,False
GLU_MGLUR_I,neurotransmitter,Glutamate,Group I mGluR,Astrocyte,Erythrocyte (blood),0.31608567657417425,537,0.15453309729926157,0.15920398009950248,11,2,0.49729048298710105,0.18181818181818182,False
GLU_MGLUR_II,neurotransmitter,Glutamate,Group II mGluR,T / NK cell,Vascular smooth muscle,1.0897065185486001,94,0.15515155640844552,0.16417910447761194,0,0,0.4989375480653722,0.0,False
GLU_KAINATE,neurotransmitter,Glutamate,Kainate receptor,Oligodendrocyte,Endothelial,0.8509445418011058,220,0.1553662507558653,0.18407960199004975,4,1,0.4991935023596227,0.25,False
VIP_R,neuropeptide,VIP,VIP receptor,Excitatory neuron,Vascular smooth muscle,0.03659651305940416,225,0.1555512131738256,0.18407960199004975,4,0,0.4991935023596227,0.0,False
RELN_R,guidance,Reelin,Reelin receptor,Excitatory neuron,Vascular smooth muscle,0.012359978357950847,225,0.15554357848142453,0.18407960199004975,4,0,0.4991935023596227,0.0,False
GLU_AMPA,neurotransmitter,Glutamate,AMPA receptor,Excitatory neuron,Fibroblast / VLMC,2.6126273925414307,499,0.15568206613369767,0.15422885572139303,7,0,0.4992709989304807,0.0,False
NRXN_NLGN,synaptic_adhesion,Neurexin,Neuroligin,Erythrocyte (blood),Fibroblast / VLMC,0.5563467616055247,477,0.15580695562750674,0.15422885572139303,8,1,0.49932927765829044,0.125,False
GLU_MGLUR_I,neurotransmitter,Glutamate,Group I mGluR,Excitatory neuron,Fibroblast / VLMC,0.5428447955118153,499,0.15618149500773038,0.16417910447761194,7,1,0.5001868501850294,0.14285714285714285,False
GLU_NMDA_2B,neurotransmitter,Glutamate,NMDA receptor (GluN1/2B),Microglia,Erythrocyte (blood),0.32404643647810993,170,0.15650241780570973,0.15422885572139303,4,0,0.5001868501850294,0.0,False
GLU_MGLUR_III,neurotransmitter,Glutamate,Group III mGluR,Border macrophage,Fibroblast / VLMC,0.16963026789473554,408,0.15644443897838461,0.16417910447761194,7,0,0.5001868501850294,0.0,False
CX3CL1_CX3CR1,neuron_glia,Fractalkine,CX3CR1,Fibroblast / VLMC,Choroid plexus,0.060502562401951225,138,0.15632329206446105,0.15422885572139303,2,0,0.5001868501850294,0.0,False
TAC1_NK1,neuropeptide,Substance P,NK1 receptor,T / NK cell,Excitatory neuron,0.0033146206135024675,651,0.15660904798484038,0.13432835820895522,12,1,0.5001868501850294,0.08333333333333333,False
NRXN_NLGN,synaptic_adhesion,Neurexin,Neuroligin,Pericyte,Border macrophage,0.5896963402628899,160,0.15758900162623907,0.17412935323383086,3,0,0.5029733551222186,0.0,False
BDNF_TRKB,neurotrophin,BDNF,TrkB,Microglia,Erythrocyte (blood),0.09534252321018892,170,0.15777411469933578,0.16417910447761194,4,0,0.5032209152543914,0.0,False
IL34_CSF1R,neuron_glia,IL-34,CSF1R,T / NK cell,Vascular smooth muscle,0.01476233056251039,94,0.15789002841794142,0.15422885572139303,0,0,0.5032475769533705,0.0,False
GLU_NMDA_2B,neurotransmitter,Glutamate,NMDA receptor (GluN1/2B),Erythrocyte (blood),Inhibitory neuron,0.4465360164642334,55,0.15836140949270305,0.15422885572139303,0,0,0.5042069903358647,0.0,False
RELN_R,guidance,Reelin,Reelin receptor,Pericyte,Pericyte,0.0753433108329773,26,0.15840655605764503,0.17412935323383086,0,0,0.5042069903358647,0.0,False
APOE_LRP1,neuron_glia,ApoE,LRP1,Choroid plexus,Erythrocyte (blood),1.0418756324330538,279,0.15876518479579455,0.1691542288557214,7,1,0.5050049623790093,0.14285714285714285,False
GLU_KAINATE,neurotransmitter,Glutamate,Kainate receptor,Border macrophage,Microglia,0.6689785126767127,153,0.15914783614224298,0.16417910447761194,3,1,0.5058782101287737,0.3333333333333333,False
GLU_MGLUR_III,neurotransmitter,Glutamate,Group III mGluR,Erythrocyte (blood),T / NK cell,0.23409721085327206,526,0.1594492376204144,0.17412935323383086,12,1,0.5064921811445479,0.08333333333333333,False
PACAP_R,neuropeptide,PACAP,PACAP receptor,Erythrocyte (blood),Pericyte,0.08069888962639703,225,0.15980045062975073,0.17412935323383086,5,0,0.5072634386001382,0.0,False
GLU_AMPA,neurotransmitter,Glutamate,AMPA receptor,Microglia,Vascular smooth muscle,1.3632155554635184,35,0.15993810303986644,0.15422885572139303,0,0,0.5073561926261254,0.0,False
GLU_NMDA_2B,neurotransmitter,Glutamate,NMDA receptor (GluN1/2B),Fibroblast / VLMC,Pericyte,0.3603538948556651,92,0.16009406800221493,0.1691542288557214,1,0,0.5074106663005444,0.0,False
C1Q_LRP1,neuron_glia,C1q,LRP1,Excitatory neuron,Endothelial,0.002424235303862756,595,0.1601721637371028,0.17412935323383086,12,0,0.5074106663005444,0.0,False
GLU_AMPA,neurotransmitter,Glutamate,AMPA receptor,Border macrophage,Microglia,1.6625709237616046,153,0.1605624531640325,0.16417910447761194,3,0,0.507620542098131,0.0,False
SST_SSTR,neuropeptide,Somatostatin,Somatostatin receptor,T / NK cell,Inhibitory neuron,0.2488466203212738,28,0.16049049424340245,0.14925373134328357,0,0,0.507620542098131,0.0,False
BDNF_TRKB,neurotrophin,BDNF,TrkB,Astrocyte,Astrocyte,0.029320793957433602,1758,0.16056388166386704,0.19402985074626866,11,0,0.507620542098131,0.0,False
BDNF_TRKB,neurotrophin,BDNF,TrkB,Choroid plexus,Erythrocyte (blood),0.10507811141270464,279,0.16068690841190514,0.17412935323383086,7,0,0.5076664716133046,0.0,False
CCK_R,neuropeptide,Cholecystokinin,CCK receptor,Fibroblast / VLMC,Choroid plexus,0.42546288517938147,138,0.16086781632823222,0.16417910447761194,2,0,0.5078950827259099,0.0,False
GABA_B,neurotransmitter,GABA,GABA-B receptor,Oligodendrocyte,Vascular smooth muscle,0.03941242261366411,99,0.16111738733137165,0.17412935323383086,0,0,0.50834002381894,0.0,False
CORT_SSTR,neuropeptide,Cortistatin,Somatostatin receptor,Endothelial,T / NK cell,0.01929085928460826,253,0.16123442528175008,0.1691542288557214,7,1,0.5083664931895611,0.14285714285714285,False
MDK_PTPRZ1,neuron_glia,Midkine,PTPRZ1,Astrocyte,Oligodendrocyte,0.06065523345568027,342,0.16170890168757335,0.1791044776119403,6,0,0.5091762792706297,0.0,False
GABA_A,neurotransmitter,GABA,GABA-A receptor,Ependymal,Endothelial,0.015499965310683978,203,0.161645055244646,0.14925373134328357,3,0,0.5091762792706297,0.0,False
PDGFB_PDGFRB,neurovascular,PDGF-B,PDGFRB,Microglia,Excitatory neuron,0.012251450220743814,225,0.1619078301540932,0.1691542288557214,5,0,0.5094598098796249,0.0,False
VEGFA_R,neurovascular,VEGF-A,VEGF receptor,Oligodendrocyte,Ependymal,0.015408629205971282,221,0.162112132939917,0.15422885572139303,3,0,0.5097598588883546,0.0,False
GLU_MGLUR_I,neurotransmitter,Glutamate,Group I mGluR,Erythrocyte (blood),Microglia,0.42604733425028185,170,0.1624690772467055,0.13930348258706468,4,0,0.5105391621473037,0.0,False
GLU_AMPA,neurotransmitter,Glutamate,AMPA receptor,Erythrocyte (blood),Oligodendrocyte,2.0109036805555114,1342,0.16281934648469154,0.15920398009950248,10,2,0.511044636945015,0.2,False
SST_SSTR,neuropeptide,Somatostatin,Somatostatin receptor,Border macrophage,Border macrophage,0.11427183967772696,638,0.1630668183284692,0.18407960199004975,12,2,0.511044636945015,0.16666666666666666,False
BDNF_TRKB,neurotrophin,BDNF,TrkB,Ependymal,Fibroblast / VLMC,0.055207874337021186,245,0.16292197655535195,0.16417910447761194,6,0,0.511044636945015,0.0,False
NRG1_ERBB4,guidance,Neuregulin-1,ErbB4,Excitatory neuron,Excitatory neuron,0.004938611105757545,2258,0.1630437474355642,0.18407960199004975,12,1,0.511044636945015,0.08333333333333333,False
BDNF_TRKB,neurotrophin,BDNF,TrkB,Vascular smooth muscle,T / NK cell,0.13239852671927593,94,0.16372626852037714,0.17412935323383086,0,0,0.5126167316085392,0.0,False
GABA_B,neurotransmitter,GABA,GABA-B receptor,Excitatory neuron,Oligodendrocyte,0.0319220690481278,601,0.16378756438443387,0.18407960199004975,12,2,0.5126167316085392,0.16666666666666666,False
PTN_PTPRZ1,neuron_glia,Pleiotrophin,PTPRZ1,Oligodendrocyte,Choroid plexus,0.38771184371865314,230,0.16416730012019326,0.19402985074626866,6,1,0.5134617628759254,0.16666666666666666,False
GLU_KAINATE,neurotransmitter,Glutamate,Kainate receptor,Choroid plexus,Vascular smooth muscle,0.9566323346778994,61,0.1643207910094241,0.1691542288557214,0,0,0.5135985177909788,0.0,False
GLU_MGLUR_III,neurotransmitter,Glutamate,Group III mGluR,T / NK cell,Microglia,0.21846755146980285,80,0.1657269721960717,0.1691542288557214,0,0,0.5172196102203674,0.0,False
SLIT_ROBO,guidance,Slit,Robo,Choroid plexus,Pericyte,0.1377136082184024,41,0.16592148641606574,0.1890547263681592,0,0,0.5172196102203674,0.0,False
CORT_SSTR,neuropeptide,Cortistatin,Somatostatin receptor,Ependymal,Erythrocyte (blood),0.04104311115019549,241,0.165711377067419,0.15920398009950248,6,0,0.5172196102203674,0.0,False
GABA_B,neurotransmitter,GABA,GABA-B receptor,Microglia,Oligodendrocyte,0.026924253667442544,103,0.16584521423412352,0.1890547263681592,2,0,0.5172196102203674,0.0,False
GABA_A,neurotransmitter,GABA,GABA-A receptor,Fibroblast / VLMC,Fibroblast / VLMC,0.01703614284450881,1242,0.16612736585181553,0.17412935323383086,9,1,0.5175166077367809,0.1111111111111111,False
GLU_AMPA,neurotransmitter,Glutamate,AMPA receptor,T / NK cell,Oligodendrocyte,1.951743272229799,453,0.16736631078811642,0.19402985074626866,9,0,0.5190448381169489,0.0,False
PACAP_R,neuropeptide,PACAP,PACAP receptor,Erythrocyte (blood),Choroid plexus,0.08117444284500615,279,0.16694991855763364,0.18407960199004975,7,0,0.5190448381169489,0.0,False
PACAP_R,neuropeptide,PACAP,PACAP receptor,Pericyte,Border macrophage,0.07678751721978187,160,0.16739445623391236,0.18407960199004975,3,0,0.5190448381169489,0.0,False
CX3CL1_CX3CR1,neuron_glia,Fractalkine,CX3CR1,Pericyte,Astrocyte,0.0408883586525917,120,0.16690951600147014,0.16417910447761194,1,1,0.5190448381169489,1.0,False
NPY_R,neuropeptide,Neuropeptide Y,NPY receptor,Excitatory neuron,Excitatory neuron,0.021228826077666508,2258,0.1670381351789364,0.16417910447761194,12,1,0.5190448381169489,0.08333333333333333,False
CORT_SSTR,neuropeptide,Cortistatin,Somatostatin receptor,Fibroblast / VLMC,Erythrocyte (blood),0.01770562595791287,477,0.16720528866417128,0.16417910447761194,8,0,0.5190448381169489,0.0,False
PDGFB_PDGFRB,neurovascular,PDGF-B,PDGFRB,Fibroblast / VLMC,Excitatory neuron,0.008643832975972392,499,0.16734403122892622,0.1890547263681592,7,1,0.5190448381169489,0.14285714285714285,False
GLU_MGLUR_III,neurotransmitter,Glutamate,Group III mGluR,Border macrophage,Choroid plexus,0.19234683187966495,194,0.1680772612513765,0.15920398009950248,3,0,0.5208168909901925,0.0,False
GLU_KAINATE,neurotransmitter,Glutamate,Kainate receptor,Erythrocyte (blood),Endothelial,0.7701237061208346,594,0.1684204076891469,0.19900497512437812,12,2,0.5210043704912989,0.16666666666666666,False
NRXN_NLGN,synaptic_adhesion,Neurexin,Neuroligin,Erythrocyte (blood),Astrocyte,0.5260451801218357,537,0.16838007891054813,0.16417910447761194,11,0,0.5210043704912989,0.0,False
BDNF_TRKB,neurotrophin,BDNF,TrkB,Ependymal,Endothelial,0.02967304050041537,203,0.16847181289876795,0.21393034825870647,3,0,0.5210043704912989,0.0,False
CSF1_CSF1R,neuron_glia,CSF-1,CSF1R,Astrocyte,Vascular smooth muscle,0.01379589390654101,237,0.16878692380242077,0.19900497512437812,7,0,0.5216340927817218,0.0,False
NRXN_NLGN,synaptic_adhesion,Neurexin,Neuroligin,Choroid plexus,Vascular smooth muscle,0.7562034677286618,61,0.16890016293771304,0.14427860696517414,0,0,0.5216395131257817,0.0,False
NRXN_NLGN,synaptic_adhesion,Neurexin,Neuroligin,Erythrocyte (blood),T / NK cell,0.6504629897980636,526,0.16936446220448526,0.17412935323383086,12,1,0.5220397356092138,0.08333333333333333,False
PTN_PTPRZ1,neuron_glia,Pleiotrophin,PTPRZ1,Ependymal,Erythrocyte (blood),0.30317537195949634,241,0.16924750584518244,0.16417910447761194,6,1,0.5220397356092138,0.16666666666666666,False
GLU_MGLUR_III,neurotransmitter,Glutamate,Group III mGluR,Microglia,T / NK cell,0.2417101740837097,80,0.1693527893930759,0.19900497512437812,0,0,0.5220397356092138,0.0,False
APOE_LRP1,neuron_glia,ApoE,LRP1,Astrocyte,T / NK cell,1.3643527724619569,232,0.170209823215975,0.1691542288557214,4,0,0.5243000413611238,0.0,False
SST_SSTR,neuropeptide,Somatostatin,Somatostatin receptor,Ependymal,T / NK cell,0.14045527151652745,119,0.17034721040549733,0.1691542288557214,1,0,0.5243780246627118,0.0,False
GLU_AMPA,neurotransmitter,Glutamate,AMPA receptor,Excitatory neuron,Microglia,2.6080618243747287,225,0.17108714179362133,0.15422885572139303,5,0,0.5263094914216662,0.0,False
GLU_MGLUR_II,neurotransmitter,Glutamate,Group II mGluR,Border macrophage,Oligodendrocyte,0.9592349507036186,429,0.17136945680411025,0.1691542288557214,9,1,0.5268315955232798,0.1111111111111111,False
SLIT_ROBO,guidance,Slit,Robo,Border macrophage,Erythrocyte (blood),0.09660997698610684,848,0.17164224927295596,0.1791044776119403,12,1,0.527323758600237,0.08333333333333333,False
PTN_PTPRZ1,neuron_glia,Pleiotrophin,PTPRZ1,Ependymal,Border macrophage,0.27322714210051224,241,0.1718963984169869,0.17412935323383086,5,0,0.5277580368721009,0.0,False
GLU_AMPA,neurotransmitter,Glutamate,AMPA receptor,Ependymal,Inhibitory neuron,2.039090658056325,29,0.17250807093588172,0.18407960199004975,0,0,0.528941850530138,0.0,False
GLU_MGLUR_II,neurotransmitter,Glutamate,Group II mGluR,Endothelial,Excitatory neuron,0.9163737092699323,595,0.17248413273836344,0.18407960199004975,12,1,0.528941850530138,0.08333333333333333,False
GLU_NMDA_2A,neurotransmitter,Glutamate,NMDA receptor (GluN1/2A),Astrocyte,T / NK cell,0.5246341706349932,232,0.1729841131969212,0.18407960199004975,4,0,0.5290148141492773,0.0,False
MDK_PTPRZ1,neuron_glia,Midkine,PTPRZ1,T / NK cell,Oligodendrocyte,0.08968698215274094,453,0.17282240577465863,0.16417910447761194,9,0,0.5290148141492773,0.0,False
CX3CL1_CX3CR1,neuron_glia,Fractalkine,CX3CR1,Pericyte,Ependymal,0.058597180578443736,72,0.17290574268265563,0.15920398009950248,0,0,0.5290148141492773,0.0,False
CRH_R,neuropeptide,CRH,CRH receptor,Excitatory neuron,Endothelial,0.002981394579430588,595,0.17266170623857607,0.14427860696517414,12,1,0.5290148141492773,0.08333333333333333,False
SLIT_ROBO,guidance,Slit,Robo,Oligodendrocyte,Fibroblast / VLMC,0.07724698263522331,722,0.17330376666913289,0.1691542288557214,10,1,0.529300472744695,0.1,False
IL34_CSF1R,neuron_glia,IL-34,CSF1R,Erythrocyte (blood),Microglia,0.02335147401865791,170,0.17319848499309154,0.16417910447761194,4,0,0.529300472744695,0.0,False
PACAP_R,neuropeptide,PACAP,PACAP receptor,Erythrocyte (blood),Endothelial,0.06916093339623024,594,0.17344838103185833,0.17412935323383086,12,0,0.5293965915512493,0.0,False
APOE_LRP1,neuron_glia,ApoE,LRP1,Choroid plexus,Astrocyte,1.2086281807799089,152,0.1735984150496141,0.20398009950248755,2,0,0.5295091160476821,0.0,False
NRXN_NLGN,synaptic_adhesion,Neurexin,Neuroligin,T / NK cell,Excitatory neuron,0.6652189022568148,651,0.17431034304437598,0.18407960199004975,12,0,0.5308712758894747,0.0,False
PTN_PTPRZ1,neuron_glia,Pleiotrophin,PTPRZ1,Erythrocyte (blood),Inhibitory neuron,0.4292396740479903,55,0.1741903185063325,0.19900497512437812,0,0,0.5308712758894747,0.0,False
RELN_R,guidance,Reelin,Reelin receptor,T / NK cell,T / NK cell,0.018813303409716785,462,0.17438537102845109,0.1791044776119403,10,1,0.5308712758894747,0.1,False
GABA_B,neurotransmitter,GABA,GABA-B receptor,Excitatory neuron,Astrocyte,0.030079068349940435,336,0.17454973488939562,0.15920398009950248,9,1,0.5310261440490781,0.1111111111111111,False
GLU_NMDA_2B,neurotransmitter,Glutamate,NMDA receptor (GluN1/2B),Pericyte,Oligodendrocyte,0.36830699359271546,141,0.17469040652818318,0.21890547263681592,1,0,0.5311087798215524,0.0,False
IL34_CSF1R,neuron_glia,IL-34,CSF1R,Vascular smooth muscle,Ependymal,0.034103350205854935,88,0.17481006463174242,0.20398009950248755,0,0,0.5311274626051447,0.0,False
GABA_B,neurotransmitter,GABA,GABA-B receptor,Pericyte,Microglia,0.058405132004708954,33,0.17503668123907934,0.1791044776119403,0,0,0.5314708835286517,0.0,False
GLU_MGLUR_III,neurotransmitter,Glutamate,Group III mGluR,T / NK cell,Endothelial,0.21580349221059927,253,0.17524614477834577,0.14427860696517414,7,2,0.5317618102580284,0.2857142857142857,False
BDNF_TRKB,neurotrophin,BDNF,TrkB,Erythrocyte (blood),Choroid plexus,0.08642816842670509,279,0.17536189832668092,0.18407960199004975,7,0,0.5317681933055994,0.0,False
CX3CL1_CX3CR1,neuron_glia,Fractalkine,CX3CR1,Inhibitory neuron,Erythrocyte (blood),0.09886991110714999,55,0.17556702118634987,0.21890547263681592,0,0,0.5320453964578569,0.0,False
NRXN_NLGN,synaptic_adhesion,Neurexin,Neuroligin,Choroid plexus,Ependymal,0.5931845590716502,61,0.1759344713137327,0.15920398009950248,0,0,0.5328138454867025,0.0,False
RELN_R,guidance,Reelin,Reelin receptor,T / NK cell,Border macrophage,0.02348417192697525,400,0.17632765398797412,0.16417910447761194,11,1,0.5333142165544479,0.09090909090909091,False
PDGFB_PDGFRB,neurovascular,PDGF-B,PDGFRB,Erythrocyte (blood),Vascular smooth muscle,0.009821404384661324,237,0.17624715368387872,0.1691542288557214,5,1,0.5333142165544479,0.2,False
GLU_AMPA,neurotransmitter,Glutamate,AMPA receptor,Vascular smooth muscle,Choroid plexus,1.9839441893530674,61,0.17663416146388028,0.1791044776119403,0,0,0.5335514793347294,0.0,False
GLU_NMDA_2B,neurotransmitter,Glutamate,NMDA receptor (GluN1/2B),Microglia,Endothelial,0.3416225037923673,82,0.1766324862335107,0.17412935323383086,0,0,0.5335514793347294,0.0,False
GLU_MGLUR_II,neurotransmitter,Glutamate,Group II mGluR,Pericyte,Pericyte,0.9501567207849942,26,0.17805640948310592,0.208955223880597,0,0,0.5375006064331952,0.0,False
PTN_PTPRZ1,neuron_glia,Pleiotrophin,PTPRZ1,Endothelial,Endothelial,0.37654903087210145,282,0.1783230592744367,0.17412935323383086,7,1,0.5379584747550544,0.14285714285714285,False
GABA_B,neurotransmitter,GABA,GABA-B receptor,T / NK cell,Astrocyte,0.028671248719610017,232,0.17851965479406917,0.18407960199004975,4,0,0.5382045520499031,0.0,False
IL34_CSF1R,neuron_glia,IL-34,CSF1R,Excitatory neuron,Fibroblast / VLMC,0.019416808604238507,499,0.1788750851814372,0.16417910447761194,7,2,0.5385820614954598,0.2857142857142857,False
RELN_R,guidance,Reelin,Reelin receptor,Oligodendrocyte,Excitatory neuron,0.019006176617696956,601,0.1787792212635772,0.17412935323383086,12,0,0.5385820614954598,0.0,False
CORT_SSTR,neuropeptide,Cortistatin,Somatostatin receptor,T / NK cell,T / NK cell,0.014481438186777619,462,0.17901041911106497,0.17412935323383086,10,1,0.5386429267013974,0.1,False
NRG1_ERBB4,guidance,Neuregulin-1,ErbB4,Erythrocyte (blood),Fibroblast / VLMC,0.008978948340725849,477,0.1792002982085057,0.1890547263681592,8,0,0.5388677347799474,0.0,False
NRG1_ERBB4,guidance,Neuregulin-1,ErbB4,Endothelial,Border macrophage,0.004183196333136771,381,0.1795022855137554,0.15920398009950248,10,1,0.5394291547327307,0.1,False
NRXN_NLGN,synaptic_adhesion,Neurexin,Neuroligin,Microglia,Erythrocyte (blood),0.6011505600284127,170,0.1797267173971488,0.1691542288557214,4,0,0.5394506225064677,0.0,False
SLIT_ROBO,guidance,Slit,Robo,T / NK cell,Choroid plexus,0.12777008064861956,116,0.17980727288556742,0.1890547263681592,2,0,0.5394506225064677,0.0,False
SLIT_ROBO,guidance,Slit,Robo,Excitatory neuron,Endothelial,0.11112422888018504,595,0.17985530478950407,0.16417910447761194,12,0,0.5394506225064677,0.0,False
CX3CL1_CX3CR1,neuron_glia,Fractalkine,CX3CR1,Endothelial,Border macrophage,0.055108907654529485,381,0.18025169951036557,0.1791044776119403,10,3,0.5402932107680978,0.3,False
VIP_R,neuropeptide,VIP,VIP receptor,Vascular smooth muscle,Erythrocyte (blood),0.021012388704195303,237,0.18044105396681642,0.19900497512437812,5,0,0.5405145272155788,0.0,False
GLU_MGLUR_II,neurotransmitter,Glutamate,Group II mGluR,Oligodendrocyte,Excitatory neuron,1.051080728926,601,0.18113823336577978,0.1890547263681592,12,3,0.5410949655517764,0.25,False
NRXN_NLGN,synaptic_adhesion,Neurexin,Neuroligin,Excitatory neuron,Border macrophage,0.673413091542705,1057,0.1815599692063024,0.1691542288557214,12,1,0.5410949655517764,0.08333333333333333,False
NRXN_NLGN,synaptic_adhesion,Neurexin,Neuroligin,Endothelial,Ependymal,0.46374685952228867,203,0.18143853791955078,0.1890547263681592,3,1,0.5410949655517764,0.3333333333333333,False
SST_SSTR,neuropeptide,Somatostatin,Somatostatin receptor,Pericyte,Border macrophage,0.15758638121187687,160,0.18107888013871648,0.1890547263681592,3,1,0.5410949655517764,0.3333333333333333,False
CX3CL1_CX3CR1,neuron_glia,Fractalkine,CX3CR1,Choroid plexus,Microglia,0.11826308568318684,24,0.1814139959367742,0.22885572139303484,0,0,0.5410949655517764,0.0,False
GABA_B,neurotransmitter,GABA,GABA-B receptor,Excitatory neuron,Choroid plexus,0.03880662951513986,321,0.18146680113718988,0.21393034825870647,7,1,0.5410949655517764,0.14285714285714285,False
NRG1_ERBB4,guidance,Neuregulin-1,ErbB4,Border macrophage,Choroid plexus,0.005872194914473701,194,0.1810320173251297,0.22885572139303484,3,0,0.5410949655517764,0.0,False
C1Q_LRP1,neuron_glia,C1q,LRP1,Excitatory neuron,Vascular smooth muscle,0.005737224419911703,225,0.1811704463059396,0.20398009950248755,4,0,0.5410949655517764,0.0,False
SST_SSTR,neuropeptide,Somatostatin,Somatostatin receptor,Excitatory neuron,Fibroblast / VLMC,0.15285542481886838,499,0.18184566278448483,0.22885572139303484,7,1,0.5416014361353306,0.14285714285714285,False
GLU_NMDA_2A,neurotransmitter,Glutamate,NMDA receptor (GluN1/2A),Inhibitory neuron,Ependymal,0.4087877191346267,29,0.18230984925090687,0.17412935323383086,0,0,0.5426385398505046,0.0,False
GLU_MGLUR_I,neurotransmitter,Glutamate,Group I mGluR,Choroid plexus,Microglia,0.4148482729991277,24,0.1829806776142811,0.19402985074626866,0,0,0.5436717117106019,0.0,False
BDNF_TRKB,neurotrophin,BDNF,TrkB,Excitatory neuron,Endothelial,0.06468260558713385,595,0.1827760944024467,0.1791044776119403,12,2,0.5436717117106019,0.16666666666666666,False
CORT_SSTR,neuropeptide,Cortistatin,Somatostatin receptor,Border macrophage,Inhibitory neuron,0.04341498410926675,53,0.1830055451900402,0.208955223880597,0,0,0.5436717117106019,0.0,False
GLU_MGLUR_III,neurotransmitter,Glutamate,Group III mGluR,Fibroblast / VLMC,T / NK cell,0.19710221927090468,221,0.18323410361045128,0.18407960199004975,4,1,0.543826072077227,0.25,False
SLIT_ROBO,guidance,Slit,Robo,Oligodendrocyte,T / NK cell,0.10957019350123458,453,0.18328995846672086,0.19402985074626866,9,0,0.543826072077227,0.0,False
GLU_AMPA,neurotransmitter,Glutamate,AMPA receptor,Endothelial,Pericyte,1.781036804119746,108,0.18369358946627729,0.19900497512437812,0,0,0.5446782668648361,0.0,False
PACAP_R,neuropeptide,PACAP,PACAP receptor,Astrocyte,Excitatory neuron,0.04443604516841117,336,0.18386122418450956,0.19402985074626866,9,1,0.5448300620388349,0.1111111111111111,False
SST_SSTR,neuropeptide,Somatostatin,Somatostatin receptor,Fibroblast / VLMC,Vascular smooth muscle,0.171703775981804,154,0.18408326665181995,0.1890547263681592,2,1,0.5451427877619403,0.5,False
CORT_SSTR,neuropeptide,Cortistatin,Somatostatin receptor,Astrocyte,Vascular smooth muscle,0.030774688921900238,237,0.18422512746182368,0.20398009950248755,7,0,0.5452178187184522,0.0,False
SST_SSTR,neuropeptide,Somatostatin,Somatostatin receptor,Fibroblast / VLMC,Erythrocyte (blood),0.1528114070432491,477,0.18439201110817338,0.18407960199004975,8,1,0.5453667635746797,0.125,False
NRG1_ERBB4,guidance,Neuregulin-1,ErbB4,Border macrophage,Ependymal,0.010460111610127682,241,0.18466477812262233,0.16417910447761194,5,0,0.5458284882095704,0.0,False
C1Q_LRP1,neuron_glia,C1q,LRP1,Microglia,Excitatory neuron,0.06439804501003689,225,0.1852334680007472,0.1791044776119403,5,0,0.5471637605905909,0.0,False
GLU_MGLUR_I,neurotransmitter,Glutamate,Group I mGluR,Vascular smooth muscle,Pericyte,0.3713915873382051,59,0.18556490618787602,0.20398009950248755,0,0,0.5473923616774323,0.0,False
GABA_B,neurotransmitter,GABA,GABA-B receptor,Erythrocyte (blood),Ependymal,0.05589318349648313,241,0.18566182474504916,0.18407960199004975,6,0,0.5473923616774323,0.0,False
PDGFB_PDGFRB,neurovascular,PDGF-B,PDGFRB,Border macrophage,Ependymal,0.0072408014313313975,241,0.18547220352412208,0.208955223880597,5,0,0.5473923616774323,0.0,False
CCK_R,neuropeptide,Cholecystokinin,CCK receptor,Vascular smooth muscle,Fibroblast / VLMC,0.3785384955344262,154,0.1857950838123037,0.19402985074626866,2,0,0.5474403004771845,0.0,False
GLU_KAINATE,neurotransmitter,Glutamate,Kainate receptor,Excitatory neuron,Pericyte,1.0597799623713773,255,0.1860849712996121,0.18407960199004975,7,1,0.5477349259966893,0.14285714285714285,False
GLU_KAINATE,neurotransmitter,Glutamate,Kainate receptor,Border macrophage,Choroid plexus,0.7212656085024175,194,0.1861970476558079,0.17412935323383086,3,1,0.5477349259966893,0.3333333333333333,False
GLU_NMDA_2B,neurotransmitter,Glutamate,NMDA receptor (GluN1/2B),Endothelial,Pericyte,0.34599278812055234,108,0.18624626357356971,0.17412935323383086,0,0,0.5477349259966893,0.0,False
GLU_NMDA_2B,neurotransmitter,Glutamate,NMDA receptor (GluN1/2B),Inhibitory neuron,T / NK cell,0.41234950508390156,28,0.18670297892175208,0.19900497512437812,0,0,0.5487331899339686,0.0,False
GLU_NMDA_2B,neurotransmitter,Glutamate,NMDA receptor (GluN1/2B),Oligodendrocyte,Border macrophage,0.3914754874222762,429,0.18699674233770008,0.21890547263681592,9,1,0.5492515740101059,0.1111111111111111,False
APOE_TREM2,neuron_glia,ApoE,TREM2,Erythrocyte (blood),Endothelial,0.026148656401971376,594,0.18714194084720642,0.18407960199004975,12,1,0.5493332128130983,0.08333333333333333,False
VIP_R,neuropeptide,VIP,VIP receptor,Pericyte,Border macrophage,0.02400994151830673,160,0.1873786173361386,0.17412935323383086,3,0,0.5496831037716567,0.0,False
CCK_R,neuropeptide,Cholecystokinin,CCK receptor,Excitatory neuron,Pericyte,0.4603127853543151,255,0.1878684401559524,0.17412935323383086,7,0,0.5498427636005294,0.0,False
SLIT_ROBO,guidance,Slit,Robo,Excitatory neuron,Inhibitory neuron,0.12884448875080456,88,0.18800207675625663,0.19402985074626866,0,0,0.5498427636005294,0.0,False
RELN_R,guidance,Reelin,Reelin receptor,Erythrocyte (blood),Pericyte,0.04001829465230306,225,0.18802060734363046,0.1691542288557214,5,1,0.5498427636005294,0.2,False
GABA_B,neurotransmitter,GABA,GABA-B receptor,Endothelial,Astrocyte,0.027833386290845252,417,0.18790808917699503,0.1791044776119403,6,0,0.5498427636005294,0.0,False
NRG1_ERBB4,guidance,Neuregulin-1,ErbB4,Oligodendrocyte,Choroid plexus,0.008848449717397275,230,0.187711735694522,0.1890547263681592,6,0,0.5498427636005294,0.0,False
GLU_AMPA,neurotransmitter,Glutamate,AMPA receptor,Border macrophage,Vascular smooth muscle,1.77643937817434,164,0.18840083549965636,0.21890547263681592,1,0,0.5499235865894524,0.0,False
CX3CL1_CX3CR1,neuron_glia,Fractalkine,CX3CR1,Microglia,Oligodendrocyte,0.06621143424395219,103,0.18836916160653921,0.20398009950248755,2,0,0.5499235865894524,0.0,False
C1Q_LRP1,neuron_glia,C1q,LRP1,T / NK cell,Fibroblast / VLMC,0.008322013988753789,221,0.18828621505137183,0.24378109452736318,4,0,0.5499235865894524,0.0,False
APOE_TREM2,neuron_glia,ApoE,TREM2,Microglia,Oligodendrocyte,0.03994903749632604,103,0.18861286735962163,0.15920398009950248,2,1,0.5501992558451805,0.5,False
APOE_LRP1,neuron_glia,ApoE,LRP1,Inhibitory neuron,Oligodendrocyte,1.2483249843120574,40,0.1891071292119672,0.17412935323383086,0,0,0.5510296150002321,0.0,False
GLU_MGLUR_I,neurotransmitter,Glutamate,Group I mGluR,Inhibitory neuron,Excitatory neuron,0.39884239435195923,88,0.1891789823710962,0.1890547263681592,0,0,0.5510296150002321,0.0,False
NPY_R,neuropeptide,Neuropeptide Y,NPY receptor,Pericyte,Pericyte,0.07116799629651584,26,0.1893987174040883,0.13930348258706468,0,0,0.5510296150002321,0.0,False
VIP_R,neuropeptide,VIP,VIP receptor,Microglia,Microglia,0.05223174322219122,42,0.18936559724072916,0.19900497512437812,0,0,0.5510296150002321,0.0,False
GAL_R,neuropeptide,Galanin,Galanin receptor,Excitatory neuron,Choroid plexus,0.0026292661640131584,321,0.18948635403619862,0.18407960199004975,7,0,0.5510296150002321,0.0,False
APOE_LRP1,neuron_glia,ApoE,LRP1,Vascular smooth muscle,Border macrophage,1.1255187632107153,164,0.19030531528772743,0.21393034825870647,1,0,0.5517950183316435,0.0,False
GLU_KAINATE,neurotransmitter,Glutamate,Kainate receptor,Choroid plexus,Astrocyte,0.7473042121059016,152,0.19033920914453356,0.19402985074626866,2,1,0.5517950183316435,0.5,False
GLU_NMDA_2B,neurotransmitter,Glutamate,NMDA receptor (GluN1/2B),Astrocyte,OPC,0.278612002082493,23,0.19023497071903606,0.1791044776119403,0,0,0.5517950183316435,0.0,False
NPY_R,neuropeptide,Neuropeptide Y,NPY receptor,T / NK cell,Vascular smooth muscle,0.04008682484322406,94,0.19008570671847197,0.1691542288557214,0,0,0.5517950183316435,0.0,False
CSF1_CSF1R,neuron_glia,CSF-1,CSF1R,Ependymal,Erythrocyte (blood),0.006439871807810677,241,0.19031063889676092,0.14427860696517414,6,1,0.5517950183316435,0.16666666666666666,False
CCK_R,neuropeptide,Cholecystokinin,CCK receptor,Microglia,Pericyte,0.5272368084300648,33,0.19097725706215157,0.208955223880597,0,0,0.5525440223016698,0.0,False
SLIT_ROBO,guidance,Slit,Robo,Excitatory neuron,Microglia,0.10955114391114977,225,0.19093295628622675,0.18407960199004975,5,1,0.5525440223016698,0.2,False
GABA_B,neurotransmitter,GABA,GABA-B receptor,Excitatory neuron,Microglia,0.03484416060977512,225,0.19106993547426837,0.19900497512437812,5,0,0.5525440223016698,0.0,False
CORT_SSTR,neuropeptide,Cortistatin,Somatostatin receptor,Pericyte,Vascular smooth muscle,0.010620345503596937,59,0.19074806544049705,0.23880597014925373,0,0,0.5525440223016698,0.0,False
APOE_LRP1,neuron_glia,ApoE,LRP1,Pericyte,Ependymal,1.0696615328391392,72,0.19152920426702197,0.1791044776119403,0,0,0.5530496897043506,0.0,False
BDNF_TRKB,neurotrophin,BDNF,TrkB,Border macrophage,Inhibitory neuron,0.08739741118449085,53,0.19153879466372375,0.22388059701492538,0,0,0.5530496897043506,0.0,False
IL34_CSF1R,neuron_glia,IL-34,CSF1R,Erythrocyte (blood),Endothelial,0.012367712728904955,594,0.19159939025662587,0.1791044776119403,12,2,0.5530496897043506,0.16666666666666666,False
CORT_SSTR,neuropeptide,Cortistatin,Somatostatin receptor,Pericyte,Erythrocyte (blood),0.022144304116566975,225,0.19201478971658476,0.17412935323383086,5,0,0.5535657431200862,0.0,False
SEMA3A_R,guidance,Semaphorin 3A,Neuropilin-1 / Plexin-A4,Excitatory neuron,Border macrophage,0.0006296661177556698,1057,0.19196764258324173,0.0945273631840796,12,1,0.5535657431200862,0.08333333333333333,False
BDNF_TRKB,neurotrophin,BDNF,TrkB,Endothelial,Excitatory neuron,0.02678191381342271,595,0.19264494111617864,0.1890547263681592,12,0,0.5550404430311575,0.0,False
APOE_LRP1,neuron_glia,ApoE,LRP1,Border macrophage,Choroid plexus,1.125635105310027,194,0.1928973726978645,0.1890547263681592,3,0,0.5554257272943434,0.0,False
CCK_R,neuropeptide,Cholecystokinin,CCK receptor,Border macrophage,Pericyte,0.45778808668255805,160,0.193082102566357,0.20398009950248755,3,0,0.5556157182705931,0.0,False
PTN_PTPRZ1,neuron_glia,Pleiotrophin,PTPRZ1,Endothelial,Choroid plexus,0.4684696232988721,84,0.19363059470785238,0.1691542288557214,0,0,0.5565095532174701,0.0,False
PTN_PTPRZ1,neuron_glia,Pleiotrophin,PTPRZ1,Choroid plexus,Border macrophage,0.31406377578519057,194,0.19356616731914322,0.21890547263681592,3,0,0.5565095532174701,0.0,False
MDK_PTPRZ1,neuron_glia,Midkine,PTPRZ1,Pericyte,Astrocyte,0.03379476070404053,120,0.19412522603214394,0.22388059701492538,1,0,0.5575886633544516,0.0,False
PACAP_R,neuropeptide,PACAP,PACAP receptor,Fibroblast / VLMC,Microglia,0.1019890308380127,92,0.19441571417562376,0.1890547263681592,1,1,0.5580804457838917,1.0,False
GLU_AMPA,neurotransmitter,Glutamate,AMPA receptor,Choroid plexus,Vascular smooth muscle,2.2129013655615632,61,0.19463389832830658,0.19900497512437812,0,0,0.5583642000479132,0.0,False
GLU_KAINATE,neurotransmitter,Glutamate,Kainate receptor,Ependymal,Inhibitory neuron,0.880930834803088,29,0.1950340603135523,0.1791044776119403,0,0,0.5588269248053345,0.0,False
GLU_KAINATE,neurotransmitter,Glutamate,Kainate receptor,Astrocyte,Endothelial,0.41868261467638634,417,0.19500519299036667,0.21890547263681592,6,1,0.5588269248053345,0.16666666666666666,False
MDK_PTPRZ1,neuron_glia,Midkine,PTPRZ1,Ependymal,Vascular smooth muscle,0.08868181976405057,88,0.19583419159660215,0.208955223880597,0,0,0.5607761214690952,0.0,False
VIP_R,neuropeptide,VIP,VIP receptor,Excitatory neuron,Choroid plexus,0.026182743804848453,321,0.19601037518849862,0.21393034825870647,7,0,0.5609373367015199,0.0,False
GLU_KAINATE,neurotransmitter,Glutamate,Kainate receptor,Border macrophage,Erythrocyte (blood),0.724443717525815,848,0.19619627924277278,0.20398009950248755,12,1,0.5611261556093727,0.08333333333333333,False
CSF1_CSF1R,neuron_glia,CSF-1,CSF1R,Border macrophage,Endothelial,0.006298891202671322,381,0.1966523856633418,0.19900497512437812,10,1,0.5620870571281468,0.1,False
CCK_R,neuropeptide,Cholecystokinin,CCK receptor,Inhibitory neuron,Endothelial,0.5382467621848697,42,0.19689472884856496,0.19402985074626866,0,0,0.5624361637865907,0.0,False
GLU_MGLUR_III,neurotransmitter,Glutamate,Group III mGluR,Oligodendrocyte,Choroid plexus,0.22291059934574625,230,0.19709180668204912,0.19900497512437812,6,1,0.5626556213943306,0.16666666666666666,False
RELN_R,guidance,Reelin,Reelin receptor,Pericyte,Ependymal,0.029328061474694148,72,0.1973003774943689,0.208955223880597,0,0,0.5629076014000928,0.0,False
GLU_MGLUR_III,neurotransmitter,Glutamate,Group III mGluR,Fibroblast / VLMC,Border macrophage,0.15962737769472832,408,0.1975594870978955,0.21393034825870647,7,2,0.5629603167667803,0.2857142857142857,False
VIP_R,neuropeptide,VIP,VIP receptor,Erythrocyte (blood),Fibroblast / VLMC,0.02039887638961744,477,0.197466832001004,0.1890547263681592,8,0,0.5629603167667803,0.0,False
GABA_B,neurotransmitter,GABA,GABA-B receptor,Inhibitory neuron,Choroid plexus,0.8551422655582428,20,0.1983989174392457,0.19402985074626866,0,0,0.5650082377956364,0.0,False
GLU_NMDA_2A,neurotransmitter,Glutamate,NMDA receptor (GluN1/2A),Endothelial,Inhibitory neuron,0.6474732274100894,42,0.19881777085021884,0.1691542288557214,0,0,0.5658566604672591,0.0,False
VEGFA_R,neurovascular,VEGF-A,VEGF receptor,Vascular smooth muscle,Border macrophage,0.011858072949618829,164,0.1989958991913881,0.19900497512437812,1,0,0.5660193387942279,0.0,False
GLU_AMPA,neurotransmitter,Glutamate,AMPA receptor,Ependymal,T / NK cell,1.5099661505522848,119,0.19949596894693045,0.19900497512437812,1,0,0.5664092762665449,0.0,False
SST_SSTR,neuropeptide,Somatostatin,Somatostatin receptor,Microglia,Microglia,0.19775463853563582,42,0.19961720379643783,0.208955223880597,0,0,0.5664092762665449,0.0,False
BDNF_TRKB,neurotrophin,BDNF,TrkB,Fibroblast / VLMC,Choroid plexus,0.08013580329176309,138,0.1993899211634102,0.20398009950248755,2,0,0.5664092762665449,0.0,False
PENK_OPR,neuropeptide,Enkephalin,Delta/mu opioid receptor,Border macrophage,Fibroblast / VLMC,0.004463157525249556,408,0.19952667103561317,0.20398009950248755,7,0,0.5664092762665449,0.0,False
NRXN_NLGN,synaptic_adhesion,Neurexin,Neuroligin,Astrocyte,Vascular smooth muscle,0.5556069753341031,237,0.1997417143917971,0.208955223880597,7,0,0.5664190797813446,0.0,False
GABA_B,neurotransmitter,GABA,GABA-B receptor,Excitatory neuron,Border macrophage,0.029838374795615956,1057,0.2000401216709039,0.20398009950248755,12,1,0.5669217015736883,0.08333333333333333,False
APOE_LRP1,neuron_glia,ApoE,LRP1,T / NK cell,Excitatory neuron,1.1059439234927686,651,0.20094552129613552,0.21393034825870647,12,0,0.5684023093529949,0.0,False
CCK_R,neuropeptide,Cholecystokinin,CCK receptor,Astrocyte,Endothelial,0.3503386025234378,417,0.20104847659311958,0.1691542288557214,6,1,0.5684023093529949,0.16666666666666666,False
CORT_SSTR,neuropeptide,Cortistatin,Somatostatin receptor,Fibroblast / VLMC,T / NK cell,0.024531867978799398,221,0.2007810637751622,0.21393034825870647,4,0,0.5684023093529949,0.0,False
IL34_CSF1R,neuron_glia,IL-34,CSF1R,Microglia,Astrocyte,0.00874084361056064,141,0.2009655962478053,0.21890547263681592,4,0,0.5684023093529949,0.0,False
GLU_MGLUR_III,neurotransmitter,Glutamate,Group III mGluR,Ependymal,Choroid plexus,0.17346152907512227,61,0.20127307947387174,0.18407960199004975,0,0,0.5686936828854141,0.0,False
GLU_MGLUR_II,neurotransmitter,Glutamate,Group II mGluR,Fibroblast / VLMC,Erythrocyte (blood),0.7963137332998231,477,0.2016331825762187,0.1890547263681592,8,1,0.5686997923404896,0.125,False
GLU_MGLUR_I,neurotransmitter,Glutamate,Group I mGluR,Inhibitory neuron,Erythrocyte (blood),0.4584488782015714,55,0.2017420225301595,0.208955223880597,0,0,0.5686997923404896,0.0,False
GLU_MGLUR_I,neurotransmitter,Glutamate,Group I mGluR,Ependymal,Oligodendrocyte,0.385846626165226,221,0.20170502863459228,0.1791044776119403,3,0,0.5686997923404896,0.0,False
NPY_R,neuropeptide,Neuropeptide Y,NPY receptor,Oligodendrocyte,Astrocyte,0.03861038831242344,342,0.20227973148736056,0.1890547263681592,6,2,0.5686997923404896,0.3333333333333333,False
BDNF_TRKB,neurotrophin,BDNF,TrkB,Astrocyte,Ependymal,0.0312374780278006,334,0.20235883447712205,0.19900497512437812,5,0,0.5686997923404896,0.0,False
IL34_CSF1R,neuron_glia,IL-34,CSF1R,Vascular smooth muscle,Fibroblast / VLMC,0.017887917431918057,154,0.20236912892646192,0.23383084577114427,2,0,0.5686997923404896,0.0,False
VEGFA_R,neurovascular,VEGF-A,VEGF receptor,Pericyte,Fibroblast / VLMC,0.015105583097623743,92,0.20206757936529085,0.19402985074626866,1,0,0.5686997923404896,0.0,False
VIP_R,neuropeptide,VIP,VIP receptor,Oligodendrocyte,Fibroblast / VLMC,0.009256128706760354,722,0.20190303333134946,0.17412935323383086,10,0,0.5686997923404896,0.0,False
VIP_R,neuropeptide,VIP,VIP receptor,Oligodendrocyte,Erythrocyte (blood),0.0075424163423245425,1342,0.20209378543646966,0.19402985074626866,10,1,0.5686997923404896,0.1,False
PACAP_R,neuropeptide,PACAP,PACAP receptor,T / NK cell,T / NK cell,0.06180125036280908,462,0.20280246392508366,0.21393034825870647,10,0,0.569575467410244,0.0,False
SLIT_ROBO,guidance,Slit,Robo,Border macrophage,Endothelial,0.09296917946632766,381,0.20314513192079803,0.21393034825870647,10,0,0.5701956042336017,0.0,False
GLU_MGLUR_I,neurotransmitter,Glutamate,Group I mGluR,T / NK cell,Endothelial,0.441412734891115,253,0.20364637432768073,0.1890547263681592,7,0,0.5702342223095261,0.0,False
PACAP_R,neuropeptide,PACAP,PACAP receptor,Pericyte,Oligodendrocyte,0.05923023206967834,141,0.20331833126583543,0.15920398009950248,1,0,0.5702342223095261,0.0,False
CORT_SSTR,neuropeptide,Cortistatin,Somatostatin receptor,Pericyte,Excitatory neuron,0.04114250108307483,255,0.20348613608544686,0.19900497512437812,7,0,0.5702342223095261,0.0,False
IL34_CSF1R,neuron_glia,IL-34,CSF1R,Fibroblast / VLMC,Fibroblast / VLMC,0.009469478122662038,1242,0.20356037972147084,0.1890547263681592,9,1,0.5702342223095261,0.1111111111111111,False
PACAP_R,neuropeptide,PACAP,PACAP receptor,Endothelial,Microglia,0.053416311740875244,82,0.20381200844499203,0.17412935323383086,0,0,0.5703566910969603,0.0,False
PACAP_R,neuropeptide,PACAP,PACAP receptor,Pericyte,Choroid plexus,0.0715670934537562,41,0.20420266201166265,0.23383084577114427,0,0,0.570947406962494,0.0,False
SLIT_ROBO,guidance,Slit,Robo,Fibroblast / VLMC,Astrocyte,0.05932623491237301,382,0.2042671423926512,0.23880597014925373,7,1,0.570947406962494,0.14285714285714285,False
GLU_KAINATE,neurotransmitter,Glutamate,Kainate receptor,Erythrocyte (blood),Choroid plexus,0.8592691163008358,279,0.2049155965652092,0.21393034825870647,7,0,0.5714202005030304,0.0,False
GLU_KAINATE,neurotransmitter,Glutamate,Kainate receptor,Border macrophage,Border macrophage,0.7192415098972081,638,0.2053369180505114,0.21393034825870647,12,2,0.5714202005030304,0.16666666666666666,False
NRXN_NLGN,synaptic_adhesion,Neurexin,Neuroligin,Endothelial,Pericyte,0.5991105238596598,108,0.2047161025687626,0.22388059701492538,0,0,0.5714202005030304,0.0,False
GLU_NMDA_2B,neurotransmitter,Glutamate,NMDA receptor (GluN1/2B),Vascular smooth muscle,Microglia,0.3819153376988002,35,0.20541328857578484,0.21393034825870647,0,0,0.5714202005030304,0.0,False
GABA_B,neurotransmitter,GABA,GABA-B receptor,Choroid plexus,Vascular smooth muscle,0.03558868658347208,61,0.20516429336804498,0.17412935323383086,0,0,0.5714202005030304,0.0,False
NPY_R,neuropeptide,Neuropeptide Y,NPY receptor,Endothelial,Excitatory neuron,0.023321461877903016,595,0.20517302433406737,0.19900497512437812,12,0,0.5714202005030304,0.0,False
RELN_R,guidance,Reelin,Reelin receptor,Excitatory neuron,Microglia,0.02233245955573188,225,0.20521349292015217,0.22388059701492538,5,0,0.5714202005030304,0.0,False
PENK_OPR,neuropeptide,Enkephalin,Delta/mu opioid receptor,Erythrocyte (blood),Excitatory neuron,0.002829350904843706,1535,0.20496329859832152,0.20398009950248755,12,0,0.5714202005030304,0.0,False
GLU_NMDA_2B,neurotransmitter,Glutamate,NMDA receptor (GluN1/2B),T / NK cell,Ependymal,0.3809574872505765,119,0.20553924223791004,0.1890547263681592,1,0,0.5714308463643382,0.0,False
GLU_MGLUR_III,neurotransmitter,Glutamate,Group III mGluR,Choroid plexus,Pericyte,0.2580352294735792,41,0.20569035684980164,0.18407960199004975,0,0,0.571511389370678,0.0,False
GLU_MGLUR_III,neurotransmitter,Glutamate,Group III mGluR,Fibroblast / VLMC,Fibroblast / VLMC,0.11986246489096379,1242,0.20624417766876801,0.2537313432835821,9,1,0.5727100933603356,0.1111111111111111,False
SST_SSTR,neuropeptide,Somatostatin,Somatostatin receptor,Choroid plexus,Astrocyte,0.09844460103072618,152,0.2065787581825586,0.18407960199004975,2,0,0.5731949333915309,0.0,False
TAC1_NK1,neuropeptide,Substance P,NK1 receptor,Endothelial,Fibroblast / VLMC,0.0027150848521245437,223,0.2066637855592034,0.07960199004975124,5,1,0.5731949333915309,0.2,False
RELN_R,guidance,Reelin,Reelin receptor,Excitatory neuron,Fibroblast / VLMC,0.025129400656552975,499,0.20687515145408558,0.23880597014925373,7,1,0.5734412521644943,0.14285714285714285,False
GLU_MGLUR_III,neurotransmitter,Glutamate,Group III mGluR,Choroid plexus,Border macrophage,0.2068282722197857,194,0.20711795729119703,0.1890547263681592,3,0,0.5737743766521675,0.0,False
GABA_A,neurotransmitter,GABA,GABA-A receptor,Astrocyte,Vascular smooth muscle,0.032310128714967884,237,0.20742125889312119,0.18407960199004975,7,0,0.5742745978466948,0.0,False
GLU_MGLUR_I,neurotransmitter,Glutamate,Group I mGluR,Ependymal,Inhibitory neuron,0.5186099800570257,29,0.20811776713054175,0.1890547263681592,0,0,0.5758622308715582,0.0,False
NRXN_NLGN,synaptic_adhesion,Neurexin,Neuroligin,Microglia,Choroid plexus,0.6880112489064535,24,0.20841830427461783,0.22885572139303484,0,0,0.5763529820927522,0.0,False
BDNF_TRKB,neurotrophin,BDNF,TrkB,Astrocyte,Pericyte,0.04979071815808614,120,0.20884768073710652,0.23880597014925373,1,0,0.5763970775887286,0.0,False
GABA_A,neurotransmitter,GABA,GABA-A receptor,T / NK cell,T / NK cell,0.046657497103596145,462,0.20874380102747236,0.18407960199004975,10,0,0.5763970775887286,0.0,False
APOE_TREM2,neuron_glia,ApoE,TREM2,Border macrophage,Oligodendrocyte,0.023044677325339862,429,0.2089270022634075,0.19402985074626866,9,1,0.5763970775887286,0.1111111111111111,False
TAC1_NK1,neuropeptide,Substance P,NK1 receptor,Ependymal,Erythrocyte (blood),0.003090490938716904,241,0.20874223879151022,0.14427860696517414,6,1,0.5763970775887286,0.16666666666666666,False
GLU_MGLUR_II,neurotransmitter,Glutamate,Group II mGluR,Erythrocyte (blood),Choroid plexus,0.9988654689549545,279,0.21035453063129106,0.19402985074626866,7,0,0.5764836080039663,0.0,False
GLU_NMDA_2A,neurotransmitter,Glutamate,NMDA receptor (GluN1/2A),Choroid plexus,Vascular smooth muscle,0.8833456137141243,61,0.20995514004231125,0.23880597014925373,0,0,0.5764836080039663,0.0,False
GLU_KAINATE,neurotransmitter,Glutamate,Kainate receptor,Border macrophage,Oligodendrocyte,0.7442199147386707,429,0.21028550352483977,0.22388059701492538,9,1,0.5764836080039663,0.1111111111111111,False
CCK_R,neuropeptide,Cholecystokinin,CCK receptor,Fibroblast / VLMC,T / NK cell,0.3856755705440746,221,0.21011664474978253,0.22388059701492538,4,0,0.5764836080039663,0.0,False
SST_SSTR,neuropeptide,Somatostatin,Somatostatin receptor,Choroid plexus,T / NK cell,0.20665419615548233,116,0.21059940830264579,0.1890547263681592,2,0,0.5764836080039663,0.0,False
SLIT_ROBO,guidance,Slit,Robo,Endothelial,Endothelial,0.09611802637999785,282,0.21041018346558504,0.208955223880597,7,0,0.5764836080039663,0.0,False
SLIT_ROBO,guidance,Slit,Robo,Ependymal,Oligodendrocyte,0.07015791575833144,221,0.21038428478724808,0.208955223880597,3,0,0.5764836080039663,0.0,False
PACAP_R,neuropeptide,PACAP,PACAP receptor,Vascular smooth muscle,Microglia,0.05769796371459961,35,0.21042344345693276,0.208955223880597,0,0,0.5764836080039663,0.0,False
NPY_R,neuropeptide,Neuropeptide Y,NPY receptor,Erythrocyte (blood),Endothelial,0.0366979546418495,594,0.2094034465354222,0.1791044776119403,12,2,0.5764836080039663,0.16666666666666666,False
NPY_R,neuropeptide,Neuropeptide Y,NPY receptor,Border macrophage,Ependymal,0.03431988244729418,241,0.2106843958311741,0.1791044776119403,5,1,0.5764836080039663,0.2,False
CORT_SSTR,neuropeptide,Cortistatin,Somatostatin receptor,Fibroblast / VLMC,Endothelial,0.026153881720897863,223,0.21051354241432685,0.19402985074626866,5,1,0.5764836080039663,0.2,False
VEGFA_R,neurovascular,VEGF-A,VEGF receptor,Border macrophage,T / NK cell,0.015044907182455063,400,0.2103295867641573,0.20398009950248755,11,2,0.5764836080039663,0.18181818181818182,False
VIP_R,neuropeptide,VIP,VIP receptor,Ependymal,Border macrophage,0.013686321088387264,241,0.20994970463075047,0.208955223880597,5,0,0.5764836080039663,0.0,False
TAC1_NK1,neuropeptide,Substance P,NK1 receptor,T / NK cell,T / NK cell,0.003299986387228037,462,0.21036457687518173,0.17412935323383086,10,1,0.5764836080039663,0.1,False
CRH_R,neuropeptide,CRH,CRH receptor,Astrocyte,Erythrocyte (blood),0.0016876048437931906,537,0.21080646576080064,0.14427860696517414,11,1,0.5764836080039663,0.09090909090909091,False
GABA_B,neurotransmitter,GABA,GABA-B receptor,Oligodendrocyte,Border macrophage,0.030853552973909532,429,0.21111515595444247,0.20398009950248755,9,1,0.5769905459759558,0.1111111111111111,False
APOE_TREM2,neuron_glia,ApoE,TREM2,T / NK cell,Microglia,0.03614126443862915,80,0.21125424190698056,0.19402985074626866,0,0,0.5770336239829318,0.0,False
GLU_AMPA,neurotransmitter,Glutamate,AMPA receptor,Border macrophage,Fibroblast / VLMC,1.653060679634412,408,0.21277758478233122,0.22388059701492538,7,1,0.577114641763118,0.14285714285714285,False
NRXN_NLGN,synaptic_adhesion,Neurexin,Neuroligin,Erythrocyte (blood),Ependymal,0.5910432561304559,241,0.21280934448732447,0.208955223880597,6,0,0.577114641763118,0.0,False
GLU_KAINATE,neurotransmitter,Glutamate,Kainate receptor,Pericyte,Fibroblast / VLMC,0.5571050566175709,92,0.2124378191866187,0.19900497512437812,1,0,0.577114641763118,0.0,False
GLU_NMDA_2B,neurotransmitter,Glutamate,NMDA receptor (GluN1/2B),Erythrocyte (blood),Fibroblast / VLMC,0.3843337422396902,477,0.2130106831213731,0.21890547263681592,8,0,0.577114641763118,0.0,False
CCK_R,neuropeptide,Cholecystokinin,CCK receptor,Microglia,Astrocyte,0.36253336473559655,141,0.2124744678244866,0.208955223880597,4,0,0.577114641763118,0.0,False
GLU_MGLUR_III,neurotransmitter,Glutamate,Group III mGluR,Fibroblast / VLMC,Choroid plexus,0.20786805688471033,138,0.21272161659329908,0.22885572139303484,2,1,0.577114641763118,0.5,False
BDNF_TRKB,neurotrophin,BDNF,TrkB,Fibroblast / VLMC,Endothelial,0.08843555605464987,223,0.21253203263414522,0.21393034825870647,5,0,0.577114641763118,0.0,False
RELN_R,guidance,Reelin,Reelin receptor,Choroid plexus,Ependymal,0.0852124104734327,61,0.21242050445205835,0.20398009950248755,0,0,0.577114641763118,0.0,False
NPY_R,neuropeptide,Neuropeptide Y,NPY receptor,Ependymal,Vascular smooth muscle,0.04957774552431973,88,0.2126583639289349,0.13930348258706468,0,0,0.577114641763118,0.0,False
NPY_R,neuropeptide,Neuropeptide Y,NPY receptor,Excitatory neuron,Microglia,0.030681814087761772,225,0.2120346773631127,0.17412935323383086,5,1,0.577114641763118,0.2,False
IL34_CSF1R,neuron_glia,IL-34,CSF1R,Pericyte,Excitatory neuron,0.025624833387487073,255,0.21218954587188138,0.22388059701492538,7,0,0.577114641763118,0.0,False
RELN_R,guidance,Reelin,Reelin receptor,Erythrocyte (blood),Excitatory neuron,0.021424528344834666,1535,0.21241622258755127,0.21890547263681592,12,1,0.577114641763118,0.08333333333333333,False
CORT_SSTR,neuropeptide,Cortistatin,Somatostatin receptor,Endothelial,Pericyte,0.019218601562358714,108,0.2129998575839812,0.22885572139303484,0,0,0.577114641763118,0.0,False
GABA_B,neurotransmitter,GABA,GABA-B receptor,Border macrophage,Microglia,0.015000742245343776,153,0.21200642945276027,0.21890547263681592,3,0,0.577114641763118,0.0,False
SST_SSTR,neuropeptide,Somatostatin,Somatostatin receptor,Oligodendrocyte,Erythrocyte (blood),0.10158582971099592,1342,0.21328334647506364,0.23880597014925373,10,1,0.5775189688407539,0.1,False
GLU_NMDA_2A,neurotransmitter,Glutamate,NMDA receptor (GluN1/2A),Microglia,Ependymal,0.5165335715763153,63,0.2134374203778715,0.19402985074626866,1,0,0.5776019028039681,0.0,False
BDNF_TRKB,neurotrophin,BDNF,TrkB,Erythrocyte (blood),T / NK cell,0.04064589738845825,526,0.21408713013535874,0.23880597014925373,12,0,0.5790252496551118,0.0,False
GLU_KAINATE,neurotransmitter,Glutamate,Kainate receptor,Endothelial,Inhibitory neuron,0.7594095298222133,42,0.2146553701619937,0.19900497512437812,0,0,0.5794042041136896,0.0,False
GLU_NMDA_2A,neurotransmitter,Glutamate,NMDA receptor (GluN1/2A),Border macrophage,Vascular smooth muscle,0.6170721722812187,164,0.21436000689998025,0.1890547263681592,1,0,0.5794042041136896,0.0,False
MDK_PTPRZ1,neuron_glia,Midkine,PTPRZ1,Choroid plexus,Choroid plexus,0.03278412731985251,96,0.21471871820121108,0.21890547263681592,1,0,0.5794042041136896,0.0,False
RELN_R,guidance,Reelin,Reelin receptor,Endothelial,Fibroblast / VLMC,0.02732370439666269,223,0.21472256677348533,0.208955223880597,5,1,0.5794042041136896,0.2,False
NPY_R,neuropeptide,Neuropeptide Y,NPY receptor,Inhibitory neuron,Border macrophage,0.03052181567785875,53,0.21563595245342765,0.16417910447761194,0,0,0.5811985147059838,0.0,False
GABA_A,neurotransmitter,GABA,GABA-A receptor,Excitatory neuron,Microglia,0.02024250242445204,225,0.21561838613742745,0.208955223880597,5,1,0.5811985147059838,0.2,False
CORT_SSTR,neuropeptide,Cortistatin,Somatostatin receptor,Oligodendrocyte,Choroid plexus,0.02963872007701708,230,0.21579860629917164,0.1691542288557214,6,1,0.5812172095385019,0.16666666666666666,False
VEGFA_R,neurovascular,VEGF-A,VEGF receptor,Fibroblast / VLMC,Erythrocyte (blood),0.0197605945529178,477,0.2158913251074837,0.1890547263681592,8,2,0.5812172095385019,0.25,False
GABA_A,neurotransmitter,GABA,GABA-A receptor,Pericyte,Oligodendrocyte,0.06063662944956029,141,0.2162936107754933,0.1890547263681592,1,0,0.5819653851745447,0.0,False
GLU_MGLUR_II,neurotransmitter,Glutamate,Group II mGluR,Microglia,Excitatory neuron,0.8114660554462009,225,0.2164626458102717,0.21890547263681592,5,0,0.5820854711185409,0.0,False
CX3CL1_CX3CR1,neuron_glia,Fractalkine,CX3CR1,Excitatory neuron,Fibroblast / VLMC,0.06784244302757278,499,0.21666616835181046,0.18407960199004975,7,1,0.5822981055244809,0.14285714285714285,False
GLU_AMPA,neurotransmitter,Glutamate,AMPA receptor,Erythrocyte (blood),Vascular smooth muscle,1.7433810646523906,237,0.2176336784763349,0.19402985074626866,5,0,0.5828895143622044,0.0,False
GLU_AMPA,neurotransmitter,Glutamate,AMPA receptor,Microglia,Choroid plexus,1.0734103173017502,24,0.21748183839572194,0.208955223880597,0,0,0.5828895143622044,0.0,False
GLU_MGLUR_I,neurotransmitter,Glutamate,Group I mGluR,T / NK cell,Pericyte,0.49957481265068054,100,0.21703678853860098,0.22885572139303484,0,0,0.5828895143622044,0.0,False
PACAP_R,neuropeptide,PACAP,PACAP receptor,Erythrocyte (blood),Microglia,0.06871453523635865,170,0.21757139209983178,0.208955223880597,4,0,0.5828895143622044,0.0,False
VIP_R,neuropeptide,VIP,VIP receptor,Excitatory neuron,Fibroblast / VLMC,0.023147941710714826,499,0.2171520831360224,0.18407960199004975,7,0,0.5828895143622044,0.0,False
VIP_R,neuropeptide,VIP,VIP receptor,Endothelial,T / NK cell,0.018494148499409672,253,0.21742244887829315,0.21393034825870647,7,0,0.5828895143622044,0.0,False
GLU_MGLUR_II,neurotransmitter,Glutamate,Group II mGluR,Vascular smooth muscle,Oligodendrocyte,0.7872750096850925,99,0.21842218059903407,0.21393034825870647,0,0,0.5839985045845031,0.0,False
GLU_KAINATE,neurotransmitter,Glutamate,Kainate receptor,T / NK cell,Microglia,0.7585439920425415,80,0.2183816443201677,0.20398009950248755,0,0,0.5839985045845031,0.0,False
GABA_A,neurotransmitter,GABA,GABA-A receptor,Oligodendrocyte,Erythrocyte (blood),0.0130522737915221,1342,0.21826273294612614,0.22885572139303484,10,1,0.5839985045845031,0.1,False
CSF1_CSF1R,neuron_glia,CSF-1,CSF1R,Vascular smooth muscle,T / NK cell,0.0093586654105085,94,0.21881409798599122,0.1691542288557214,0,0,0.5844358543019069,0.0,False
PDGFB_PDGFRB,neurovascular,PDGF-B,PDGFRB,Oligodendrocyte,Erythrocyte (blood),0.007172864524511573,1342,0.21883556673155397,0.21393034825870647,10,1,0.5844358543019069,0.1,False
GLU_NMDA_2A,neurotransmitter,Glutamate,NMDA receptor (GluN1/2A),Vascular smooth muscle,Vascular smooth muscle,0.675158311923345,408,0.21932019416515314,0.19900497512437812,7,0,0.5850073489399945,0.0,False
GLU_KAINATE,neurotransmitter,Glutamate,Kainate receptor,Oligodendrocyte,Vascular smooth muscle,0.6175525561727658,99,0.21932782333741507,0.21393034825870647,0,0,0.5850073489399945,0.0,False
GABA_B,neurotransmitter,GABA,GABA-B receptor,Ependymal,Fibroblast / VLMC,0.019759197137793717,245,0.2194246414596474,0.21393034825870647,6,0,0.5850073489399945,0.0,False
GLU_AMPA,neurotransmitter,Glutamate,AMPA receptor,Microglia,Border macrophage,1.7452485241921118,153,0.21996760391814024,0.21890547263681592,3,0,0.5861209673878007,0.0,False
BDNF_TRKB,neurotrophin,BDNF,TrkB,Choroid plexus,Astrocyte,0.050190982849974385,152,0.22013633151541118,0.23880597014925373,2,0,0.586178138505221,0.0,False
CX3CL1_CX3CR1,neuron_glia,Fractalkine,CX3CR1,Astrocyte,Oligodendrocyte,0.04968837513561137,342,0.22026112581923252,0.19900497512437812,6,0,0.586178138505221,0.0,False
PACAP_R,neuropeptide,PACAP,PACAP receptor,Ependymal,Erythrocyte (blood),0.045745186538617144,241,0.22036489541155885,0.21393034825870647,6,1,0.586178138505221,0.16666666666666666,False
NPY_R,neuropeptide,Neuropeptide Y,NPY receptor,Endothelial,Endothelial,0.021576806585839454,282,0.22103541186350006,0.23383084577114427,7,0,0.5876276659712028,0.0,False
GLU_NMDA_2A,neurotransmitter,Glutamate,NMDA receptor (GluN1/2A),T / NK cell,Astrocyte,0.5137638439392221,232,0.22161213726248874,0.23880597014925373,4,0,0.5888263431295768,0.0,False
NRXN_NLGN,synaptic_adhesion,Neurexin,Neuroligin,Microglia,Microglia,0.6530412435531616,42,0.222260650483024,0.23880597014925373,0,0,0.5889928743340231,0.0,False
CCK_R,neuropeptide,Cholecystokinin,CCK receptor,Pericyte,T / NK cell,0.41390749931335447,100,0.22207249185736766,0.19402985074626866,0,0,0.5889928743340231,0.0,False
CCK_R,neuropeptide,Cholecystokinin,CCK receptor,Microglia,Oligodendrocyte,0.27431573219669675,103,0.222292768849642,0.20398009950248755,2,0,0.5889928743340231,0.0,False
GABA_B,neurotransmitter,GABA,GABA-B receptor,T / NK cell,Endothelial,0.03459079699082808,253,0.22230421373667125,0.24378109452736318,7,0,0.5889928743340231,0.0,False
RELN_R,guidance,Reelin,Reelin receptor,Pericyte,Border macrophage,0.017808837443590166,160,0.22216400560172195,0.22885572139303484,3,0,0.5889928743340231,0.0,False
SST_SSTR,neuropeptide,Somatostatin,Somatostatin receptor,Choroid plexus,Ependymal,0.158400047020834,61,0.2228566032506476,0.208955223880597,0,0,0.5891220602315143,0.0,False
MDK_PTPRZ1,neuron_glia,Midkine,PTPRZ1,Microglia,Pericyte,0.061387827902129204,33,0.22281874524004958,0.21393034825870647,0,0,0.5891220602315143,0.0,False
BDNF_TRKB,neurotrophin,BDNF,TrkB,Endothelial,Border macrophage,0.03855178127764404,381,0.2228437239900799,0.23880597014925373,10,0,0.5891220602315143,0.0,False
NRG1_ERBB4,guidance,Neuregulin-1,ErbB4,T / NK cell,Ependymal,0.01926147336719417,119,0.22271275899701815,0.1791044776119403,1,0,0.5891220602315143,0.0,False
RELN_R,guidance,Reelin,Reelin receptor,Endothelial,Excitatory neuron,0.02169820611216441,595,0.22375254191763744,0.23880597014925373,12,0,0.5911564899111381,0.0,False
GLU_MGLUR_II,neurotransmitter,Glutamate,Group II mGluR,Pericyte,Border macrophage,0.7610125988721848,160,0.22484697758175615,0.24875621890547264,3,0,0.5937127585242872,0.0,False
GLU_NMDA_2B,neurotransmitter,Glutamate,NMDA receptor (GluN1/2B),Oligodendrocyte,T / NK cell,0.42655098385631907,453,0.22562709067315162,0.1890547263681592,9,0,0.5954366369202913,0.0,False
GLU_MGLUR_II,neurotransmitter,Glutamate,Group II mGluR,Endothelial,Erythrocyte (blood),0.8697947907929469,594,0.2258434119471725,0.23383084577114427,12,1,0.5956715470692335,0.08333333333333333,False
NPY_R,neuropeptide,Neuropeptide Y,NPY receptor,Fibroblast / VLMC,Border macrophage,0.03185524659998277,408,0.22612775753557224,0.1691542288557214,7,0,0.5960855084557423,0.0,False
GLU_NMDA_2B,neurotransmitter,Glutamate,NMDA receptor (GluN1/2B),Erythrocyte (blood),T / NK cell,0.41342682734188474,526,0.22643601370093275,0.22388059701492538,12,2,0.5965619978078065,0.16666666666666666,False
APOE_TREM2,neuron_glia,ApoE,TREM2,Astrocyte,Astrocyte,0.02248763604104451,1758,0.22687634067510165,0.21890547263681592,11,1,0.5973857051315704,0.09090909090909091,False
GLU_NMDA_2B,neurotransmitter,Glutamate,NMDA receptor (GluN1/2B),Microglia,Choroid plexus,0.23954282204310098,24,0.22726967855497682,0.208955223880597,0,0,0.5977486374135674,0.0,False
BDNF_TRKB,neurotrophin,BDNF,TrkB,Ependymal,Erythrocyte (blood),0.025480189016745793,241,0.2272669184602205,0.24378109452736318,6,0,0.5977486374135674,0.0,False
ANGPT1_TEK,neurovascular,Angiopoietin-1,TIE2,Erythrocyte (blood),Excitatory neuron,0.0012629817285444527,1535,0.22764892715011664,0.19402985074626866,12,0,0.5984097360311212,0.0,False
NRXN_NLGN,synaptic_adhesion,Neurexin,Neuroligin,Microglia,Border macrophage,0.5967631807514265,153,0.22812347177009712,0.22885572139303484,3,0,0.5993204516632703,0.0,False
SST_SSTR,neuropeptide,Somatostatin,Somatostatin receptor,Endothelial,Endothelial,0.14784335117813543,282,0.2288101187640592,0.1890547263681592,7,0,0.6007091464413571,0.0,False
MDK_PTPRZ1,neuron_glia,Midkine,PTPRZ1,Endothelial,Choroid plexus,0.0770334814276014,84,0.2292939806677204,0.24378109452736318,0,0,0.6007091464413571,0.0,False
RELN_R,guidance,Reelin,Reelin receptor,Endothelial,Erythrocyte (blood),0.02554118939321049,594,0.22920250499438843,0.22885572139303484,12,0,0.6007091464413571,0.0,False
GABA_B,neurotransmitter,GABA,GABA-B receptor,Oligodendrocyte,Astrocyte,0.009767010895132322,342,0.2290655676434139,0.23383084577114427,6,0,0.6007091464413571,0.0,False
SEMA3A_R,guidance,Semaphorin 3A,Neuropilin-1 / Plexin-A4,Erythrocyte (blood),Choroid plexus,0.0011084511288605282,279,0.22910772908430493,0.07960199004975124,7,1,0.6007091464413571,0.14285714285714285,False
GABA_B,neurotransmitter,GABA,GABA-B receptor,T / NK cell,Vascular smooth muscle,0.06553212252069027,94,0.2296188077618473,0.24378109452736318,0,0,0.6012235039270752,0.0,False
GLU_MGLUR_I,neurotransmitter,Glutamate,Group I mGluR,Border macrophage,Choroid plexus,0.38609312090677084,194,0.2300017215815156,0.20398009950248755,3,0,0.6018892926621429,0.0,False
GABA_B,neurotransmitter,GABA,GABA-B receptor,Fibroblast / VLMC,Choroid plexus,0.06508057877637338,138,0.23035622277550932,0.23383084577114427,2,1,0.6024800259176122,0.5,False
GLU_AMPA,neurotransmitter,Glutamate,AMPA receptor,T / NK cell,Astrocyte,1.5073679839742595,232,0.23141402268998756,0.23383084577114427,4,0,0.6025521492300789,0.0,False
GLU_NMDA_2B,neurotransmitter,Glutamate,NMDA receptor (GluN1/2B),Excitatory neuron,Astrocyte,0.48926812694186256,336,0.23102311177601076,0.23383084577114427,9,1,0.6025521492300789,0.1111111111111111,False
GLU_NMDA_2B,neurotransmitter,Glutamate,NMDA receptor (GluN1/2B),Inhibitory neuron,Endothelial,0.32706890787397114,42,0.23061221344246513,0.21890547263681592,0,0,0.6025521492300789,0.0,False
CORT_SSTR,neuropeptide,Cortistatin,Somatostatin receptor,Border macrophage,Vascular smooth muscle,0.04676728786491766,164,0.23110194130828055,0.22388059701492538,1,0,0.6025521492300789,0.0,False
VIP_R,neuropeptide,VIP,VIP receptor,Astrocyte,Endothelial,0.025810140214092153,417,0.2308158011381264,0.24875621890547264,6,0,0.6025521492300789,0.0,False
VEGFA_R,neurovascular,VEGF-A,VEGF receptor,Erythrocyte (blood),T / NK cell,0.012258370113010189,526,0.2312612146991726,0.1890547263681592,12,0,0.6025521492300789,0.0,False
WNT7_FZD4,neurovascular,Wnt7a/b,Frizzled-4 / GPR124,Erythrocyte (blood),Erythrocyte (blood),0.0002792284195577629,6296,0.23119387159462423,0.18407960199004975,12,1,0.6025521492300789,0.08333333333333333,False
POMC_MC4R,neuropeptide,alpha-MSH,Melanocortin receptor,Excitatory neuron,Excitatory neuron,0.00025285430668306306,2258,0.23131846129437433,0.13432835820895522,12,1,0.6025521492300789,0.08333333333333333,False
APOE_LRP1,neuron_glia,ApoE,LRP1,Choroid plexus,Choroid plexus,1.1115330668787162,96,0.23181121058383664,0.22885572139303484,1,0,0.60325064200321,0.0,False
PTN_PTPRZ1,neuron_glia,Pleiotrophin,PTPRZ1,Choroid plexus,Choroid plexus,0.230326929440101,96,0.2322114475255268,0.1890547263681592,1,0,0.60395628847801,0.0,False
NRXN_NLGN,synaptic_adhesion,Neurexin,Neuroligin,Pericyte,Endothelial,0.5754113870638388,108,0.23247938286890862,0.24875621890547264,0,0,0.6042752964374173,0.0,False
CSF1_CSF1R,neuron_glia,CSF-1,CSF1R,Astrocyte,Ependymal,0.010997304659403727,334,0.23259239343530425,0.23383084577114427,5,0,0.6042752964374173,0.0,False
GLU_MGLUR_I,neurotransmitter,Glutamate,Group I mGluR,Choroid plexus,Fibroblast / VLMC,0.46936150305513025,138,0.2328022978833359,0.22388059701492538,2,0,0.6044849898979626,0.0,False
CCK_R,neuropeptide,Cholecystokinin,CCK receptor,Erythrocyte (blood),Microglia,0.394415856108946,170,0.23301031210900114,0.20398009950248755,4,1,0.6046895454010074,0.25,False
NPY_R,neuropeptide,Neuropeptide Y,NPY receptor,Endothelial,T / NK cell,0.02816663523436535,253,0.233332045663732,0.22885572139303484,7,1,0.605188825754214,0.14285714285714285,False
BDNF_TRKB,neurotrophin,BDNF,TrkB,Fibroblast / VLMC,Erythrocyte (blood),0.0697742631225466,477,0.23416087949178088,0.21890547263681592,8,0,0.607002080411104,0.0,False
NRXN_NLGN,synaptic_adhesion,Neurexin,Neuroligin,Astrocyte,Astrocyte,0.4022295327859256,1758,0.23441509728297544,0.24378109452736318,11,1,0.6073246069695692,0.09090909090909091,False
GLU_NMDA_2B,neurotransmitter,Glutamate,NMDA receptor (GluN1/2B),Vascular smooth muscle,Erythrocyte (blood),0.3437484200996689,237,0.23514802360171527,0.23383084577114427,5,0,0.6088863322813646,0.0,False
GLU_MGLUR_II,neurotransmitter,Glutamate,Group II mGluR,Oligodendrocyte,Choroid plexus,0.9866645022578862,230,0.23595074998687782,0.23383084577114427,6,2,0.6102894191202882,0.3333333333333333,False
NPY_R,neuropeptide,Neuropeptide Y,NPY receptor,Vascular smooth muscle,Oligodendrocyte,0.027444574568006728,99,0.2358853555079783,0.22885572139303484,0,0,0.6102894191202882,0.0,False
C1Q_LRP1,neuron_glia,C1q,LRP1,Fibroblast / VLMC,Border macrophage,0.0014388527648121702,408,0.23620977363230683,0.32338308457711445,7,0,0.610621840235118,0.0,False
GABA_A,neurotransmitter,GABA,GABA-A receptor,OPC,Oligodendrocyte,0.09161751965681712,48,0.2371022904179967,0.22885572139303484,0,0,0.612590622234018,0.0,False
GLU_MGLUR_I,neurotransmitter,Glutamate,Group I mGluR,Inhibitory neuron,Border macrophage,0.32195608570890605,53,0.23731411634517918,0.21890547263681592,0,0,0.61279953111429,0.0,False
CCK_R,neuropeptide,Cholecystokinin,CCK receptor,Erythrocyte (blood),T / NK cell,0.42020816540083505,526,0.237756708005259,0.22388059701492538,12,1,0.6133590676239662,0.08333333333333333,False
PTN_PTPRZ1,neuron_glia,Pleiotrophin,PTPRZ1,Oligodendrocyte,Erythrocyte (blood),0.2886112024993726,1342,0.23788172145833125,0.23880597014925373,10,0,0.6133590676239662,0.0,False
IL34_CSF1R,neuron_glia,IL-34,CSF1R,Ependymal,Endothelial,0.010990246176132428,203,0.2379240666248127,0.17412935323383086,3,0,0.6133590676239662,0.0,False
CRH_R,neuropeptide,CRH,CRH receptor,Fibroblast / VLMC,Astrocyte,0.0017265207792451869,382,0.23825976974348395,0.07462686567164178,7,0,0.6138862679679303,0.0,False
GLU_MGLUR_III,neurotransmitter,Glutamate,Group III mGluR,Pericyte,Endothelial,0.19621972905264962,108,0.23854818925100507,0.23383084577114427,0,0,0.6139532329512941,0.0,False
CORT_SSTR,neuropeptide,Cortistatin,Somatostatin receptor,Inhibitory neuron,Excitatory neuron,0.11023080416701057,88,0.23847486425368203,0.2537313432835821,0,0,0.6139532329512941,0.0,False
PACAP_R,neuropeptide,PACAP,PACAP receptor,Oligodendrocyte,Astrocyte,0.03749868326019822,342,0.2391576569645984,0.22388059701492538,6,0,0.6148454268886571,0.0,False
NPY_R,neuropeptide,Neuropeptide Y,NPY receptor,Pericyte,Erythrocyte (blood),0.0250891908009847,225,0.2391301450415999,0.22388059701492538,5,0,0.6148454268886571,0.0,False
APOE_LRP1,neuron_glia,ApoE,LRP1,Excitatory neuron,Pericyte,0.9670822671815461,255,0.23976136436276957,0.23383084577114427,7,0,0.6148783328116407,0.0,False
SST_SSTR,neuropeptide,Somatostatin,Somatostatin receptor,Inhibitory neuron,Erythrocyte (blood),0.17870837558399547,55,0.23937337600524838,0.22885572139303484,0,0,0.6148783328116407,0.0,False
MDK_PTPRZ1,neuron_glia,Midkine,PTPRZ1,Pericyte,Endothelial,0.04882602338437681,108,0.23982751814089426,0.23880597014925373,0,0,0.6148783328116407,0.0,False
GABA_B,neurotransmitter,GABA,GABA-B receptor,Border macrophage,Fibroblast / VLMC,0.03728159736184513,408,0.23944960443982144,0.23880597014925373,7,1,0.6148783328116407,0.14285714285714285,False
NRG1_ERBB4,guidance,Neuregulin-1,ErbB4,Endothelial,Choroid plexus,0.011670370187078203,84,0.2397202558100625,0.16417910447761194,0,0,0.6148783328116407,0.0,False
SLIT_ROBO,guidance,Slit,Robo,Oligodendrocyte,Choroid plexus,0.09942360157551973,230,0.23998775062119748,0.17412935323383086,6,1,0.6149521824515789,0.16666666666666666,False
APOE_LRP1,neuron_glia,ApoE,LRP1,Choroid plexus,T / NK cell,1.164522206988828,116,0.24056121117355356,0.24875621890547264,2,0,0.6152027103668171,0.0,False
GLU_NMDA_2A,neurotransmitter,Glutamate,NMDA receptor (GluN1/2A),Endothelial,Oligodendrocyte,0.7335689837282354,220,0.24069861629269468,0.24378109452736318,4,0,0.6152027103668171,0.0,False
CCK_R,neuropeptide,Cholecystokinin,CCK receptor,Astrocyte,Excitatory neuron,0.38407996190445765,336,0.24074292854918616,0.19900497512437812,9,0,0.6152027103668171,0.0,False
SST_SSTR,neuropeptide,Somatostatin,Somatostatin receptor,Vascular smooth muscle,Border macrophage,0.12471204414600279,164,0.24050951152691846,0.208955223880597,1,0,0.6152027103668171,0.0,False
SLIT_ROBO,guidance,Slit,Robo,T / NK cell,Oligodendrocyte,0.09296903994436033,453,0.2403821606836989,0.25870646766169153,9,0,0.6152027103668171,0.0,False
PTN_PTPRZ1,neuron_glia,Pleiotrophin,PTPRZ1,Pericyte,T / NK cell,0.36210728347301485,100,0.24126348992056595,0.21890547263681592,0,0,0.6161964352283451,0.0,False
GLU_NMDA_2A,neurotransmitter,Glutamate,NMDA receptor (GluN1/2A),Microglia,Choroid plexus,0.40136535962422687,24,0.2418931464099024,0.26865671641791045,0,0,0.6174675570386979,0.0,False
GLU_KAINATE,neurotransmitter,Glutamate,Kainate receptor,Pericyte,Vascular smooth muscle,0.7052949869026572,59,0.24231311598189464,0.263681592039801,0,0,0.6181853875097278,0.0,False
SLIT_ROBO,guidance,Slit,Robo,Pericyte,Excitatory neuron,0.11069490371965894,255,0.24243859501610399,0.23880597014925373,7,0,0.6181853875097278,0.0,False
GLU_MGLUR_II,neurotransmitter,Glutamate,Group II mGluR,Oligodendrocyte,Endothelial,1.0587281920693137,220,0.24341526071188863,0.2835820895522388,4,0,0.6193861033796709,0.0,False
NRXN_NLGN,synaptic_adhesion,Neurexin,Neuroligin,Oligodendrocyte,Inhibitory neuron,0.5526665687561035,40,0.24348681356195923,0.24378109452736318,0,0,0.6193861033796709,0.0,False
RELN_R,guidance,Reelin,Reelin receptor,Fibroblast / VLMC,Vascular smooth muscle,0.052577498284253205,154,0.2435713678603536,0.21393034825870647,2,0,0.6193861033796709,0.0,False
VIP_R,neuropeptide,VIP,VIP receptor,Erythrocyte (blood),Microglia,0.03793101661345538,170,0.2431494908444755,0.208955223880597,4,0,0.6193861033796709,0.0,False
PDGFB_PDGFRB,neurovascular,PDGF-B,PDGFRB,Erythrocyte (blood),Endothelial,0.011142342178909867,594,0.24326677038369499,0.22885572139303484,12,1,0.6193861033796709,0.08333333333333333,False
GLU_MGLUR_II,neurotransmitter,Glutamate,Group II mGluR,Border macrophage,Inhibitory neuron,0.8907935259477148,53,0.24387701622846197,0.263681592039801,0,0,0.6197529664242388,0.0,False
GABA_A,neurotransmitter,GABA,GABA-A receptor,Inhibitory neuron,T / NK cell,0.4594849816390446,28,0.244040806461228,0.25870646766169153,0,0,0.6197529664242388,0.0,False
CCK_R,neuropeptide,Cholecystokinin,CCK receptor,T / NK cell,Fibroblast / VLMC,0.39007105870484227,221,0.24422679589257762,0.22885572139303484,4,0,0.6197529664242388,0.0,False
GABA_B,neurotransmitter,GABA,GABA-B receptor,Oligodendrocyte,OPC,0.03620225439469019,48,0.24424545203810566,0.22388059701492538,0,0,0.6197529664242388,0.0,False
GLU_NMDA_2B,neurotransmitter,Glutamate,NMDA receptor (GluN1/2B),Border macrophage,Microglia,0.3036554576524722,153,0.24442863407059934,0.25870646766169153,3,0,0.6198816145345986,0.0,False
GLU_MGLUR_II,neurotransmitter,Glutamate,Group II mGluR,Astrocyte,Oligodendrocyte,0.7725293364441186,342,0.2445712492603005,0.24875621890547264,6,1,0.619907299723156,0.16666666666666666,False
RELN_R,guidance,Reelin,Reelin receptor,Oligodendrocyte,Inhibitory neuron,0.056633496284484865,40,0.24470939330866615,0.22388059701492538,0,0,0.6199216303688407,0.0,False
BDNF_TRKB,neurotrophin,BDNF,TrkB,Choroid plexus,Ependymal,0.08795422217885002,61,0.24510967865770705,0.30845771144278605,0,0,0.6202640272792922,0.0,False
PACAP_R,neuropeptide,PACAP,PACAP receptor,Astrocyte,Fibroblast / VLMC,0.02028674355352112,382,0.24507873035007277,0.21890547263681592,7,1,0.6202640272792922,0.14285714285714285,False
GLU_KAINATE,neurotransmitter,Glutamate,Kainate receptor,Microglia,Border macrophage,0.6729225021561765,153,0.2453404679736763,0.2537313432835821,3,0,0.6205124592696386,0.0,False
CCK_R,neuropeptide,Cholecystokinin,CCK receptor,Endothelial,Inhibitory neuron,0.4697155441556658,42,0.24618270326988761,0.24875621890547264,0,0,0.6212401818631667,0.0,False
GLU_NMDA_2B,neurotransmitter,Glutamate,NMDA receptor (GluN1/2B),Choroid plexus,Border macrophage,0.3910295434833802,194,0.24620283860644687,0.21393034825870647,3,0,0.6212401818631667,0.0,False
SLIT_ROBO,guidance,Slit,Robo,Astrocyte,Oligodendrocyte,0.10110746942765532,342,0.2462920575670387,0.22388059701492538,6,1,0.6212401818631667,0.16666666666666666,False
CX3CL1_CX3CR1,neuron_glia,Fractalkine,CX3CR1,Microglia,Endothelial,0.07904661501326211,82,0.24612165001401304,0.24875621890547264,0,0,0.6212401818631667,0.0,False
VIP_R,neuropeptide,VIP,VIP receptor,Inhibitory neuron,Erythrocyte (blood),0.03974269520152699,55,0.24605437117575923,0.23383084577114427,0,0,0.6212401818631667,0.0,False
CX3CL1_CX3CR1,neuron_glia,Fractalkine,CX3CR1,Pericyte,Border macrophage,0.0667569912970066,160,0.2467092551894029,0.26865671641791045,3,0,0.6219572225383707,0.0,False
GLU_NMDA_2B,neurotransmitter,Glutamate,NMDA receptor (GluN1/2B),Microglia,Border macrophage,0.2998909124361923,153,0.24740372642585157,0.23383084577114427,3,0,0.6220322600465124,0.0,False
PTN_PTPRZ1,neuron_glia,Pleiotrophin,PTPRZ1,Erythrocyte (blood),Oligodendrocyte,0.25875136251776476,1342,0.24712435635030805,0.24875621890547264,10,1,0.6220322600465124,0.1,False
CORT_SSTR,neuropeptide,Cortistatin,Somatostatin receptor,Ependymal,Microglia,0.06868738125240992,63,0.24737209873769134,0.22388059701492538,1,0,0.6220322600465124,0.0,False
NPY_R,neuropeptide,Neuropeptide Y,NPY receptor,Choroid plexus,T / NK cell,0.03883567760730612,116,0.24690995763506518,0.21393034825870647,2,0,0.6220322600465124,0.0,False
PDGFB_PDGFRB,neurovascular,PDGF-B,PDGFRB,Astrocyte,T / NK cell,0.007850104364855537,232,0.24726026336073548,0.24875621890547264,4,0,0.6220322600465124,0.0,False
GLU_MGLUR_III,neurotransmitter,Glutamate,Group III mGluR,Endothelial,Endothelial,0.15868019127676672,282,0.2477478387458682,0.2537313432835821,7,1,0.6225629095015667,0.14285714285714285,False
GLU_NMDA_2B,neurotransmitter,Glutamate,NMDA receptor (GluN1/2B),Astrocyte,Choroid plexus,0.29519538973507126,152,0.24808839997785237,0.24378109452736318,2,0,0.62308407058313,0.0,False
PENK_OPR,neuropeptide,Enkephalin,Delta/mu opioid receptor,Excitatory neuron,Fibroblast / VLMC,0.0025636559736752556,499,0.24838444711725832,0.21890547263681592,7,1,0.6234929335094698,0.14285714285714285,False
PACAP_R,neuropeptide,PACAP,PACAP receptor,Excitatory neuron,Microglia,0.06178060743543837,225,0.24877686491423934,0.22388059701492538,5,0,0.6238086553771307,0.0,False
MDK_PTPRZ1,neuron_glia,Midkine,PTPRZ1,Excitatory neuron,Microglia,0.05358907355202569,225,0.248646180722901,0.263681592039801,5,1,0.6238086553771307,0.2,False
GLU_MGLUR_II,neurotransmitter,Glutamate,Group II mGluR,Microglia,Astrocyte,0.46540689130201407,141,0.24895894876339142,0.263681592039801,4,0,0.6239308630229826,0.0,False
APOE_LRP1,neuron_glia,ApoE,LRP1,Erythrocyte (blood),Border macrophage,0.993498500366256,848,0.2491970341687767,0.23880597014925373,12,1,0.624193213530892,0.08333333333333333,False
PACAP_R,neuropeptide,PACAP,PACAP receptor,T / NK cell,Oligodendrocyte,0.03238089918827116,453,0.2494549764799644,0.24875621890547264,9,0,0.624504994622661,0.0,False
GLU_AMPA,neurotransmitter,Glutamate,AMPA receptor,Excitatory neuron,Pericyte,2.6817713854359644,255,0.250248408631753,0.2537313432835821,7,1,0.6261563122930334,0.14285714285714285,False
NRXN_NLGN,synaptic_adhesion,Neurexin,Neuroligin,Choroid plexus,Inhibitory neuron,0.6957567811012269,20,0.25081259270388356,0.22388059701492538,0,0,0.626989026054938,0.0,False
GLU_NMDA_2A,neurotransmitter,Glutamate,NMDA receptor (GluN1/2A),T / NK cell,Endothelial,0.6852787822602766,253,0.2511172119741299,0.24378109452736318,7,0,0.626989026054938,0.0,False
GLU_MGLUR_I,neurotransmitter,Glutamate,Group I mGluR,Erythrocyte (blood),Inhibitory neuron,0.42441446564414287,55,0.2508814857927982,0.2537313432835821,0,0,0.626989026054938,0.0,False
VIP_R,neuropeptide,VIP,VIP receptor,Endothelial,Choroid plexus,0.0521107500507718,84,0.2509853958352105,0.22885572139303484,0,0,0.626989026054938,0.0,False
GLU_MGLUR_II,neurotransmitter,Glutamate,Group II mGluR,Pericyte,Oligodendrocyte,0.823684369841366,141,0.25149875477752204,0.263681592039801,1,1,0.6271533209640302,1.0,False
CCK_R,neuropeptide,Cholecystokinin,CCK receptor,Excitatory neuron,Vascular smooth muscle,0.44400966856214735,225,0.2515301252139372,0.24875621890547264,4,1,0.6271533209640302,0.25,False
GABA_B,neurotransmitter,GABA,GABA-B receptor,Excitatory neuron,Vascular smooth muscle,0.01670220692952474,225,0.2515851214895244,0.21393034825870647,4,0,0.6271533209640302,0.0,False
PTN_PTPRZ1,neuron_glia,Pleiotrophin,PTPRZ1,Oligodendrocyte,Microglia,0.3104476454188523,103,0.2517899749888731,0.22885572139303484,2,0,0.6273297619664203,0.0,False
CCK_R,neuropeptide,Cholecystokinin,CCK receptor,Excitatory neuron,Oligodendrocyte,0.3903044319390854,601,0.2524066758109218,0.22885572139303484,12,1,0.6276497239495215,0.08333333333333333,False
MDK_PTPRZ1,neuron_glia,Midkine,PTPRZ1,Oligodendrocyte,Pericyte,0.09145470544801536,141,0.25224137765692967,0.24875621890547264,1,0,0.6276497239495215,0.0,False
SLIT_ROBO,guidance,Slit,Robo,T / NK cell,Excitatory neuron,0.08810382445103929,651,0.25232307953412264,0.24875621890547264,12,0,0.6276497239495215,0.0,False
VIP_R,neuropeptide,VIP,VIP receptor,Astrocyte,Vascular smooth muscle,0.019051867698315326,237,0.2524549648371446,0.23880597014925373,7,1,0.6276497239495215,0.14285714285714285,False
NPY_R,neuropeptide,Neuropeptide Y,NPY receptor,Ependymal,T / NK cell,0.024682911504216556,119,0.25267316365560466,0.1691542288557214,1,0,0.6278585941288233,0.0,False
GLU_KAINATE,neurotransmitter,Glutamate,Kainate receptor,Inhibitory neuron,Endothelial,0.6205760836601257,42,0.2531563744583686,0.263681592039801,0,0,0.6287254119377423,0.0,False
IL34_CSF1R,neuron_glia,IL-34,CSF1R,Border macrophage,Fibroblast / VLMC,0.014992189757964191,408,0.25352221806181885,0.2537313432835821,7,1,0.6292999778839524,0.14285714285714285,False
VEGFA_R,neurovascular,VEGF-A,VEGF receptor,Vascular smooth muscle,T / NK cell,0.022535693138203722,94,0.25366899959961287,0.23383084577114427,0,0,0.6293304608306408,0.0,False
RELN_R,guidance,Reelin,Reelin receptor,Oligodendrocyte,T / NK cell,0.018030469517570983,453,0.2540950469236124,0.21890547263681592,9,1,0.629766695773843,0.1111111111111111,False
PENK_OPR,neuropeptide,Enkephalin,Delta/mu opioid receptor,Erythrocyte (blood),Choroid plexus,0.0029978247953572155,279,0.2541140247106253,0.17412935323383086,7,0,0.629766695773843,0.0,False
APOE_LRP1,neuron_glia,ApoE,LRP1,T / NK cell,Fibroblast / VLMC,1.1174025918563566,221,0.25482421516234743,0.25870646766169153,4,1,0.6305248560257132,0.25,False
NRG1_ERBB4,guidance,Neuregulin-1,ErbB4,T / NK cell,Oligodendrocyte,0.007163362524104171,453,0.25466821645259574,0.20398009950248755,9,0,0.6305248560257132,0.0,False
PENK_OPR,neuropeptide,Enkephalin,Delta/mu opioid receptor,Endothelial,Erythrocyte (blood),0.0033117556812787296,594,0.25470166542642425,0.21890547263681592,12,0,0.6305248560257132,0.0,False
APOE_LRP1,neuron_glia,ApoE,LRP1,T / NK cell,Inhibitory neuron,1.2332502475806646,28,0.25501229889806276,0.24875621890547264,0,0,0.6306567370740146,0.0,False
GLU_MGLUR_I,neurotransmitter,Glutamate,Group I mGluR,Excitatory neuron,Border macrophage,0.5284558888753856,1057,0.2556502692548981,0.2736318407960199,12,1,0.631734410095468,0.08333333333333333,False
PTN_PTPRZ1,neuron_glia,Pleiotrophin,PTPRZ1,Erythrocyte (blood),Astrocyte,0.32461351633515884,537,0.2557180963284498,0.27860696517412936,11,0,0.631734410095468,0.0,False
BDNF_TRKB,neurotrophin,BDNF,TrkB,Choroid plexus,Choroid plexus,0.1222731942931811,96,0.25658129388650186,0.26865671641791045,1,0,0.6333788465683954,0.0,False
IL34_CSF1R,neuron_glia,IL-34,CSF1R,Excitatory neuron,Border macrophage,0.017525166188531477,1057,0.2566544759764218,0.2537313432835821,12,1,0.6333788465683954,0.08333333333333333,False
GABA_B,neurotransmitter,GABA,GABA-B receptor,Vascular smooth muscle,Vascular smooth muscle,0.07802301119355594,408,0.25704275951741573,0.263681592039801,7,0,0.6340026735803839,0.0,False
APOE_LRP1,neuron_glia,ApoE,LRP1,Fibroblast / VLMC,Endothelial,0.9868841697816891,223,0.25721216297422567,0.27860696517412936,5,0,0.6340862542446796,0.0,False
APOE_LRP1,neuron_glia,ApoE,LRP1,Vascular smooth muscle,Microglia,1.407167339324951,35,0.25792086278487636,0.26865671641791045,0,0,0.6351640615633877,0.0,False
NRXN_NLGN,synaptic_adhesion,Neurexin,Neuroligin,Vascular smooth muscle,Astrocyte,0.44528894333899777,237,0.25788170813454653,0.27860696517412936,7,1,0.6351640615633877,0.14285714285714285,False
GLU_KAINATE,neurotransmitter,Glutamate,Kainate receptor,Excitatory neuron,Oligodendrocyte,1.0995150064668322,601,0.2583056751697545,0.27860696517412936,12,0,0.6357770931716367,0.0,False
APOE_LRP1,neuron_glia,ApoE,LRP1,Microglia,T / NK cell,1.273324292898178,80,0.25875067023882836,0.23880597014925373,0,0,0.6361292034460897,0.0,False
APOE_LRP1,neuron_glia,ApoE,LRP1,Erythrocyte (blood),Vascular smooth muscle,1.0890075825940708,237,0.25885659400755606,0.2537313432835821,5,0,0.6361292034460897,0.0,False
VIP_R,neuropeptide,VIP,VIP receptor,Erythrocyte (blood),Endothelial,0.018829775378358886,594,0.258788863149636,0.24875621890547264,12,1,0.6361292034460897,0.08333333333333333,False
PTN_PTPRZ1,neuron_glia,Pleiotrophin,PTPRZ1,Fibroblast / VLMC,Inhibitory neuron,0.5058327408937308,26,0.25899641224191206,0.25870646766169153,0,0,0.6361386944251478,0.0,False
GLU_MGLUR_III,neurotransmitter,Glutamate,Group III mGluR,T / NK cell,Ependymal,0.1808703606869994,119,0.2593668313535009,0.2537313432835821,1,1,0.6361510600867285,1.0,False
PACAP_R,neuropeptide,PACAP,PACAP receptor,Microglia,Endothelial,0.09789915928026525,82,0.25919514721643006,0.21890547263681592,0,0,0.6361510600867285,0.0,False
PDGFB_PDGFRB,neurovascular,PDGF-B,PDGFRB,Oligodendrocyte,Endothelial,0.005996050617911599,220,0.2594093230702026,0.25870646766169153,4,0,0.6361510600867285,0.0,False
APOE_LRP1,neuron_glia,ApoE,LRP1,Erythrocyte (blood),Oligodendrocyte,1.0982236165314603,1342,0.25961851836369015,0.3034825870646766,10,1,0.6363305643916743,0.1,False
NRXN_NLGN,synaptic_adhesion,Neurexin,Neuroligin,T / NK cell,Astrocyte,0.5347850738928236,232,0.26024313350017,0.24875621890547264,4,0,0.6375275506006782,0.0,False
PACAP_R,neuropeptide,PACAP,PACAP receptor,Endothelial,Inhibitory neuron,0.06787715071723574,42,0.2606053173496943,0.24875621890547264,0,0,0.6380807325375298,0.0,False
CCK_R,neuropeptide,Cholecystokinin,CCK receptor,Choroid plexus,Border macrophage,0.38607678462549583,194,0.26171820312909877,0.263681592039801,3,0,0.6381634346347085,0.0,False
GLU_MGLUR_I,neurotransmitter,Glutamate,Group I mGluR,Pericyte,Endothelial,0.36703477523944994,108,0.2617504138148433,0.263681592039801,0,0,0.6381634346347085,0.0,False
SLIT_ROBO,guidance,Slit,Robo,Erythrocyte (blood),Microglia,0.08403884137378019,170,0.2614931652206348,0.24875621890547264,4,0,0.6381634346347085,0.0,False
RELN_R,guidance,Reelin,Reelin receptor,Astrocyte,Ependymal,0.08096435683929992,334,0.2621393719529621,0.2537313432835821,5,2,0.6381634346347085,0.4,False
GABA_A,neurotransmitter,GABA,GABA-A receptor,T / NK cell,Endothelial,0.023077689611864655,253,0.26178909464492295,0.24875621890547264,7,0,0.6381634346347085,0.0,False
GABA_B,neurotransmitter,GABA,GABA-B receptor,Astrocyte,Excitatory neuron,0.02197533863640967,336,0.2619184938424107,0.208955223880597,9,0,0.6381634346347085,0.0,False
APOE_TREM2,neuron_glia,ApoE,TREM2,Choroid plexus,Erythrocyte (blood),0.02121241118318291,279,0.261814570731295,0.19402985074626866,7,1,0.6381634346347085,0.14285714285714285,False
APOE_TREM2,neuron_glia,ApoE,TREM2,Erythrocyte (blood),Border macrophage,0.02050150031188749,848,0.2609543718056066,0.21890547263681592,12,1,0.6381634346347085,0.08333333333333333,False
IL34_CSF1R,neuron_glia,IL-34,CSF1R,Border macrophage,Border macrophage,0.012786508353900012,638,0.2611189819758535,0.2736318407960199,12,1,0.6381634346347085,0.08333333333333333,False
PENK_OPR,neuropeptide,Enkephalin,Delta/mu opioid receptor,Choroid plexus,Choroid plexus,0.005285622552037239,96,0.26208548563547185,0.07462686567164178,1,0,0.6381634346347085,0.0,False
GAL_R,neuropeptide,Galanin,Galanin receptor,Oligodendrocyte,Oligodendrocyte,0.0003301533719450691,19620,0.26138301582246326,0.23880597014925373,12,1,0.6381634346347085,0.08333333333333333,False
APOE_LRP1,neuron_glia,ApoE,LRP1,T / NK cell,Choroid plexus,1.1892066859993442,116,0.2639484703954207,0.2537313432835821,2,1,0.6422334336870376,0.5,False
SLIT_ROBO,guidance,Slit,Robo,Pericyte,Border macrophage,0.09295724704861641,160,0.26439359750580793,0.263681592039801,3,0,0.6429821427908915,0.0,False
GLU_MGLUR_III,neurotransmitter,Glutamate,Group III mGluR,Pericyte,Pericyte,0.22361781505437997,26,0.26454242220291935,0.26865671641791045,0,0,0.6430098667467323,0.0,False
CSF1_CSF1R,neuron_glia,CSF-1,CSF1R,Ependymal,Ependymal,0.014354076878777865,174,0.26473428633455803,0.23383084577114427,4,0,0.6431421213704035,0.0,False
GABA_A,neurotransmitter,GABA,GABA-A receptor,Fibroblast / VLMC,Endothelial,0.031069791103157763,223,0.2649771932634783,0.263681592039801,5,0,0.6433981771042112,0.0,False
BDNF_TRKB,neurotrophin,BDNF,TrkB,Oligodendrocyte,Microglia,0.043933775818463666,103,0.26516139666918825,0.2736318407960199,2,0,0.643511501563865,0.0,False
NPY_R,neuropeptide,Neuropeptide Y,NPY receptor,Border macrophage,Microglia,0.02942690818138372,153,0.2654040732622521,0.23880597014925373,3,0,0.6437665416247164,0.0,False
BDNF_TRKB,neurotrophin,BDNF,TrkB,Fibroblast / VLMC,Astrocyte,0.04633303244076474,382,0.2656402708441049,0.2835820895522388,7,0,0.6440056099894128,0.0,False
SLIT_ROBO,guidance,Slit,Robo,Choroid plexus,Endothelial,0.11682249179908208,84,0.26587991400071187,0.24875621890547264,0,0,0.6442527797044696,0.0,False
GLU_MGLUR_III,neurotransmitter,Glutamate,Group III mGluR,Vascular smooth muscle,Border macrophage,0.16950710953735723,164,0.26612385240037284,0.24378109452736318,1,0,0.6442906852482494,0.0,False
GABA_A,neurotransmitter,GABA,GABA-A receptor,Vascular smooth muscle,Choroid plexus,0.03329245379713715,61,0.2661709541750088,0.3482587064676617,0,0,0.6442906852482494,0.0,False
PACAP_R,neuropeptide,PACAP,PACAP receptor,Excitatory neuron,Pericyte,0.08439974527732999,255,0.26637580753322565,0.27860696517412936,7,2,0.6444531558676126,0.2857142857142857,False
GLU_AMPA,neurotransmitter,Glutamate,AMPA receptor,Pericyte,Microglia,1.756091240680579,33,0.26699673590797324,0.2885572139303483,0,0,0.6456215645030526,0.0,False
NRXN_NLGN,synaptic_adhesion,Neurexin,Neuroligin,Inhibitory neuron,Border macrophage,0.668148510860947,53,0.26763964351582414,0.25870646766169153,0,0,0.6465079463141669,0.0,False
NPY_R,neuropeptide,Neuropeptide Y,NPY receptor,Fibroblast / VLMC,Erythrocyte (blood),0.031483039978415214,477,0.26755394826419643,0.25870646766169153,8,1,0.6465079463141669,0.125,False
NRXN_NLGN,synaptic_adhesion,Neurexin,Neuroligin,Choroid plexus,Erythrocyte (blood),0.6057246228059133,279,0.2680368925990834,0.3034825870646766,7,1,0.6465558814350627,0.14285714285714285,False
NRXN_NLGN,synaptic_adhesion,Neurexin,Neuroligin,T / NK cell,Oligodendrocyte,0.5520549927063072,453,0.2684319289909298,0.24875621890547264,9,1,0.6465558814350627,0.1111111111111111,False
PTN_PTPRZ1,neuron_glia,Pleiotrophin,PTPRZ1,Fibroblast / VLMC,Endothelial,0.3330142145199626,223,0.26848649507723493,0.24378109452736318,5,0,0.6465558814350627,0.0,False
GLU_MGLUR_III,neurotransmitter,Glutamate,Group III mGluR,Fibroblast / VLMC,Inhibitory neuron,0.20119739495790923,26,0.26890313000056254,0.26865671641791045,0,0,0.6465558814350627,0.0,False
PACAP_R,neuropeptide,PACAP,PACAP receptor,Border macrophage,Ependymal,0.050433427219074296,241,0.2683886742630343,0.23880597014925373,5,1,0.6465558814350627,0.2,False
VIP_R,neuropeptide,VIP,VIP receptor,Microglia,T / NK cell,0.03583540916442871,80,0.26792955703709564,0.23880597014925373,0,0,0.6465558814350627,0.0,False
APOE_TREM2,neuron_glia,ApoE,TREM2,T / NK cell,T / NK cell,0.03314781395387856,462,0.2687314874190623,0.2885572139303483,10,0,0.6465558814350627,0.0,False
GABA_B,neurotransmitter,GABA,GABA-B receptor,Microglia,Erythrocyte (blood),0.021771046694587258,170,0.26851283681160576,0.2736318407960199,4,0,0.6465558814350627,0.0,False
VEGFA_R,neurovascular,VEGF-A,VEGF receptor,Oligodendrocyte,Choroid plexus,0.0180324823960014,230,0.26883153903417367,0.22885572139303484,6,1,0.6465558814350627,0.16666666666666666,False
GLU_KAINATE,neurotransmitter,Glutamate,Kainate receptor,Choroid plexus,Choroid plexus,0.7806384625534216,96,0.26999331140091376,0.24378109452736318,1,0,0.6474566554481107,0.0,False
GLU_KAINATE,neurotransmitter,Glutamate,Kainate receptor,Astrocyte,Microglia,0.4724160348269956,141,0.27010141746715016,0.2736318407960199,4,0,0.6474566554481107,0.0,False
SLIT_ROBO,guidance,Slit,Robo,Microglia,Oligodendrocyte,0.08427095991893879,103,0.26972558303229444,0.2935323383084577,2,0,0.6474566554481107,0.0,False
CX3CL1_CX3CR1,neuron_glia,Fractalkine,CX3CR1,Endothelial,Pericyte,0.05817804513154207,108,0.2696788665507686,0.21890547263681592,0,0,0.6474566554481107,0.0,False
RELN_R,guidance,Reelin,Reelin receptor,Erythrocyte (blood),Oligodendrocyte,0.01422003959756672,1342,0.270108012702439,0.25870646766169153,10,0,0.6474566554481107,0.0,False
C1Q_LRP1,neuron_glia,C1q,LRP1,Choroid plexus,Erythrocyte (blood),0.008820682443598266,279,0.2701052936508265,0.24378109452736318,7,0,0.6474566554481107,0.0,False
APOE_LRP1,neuron_glia,ApoE,LRP1,Erythrocyte (blood),Inhibitory neuron,1.1419551004063,55,0.27074187372103786,0.27860696517412936,0,0,0.6480777967047358,0.0,False
GLU_MGLUR_I,neurotransmitter,Glutamate,Group I mGluR,Excitatory neuron,Choroid plexus,0.5755945362405985,321,0.27087982706833635,0.2885572139303483,7,0,0.6480777967047358,0.0,False
SLIT_ROBO,guidance,Slit,Robo,Border macrophage,Vascular smooth muscle,0.10219431141527688,164,0.270739019966731,0.24378109452736318,1,0,0.6480777967047358,0.0,False
CORT_SSTR,neuropeptide,Cortistatin,Somatostatin receptor,Excitatory neuron,Vascular smooth muscle,0.01109049638112386,225,0.2709211734033903,0.26865671641791045,4,0,0.6480777967047358,0.0,False
GLU_MGLUR_III,neurotransmitter,Glutamate,Group III mGluR,Microglia,Border macrophage,0.168257568396774,153,0.2711517797870001,0.2935323383084577,3,0,0.6482979957196594,0.0,False
GABA_A,neurotransmitter,GABA,GABA-A receptor,Fibroblast / VLMC,Choroid plexus,0.04397459608921106,138,0.2718672590950618,0.2537313432835821,2,0,0.6483579000630803,0.0,False
CX3CL1_CX3CR1,neuron_glia,Fractalkine,CX3CR1,Astrocyte,Astrocyte,0.031057588476369812,1758,0.2718696729907595,0.263681592039801,11,0,0.6483579000630803,0.0,False
VIP_R,neuropeptide,VIP,VIP receptor,Border macrophage,Vascular smooth muscle,0.02625969088659054,164,0.27168277937484997,0.208955223880597,1,0,0.6483579000630803,0.0,False
CSF1_CSF1R,neuron_glia,CSF-1,CSF1R,Inhibitory neuron,Excitatory neuron,0.025395748290148647,88,0.2715282867714226,0.2885572139303483,0,0,0.6483579000630803,0.0,False
NPY_R,neuropeptide,Neuropeptide Y,NPY receptor,Choroid plexus,Choroid plexus,0.01747342882057031,96,0.2713697244526041,0.208955223880597,1,0,0.6483579000630803,0.0,False
GLU_AMPA,neurotransmitter,Glutamate,AMPA receptor,Border macrophage,Pericyte,1.8087486140429974,160,0.2721967436126394,0.26865671641791045,3,1,0.6487456640574617,0.3333333333333333,False
GLU_KAINATE,neurotransmitter,Glutamate,Kainate receptor,Oligodendrocyte,Excitatory neuron,0.823334358892901,601,0.2723095713205503,0.2885572139303483,12,0,0.6487456640574617,0.0,False
NPY_R,neuropeptide,Neuropeptide Y,NPY receptor,Astrocyte,Border macrophage,0.0160544939743456,516,0.27306883275277694,0.24378109452736318,8,1,0.6502234445039405,0.125,False
CORT_SSTR,neuropeptide,Cortistatin,Somatostatin receptor,T / NK cell,Oligodendrocyte,0.019910021333504987,453,0.2733061495313401,0.2885572139303483,9,0,0.6504575145763684,0.0,False
GLU_MGLUR_I,neurotransmitter,Glutamate,Group I mGluR,Endothelial,Fibroblast / VLMC,0.2824941852167583,223,0.2738029217433332,0.25870646766169153,5,0,0.6506469633504601,0.0,False
PACAP_R,neuropeptide,PACAP,PACAP receptor,Choroid plexus,Erythrocyte (blood),0.05119054056837567,279,0.27363479457600126,0.26865671641791045,7,1,0.6506469633504601,0.14285714285714285,False
NPY_R,neuropeptide,Neuropeptide Y,NPY receptor,Fibroblast / VLMC,Choroid plexus,0.02312314078427743,138,0.27367139307899346,0.23880597014925373,2,1,0.6506469633504601,0.5,False
PACAP_R,neuropeptide,PACAP,PACAP receptor,Fibroblast / VLMC,Vascular smooth muscle,0.020756815935110116,154,0.2739579574285091,0.2537313432835821,2,1,0.6506849151309615,0.5,False
SST_SSTR,neuropeptide,Somatostatin,Somatostatin receptor,Pericyte,Endothelial,0.1593594308252688,108,0.27455993765884124,0.2537313432835821,0,0,0.651758235064901,0.0,False
SST_SSTR,neuropeptide,Somatostatin,Somatostatin receptor,Endothelial,Vascular smooth muscle,0.1348212229386541,131,0.2749594611666175,0.263681592039801,1,0,0.651758235064901,0.0,False
BDNF_TRKB,neurotrophin,BDNF,TrkB,Excitatory neuron,Fibroblast / VLMC,0.04673045813917875,499,0.274967034840375,0.2835820895522388,7,0,0.651758235064901,0.0,False
VIP_R,neuropeptide,VIP,VIP receptor,Pericyte,T / NK cell,0.027244791984558106,100,0.2747095495564928,0.23880597014925373,0,0,0.651758235064901,0.0,False
GLU_NMDA_2B,neurotransmitter,Glutamate,NMDA receptor (GluN1/2B),Border macrophage,Endothelial,0.31711846386666687,381,0.2756962426248152,0.25870646766169153,10,1,0.6531558072108912,0.1,False
GLU_MGLUR_II,neurotransmitter,Glutamate,Group II mGluR,Pericyte,Excitatory neuron,0.9507000292048735,255,0.2762027841339062,0.29850746268656714,7,0,0.6535735315912482,0.0,False
GLU_NMDA_2A,neurotransmitter,Glutamate,NMDA receptor (GluN1/2A),OPC,Astrocyte,0.24352301721987518,23,0.2761528726423787,0.22388059701492538,0,0,0.6535735315912482,0.0,False
SLIT_ROBO,guidance,Slit,Robo,Fibroblast / VLMC,Excitatory neuron,0.07132203611199985,499,0.27629161049102136,0.2885572139303483,7,0,0.6535735315912482,0.0,False
RELN_R,guidance,Reelin,Reelin receptor,Fibroblast / VLMC,Border macrophage,0.0362062306672919,408,0.27679384055234935,0.263681592039801,7,0,0.6541001918911327,0.0,False
APOE_TREM2,neuron_glia,ApoE,TREM2,Endothelial,Border macrophage,0.0180731044979546,381,0.27678186404006017,0.21393034825870647,10,1,0.6541001918911327,0.1,False
GLU_AMPA,neurotransmitter,Glutamate,AMPA receptor,Excitatory neuron,Ependymal,2.5680128492578103,274,0.2777639248609577,0.2935323383084577,7,0,0.6550685256162786,0.0,False
CCK_R,neuropeptide,Cholecystokinin,CCK receptor,Choroid plexus,Erythrocyte (blood),0.3811885571394343,279,0.2778707133700422,0.2736318407960199,7,0,0.6550685256162786,0.0,False
SST_SSTR,neuropeptide,Somatostatin,Somatostatin receptor,Endothelial,Pericyte,0.16809500367553146,108,0.2778111167128546,0.2835820895522388,0,0,0.6550685256162786,0.0,False
CORT_SSTR,neuropeptide,Cortistatin,Somatostatin receptor,Border macrophage,Choroid plexus,0.017140760249698284,194,0.27742181597652826,0.24875621890547264,3,0,0.6550685256162786,0.0,False
CSF1_CSF1R,neuron_glia,CSF-1,CSF1R,T / NK cell,Erythrocyte (blood),0.011785533944916816,526,0.277903616872903,0.26865671641791045,12,1,0.6550685256162786,0.08333333333333333,False
GLU_MGLUR_III,neurotransmitter,Glutamate,Group III mGluR,Microglia,Microglia,0.18739730403536842,42,0.2780487336565832,0.24875621890547264,0,0,0.6550805764245483,0.0,False
GLU_MGLUR_III,neurotransmitter,Glutamate,Group III mGluR,Fibroblast / VLMC,Astrocyte,0.10478929480957111,382,0.27863942819509113,0.27860696517412936,7,0,0.6558193250489126,0.0,False
APOE_TREM2,neuron_glia,ApoE,TREM2,Erythrocyte (blood),Vascular smooth muscle,0.023265231007765116,237,0.2786426198327075,0.21393034825870647,5,1,0.6558193250489126,0.2,False
CSF1_CSF1R,neuron_glia,CSF-1,CSF1R,Excitatory neuron,Microglia,0.005999804602728949,225,0.27893627770232926,0.208955223880597,5,0,0.6561804139613869,0.0,False
GLU_NMDA_2B,neurotransmitter,Glutamate,NMDA receptor (GluN1/2B),Endothelial,Inhibitory neuron,0.36596159707932246,42,0.2803075667480728,0.25870646766169153,0,0,0.6588925879000029,0.0,False
VIP_R,neuropeptide,VIP,VIP receptor,Inhibitory neuron,Fibroblast / VLMC,0.06734955310821533,26,0.28051165528890915,0.2885572139303483,0,0,0.6588925879000029,0.0,False
CSF1_CSF1R,neuron_glia,CSF-1,CSF1R,Oligodendrocyte,T / NK cell,0.009421336992950103,453,0.2804983103365546,0.25870646766169153,9,0,0.6588925879000029,0.0,False
GLU_MGLUR_III,neurotransmitter,Glutamate,Group III mGluR,Border macrophage,Endothelial,0.16228012243906656,381,0.2810786252350407,0.26865671641791045,10,1,0.6598930694805596,0.1,False
GLU_AMPA,neurotransmitter,Glutamate,AMPA receptor,Choroid plexus,Ependymal,2.212099513069528,61,0.2817215650110976,0.2935323383084577,0,0,0.6610708137848171,0.0,False
APOE_LRP1,neuron_glia,ApoE,LRP1,Endothelial,Microglia,1.1184311174764865,82,0.2821361955662137,0.2835820895522388,0,0,0.661711909300408,0.0,False
GLU_KAINATE,neurotransmitter,Glutamate,Kainate receptor,Ependymal,Oligodendrocyte,0.6344733761446508,221,0.2826967761099901,0.2537313432835821,3,0,0.6626944967027273,0.0,False
GABA_A,neurotransmitter,GABA,GABA-A receptor,Choroid plexus,Erythrocyte (blood),0.015810593054713315,279,0.28300564825377006,0.208955223880597,7,1,0.6630863436051028,0.14285714285714285,False
NRXN_NLGN,synaptic_adhesion,Neurexin,Neuroligin,Pericyte,Pericyte,0.5813455489965585,26,0.28347342412767534,0.2736318407960199,0,0,0.6636688302427026,0.0,False
CCK_R,neuropeptide,Cholecystokinin,CCK receptor,Border macrophage,T / NK cell,0.37315202176570894,400,0.2835379336728281,0.26865671641791045,11,1,0.6636688302427026,0.09090909090909091,False
NRXN_NLGN,synaptic_adhesion,Neurexin,Neuroligin,Erythrocyte (blood),Microglia,0.5525165214258082,170,0.2839492169219955,0.2885572139303483,4,0,0.6639672093843163,0.0,False
MDK_PTPRZ1,neuron_glia,Midkine,PTPRZ1,Excitatory neuron,Erythrocyte (blood),0.03479340886060112,1535,0.28386556213155667,0.26865671641791045,12,0,0.6639672093843163,0.0,False
SST_SSTR,neuropeptide,Somatostatin,Somatostatin receptor,Fibroblast / VLMC,T / NK cell,0.13881194429699653,221,0.2845046829775976,0.2885572139303483,4,0,0.6643593294416018,0.0,False
BDNF_TRKB,neurotrophin,BDNF,TrkB,Ependymal,Border macrophage,0.058250263518812254,241,0.2846848590575789,0.29850746268656714,5,0,0.6643593294416018,0.0,False
GABA_B,neurotransmitter,GABA,GABA-B receptor,Border macrophage,Border macrophage,0.0356760877053192,638,0.284384153758583,0.2835820895522388,12,1,0.6643593294416018,0.08333333333333333,False
RELN_R,guidance,Reelin,Reelin receptor,Fibroblast / VLMC,Oligodendrocyte,0.0028495236281873117,722,0.2845737745941652,0.24875621890547264,10,1,0.6643593294416018,0.1,False
GLU_NMDA_2B,neurotransmitter,Glutamate,NMDA receptor (GluN1/2B),Astrocyte,Pericyte,0.25214376946290334,120,0.28515764651488723,0.2835820895522388,1,0,0.6646630245120154,0.0,False
SLIT_ROBO,guidance,Slit,Robo,Ependymal,Microglia,0.06765973662573194,63,0.28524115264375444,0.22885572139303484,1,0,0.6646630245120154,0.0,False
RELN_R,guidance,Reelin,Reelin receptor,Ependymal,Pericyte,0.01881278223461575,72,0.2850897809179048,0.24378109452736318,0,0,0.6646630245120154,0.0,False
GLU_MGLUR_I,neurotransmitter,Glutamate,Group I mGluR,Endothelial,Choroid plexus,0.38911624465669903,84,0.28554246037194975,0.26865671641791045,0,0,0.6647030706867427,0.0,False
PDGFB_PDGFRB,neurovascular,PDGF-B,PDGFRB,Ependymal,Erythrocyte (blood),0.0082655729594567,241,0.2854175677657007,0.23383084577114427,6,0,0.6647030706867427,0.0,False
BDNF_TRKB,neurotrophin,BDNF,TrkB,Border macrophage,Choroid plexus,0.09595046307622772,194,0.28601756778161824,0.2835820895522388,3,0,0.6654779709846801,0.0,False
SST_SSTR,neuropeptide,Somatostatin,Somatostatin receptor,Erythrocyte (blood),Pericyte,0.15397259261873034,225,0.286309794796056,0.2537313432835821,5,0,0.6658268041007684,0.0,False
GABA_A,neurotransmitter,GABA,GABA-A receptor,Choroid plexus,Vascular smooth muscle,0.017600849026539286,61,0.2867786930076778,0.30845771144278605,0,0,0.6665859436576872,0.0,False
GLU_AMPA,neurotransmitter,Glutamate,AMPA receptor,Oligodendrocyte,Pericyte,2.042658565737677,141,0.2873065352447147,0.2835820895522388,1,0,0.6671500140992656,0.0,False
GABA_A,neurotransmitter,GABA,GABA-A receptor,Astrocyte,Erythrocyte (blood),0.013191056873101318,537,0.28723420712094516,0.2537313432835821,11,0,0.6671500140992656,0.0,False
APOE_LRP1,neuron_glia,ApoE,LRP1,Pericyte,Microglia,1.2313467119679307,33,0.28831135006675,0.26865671641791045,0,0,0.6680156654248427,0.0,False
NRXN_NLGN,synaptic_adhesion,Neurexin,Neuroligin,Endothelial,T / NK cell,0.5847780221535754,253,0.28839317036934864,0.2935323383084577,7,0,0.6680156654248427,0.0,False
GLU_MGLUR_I,neurotransmitter,Glutamate,Group I mGluR,Microglia,Ependymal,0.2936827739079793,63,0.28827863632523887,0.2885572139303483,1,0,0.6680156654248427,0.0,False
CX3CL1_CX3CR1,neuron_glia,Fractalkine,CX3CR1,Pericyte,Pericyte,0.04418140191298265,26,0.2879917583873308,0.2537313432835821,0,0,0.6680156654248427,0.0,False
APOE_TREM2,neuron_glia,ApoE,TREM2,Fibroblast / VLMC,Endothelial,0.02556705127382492,223,0.28807348374641084,0.14925373134328357,5,0,0.6680156654248427,0.0,False
GLU_AMPA,neurotransmitter,Glutamate,AMPA receptor,Microglia,Fibroblast / VLMC,1.5284557718297709,92,0.2893949859502184,0.27860696517412936,1,0,0.6699225180768994,0.0,False
NPY_R,neuropeptide,Neuropeptide Y,NPY receptor,Astrocyte,Erythrocyte (blood),0.02177180313753238,537,0.2895027423704831,0.25870646766169153,11,1,0.6699225180768994,0.09090909090909091,False
GAL_R,neuropeptide,Galanin,Galanin receptor,Excitatory neuron,Excitatory neuron,0.0011964420283970525,2258,0.28966499778372634,0.21393034825870647,12,1,0.6699666458873236,0.08333333333333333,False
SLIT_ROBO,guidance,Slit,Robo,Inhibitory neuron,Fibroblast / VLMC,0.18744474190932053,26,0.290607743277733,0.263681592039801,0,0,0.6718150349785141,0.0,False
CCK_R,neuropeptide,Cholecystokinin,CCK receptor,Choroid plexus,Pericyte,0.3706318401708836,41,0.29090720613102056,0.2885572139303483,0,0,0.6718434439718881,0.0,False
CX3CL1_CX3CR1,neuron_glia,Fractalkine,CX3CR1,Choroid plexus,Excitatory neuron,0.05306914829390814,321,0.2908305703499474,0.2835820895522388,7,0,0.6718434439718881,0.0,False
NRXN_NLGN,synaptic_adhesion,Neurexin,Neuroligin,Inhibitory neuron,Ependymal,0.7202486745242415,29,0.2912017588000607,0.3034825870646766,0,0,0.672191923742222,0.0,False
GLU_MGLUR_II,neurotransmitter,Glutamate,Group II mGluR,Pericyte,Microglia,0.7947839317899762,33,0.29261292511389014,0.25870646766169153,0,0,0.6729224935149735,0.0,False
GLU_MGLUR_I,neurotransmitter,Glutamate,Group I mGluR,Oligodendrocyte,Inhibitory neuron,0.4747697919607162,40,0.29230164420764027,0.2736318407960199,0,0,0.6729224935149735,0.0,False
GLU_MGLUR_I,neurotransmitter,Glutamate,Group I mGluR,Microglia,Endothelial,0.35383373353539443,82,0.29266879125945094,0.2885572139303483,0,0,0.6729224935149735,0.0,False
BDNF_TRKB,neurotrophin,BDNF,TrkB,Microglia,Fibroblast / VLMC,0.08410406890122787,92,0.2918808679679271,0.2935323383084577,1,0,0.6729224935149735,0.0,False
CORT_SSTR,neuropeptide,Cortistatin,Somatostatin receptor,Border macrophage,Pericyte,0.024377591162919997,160,0.29204002431347176,0.263681592039801,3,0,0.6729224935149735,0.0,False
CSF1_CSF1R,neuron_glia,CSF-1,CSF1R,Oligodendrocyte,Border macrophage,0.010727421664969348,429,0.2917884682046269,0.25870646766169153,9,0,0.6729224935149735,0.0,False
PDGFB_PDGFRB,neurovascular,PDGF-B,PDGFRB,T / NK cell,T / NK cell,0.00586804554059908,462,0.2925245996037361,0.23383084577114427,10,1,0.6729224935149735,0.1,False
GAL_R,neuropeptide,Galanin,Galanin receptor,Excitatory neuron,Border macrophage,0.0014594845198863163,1057,0.2923181907748912,0.24875621890547264,12,1,0.6729224935149735,0.08333333333333333,False
NPY_R,neuropeptide,Neuropeptide Y,NPY receptor,Excitatory neuron,Border macrophage,0.01905510582332918,1057,0.2934875818832196,0.31840796019900497,12,0,0.6744736717247468,0.0,False
VEGFA_R,neurovascular,VEGF-A,VEGF receptor,Pericyte,T / NK cell,0.006981560587882995,100,0.2938107727703795,0.21890547263681592,0,0,0.674884931660582,0.0,False
GLU_AMPA,neurotransmitter,Glutamate,AMPA receptor,Pericyte,T / NK cell,1.9299854350090027,100,0.2950744916305764,0.27860696517412936,0,0,0.6754707948416238,0.0,False
GLU_KAINATE,neurotransmitter,Glutamate,Kainate receptor,Endothelial,Ependymal,0.4546317578536536,203,0.2945910699438511,0.3034825870646766,3,0,0.6754707948416238,0.0,False
GLU_MGLUR_III,neurotransmitter,Glutamate,Group III mGluR,Ependymal,Ependymal,0.12939630842756952,174,0.2943678370588511,0.2935323383084577,4,1,0.6754707948416238,0.25,False
SLIT_ROBO,guidance,Slit,Robo,Microglia,Choroid plexus,0.11012402176856995,24,0.29470792980542604,0.25870646766169153,0,0,0.6754707948416238,0.0,False
MDK_PTPRZ1,neuron_glia,Midkine,PTPRZ1,Astrocyte,Endothelial,0.04694660333134859,417,0.29530538756932356,0.2537313432835821,6,1,0.6754707948416238,0.16666666666666666,False
VIP_R,neuropeptide,VIP,VIP receptor,Endothelial,Endothelial,0.03411845862865448,282,0.2952706477095677,0.27860696517412936,7,1,0.6754707948416238,0.14285714285714285,False
BDNF_TRKB,neurotrophin,BDNF,TrkB,Inhibitory neuron,Erythrocyte (blood),0.031173667040738193,55,0.2953650878918492,0.3880597014925373,0,0,0.6754707948416238,0.0,False
CORT_SSTR,neuropeptide,Cortistatin,Somatostatin receptor,Oligodendrocyte,Excitatory neuron,0.027283217962490343,601,0.2948953089417491,0.26865671641791045,12,1,0.6754707948416238,0.08333333333333333,False
NRG1_ERBB4,guidance,Neuregulin-1,ErbB4,Inhibitory neuron,Excitatory neuron,0.017764243212613193,88,0.2949833380103847,0.2835820895522388,0,0,0.6754707948416238,0.0,False
GLU_AMPA,neurotransmitter,Glutamate,AMPA receptor,Endothelial,Vascular smooth muscle,1.5965180606332443,131,0.29630578088299697,0.31343283582089554,1,0,0.6769603265388393,0.0,False
GLU_MGLUR_III,neurotransmitter,Glutamate,Group III mGluR,Border macrophage,Microglia,0.16345598650913612,153,0.29619600898390375,0.29850746268656714,3,0,0.6769603265388393,0.0,False
GLU_MGLUR_II,neurotransmitter,Glutamate,Group II mGluR,Border macrophage,Astrocyte,0.5727468380170275,516,0.2971137084649178,0.2885572139303483,8,1,0.6781439228816343,0.125,False
RELN_R,guidance,Reelin,Reelin receptor,Astrocyte,Choroid plexus,0.07097355315559789,152,0.2969712749349381,0.263681592039801,2,0,0.6781439228816343,0.0,False
SST_SSTR,neuropeptide,Somatostatin,Somatostatin receptor,Erythrocyte (blood),Choroid plexus,0.15164424270711918,279,0.2972781077411711,0.29850746268656714,7,0,0.6781883306294195,0.0,False
NRXN_NLGN,synaptic_adhesion,Neurexin,Neuroligin,Ependymal,Inhibitory neuron,0.6618471721123005,29,0.2974275734316427,0.2835820895522388,0,0,0.678198643317084,0.0,False
GLU_AMPA,neurotransmitter,Glutamate,AMPA receptor,Microglia,Erythrocyte (blood),1.7019944636260762,170,0.2992846575029733,0.29850746268656714,4,0,0.6814356907718889,0.0,False
APOE_LRP1,neuron_glia,ApoE,LRP1,Excitatory neuron,Choroid plexus,0.9483003295099253,321,0.2997857592166391,0.30845771144278605,7,1,0.6814356907718889,0.14285714285714285,False
GLU_KAINATE,neurotransmitter,Glutamate,Kainate receptor,Pericyte,T / NK cell,0.7290458703041076,100,0.29921769298203205,0.27860696517412936,0,0,0.6814356907718889,0.0,False
NRXN_NLGN,synaptic_adhesion,Neurexin,Neuroligin,Microglia,T / NK cell,0.7084943145513535,80,0.2998554407762748,0.3034825870646766,0,0,0.6814356907718889,0.0,False
NRXN_NLGN,synaptic_adhesion,Neurexin,Neuroligin,Erythrocyte (blood),Border macrophage,0.5566770468469499,848,0.2997631337518576,0.29850746268656714,12,2,0.6814356907718889,0.16666666666666666,False
CCK_R,neuropeptide,Cholecystokinin,CCK receptor,Astrocyte,Border macrophage,0.33900545780048813,516,0.30024067123443304,0.29850746268656714,8,2,0.6814356907718889,0.25,False
BDNF_TRKB,neurotrophin,BDNF,TrkB,Pericyte,Border macrophage,0.10898427776992321,160,0.3004442576214378,0.2835820895522388,3,0,0.6814356907718889,0.0,False
GABA_A,neurotransmitter,GABA,GABA-A receptor,Microglia,Pericyte,0.051865790829514015,33,0.29902486650572935,0.2537313432835821,0,0,0.6814356907718889,0.0,False
CX3CL1_CX3CR1,neuron_glia,Fractalkine,CX3CR1,Oligodendrocyte,Erythrocyte (blood),0.04180547208615458,1342,0.300090142036313,0.27860696517412936,10,1,0.6814356907718889,0.1,False
RELN_R,guidance,Reelin,Reelin receptor,Erythrocyte (blood),Choroid plexus,0.027141147403306858,279,0.3005948420075184,0.25870646766169153,7,1,0.6814356907718889,0.14285714285714285,False
GABA_B,neurotransmitter,GABA,GABA-B receptor,Oligodendrocyte,T / NK cell,0.0183988299064552,453,0.3005940829105666,0.2935323383084577,9,0,0.6814356907718889,0.0,False
VEGFA_R,neurovascular,VEGF-A,VEGF receptor,Astrocyte,Oligodendrocyte,0.014750055402343035,342,0.29994525567971597,0.26865671641791045,6,1,0.6814356907718889,0.16666666666666666,False
APOE_TREM2,neuron_glia,ApoE,TREM2,Ependymal,Border macrophage,0.018796659604147756,241,0.30077917125793485,0.1890547263681592,5,1,0.6815233618963086,0.2,False
NRXN_NLGN,synaptic_adhesion,Neurexin,Neuroligin,Pericyte,Choroid plexus,0.5170596997912337,41,0.30133680088570364,0.3333333333333333,0,0,0.6824563849681545,0.0,False
GABA_A,neurotransmitter,GABA,GABA-A receptor,Inhibitory neuron,Border macrophage,0.42981722219935004,53,0.3016572237872126,0.26865671641791045,0,0,0.6828515481859544,0.0,False
APOE_LRP1,neuron_glia,ApoE,LRP1,Inhibitory neuron,Endothelial,1.1641558607419331,42,0.30290944431993017,0.2736318407960199,0,0,0.6834204897426163,0.0,False
APOE_LRP1,neuron_glia,ApoE,LRP1,Excitatory neuron,Astrocyte,1.006497935170219,336,0.3022266781062146,0.29850746268656714,9,1,0.6834204897426163,0.1111111111111111,False
GLU_NMDA_2B,neurotransmitter,Glutamate,NMDA receptor (GluN1/2B),Vascular smooth muscle,Border macrophage,0.3215881586074829,164,0.30270132563652924,0.29850746268656714,1,0,0.6834204897426163,0.0,False
SST_SSTR,neuropeptide,Somatostatin,Somatostatin receptor,Border macrophage,Pericyte,0.14227749817073346,160,0.3030866849582802,0.26865671641791045,3,0,0.6834204897426163,0.0,False
MDK_PTPRZ1,neuron_glia,Midkine,PTPRZ1,Inhibitory neuron,Erythrocyte (blood),0.057175070589238944,55,0.3029599453394871,0.2835820895522388,0,0,0.6834204897426163,0.0,False
MDK_PTPRZ1,neuron_glia,Midkine,PTPRZ1,Endothelial,Ependymal,0.05697667774895729,203,0.3025497481606829,0.2537313432835821,3,0,0.6834204897426163,0.0,False
GABA_B,neurotransmitter,GABA,GABA-B receptor,Fibroblast / VLMC,Border macrophage,0.029714634897662143,408,0.3032231110719537,0.29850746268656714,7,1,0.6834204897426163,0.14285714285714285,False
APOE_TREM2,neuron_glia,ApoE,TREM2,Endothelial,T / NK cell,0.0189156061104635,253,0.30219507238138177,0.2537313432835821,7,0,0.6834204897426163,0.0,False
APOE_TREM2,neuron_glia,ApoE,TREM2,Choroid plexus,Border macrophage,0.018203013951016457,194,0.3030241367663533,0.22885572139303484,3,0,0.6834204897426163,0.0,False
APOE_LRP1,neuron_glia,ApoE,LRP1,Erythrocyte (blood),Endothelial,0.9949670727004106,594,0.30407895164269777,0.31840796019900497,12,1,0.6838909565259923,0.08333333333333333,False
PTN_PTPRZ1,neuron_glia,Pleiotrophin,PTPRZ1,Excitatory neuron,Inhibitory neuron,0.2972178513353521,88,0.3042665052993686,0.2736318407960199,0,0,0.6838909565259923,0.0,False
GLU_NMDA_2B,neurotransmitter,Glutamate,NMDA receptor (GluN1/2B),T / NK cell,Astrocyte,0.2883719154473009,232,0.3043962324369045,0.2885572139303483,4,1,0.6838909565259923,0.25,False
GABA_B,neurotransmitter,GABA,GABA-B receptor,Oligodendrocyte,Pericyte,0.061096856780086,141,0.30444641533215844,0.2736318407960199,1,0,0.6838909565259923,0.0,False
BDNF_TRKB,neurotrophin,BDNF,TrkB,Excitatory neuron,Excitatory neuron,0.0584804180636672,2258,0.3043772962264436,0.2935323383084577,12,0,0.6838909565259923,0.0,False
VEGFA_R,neurovascular,VEGF-A,VEGF receptor,Endothelial,Border macrophage,0.010250653807572492,381,0.3036009935541293,0.2885572139303483,10,0,0.6838909565259923,0.0,False
NRG1_ERBB4,guidance,Neuregulin-1,ErbB4,Endothelial,Endothelial,0.004503244203878633,282,0.30459257533425527,0.2736318407960199,7,0,0.6838909565259923,0.0,False
NTF3_TRKC,neurotrophin,NT-3,TrkC,Excitatory neuron,Excitatory neuron,0.0005847579932402888,2258,0.3046011441333977,0.24875621890547264,12,0,0.6838909565259923,0.0,False
VIP_R,neuropeptide,VIP,VIP receptor,Endothelial,Erythrocyte (blood),0.02435988298168889,594,0.3049697395399713,0.2885572139303483,12,1,0.6843901253273504,0.08333333333333333,False
APOE_LRP1,neuron_glia,ApoE,LRP1,Border macrophage,Fibroblast / VLMC,1.015712170332086,408,0.3053709128715776,0.32338308457711445,7,1,0.6847223794417334,0.14285714285714285,False
RELN_R,guidance,Reelin,Reelin receptor,Choroid plexus,Vascular smooth muscle,0.12807155437156803,61,0.3057031525227145,0.27860696517412936,0,0,0.6847223794417334,0.0,False
VIP_R,neuropeptide,VIP,VIP receptor,Inhibitory neuron,Oligodendrocyte,0.057106345891952515,40,0.3055677749141794,0.25870646766169153,0,0,0.6847223794417334,0.0,False
VEGFA_R,neurovascular,VEGF-A,VEGF receptor,Pericyte,Oligodendrocyte,0.015783494245921466,141,0.3054711795620394,0.29850746268656714,1,0,0.6847223794417334,0.0,False
BDNF_TRKB,neurotrophin,BDNF,TrkB,Excitatory neuron,Choroid plexus,0.05402075835848894,321,0.30617807436424305,0.3333333333333333,7,0,0.6851301817074572,0.0,False
C1Q_LRP1,neuron_glia,C1q,LRP1,Excitatory neuron,Oligodendrocyte,0.0030178448523142175,601,0.3060850950022787,0.23880597014925373,12,0,0.6851301817074572,0.0,False
APOE_LRP1,neuron_glia,ApoE,LRP1,Ependymal,Excitatory neuron,0.9974043286629837,274,0.30652884259518454,0.3383084577114428,7,1,0.6855872153455393,0.14285714285714285,False
GLU_NMDA_2A,neurotransmitter,Glutamate,NMDA receptor (GluN1/2A),T / NK cell,Pericyte,0.7493066883087158,100,0.30669329852646093,0.31840796019900497,0,0,0.6856273023436745,0.0,False
SLIT_ROBO,guidance,Slit,Robo,Vascular smooth muscle,Microglia,0.04919248649052211,35,0.3069726716620531,0.25870646766169153,0,0,0.685924131187558,0.0,False
VEGFA_R,neurovascular,VEGF-A,VEGF receptor,Excitatory neuron,Border macrophage,0.01337463678677576,1057,0.30736568990508456,0.24378109452736318,12,1,0.6864744931102104,0.08333333333333333,False
PACAP_R,neuropeptide,PACAP,PACAP receptor,Ependymal,Microglia,0.04021277881803967,63,0.30806581385584825,0.2736318407960199,1,0,0.6872669770306239,0.0,False
VEGFA_R,neurovascular,VEGF-A,VEGF receptor,T / NK cell,Pericyte,0.017022829055786132,100,0.30807123128382163,0.24378109452736318,0,0,0.6872669770306239,0.0,False
CSF1_CSF1R,neuron_glia,CSF-1,CSF1R,Astrocyte,Astrocyte,0.007220968993993071,1758,0.30816117072242977,0.3034825870646766,11,1,0.6872669770306239,0.09090909090909091,False
APOE_LRP1,neuron_glia,ApoE,LRP1,Inhibitory neuron,Ependymal,0.8524028884953466,29,0.30846083425252524,0.30845771144278605,0,0,0.6876075481026992,0.0,False
CCK_R,neuropeptide,Cholecystokinin,CCK receptor,Oligodendrocyte,Border macrophage,0.3346832254271963,429,0.30881301395708616,0.2935323383084577,9,1,0.688064805859622,0.1111111111111111,False
GLU_AMPA,neurotransmitter,Glutamate,AMPA receptor,Excitatory neuron,Vascular smooth muscle,2.551268295711941,225,0.3091403600391971,0.30845771144278605,4,1,0.6884663230001918,0.25,False
PACAP_R,neuropeptide,PACAP,PACAP receptor,Border macrophage,Excitatory neuron,0.07316016722311924,1057,0.3094406468104844,0.29850746268656714,12,0,0.6888072247508356,0.0,False
VEGFA_R,neurovascular,VEGF-A,VEGF receptor,Astrocyte,Fibroblast / VLMC,0.012476091921641565,382,0.30969646124801886,0.2537313432835821,7,0,0.6890488550544367,0.0,False
GLU_NMDA_2A,neurotransmitter,Glutamate,NMDA receptor (GluN1/2A),Endothelial,Pericyte,0.5642070792339466,108,0.3098498952231165,0.32338308457711445,0,0,0.6890625759263128,0.0,False
SLIT_ROBO,guidance,Slit,Robo,Microglia,Pericyte,0.07568726395115707,33,0.3100302761249997,0.263681592039801,0,0,0.6891361814673984,0.0,False
PACAP_R,neuropeptide,PACAP,PACAP receptor,Excitatory neuron,Excitatory neuron,0.07433613819343206,2258,0.31030337768570254,0.3034825870646766,12,0,0.6894157189892698,0.0,False
BDNF_TRKB,neurotrophin,BDNF,TrkB,Microglia,T / NK cell,0.033860194683074954,80,0.31047761637524096,0.3880597014925373,0,0,0.6894754470905328,0.0,False
GLU_MGLUR_II,neurotransmitter,Glutamate,Group II mGluR,Excitatory neuron,Inhibitory neuron,1.2809444855559955,88,0.31153415475296875,0.2885572139303483,0,0,0.6911656283021056,0.0,False
SLIT_ROBO,guidance,Slit,Robo,Pericyte,Microglia,0.08124223983649051,33,0.3114794667502384,0.2935323383084577,0,0,0.6911656283021056,0.0,False
GLU_MGLUR_II,neurotransmitter,Glutamate,Group II mGluR,Endothelial,Choroid plexus,0.869754902663685,84,0.31219658549716955,0.34328358208955223,0,0,0.692213773685891,0.0,False
NRXN_NLGN,synaptic_adhesion,Neurexin,Neuroligin,Border macrophage,Ependymal,0.5271721126132981,241,0.3127462956982205,0.2736318407960199,5,2,0.692213773685891,0.4,False
PTN_PTPRZ1,neuron_glia,Pleiotrophin,PTPRZ1,Astrocyte,OPC,0.5254674372465714,23,0.3127332744856188,0.27860696517412936,0,0,0.692213773685891,0.0,False
NRXN_NLGN,synaptic_adhesion,Neurexin,Neuroligin,Vascular smooth muscle,Ependymal,0.3746289312839508,88,0.31269406424764445,0.31343283582089554,0,0,0.692213773685891,0.0,False
RELN_R,guidance,Reelin,Reelin receptor,Fibroblast / VLMC,Erythrocyte (blood),0.027654433650290692,477,0.3125594769238992,0.27860696517412936,8,2,0.692213773685891,0.25,False
GLU_AMPA,neurotransmitter,Glutamate,AMPA receptor,T / NK cell,Pericyte,2.087513481378555,100,0.31380042163699573,0.3283582089552239,0,0,0.6922695017058343,0.0,False
APOE_LRP1,neuron_glia,ApoE,LRP1,Inhibitory neuron,Erythrocyte (blood),0.8349998409097845,55,0.3133793640937477,0.29850746268656714,0,0,0.6922695017058343,0.0,False
GLU_KAINATE,neurotransmitter,Glutamate,Kainate receptor,Pericyte,Border macrophage,0.6211414277553559,160,0.31346026087619183,0.3383084577114428,3,1,0.6922695017058343,0.3333333333333333,False
SLIT_ROBO,guidance,Slit,Robo,Erythrocyte (blood),Choroid plexus,0.10933907420831769,279,0.31380714108101615,0.27860696517412936,7,0,0.6922695017058343,0.0,False
RELN_R,guidance,Reelin,Reelin receptor,Pericyte,Erythrocyte (blood),0.03990115430619982,225,0.3132904216438726,0.263681592039801,5,0,0.6922695017058343,0.0,False
GABA_A,neurotransmitter,GABA,GABA-A receptor,Ependymal,Border macrophage,0.024588585889191054,241,0.31369411156805616,0.27860696517412936,5,0,0.6922695017058343,0.0,False
TAC1_NK1,neuropeptide,Substance P,NK1 receptor,Choroid plexus,Fibroblast / VLMC,0.003804661225581515,138,0.3135521696094006,0.10945273631840796,2,0,0.6922695017058343,0.0,False
GLU_MGLUR_II,neurotransmitter,Glutamate,Group II mGluR,Oligodendrocyte,OPC,0.8642172788580259,48,0.3144739965629343,0.31343283582089554,0,0,0.6928235250118626,0.0,False
SLIT_ROBO,guidance,Slit,Robo,Erythrocyte (blood),Inhibitory neuron,0.12471201853318648,55,0.3144600666044416,0.2736318407960199,0,0,0.6928235250118626,0.0,False
IL34_CSF1R,neuron_glia,IL-34,CSF1R,Endothelial,Oligodendrocyte,0.007245128804987127,220,0.31459137025789097,0.2537313432835821,4,0,0.6928235250118626,0.0,False
CSF1_CSF1R,neuron_glia,CSF-1,CSF1R,Excitatory neuron,Excitatory neuron,0.002889260610085446,2258,0.31465056436208766,0.2736318407960199,12,1,0.6928235250118626,0.08333333333333333,False
GLU_NMDA_2B,neurotransmitter,Glutamate,NMDA receptor (GluN1/2B),T / NK cell,Fibroblast / VLMC,0.3908006826676934,221,0.31526800429982393,0.29850746268656714,4,0,0.6936078116296326,0.0,False
GABA_B,neurotransmitter,GABA,GABA-B receptor,Choroid plexus,Endothelial,0.026285320520401,84,0.31530323046296826,0.31343283582089554,0,0,0.6936078116296326,0.0,False
GLU_MGLUR_I,neurotransmitter,Glutamate,Group I mGluR,Astrocyte,Border macrophage,0.27155770488487657,516,0.3157008277955259,0.30845771144278605,8,1,0.694067991861471,0.125,False
APOE_TREM2,neuron_glia,ApoE,TREM2,Microglia,Endothelial,0.02685037764107309,82,0.31580909482219954,0.24875621890547264,0,0,0.694067991861471,0.0,False
NRXN_NLGN,synaptic_adhesion,Neurexin,Neuroligin,Vascular smooth muscle,Oligodendrocyte,0.6063787401324571,99,0.31678320031632135,0.31840796019900497,0,0,0.6955750630842095,0.0,False
GLU_MGLUR_II,neurotransmitter,Glutamate,Group II mGluR,Microglia,Vascular smooth muscle,0.5423025608062744,35,0.31679214777355214,0.27860696517412936,0,0,0.6955750630842095,0.0,False
GLU_NMDA_2A,neurotransmitter,Glutamate,NMDA receptor (GluN1/2A),Inhibitory neuron,Erythrocyte (blood),0.6454142873937433,55,0.31792900712405614,0.31840796019900497,0,0,0.696611200921604,0.0,False
GABA_B,neurotransmitter,GABA,GABA-B receptor,Excitatory neuron,Endothelial,0.04793987444468907,595,0.3180084473538248,0.31840796019900497,12,0,0.696611200921604,0.0,False
BDNF_TRKB,neurotrophin,BDNF,TrkB,Oligodendrocyte,Excitatory neuron,0.04708604943534102,601,0.3176256234924697,0.3383084577114428,12,1,0.696611200921604,0.08333333333333333,False
IL34_CSF1R,neuron_glia,IL-34,CSF1R,Microglia,Fibroblast / VLMC,0.02753157589746558,92,0.31766328323780624,0.263681592039801,1,0,0.696611200921604,0.0,False
GABA_A,neurotransmitter,GABA,GABA-A receptor,Excitatory neuron,Vascular smooth muscle,0.010669118033515083,225,0.3180080826315449,0.2736318407960199,4,0,0.696611200921604,0.0,False
CCK_R,neuropeptide,Cholecystokinin,CCK receptor,Fibroblast / VLMC,Excitatory neuron,0.3554320423779841,499,0.31925476149200205,0.2935323383084577,7,1,0.6986871043129456,0.14285714285714285,False
MDK_PTPRZ1,neuron_glia,Midkine,PTPRZ1,Endothelial,T / NK cell,0.037899932371297844,253,0.3192376524764719,0.3034825870646766,7,0,0.6986871043129456,0.0,False
NPY_R,neuropeptide,Neuropeptide Y,NPY receptor,Oligodendrocyte,Pericyte,0.04677318004851646,141,0.31964978351266554,0.21393034825870647,1,1,0.6992245615033951,1.0,False
GLU_MGLUR_III,neurotransmitter,Glutamate,Group III mGluR,Endothelial,Border macrophage,0.1479387383448483,381,0.31980839825246754,0.3034825870646766,10,0,0.6992446240295773,0.0,False
TAC1_NK1,neuropeptide,Substance P,NK1 receptor,Excitatory neuron,Border macrophage,0.0018105493363278478,1057,0.3200016949116416,0.263681592039801,12,1,0.6993404626303461,0.08333333333333333,False
GLU_KAINATE,neurotransmitter,Glutamate,Kainate receptor,T / NK cell,Astrocyte,0.571727521974465,232,0.32021183351426286,0.3383084577114428,4,0,0.6993698083014122,0.0,False
NRXN_NLGN,synaptic_adhesion,Neurexin,Neuroligin,Ependymal,Vascular smooth muscle,0.44876849922266876,88,0.3204635325920555,0.2736318407960199,0,0,0.6993698083014122,0.0,False
PDGFB_PDGFRB,neurovascular,PDGF-B,PDGFRB,Vascular smooth muscle,Fibroblast / VLMC,0.02064465702354134,154,0.3203736142688133,0.2835820895522388,2,0,0.6993698083014122,0.0,False
CORT_SSTR,neuropeptide,Cortistatin,Somatostatin receptor,Oligodendrocyte,Vascular smooth muscle,0.03513198368477099,99,0.3206659464274981,0.3333333333333333,0,0,0.6994852975917314,0.0,False
SST_SSTR,neuropeptide,Somatostatin,Somatostatin receptor,T / NK cell,T / NK cell,0.13736889101726152,462,0.32096693531964904,0.3333333333333333,10,0,0.6994896555009957,0.0,False
SST_SSTR,neuropeptide,Somatostatin,Somatostatin receptor,Microglia,Choroid plexus,0.08619653185208638,24,0.3209228671379344,0.30845771144278605,0,0,0.6994896555009957,0.0,False
GABA_B,neurotransmitter,GABA,GABA-B receptor,Border macrophage,T / NK cell,0.04890621080994606,400,0.3212033497325305,0.30845771144278605,11,1,0.6996789913400886,0.09090909090909091,False
CSF1_CSF1R,neuron_glia,CSF-1,CSF1R,Excitatory neuron,Endothelial,0.004001129825576013,595,0.32164854885948924,0.32338308457711445,12,0,0.7003227362091904,0.0,False
BDNF_TRKB,neurotrophin,BDNF,TrkB,Ependymal,Pericyte,0.04826558960808648,72,0.32195307063057255,0.39303482587064675,0,0,0.70033399232006,0.0,False
VEGFA_R,neurovascular,VEGF-A,VEGF receptor,Ependymal,Border macrophage,0.009172455403814672,241,0.3218574506505437,0.26865671641791045,5,0,0.70033399232006,0.0,False
BDNF_TRKB,neurotrophin,BDNF,TrkB,Microglia,Endothelial,0.03140310543339427,82,0.32231130695550536,0.43283582089552236,0,0,0.7007874559687777,0.0,False
MDK_PTPRZ1,neuron_glia,Midkine,PTPRZ1,Fibroblast / VLMC,Inhibitory neuron,0.1103885815693782,26,0.32250842900607013,0.2736318407960199,0,0,0.7008903573243855,0.0,False
MDK_PTPRZ1,neuron_glia,Midkine,PTPRZ1,Endothelial,Microglia,0.07480900462080793,82,0.32317296028180575,0.3034825870646766,0,0,0.7014925279212108,0.0,False
NRG1_ERBB4,guidance,Neuregulin-1,ErbB4,Inhibitory neuron,Border macrophage,0.021265877867644688,53,0.32322895216597525,0.22388059701492538,0,0,0.7014925279212108,0.0,False
PDGFB_PDGFRB,neurovascular,PDGF-B,PDGFRB,Oligodendrocyte,Excitatory neuron,0.006570859677382991,601,0.3232542921090116,0.29850746268656714,12,1,0.7014925279212108,0.08333333333333333,False
CRH_R,neuropeptide,CRH,CRH receptor,Erythrocyte (blood),Fibroblast / VLMC,0.001054583355565741,477,0.3233852068232639,0.18407960199004975,8,0,0.7014925279212108,0.0,False
GLU_KAINATE,neurotransmitter,Glutamate,Kainate receptor,Endothelial,Fibroblast / VLMC,0.5178430438576258,223,0.3237105695726979,0.3383084577114428,5,2,0.7015003755925918,0.4,False
GLU_MGLUR_I,neurotransmitter,Glutamate,Group I mGluR,Choroid plexus,Ependymal,0.4617060833289975,61,0.3238386004017949,0.2885572139303483,0,0,0.7015003755925918,0.0,False
SLIT_ROBO,guidance,Slit,Robo,Border macrophage,Inhibitory neuron,0.11924491738373379,53,0.32383212488294966,0.2885572139303483,0,0,0.7015003755925918,0.0,False
SST_SSTR,neuropeptide,Somatostatin,Somatostatin receptor,Fibroblast / VLMC,Choroid plexus,0.17151844242344733,138,0.3243232550941578,0.3283582089552239,2,0,0.7022251321543566,0.0,False
NRXN_NLGN,synaptic_adhesion,Neurexin,Neuroligin,T / NK cell,Endothelial,0.6173091476613825,253,0.32476885524627375,0.3383084577114428,7,0,0.7028646964372409,0.0,False
NPY_R,neuropeptide,Neuropeptide Y,NPY receptor,Excitatory neuron,Choroid plexus,0.020466280549857475,321,0.3254507175042635,0.3333333333333333,7,0,0.7036101414438075,0.0,False
PENK_OPR,neuropeptide,Enkephalin,Delta/mu opioid receptor,Microglia,Erythrocyte (blood),0.005229762722464169,170,0.3254726138656244,0.15422885572139303,4,0,0.7036101414438075,0.0,False
ANGPT1_TEK,neurovascular,Angiopoietin-1,TIE2,Choroid plexus,Border macrophage,0.001991182872929524,194,0.32556442749002845,0.05472636815920398,3,0,0.7036101414438075,0.0,False
GABA_A,neurotransmitter,GABA,GABA-A receptor,Pericyte,T / NK cell,0.07085971474647522,100,0.3258601618987321,0.3283582089552239,0,0,0.703677758393124,0.0,False
CX3CL1_CX3CR1,neuron_glia,Fractalkine,CX3CR1,Astrocyte,Endothelial,0.0394546968473805,417,0.3260468861287225,0.31840796019900497,6,0,0.703677758393124,0.0,False
NPY_R,neuropeptide,Neuropeptide Y,NPY receptor,Endothelial,Oligodendrocyte,0.030004459077661687,220,0.3259333236287696,0.3283582089552239,4,0,0.703677758393124,0.0,False
APOE_LRP1,neuron_glia,ApoE,LRP1,Endothelial,Oligodendrocyte,0.9078807700764049,220,0.3269921507850272,0.35323383084577115,4,0,0.7047426409595312,0.0,False
RELN_R,guidance,Reelin,Reelin receptor,Vascular smooth muscle,Endothelial,0.07008952402886544,131,0.3268776779243373,0.31840796019900497,1,0,0.7047426409595312,0.0,False
CORT_SSTR,neuropeptide,Cortistatin,Somatostatin receptor,Astrocyte,Choroid plexus,0.033346189087943026,152,0.326910980319871,0.2885572139303483,2,0,0.7047426409595312,0.0,False
BDNF_TRKB,neurotrophin,BDNF,TrkB,Ependymal,Vascular smooth muscle,0.03684462471441789,88,0.3272524217106466,0.40298507462686567,0,0,0.7049493857951961,0.0,False
CORT_SSTR,neuropeptide,Cortistatin,Somatostatin receptor,Oligodendrocyte,OPC,0.029564959307511646,48,0.32761906026909177,0.19900497512437812,0,0,0.7049493857951961,0.0,False
IL34_CSF1R,neuron_glia,IL-34,CSF1R,Vascular smooth muscle,Astrocyte,0.022108027703651396,237,0.3274860774787865,0.29850746268656714,7,0,0.7049493857951961,0.0,False
GABA_A,neurotransmitter,GABA,GABA-A receptor,Endothelial,Vascular smooth muscle,0.018422589047264508,131,0.32769072752822215,0.34328358208955223,1,0,0.7049493857951961,0.0,False
APOE_LRP1,neuron_glia,ApoE,LRP1,Vascular smooth muscle,Excitatory neuron,1.117976302040948,225,0.3279266062125602,0.34328358208955223,4,0,0.7051326242962175,0.0,False
GLU_MGLUR_I,neurotransmitter,Glutamate,Group I mGluR,Border macrophage,Border macrophage,0.36960355073307,638,0.32855612359728403,0.3283582089552239,12,1,0.7058539695408341,0.08333333333333333,False
PENK_OPR,neuropeptide,Enkephalin,Delta/mu opioid receptor,Endothelial,Choroid plexus,0.006118929102307274,84,0.32856378406923203,0.10945273631840796,0,0,0.7058539695408341,0.0,False
NRG1_ERBB4,guidance,Neuregulin-1,ErbB4,Oligodendrocyte,Erythrocyte (blood),0.006868190452700756,1342,0.3288181416840895,0.30845771144278605,10,1,0.7060762207158581,0.1,False
GLU_KAINATE,neurotransmitter,Glutamate,Kainate receptor,Border macrophage,Fibroblast / VLMC,0.6146059928863656,408,0.3291608004589963,0.3482587064676617,7,1,0.70616386306632,0.14285714285714285,False
PACAP_R,neuropeptide,PACAP,PACAP receptor,T / NK cell,Endothelial,0.04829072339732656,253,0.32915830762793763,0.3333333333333333,7,1,0.70616386306632,0.14285714285714285,False
NRXN_NLGN,synaptic_adhesion,Neurexin,Neuroligin,Endothelial,Choroid plexus,0.5864535520474116,84,0.3295852074023447,0.3333333333333333,0,0,0.7067503141317923,0.0,False
GLU_MGLUR_I,neurotransmitter,Glutamate,Group I mGluR,Fibroblast / VLMC,Astrocyte,0.22824355320156556,382,0.330196710668472,0.3333333333333333,7,1,0.7077372465496017,0.14285714285714285,False
CCK_R,neuropeptide,Cholecystokinin,CCK receptor,Endothelial,Border macrophage,0.3758627345242838,381,0.33073916596147024,0.3034825870646766,10,1,0.7085753468560986,0.1,False
GLU_AMPA,neurotransmitter,Glutamate,AMPA receptor,Vascular smooth muscle,T / NK cell,1.52521698398793,94,0.33126542825649125,0.3383084577114428,0,0,0.7086019543238901,0.0,False
GLU_MGLUR_I,neurotransmitter,Glutamate,Group I mGluR,T / NK cell,T / NK cell,0.4313727475347973,462,0.3312149313429651,0.30845771144278605,10,2,0.7086019543238901,0.2,False
CORT_SSTR,neuropeptide,Cortistatin,Somatostatin receptor,Excitatory neuron,Endothelial,0.028308052375537008,595,0.3313573575679999,0.2935323383084577,12,2,0.7086019543238901,0.16666666666666666,False
NPY_R,neuropeptide,Neuropeptide Y,NPY receptor,Choroid plexus,Endothelial,0.026043153944469634,84,0.3313443799841731,0.3034825870646766,0,0,0.7086019543238901,0.0,False
CX3CL1_CX3CR1,neuron_glia,Fractalkine,CX3CR1,Inhibitory neuron,Oligodendrocyte,0.05730800032615661,40,0.33166949156880243,0.2736318407960199,0,0,0.708621712808414,0.0,False
VEGFA_R,neurovascular,VEGF-A,VEGF receptor,Border macrophage,Astrocyte,0.006771377814832584,516,0.3315279663061881,0.27860696517412936,8,0,0.708621712808414,0.0,False
GLU_MGLUR_III,neurotransmitter,Glutamate,Group III mGluR,Oligodendrocyte,Fibroblast / VLMC,0.14501723754438997,722,0.33210946170767114,0.3333333333333333,10,0,0.709237869160289,0.0,False
VIP_R,neuropeptide,VIP,VIP receptor,Border macrophage,Oligodendrocyte,0.02717269856335122,429,0.33239838557681134,0.3034825870646766,9,0,0.7095310429351734,0.0,False
PTN_PTPRZ1,neuron_glia,Pleiotrophin,PTPRZ1,Vascular smooth muscle,Endothelial,0.36615781019662175,131,0.3327570620061472,0.3283582089552239,1,0,0.7099727738836127,0.0,False
GLU_MGLUR_III,neurotransmitter,Glutamate,Group III mGluR,Inhibitory neuron,T / NK cell,0.17917545352663314,28,0.3330956091128062,0.29850746268656714,0,0,0.7103711736731178,0.0,False
APOE_TREM2,neuron_glia,ApoE,TREM2,T / NK cell,Vascular smooth muscle,0.02972839740996665,94,0.3333017217459553,0.19900497512437812,0,0,0.7104869048060705,0.0,False
BDNF_TRKB,neurotrophin,BDNF,TrkB,Excitatory neuron,Inhibitory neuron,0.07168963551521301,88,0.3335052796533367,0.3283582089552239,0,0,0.7105970872030795,0.0,False
GLU_AMPA,neurotransmitter,Glutamate,AMPA receptor,T / NK cell,Endothelial,1.9343930303814854,253,0.33400596643090963,0.3482587064676617,7,1,0.7113399712927748,0.14285714285714285,False
GLU_NMDA_2A,neurotransmitter,Glutamate,NMDA receptor (GluN1/2A),Fibroblast / VLMC,Inhibitory neuron,0.5631030339461106,26,0.3344814114685795,0.3034825870646766,0,0,0.7113973049670546,0.0,False
SST_SSTR,neuropeptide,Somatostatin,Somatostatin receptor,Oligodendrocyte,Choroid plexus,0.1317480400852535,230,0.33448900853334473,0.31343283582089554,6,0,0.7113973049670546,0.0,False
PDGFB_PDGFRB,neurovascular,PDGF-B,PDGFRB,Erythrocyte (blood),Choroid plexus,0.008546057033709727,279,0.3343448724870308,0.27860696517412936,7,1,0.7113973049670546,0.14285714285714285,False
PACAP_R,neuropeptide,PACAP,PACAP receptor,Choroid plexus,Pericyte,0.08431215111802264,41,0.33481313747685026,0.26865671641791045,0,0,0.7117631395975386,0.0,False
NRXN_NLGN,synaptic_adhesion,Neurexin,Neuroligin,Vascular smooth muscle,Choroid plexus,0.6857138149073867,61,0.3355909672537136,0.30845771144278605,0,0,0.7126552878323682,0.0,False
GLU_KAINATE,neurotransmitter,Glutamate,Kainate receptor,Choroid plexus,Microglia,0.6010952144861221,24,0.33555459434459034,0.32338308457711445,0,0,0.7126552878323682,0.0,False
GABA_A,neurotransmitter,GABA,GABA-A receptor,Inhibitory neuron,Oligodendrocyte,0.42169076204299927,40,0.33584204096396064,0.3482587064676617,0,0,0.7126552878323682,0.0,False
GLU_NMDA_2B,neurotransmitter,Glutamate,NMDA receptor (GluN1/2B),Endothelial,Border macrophage,0.2873483348706263,381,0.3358151686031541,0.36318407960199006,10,1,0.7126552878323682,0.1,False
MDK_PTPRZ1,neuron_glia,Midkine,PTPRZ1,Choroid plexus,Astrocyte,0.054469955594916096,152,0.3362103490375577,0.31343283582089554,2,0,0.7127903140673912,0.0,False
NPY_R,neuropeptide,Neuropeptide Y,NPY receptor,Choroid plexus,Oligodendrocyte,0.028578149494917496,230,0.33620988252391315,0.3383084577114428,6,1,0.7127903140673912,0.16666666666666666,False
GLU_MGLUR_II,neurotransmitter,Glutamate,Group II mGluR,Excitatory neuron,Erythrocyte (blood),1.1689811526758276,1535,0.33654718491199065,0.3283582089552239,12,0,0.7128307022384387,0.0,False
CORT_SSTR,neuropeptide,Cortistatin,Somatostatin receptor,Inhibitory neuron,T / NK cell,0.064615826521601,28,0.33650183910663356,0.29850746268656714,0,0,0.7128307022384387,0.0,False
CX3CL1_CX3CR1,neuron_glia,Fractalkine,CX3CR1,Choroid plexus,Fibroblast / VLMC,0.058616229805393494,138,0.33669053940020915,0.27860696517412936,2,0,0.7128307022384387,0.0,False
BDNF_TRKB,neurotrophin,BDNF,TrkB,Endothelial,T / NK cell,0.009929035020911175,253,0.3368387866315854,0.417910447761194,7,0,0.7128307022384387,0.0,False
GLU_AMPA,neurotransmitter,Glutamate,AMPA receptor,Excitatory neuron,Astrocyte,2.546890034916855,336,0.3373201963280086,0.36318407960199006,9,2,0.7132065241536897,0.2222222222222222,False
APOE_LRP1,neuron_glia,ApoE,LRP1,Ependymal,Astrocyte,1.0056232021240417,334,0.3374529770946142,0.2885572139303483,5,0,0.7132065241536897,0.0,False
VIP_R,neuropeptide,VIP,VIP receptor,Border macrophage,Border macrophage,0.020897172087785965,638,0.337473657720938,0.3034825870646766,12,1,0.7132065241536897,0.08333333333333333,False
PACAP_R,neuropeptide,PACAP,PACAP receptor,Excitatory neuron,Inhibitory neuron,0.07183926078406247,88,0.33771113830916955,0.3333333333333333,0,0,0.7133861923921464,0.0,False
GLU_KAINATE,neurotransmitter,Glutamate,Kainate receptor,Excitatory neuron,Fibroblast / VLMC,0.9580457952314007,499,0.3380655703140365,0.30845771144278605,7,0,0.7138126369582025,0.0,False
VIP_R,neuropeptide,VIP,VIP receptor,Inhibitory neuron,Excitatory neuron,0.04056924039667303,88,0.33916060118734537,0.30845771144278605,0,0,0.7157974215749695,0.0,False
VIP_R,neuropeptide,VIP,VIP receptor,Pericyte,Excitatory neuron,0.018815593392241235,255,0.33931153687823945,0.2935323383084577,7,0,0.7157974215749695,0.0,False
NRXN_NLGN,synaptic_adhesion,Neurexin,Neuroligin,T / NK cell,Pericyte,0.6049351441860199,100,0.33993401557225733,0.3283582089552239,0,0,0.7158196484530117,0.0,False
PTN_PTPRZ1,neuron_glia,Pleiotrophin,PTPRZ1,Inhibitory neuron,Ependymal,0.31300825908266267,29,0.33972448354793533,0.29850746268656714,0,0,0.7158196484530117,0.0,False
SST_SSTR,neuropeptide,Somatostatin,Somatostatin receptor,Astrocyte,T / NK cell,0.10847962210918295,232,0.33953636597862136,0.3582089552238806,4,1,0.7158196484530117,0.25,False
SST_SSTR,neuropeptide,Somatostatin,Somatostatin receptor,Microglia,Excitatory neuron,0.09912263764275445,225,0.339836760844432,0.31840796019900497,5,0,0.7158196484530117,0.0,False
GLU_KAINATE,neurotransmitter,Glutamate,Kainate receptor,Excitatory neuron,Astrocyte,0.9928374705570084,336,0.34048220422010345,0.3383084577114428,9,1,0.7166149453594205,0.1111111111111111,False
NRXN_NLGN,synaptic_adhesion,Neurexin,Neuroligin,Endothelial,Astrocyte,0.35575641659523943,417,0.34061800352198146,0.34328358208955223,6,0,0.7166149453594205,0.0,False
APOE_LRP1,neuron_glia,ApoE,LRP1,Choroid plexus,Inhibitory neuron,1.1722066104412079,20,0.3411035338234456,0.32338308457711445,0,0,0.7167786711577606,0.0,False
PTN_PTPRZ1,neuron_glia,Pleiotrophin,PTPRZ1,Vascular smooth muscle,Pericyte,0.43044222209413174,59,0.34130858716381507,0.2885572139303483,0,0,0.7167786711577606,0.0,False
GLU_NMDA_2A,neurotransmitter,Glutamate,NMDA receptor (GluN1/2A),Endothelial,Ependymal,0.3690301156396349,203,0.3412794649465832,0.35323383084577115,3,0,0.7167786711577606,0.0,False
CCK_R,neuropeptide,Cholecystokinin,CCK receptor,Astrocyte,Fibroblast / VLMC,0.3394436592831037,382,0.3411832528352319,0.36318407960199006,7,1,0.7167786711577606,0.14285714285714285,False
PTN_PTPRZ1,neuron_glia,Pleiotrophin,PTPRZ1,Erythrocyte (blood),Pericyte,0.3185530553923713,225,0.34159595949828303,0.34328358208955223,5,1,0.7170603384892178,0.2,False
CRH_R,neuropeptide,CRH,CRH receptor,Erythrocyte (blood),Astrocyte,0.0012470770148591622,537,0.3421573053209954,0.12437810945273632,11,1,0.7179166060972814,0.09090909090909091,False
GABA_A,neurotransmitter,GABA,GABA-A receptor,Oligodendrocyte,Endothelial,0.020657083663073453,220,0.34239595278163626,0.3034825870646766,4,0,0.7180953218580349,0.0,False
NRXN_NLGN,synaptic_adhesion,Neurexin,Neuroligin,Excitatory neuron,Pericyte,0.6881075113427405,255,0.3432810404561111,0.3383084577114428,7,1,0.7181075451892593,0.14285714285714285,False
GLU_MGLUR_I,neurotransmitter,Glutamate,Group I mGluR,Choroid plexus,Pericyte,0.48793838663799005,41,0.34346069591880646,0.34328358208955223,0,0,0.7181075451892593,0.0,False
SLIT_ROBO,guidance,Slit,Robo,Erythrocyte (blood),Pericyte,0.1021720830599467,225,0.34353509226151957,0.3283582089552239,5,0,0.7181075451892593,0.0,False
CORT_SSTR,neuropeptide,Cortistatin,Somatostatin receptor,Endothelial,Oligodendrocyte,0.021100130406293,220,0.3432532383030853,0.3034825870646766,4,1,0.7181075451892593,0.25,False
CX3CL1_CX3CR1,neuron_glia,Fractalkine,CX3CR1,Ependymal,Ependymal,0.02049729878875031,174,0.3436004779744014,0.2935323383084577,4,0,0.7181075451892593,0.0,False
NRG1_ERBB4,guidance,Neuregulin-1,ErbB4,T / NK cell,T / NK cell,0.008344345536582913,462,0.3436295776188826,0.30845771144278605,10,1,0.7181075451892593,0.1,False
CSF1_CSF1R,neuron_glia,CSF-1,CSF1R,Fibroblast / VLMC,Erythrocyte (blood),0.006626060673775663,477,0.3429329855160119,0.31840796019900497,8,1,0.7181075451892593,0.125,False
TAC1_NK1,neuropeptide,Substance P,NK1 receptor,Oligodendrocyte,Oligodendrocyte,0.0007797924051712534,19620,0.34323561084989596,0.30845771144278605,12,1,0.7181075451892593,0.08333333333333333,False
IL34_CSF1R,neuron_glia,IL-34,CSF1R,Erythrocyte (blood),Vascular smooth muscle,0.010624724601391498,237,0.344692671853285,0.31343283582089554,5,0,0.7200075944649645,0.0,False
IL34_CSF1R,neuron_glia,IL-34,CSF1R,Microglia,Erythrocyte (blood),0.016930014946881462,170,0.34590288957585213,0.30845771144278605,4,0,0.7222131282130353,0.0,False
GLU_AMPA,neurotransmitter,Glutamate,AMPA receptor,Microglia,Microglia,1.7296194178717477,42,0.34620103341003394,0.32338308457711445,0,0,0.7222133176702601,0.0,False
HCRT_R,neuropeptide,Orexin,Orexin receptor,Erythrocyte (blood),Erythrocyte (blood),9.720162825784356e-05,6296,0.3462116844484705,0.13930348258706468,12,1,0.7222133176702601,0.08333333333333333,False
GLU_NMDA_2A,neurotransmitter,Glutamate,NMDA receptor (GluN1/2A),Choroid plexus,Inhibitory neuron,0.7733606696128845,20,0.3466936594391945,0.3582089552238806,0,0,0.7228964494278035,0.0,False
CCK_R,neuropeptide,Cholecystokinin,CCK receptor,Fibroblast / VLMC,Inhibitory neuron,0.43312835693359375,26,0.34705886199695923,0.3333333333333333,0,0,0.7233355970083618,0.0,False
BDNF_TRKB,neurotrophin,BDNF,TrkB,Inhibitory neuron,Endothelial,0.0401194521359035,42,0.3473413318356291,0.42786069651741293,0,0,0.7236019998481338,0.0,False
APOE_LRP1,neuron_glia,ApoE,LRP1,Ependymal,Inhibitory neuron,0.9109329190747492,29,0.3477486488180806,0.30845771144278605,0,0,0.7237922889806538,0.0,False
GLU_NMDA_2B,neurotransmitter,Glutamate,NMDA receptor (GluN1/2B),Erythrocyte (blood),Endothelial,0.3393225242393185,594,0.34793607679184624,0.32338308457711445,12,1,0.7237922889806538,0.08333333333333333,False
GLU_MGLUR_III,neurotransmitter,Glutamate,Group III mGluR,Inhibitory neuron,Border macrophage,0.1411295971780453,53,0.34780595050369667,0.3034825870646766,0,0,0.7237922889806538,0.0,False
NPY_R,neuropeptide,Neuropeptide Y,NPY receptor,Astrocyte,Oligodendrocyte,0.027777970185753894,342,0.34805143197402677,0.3034825870646766,6,0,0.7237922889806538,0.0,False
SST_SSTR,neuropeptide,Somatostatin,Somatostatin receptor,Erythrocyte (blood),Endothelial,0.11476712034206198,594,0.3482392934393185,0.31343283582089554,12,0,0.7238612412272639,0.0,False
CCK_R,neuropeptide,Cholecystokinin,CCK receptor,Oligodendrocyte,Inhibitory neuron,0.39079849421977997,40,0.3485984055482074,0.29850746268656714,0,0,0.7239644649623003,0.0,False
CORT_SSTR,neuropeptide,Cortistatin,Somatostatin receptor,Excitatory neuron,Border macrophage,0.024459184795025957,1057,0.3484790252152039,0.3283582089552239,12,1,0.7239644649623003,0.08333333333333333,False
GLU_MGLUR_II,neurotransmitter,Glutamate,Group II mGluR,Microglia,Erythrocyte (blood),0.7302972740986768,170,0.34894998807828187,0.35323383084577115,4,0,0.7240518821367099,0.0,False
CRH_R,neuropeptide,CRH,CRH receptor,Erythrocyte (blood),Excitatory neuron,0.0009812848381576787,1535,0.34883012674811525,0.25870646766169153,12,0,0.7240518821367099,0.0,False
CORT_SSTR,neuropeptide,Cortistatin,Somatostatin receptor,T / NK cell,Erythrocyte (blood),0.011629084727156751,526,0.34914997849571294,0.34328358208955223,12,0,0.7241457222435465,0.0,False
GABA_A,neurotransmitter,GABA,GABA-A receptor,Choroid plexus,Pericyte,0.03345538930195134,41,0.3494269340488975,0.35323383084577115,0,0,0.7243990360721274,0.0,False
GLU_MGLUR_I,neurotransmitter,Glutamate,Group I mGluR,Microglia,T / NK cell,0.36769939959049225,80,0.3498695765060011,0.2935323383084577,0,0,0.7246745234491275,0.0,False
NRG1_ERBB4,guidance,Neuregulin-1,ErbB4,Excitatory neuron,Ependymal,0.00655948528408134,274,0.3497525079592263,0.263681592039801,7,0,0.7246745234491275,0.0,False
RELN_R,guidance,Reelin,Reelin receptor,Erythrocyte (blood),Astrocyte,0.05965098400133726,537,0.35017686462212516,0.3383084577114428,11,0,0.7249900661800547,0.0,False
VEGFA_R,neurovascular,VEGF-A,VEGF receptor,Oligodendrocyte,T / NK cell,0.011460733992637652,453,0.3511489962489065,0.3383084577114428,9,1,0.7266811824186792,0.1111111111111111,False
GLU_NMDA_2B,neurotransmitter,Glutamate,NMDA receptor (GluN1/2B),Endothelial,Vascular smooth muscle,0.30794910802185993,131,0.3516728883674286,0.30845771144278605,1,0,0.7272710311364773,0.0,False
NRG1_ERBB4,guidance,Neuregulin-1,ErbB4,Vascular smooth muscle,Erythrocyte (blood),0.01184912975327375,237,0.35174489067361575,0.29850746268656714,5,0,0.7272710311364773,0.0,False
APOE_LRP1,neuron_glia,ApoE,LRP1,Border macrophage,Oligodendrocyte,0.9644070741457816,429,0.35303617718033864,0.3681592039800995,9,0,0.727459359604928,0.0,False
GLU_NMDA_2B,neurotransmitter,Glutamate,NMDA receptor (GluN1/2B),Choroid plexus,Ependymal,0.42035720387443165,61,0.3522542252535944,0.32338308457711445,0,0,0.727459359604928,0.0,False
BDNF_TRKB,neurotrophin,BDNF,TrkB,Fibroblast / VLMC,T / NK cell,0.04214810839605547,221,0.3521486902248207,0.3681592039800995,4,0,0.727459359604928,0.0,False
BDNF_TRKB,neurotrophin,BDNF,TrkB,Astrocyte,Microglia,0.02955234135296328,141,0.3530797618428706,0.3681592039800995,4,0,0.727459359604928,0.0,False
NPY_R,neuropeptide,Neuropeptide Y,NPY receptor,Oligodendrocyte,Border macrophage,0.02763208503767605,429,0.3523586341320426,0.3034825870646766,9,1,0.727459359604928,0.1111111111111111,False
NPY_R,neuropeptide,Neuropeptide Y,NPY receptor,T / NK cell,Border macrophage,0.022692960053682328,400,0.35276645729642603,0.36318407960199006,11,0,0.727459359604928,0.0,False
BDNF_TRKB,neurotrophin,BDNF,TrkB,Vascular smooth muscle,Erythrocyte (blood),0.01776546365601101,237,0.3528825942968179,0.3482587064676617,5,0,0.727459359604928,0.0,False
IL34_CSF1R,neuron_glia,IL-34,CSF1R,Fibroblast / VLMC,Border macrophage,0.015402929747805875,408,0.3528615017121664,0.30845771144278605,7,0,0.727459359604928,0.0,False
CX3CL1_CX3CR1,neuron_glia,Fractalkine,CX3CR1,Vascular smooth muscle,Erythrocyte (blood),0.05730040767524816,237,0.3537362083149938,0.31840796019900497,5,0,0.7284910733740563,0.0,False
GABA_B,neurotransmitter,GABA,GABA-B receptor,Vascular smooth muscle,Oligodendrocyte,0.02504119969377614,99,0.3541041951772472,0.373134328358209,0,0,0.7289280814933303,0.0,False
SST_SSTR,neuropeptide,Somatostatin,Somatostatin receptor,Astrocyte,Erythrocyte (blood),0.11736074217648923,537,0.3546525275564568,0.31840796019900497,11,0,0.7292472126124747,0.0,False
GABA_A,neurotransmitter,GABA,GABA-A receptor,Ependymal,Inhibitory neuron,0.03899062501973119,29,0.35472679117460837,0.27860696517412936,0,0,0.7292472126124747,0.0,False
VEGFA_R,neurovascular,VEGF-A,VEGF receptor,Border macrophage,Pericyte,0.011254312843084336,160,0.3544237944540187,0.30845771144278605,3,1,0.7292472126124747,0.3333333333333333,False
VIP_R,neuropeptide,VIP,VIP receptor,T / NK cell,Erythrocyte (blood),0.01705140090713936,526,0.35572679618441383,0.3681592039800995,12,0,0.7309818530289295,0.0,False
MDK_PTPRZ1,neuron_glia,Midkine,PTPRZ1,Vascular smooth muscle,Ependymal,0.05960437926379117,88,0.35588657617780894,0.3034825870646766,0,0,0.730989152737475,0.0,False
SST_SSTR,neuropeptide,Somatostatin,Somatostatin receptor,Erythrocyte (blood),Oligodendrocyte,0.09276755027550698,1342,0.35652474119427235,0.36318407960199006,10,0,0.7318007999429972,0.0,False
SLIT_ROBO,guidance,Slit,Robo,Microglia,Endothelial,0.062487817755559595,82,0.35659453384698303,0.3482587064676617,0,0,0.7318007999429972,0.0,False
GLU_NMDA_2B,neurotransmitter,Glutamate,NMDA receptor (GluN1/2B),Vascular smooth muscle,Fibroblast / VLMC,0.34254638405589316,154,0.3576395392076053,0.35323383084577115,2,0,0.7320189868558115,0.0,False
GLU_MGLUR_I,neurotransmitter,Glutamate,Group I mGluR,OPC,Oligodendrocyte,0.3018755813439687,48,0.3574569362012064,0.3333333333333333,0,0,0.7320189868558115,0.0,False
SLIT_ROBO,guidance,Slit,Robo,Pericyte,Erythrocyte (blood),0.108751699924469,225,0.35712516472276057,0.29850746268656714,5,0,0.7320189868558115,0.0,False
GABA_B,neurotransmitter,GABA,GABA-B receptor,Erythrocyte (blood),Endothelial,0.03459841855848678,594,0.3569787714705659,0.35323383084577115,12,0,0.7320189868558115,0.0,False
IL34_CSF1R,neuron_glia,IL-34,CSF1R,Pericyte,Fibroblast / VLMC,0.018301402745039566,92,0.35762796795180374,0.1791044776119403,1,0,0.7320189868558115,0.0,False
VEGFA_R,neurovascular,VEGF-A,VEGF receptor,Ependymal,T / NK cell,0.007383892516128155,119,0.35730082783513195,0.23880597014925373,1,0,0.7320189868558115,0.0,False
GLU_MGLUR_I,neurotransmitter,Glutamate,Group I mGluR,Choroid plexus,Oligodendrocyte,0.40981663102689,230,0.3595258303621349,0.3582089552238806,6,1,0.7336333886892409,0.16666666666666666,False
PACAP_R,neuropeptide,PACAP,PACAP receptor,Oligodendrocyte,Choroid plexus,0.04064230581988459,230,0.35874631724070827,0.31840796019900497,6,0,0.7336333886892409,0.0,False
GABA_B,neurotransmitter,GABA,GABA-B receptor,Excitatory neuron,Pericyte,0.036637157552382525,255,0.3592795678744478,0.3283582089552239,7,0,0.7336333886892409,0.0,False
GABA_B,neurotransmitter,GABA,GABA-B receptor,Erythrocyte (blood),Inhibitory neuron,0.035129755193536935,55,0.3586533198485172,0.3681592039800995,0,0,0.7336333886892409,0.0,False
GABA_A,neurotransmitter,GABA,GABA-A receptor,Border macrophage,Vascular smooth muscle,0.027867523271863055,164,0.3589778567008364,0.32338308457711445,1,0,0.7336333886892409,0.0,False
CORT_SSTR,neuropeptide,Cortistatin,Somatostatin receptor,Erythrocyte (blood),Microglia,0.021640038840910966,170,0.3590880393162572,0.32338308457711445,4,0,0.7336333886892409,0.0,False
RELN_R,guidance,Reelin,Reelin receptor,T / NK cell,Excitatory neuron,0.011767626449625979,651,0.35946614593067994,0.32338308457711445,12,1,0.7336333886892409,0.08333333333333333,False
GLU_MGLUR_III,neurotransmitter,Glutamate,Group III mGluR,Choroid plexus,Ependymal,0.22065380362213635,61,0.3601389700075526,0.30845771144278605,0,0,0.733728268575442,0.0,False
SLIT_ROBO,guidance,Slit,Robo,Erythrocyte (blood),T / NK cell,0.10946530828911089,526,0.3598796301044467,0.29850746268656714,12,0,0.733728268575442,0.0,False
PACAP_R,neuropeptide,PACAP,PACAP receptor,Border macrophage,Fibroblast / VLMC,0.050986691651975405,408,0.3605132056967175,0.3333333333333333,7,1,0.733728268575442,0.14285714285714285,False
NPY_R,neuropeptide,Neuropeptide Y,NPY receptor,Choroid plexus,Vascular smooth muscle,0.04468944424488505,61,0.36047907115268474,0.27860696517412936,0,0,0.733728268575442,0.0,False
PACAP_R,neuropeptide,PACAP,PACAP receptor,Ependymal,T / NK cell,0.044035632069371326,119,0.360036469214144,0.2835820895522388,1,0,0.733728268575442,0.0,False
VEGFA_R,neurovascular,VEGF-A,VEGF receptor,Fibroblast / VLMC,Choroid plexus,0.023375229559082916,138,0.3602002273268823,0.2537313432835821,2,0,0.733728268575442,0.0,False
GLU_AMPA,neurotransmitter,Glutamate,AMPA receptor,Choroid plexus,Oligodendrocyte,1.9426444056241408,230,0.36071328090132937,0.32338308457711445,6,0,0.7338162788423132,0.0,False
CCK_R,neuropeptide,Cholecystokinin,CCK receptor,Pericyte,Microglia,0.39618868538827606,33,0.3609111929042783,0.3383084577114428,0,0,0.7338998138196949,0.0,False
GLU_MGLUR_II,neurotransmitter,Glutamate,Group II mGluR,Ependymal,Excitatory neuron,0.8528659300212442,274,0.3614867068866167,0.29850746268656714,7,0,0.7347507825901302,0.0,False
GLU_MGLUR_III,neurotransmitter,Glutamate,Group III mGluR,Endothelial,Fibroblast / VLMC,0.12627122648093733,223,0.3618082434319613,0.3283582089552239,5,0,0.7350850069553395,0.0,False
IL34_CSF1R,neuron_glia,IL-34,CSF1R,Inhibitory neuron,Erythrocyte (blood),0.020966976339166814,55,0.3622200763862376,0.3383084577114428,0,0,0.7356023165847246,0.0,False
SLIT_ROBO,guidance,Slit,Robo,Endothelial,Choroid plexus,0.09924321337824776,84,0.36248979211451393,0.32338308457711445,0,0,0.7358306886350588,0.0,False
GABA_A,neurotransmitter,GABA,GABA-A receptor,Microglia,Oligodendrocyte,0.013774995664948398,103,0.36295516250496795,0.29850746268656714,2,0,0.7364558566178426,0.0,False
GAL_R,neuropeptide,Galanin,Galanin receptor,T / NK cell,Oligodendrocyte,0.002254328980351126,453,0.3633369109657213,0.2835820895522388,9,0,0.7369108827085435,0.0,False
GLU_MGLUR_II,neurotransmitter,Glutamate,Group II mGluR,Microglia,Fibroblast / VLMC,0.6415723860263824,92,0.3651946552415617,0.3482587064676617,1,0,0.7381191325595107,0.0,False
PTN_PTPRZ1,neuron_glia,Pleiotrophin,PTPRZ1,Choroid plexus,Pericyte,0.3386036186683469,41,0.36489894238933573,0.38308457711442784,0,0,0.7381191325595107,0.0,False
PTN_PTPRZ1,neuron_glia,Pleiotrophin,PTPRZ1,Erythrocyte (blood),Microglia,0.2484642572262708,170,0.36450208901158354,0.373134328358209,4,0,0.7381191325595107,0.0,False
BDNF_TRKB,neurotrophin,BDNF,TrkB,Microglia,Excitatory neuron,0.0848779288927714,225,0.36431747692213956,0.3681592039800995,5,0,0.7381191325595107,0.0,False
C1Q_LRP1,neuron_glia,C1q,LRP1,Microglia,Fibroblast / VLMC,0.02926673578179401,92,0.36434959846152737,0.3582089552238806,1,0,0.7381191325595107,0.0,False
PACAP_R,neuropeptide,PACAP,PACAP receptor,Fibroblast / VLMC,Astrocyte,0.015517356508065268,382,0.365081384353906,0.3283582089552239,7,0,0.7381191325595107,0.0,False
CORT_SSTR,neuropeptide,Cortistatin,Somatostatin receptor,Fibroblast / VLMC,Excitatory neuron,0.013002245961305852,499,0.36500461446007404,0.3482587064676617,7,0,0.7381191325595107,0.0,False
VEGFA_R,neurovascular,VEGF-A,VEGF receptor,Excitatory neuron,Pericyte,0.009730901437647202,255,0.3646466895494087,0.32338308457711445,7,1,0.7381191325595107,0.14285714285714285,False
CCK_R,neuropeptide,Cholecystokinin,CCK receptor,Microglia,Microglia,0.4068632069088164,42,0.36570794989740607,0.31343283582089554,0,0,0.738199955811028,0.0,False
SST_SSTR,neuropeptide,Somatostatin,Somatostatin receptor,Pericyte,Pericyte,0.11308493980994591,26,0.36553949923788276,0.31840796019900497,0,0,0.738199955811028,0.0,False
CORT_SSTR,neuropeptide,Cortistatin,Somatostatin receptor,Erythrocyte (blood),Inhibitory neuron,0.043644707853143866,55,0.36563804804166644,0.32338308457711445,0,0,0.738199955811028,0.0,False
APOE_LRP1,neuron_glia,ApoE,LRP1,Microglia,Pericyte,1.0189920808329727,33,0.3661526156804462,0.3880597014925373,0,0,0.7384603830900034,0.0,False
SLIT_ROBO,guidance,Slit,Robo,Inhibitory neuron,Erythrocyte (blood),0.07773356871171432,55,0.3661405583260291,0.31840796019900497,0,0,0.7384603830900034,0.0,False
RELN_R,guidance,Reelin,Reelin receptor,Inhibitory neuron,Erythrocyte (blood),0.09518681439486416,55,0.36713317085656993,0.3283582089552239,0,0,0.7399532838505227,0.0,False
PACAP_R,neuropeptide,PACAP,PACAP receptor,Border macrophage,Vascular smooth muscle,0.04935060732248353,164,0.36720913124618804,0.3283582089552239,1,0,0.7399532838505227,0.0,False
GLU_AMPA,neurotransmitter,Glutamate,AMPA receptor,Astrocyte,Pericyte,1.29570884903272,120,0.36832080114783694,0.38308457711442784,1,1,0.7399626571793598,1.0,False
GLU_NMDA_2B,neurotransmitter,Glutamate,NMDA receptor (GluN1/2B),Choroid plexus,Endothelial,0.43297227649461656,84,0.3681252716494393,0.3681592039800995,0,0,0.7399626571793598,0.0,False
CCK_R,neuropeptide,Cholecystokinin,CCK receptor,Microglia,Fibroblast / VLMC,0.3711315548938254,92,0.3681363269021883,0.3283582089552239,1,1,0.7399626571793598,1.0,False
GLU_MGLUR_III,neurotransmitter,Glutamate,Group III mGluR,Endothelial,Vascular smooth muscle,0.16650066666930685,131,0.36753201639209365,0.3034825870646766,1,0,0.7399626571793598,0.0,False
SLIT_ROBO,guidance,Slit,Robo,Excitatory neuron,Ependymal,0.09025901860564295,274,0.3682076928398478,0.34328358208955223,7,1,0.7399626571793598,0.14285714285714285,False
NPY_R,neuropeptide,Neuropeptide Y,NPY receptor,Ependymal,Erythrocyte (blood),0.01784213994053884,241,0.3682182376066682,0.3034825870646766,6,0,0.7399626571793598,0.0,False
IL34_CSF1R,neuron_glia,IL-34,CSF1R,Oligodendrocyte,Astrocyte,0.0058500920122827,342,0.36749006272399265,0.23383084577114427,6,0,0.7399626571793598,0.0,False
APOE_LRP1,neuron_glia,ApoE,LRP1,Pericyte,Excitatory neuron,0.9599443260361167,255,0.36875198794870634,0.36318407960199006,7,0,0.7405109663570802,0.0,False
GLU_AMPA,neurotransmitter,Glutamate,AMPA receptor,Pericyte,Astrocyte,1.322188561161359,120,0.36935089803153753,0.36318407960199006,1,0,0.7413954748560978,0.0,False
MDK_PTPRZ1,neuron_glia,Midkine,PTPRZ1,Ependymal,Oligodendrocyte,0.08449765729688412,221,0.3698006942944396,0.3681592039800995,3,0,0.7416620011160237,0.0,False
PDGFB_PDGFRB,neurovascular,PDGF-B,PDGFRB,Astrocyte,Astrocyte,0.004755788831309383,1758,0.36969637053674964,0.3034825870646766,11,0,0.7416620011160237,0.0,False
GLU_AMPA,neurotransmitter,Glutamate,AMPA receptor,Fibroblast / VLMC,Endothelial,1.5689197800084616,223,0.3710756165907464,0.4129353233830846,5,0,0.7424588716474261,0.0,False
GLU_AMPA,neurotransmitter,Glutamate,AMPA receptor,Fibroblast / VLMC,Vascular smooth muscle,1.3065973435129439,154,0.37154980665475396,0.39303482587064675,2,0,0.7424588716474261,0.0,False
APOE_LRP1,neuron_glia,ApoE,LRP1,Oligodendrocyte,Choroid plexus,1.1092437378738238,230,0.3707362775813049,0.3582089552238806,6,0,0.7424588716474261,0.0,False
APOE_LRP1,neuron_glia,ApoE,LRP1,Ependymal,Fibroblast / VLMC,0.7880662054431682,245,0.3722688156389903,0.3781094527363184,6,1,0.7424588716474261,0.16666666666666666,False
GLU_MGLUR_II,neurotransmitter,Glutamate,Group II mGluR,Fibroblast / VLMC,Inhibitory neuron,0.6605170919344976,26,0.37384763872650906,0.3781094527363184,0,0,0.7424588716474261,0.0,False
GLU_MGLUR_I,neurotransmitter,Glutamate,Group I mGluR,Border macrophage,Inhibitory neuron,0.40305686446855654,53,0.37365471618526913,0.3333333333333333,0,0,0.7424588716474261,0.0,False
CCK_R,neuropeptide,Cholecystokinin,CCK receptor,Astrocyte,Choroid plexus,0.3444404641264363,152,0.3730973988646432,0.3681592039800995,2,0,0.7424588716474261,0.0,False
PTN_PTPRZ1,neuron_glia,Pleiotrophin,PTPRZ1,Oligodendrocyte,Pericyte,0.2739256996635004,141,0.3719983601578533,0.36318407960199006,1,0,0.7424588716474261,0.0,False
BDNF_TRKB,neurotrophin,BDNF,TrkB,Excitatory neuron,Microglia,0.10457890060212877,225,0.3731218544706364,0.373134328358209,5,0,0.7424588716474261,0.0,False
SST_SSTR,neuropeptide,Somatostatin,Somatostatin receptor,Ependymal,Erythrocyte (blood),0.10142034687936553,241,0.37092982185956735,0.3482587064676617,6,0,0.7424588716474261,0.0,False
SLIT_ROBO,guidance,Slit,Robo,Border macrophage,Ependymal,0.05294750117662042,241,0.3738158969431393,0.3681592039800995,5,0,0.7424588716474261,0.0,False
PACAP_R,neuropeptide,PACAP,PACAP receptor,Endothelial,Vascular smooth muscle,0.0483140099139614,131,0.37369064724071166,0.34328358208955223,1,0,0.7424588716474261,0.0,False
PACAP_R,neuropeptide,PACAP,PACAP receptor,Astrocyte,Erythrocyte (blood),0.03713753858314102,537,0.3734654761803925,0.3781094527363184,11,0,0.7424588716474261,0.0,False
VIP_R,neuropeptide,VIP,VIP receptor,Vascular smooth muscle,T / NK cell,0.027617847665827325,94,0.37038725767436853,0.2885572139303483,0,0,0.7424588716474261,0.0,False
VEGFA_R,neurovascular,VEGF-A,VEGF receptor,Inhibitory neuron,Border macrophage,0.022903979949231417,53,0.37381130109843974,0.3034825870646766,0,0,0.7424588716474261,0.0,False
NPY_R,neuropeptide,Neuropeptide Y,NPY receptor,Fibroblast / VLMC,Endothelial,0.02114282354645665,223,0.3715803022668336,0.32338308457711445,5,0,0.7424588716474261,0.0,False
VIP_R,neuropeptide,VIP,VIP receptor,Ependymal,Ependymal,0.015164312274976709,174,0.3733915637179205,0.3582089552238806,4,1,0.7424588716474261,0.25,False
VEGFA_R,neurovascular,VEGF-A,VEGF receptor,Vascular smooth muscle,Excitatory neuron,0.013685432540045844,225,0.37286657326566786,0.30845771144278605,4,0,0.7424588716474261,0.0,False
RELN_R,guidance,Reelin,Reelin receptor,Excitatory neuron,Border macrophage,0.013302136053989378,1057,0.37219542959167784,0.373134328358209,12,1,0.7424588716474261,0.08333333333333333,False
VEGFA_R,neurovascular,VEGF-A,VEGF receptor,Inhibitory neuron,Excitatory neuron,0.011837416074492714,88,0.37270646596464074,0.3482587064676617,0,0,0.7424588716474261,0.0,False
NRG1_ERBB4,guidance,Neuregulin-1,ErbB4,Microglia,Excitatory neuron,0.008684782452053494,225,0.37142223315905654,0.373134328358209,5,0,0.7424588716474261,0.0,False
C1Q_LRP1,neuron_glia,C1q,LRP1,Excitatory neuron,Choroid plexus,0.005450796393961921,321,0.3729364889874974,0.3781094527363184,7,0,0.7424588716474261,0.0,False
C1Q_LRP1,neuron_glia,C1q,LRP1,Erythrocyte (blood),Excitatory neuron,0.0017396585172473025,1535,0.3707632439279099,0.42786069651741293,12,0,0.7424588716474261,0.0,False
BDNF_TRKB,neurotrophin,BDNF,TrkB,Oligodendrocyte,Inhibitory neuron,0.06468059420585633,40,0.3743571199765763,0.472636815920398,0,0,0.7431552670218077,0.0,False
SLIT_ROBO,guidance,Slit,Robo,Excitatory neuron,Astrocyte,0.10459746810651961,336,0.37468689689558377,0.34328358208955223,9,2,0.7434944828559951,0.2222222222222222,False
GLU_AMPA,neurotransmitter,Glutamate,AMPA receptor,Vascular smooth muscle,Pericyte,1.4904008497626096,59,0.3751679105746444,0.3880597014925373,0,0,0.7440984128592322,0.0,False
APOE_TREM2,neuron_glia,ApoE,TREM2,Choroid plexus,Vascular smooth muscle,0.03662952829579838,61,0.3753093084735601,0.2935323383084577,0,0,0.7440984128592322,0.0,False
GLU_MGLUR_II,neurotransmitter,Glutamate,Group II mGluR,OPC,Oligodendrocyte,0.7588610649108887,48,0.37560689671028546,0.4129353233830846,0,0,0.7443730070764192,0.0,False
NRG1_ERBB4,guidance,Neuregulin-1,ErbB4,Oligodendrocyte,T / NK cell,0.0031144487410454825,453,0.3758736522698653,0.32338308457711445,9,0,0.7445862908428026,0.0,False
SLIT_ROBO,guidance,Slit,Robo,Border macrophage,Excitatory neuron,0.0917546067073194,1057,0.37631974311640704,0.3781094527363184,12,0,0.7451544976900841,0.0,False
GLU_NMDA_2A,neurotransmitter,Glutamate,NMDA receptor (GluN1/2A),T / NK cell,Vascular smooth muscle,0.7311211824417114,94,0.3781206621521874,0.34328358208955223,0,0,0.7458923733766741,0.0,False
GLU_MGLUR_II,neurotransmitter,Glutamate,Group II mGluR,Fibroblast / VLMC,Astrocyte,0.4689078820937591,382,0.3776171756290496,0.3582089552238806,7,0,0.7458923733766741,0.0,False
GLU_NMDA_2B,neurotransmitter,Glutamate,NMDA receptor (GluN1/2B),T / NK cell,Border macrophage,0.33893410354852677,400,0.3782950817095357,0.3681592039800995,11,0,0.7458923733766741,0.0,False
GLU_NMDA_2B,neurotransmitter,Glutamate,NMDA receptor (GluN1/2B),Endothelial,Endothelial,0.271490179477854,282,0.37740767594932095,0.39303482587064675,7,1,0.7458923733766741,0.14285714285714285,False
GLU_MGLUR_I,neurotransmitter,Glutamate,Group I mGluR,Microglia,Vascular smooth muscle,0.24914956092834473,35,0.37924299129367556,0.3482587064676617,0,0,0.7458923733766741,0.0,False
PTN_PTPRZ1,neuron_glia,Pleiotrophin,PTPRZ1,Pericyte,Pericyte,0.22176115329448992,26,0.37850433141583945,0.3582089552238806,0,0,0.7458923733766741,0.0,False
MDK_PTPRZ1,neuron_glia,Midkine,PTPRZ1,Fibroblast / VLMC,Oligodendrocyte,0.10342611789373149,722,0.3779398420334572,0.3333333333333333,10,1,0.7458923733766741,0.1,False
SLIT_ROBO,guidance,Slit,Robo,Border macrophage,Pericyte,0.08489663004875184,160,0.3786830431651452,0.3781094527363184,3,0,0.7458923733766741,0.0,False
SLIT_ROBO,guidance,Slit,Robo,Oligodendrocyte,Border macrophage,0.07963300390399142,429,0.37706879930548376,0.373134328358209,9,0,0.7458923733766741,0.0,False
PACAP_R,neuropeptide,PACAP,PACAP receptor,Border macrophage,Border macrophage,0.06253080485756494,638,0.3786270175765162,0.39800995024875624,12,0,0.7458923733766741,0.0,False
PACAP_R,neuropeptide,PACAP,PACAP receptor,Inhibitory neuron,Excitatory neuron,0.04935662854801525,88,0.3789583906976598,0.3333333333333333,0,0,0.7458923733766741,0.0,False
CX3CL1_CX3CR1,neuron_glia,Fractalkine,CX3CR1,Choroid plexus,T / NK cell,0.048458404068289135,116,0.3787985732531212,0.3283582089552239,2,0,0.7458923733766741,0.0,False
NPY_R,neuropeptide,Neuropeptide Y,NPY receptor,OPC,Oligodendrocyte,0.018726427108049393,48,0.3791087233801011,0.31840796019900497,0,0,0.7458923733766741,0.0,False
VIP_R,neuropeptide,VIP,VIP receptor,Border macrophage,Erythrocyte (blood),0.015050459969437347,848,0.37897841404640414,0.35323383084577115,12,2,0.7458923733766741,0.16666666666666666,False
VIP_R,neuropeptide,VIP,VIP receptor,Oligodendrocyte,Astrocyte,0.009050815077553018,342,0.3777598057749547,0.3383084577114428,6,0,0.7458923733766741,0.0,False
GAL_R,neuropeptide,Galanin,Galanin receptor,Erythrocyte (blood),Excitatory neuron,0.0006832430339403184,1535,0.37868990608340536,0.32338308457711445,12,1,0.7458923733766741,0.08333333333333333,False
GLU_MGLUR_II,neurotransmitter,Glutamate,Group II mGluR,Ependymal,Erythrocyte (blood),0.7602004198612514,241,0.3797969837808792,0.373134328358209,6,0,0.7464370469296068,0.0,False
CORT_SSTR,neuropeptide,Cortistatin,Somatostatin receptor,T / NK cell,Excitatory neuron,0.0140252926382601,651,0.3798389845563996,0.373134328358209,12,0,0.7464370469296068,0.0,False
CX3CL1_CX3CR1,neuron_glia,Fractalkine,CX3CR1,Endothelial,Vascular smooth muscle,0.046653735728664256,131,0.38050912883848115,0.36318407960199006,1,0,0.7474400561860844,0.0,False
GLU_KAINATE,neurotransmitter,Glutamate,Kainate receptor,Endothelial,Microglia,0.5905360739405562,82,0.38092797886913976,0.373134328358209,0,0,0.7479488095378536,0.0,False
CCK_R,neuropeptide,Cholecystokinin,CCK receptor,Inhibitory neuron,Ependymal,0.38349094062015926,29,0.3811558384350376,0.32338308457711445,0,0,0.7480822852506464,0.0,False
SST_SSTR,neuropeptide,Somatostatin,Somatostatin receptor,T / NK cell,Microglia,0.1474727511405945,80,0.38174910509813165,0.39800995024875624,0,0,0.7489325210709258,0.0,False
GABA_B,neurotransmitter,GABA,GABA-B receptor,Fibroblast / VLMC,Inhibitory neuron,0.07868080872755784,26,0.3830010816950401,0.25870646766169153,0,0,0.7498167620297459,0.0,False
CX3CL1_CX3CR1,neuron_glia,Fractalkine,CX3CR1,Choroid plexus,Ependymal,0.06263557027597896,61,0.38288148752669166,0.2935323383084577,0,0,0.7498167620297459,0.0,False
BDNF_TRKB,neurotrophin,BDNF,TrkB,Choroid plexus,Oligodendrocyte,0.04159061157185098,230,0.3825776931888559,0.34328358208955223,6,0,0.7498167620297459,0.0,False
VEGFA_R,neurovascular,VEGF-A,VEGF receptor,T / NK cell,Fibroblast / VLMC,0.014021555223076592,221,0.3828677739838161,0.3283582089552239,4,0,0.7498167620297459,0.0,False
CORT_SSTR,neuropeptide,Cortistatin,Somatostatin receptor,T / NK cell,Astrocyte,0.010148434803403657,232,0.382514706292196,0.34328358208955223,4,0,0.7498167620297459,0.0,False
SST_SSTR,neuropeptide,Somatostatin,Somatostatin receptor,Erythrocyte (blood),Astrocyte,0.09485167120644056,537,0.3834987013750681,0.3482587064676617,11,1,0.7504769651752169,0.09090909090909091,False
GLU_MGLUR_I,neurotransmitter,Glutamate,Group I mGluR,Vascular smooth muscle,Endothelial,0.3031304337596165,131,0.3837848340734315,0.32338308457711445,1,0,0.7507229258484892,0.0,False
CCK_R,neuropeptide,Cholecystokinin,CCK receptor,Vascular smooth muscle,Ependymal,0.317332460121675,88,0.3843186555039493,0.35323383084577115,0,0,0.7508645167031663,0.0,False
PACAP_R,neuropeptide,PACAP,PACAP receptor,Microglia,Astrocyte,0.03062075418783418,141,0.38433864447618793,0.3283582089552239,4,1,0.7508645167031663,0.25,False
CORT_SSTR,neuropeptide,Cortistatin,Somatostatin receptor,Choroid plexus,Border macrophage,0.025500412147069714,194,0.38408005753683544,0.35323383084577115,3,0,0.7508645167031663,0.0,False
PACAP_R,neuropeptide,PACAP,PACAP receptor,T / NK cell,Fibroblast / VLMC,0.03470379329914421,221,0.3848349982450034,0.34328358208955223,4,0,0.7515204327163484,0.0,False
GLU_MGLUR_I,neurotransmitter,Glutamate,Group I mGluR,Pericyte,Fibroblast / VLMC,0.2702043762673502,92,0.3853540290017183,0.42786069651741293,1,0,0.7520937297516809,0.0,False
CX3CL1_CX3CR1,neuron_glia,Fractalkine,CX3CR1,Vascular smooth muscle,T / NK cell,0.037942980198149984,94,0.38561078385857717,0.34328358208955223,0,0,0.7520937297516809,0.0,False
CSF1_CSF1R,neuron_glia,CSF-1,CSF1R,Astrocyte,Border macrophage,0.006320869737817336,516,0.38558354617418167,0.31343283582089554,8,1,0.7520937297516809,0.125,False
GLU_MGLUR_I,neurotransmitter,Glutamate,Group I mGluR,Vascular smooth muscle,Border macrophage,0.3347385816457795,164,0.3858682586814833,0.35323383084577115,1,0,0.752127347483056,0.0,False
CX3CL1_CX3CR1,neuron_glia,Fractalkine,CX3CR1,Endothelial,Fibroblast / VLMC,0.04706329828955133,223,0.38594951085847773,0.3333333333333333,5,0,0.752127347483056,0.0,False
GLU_NMDA_2B,neurotransmitter,Glutamate,NMDA receptor (GluN1/2B),Microglia,Fibroblast / VLMC,0.27646919437076733,92,0.386171524797274,0.3681592039800995,1,0,0.752246696305764,0.0,False
GLU_MGLUR_I,neurotransmitter,Glutamate,Group I mGluR,Fibroblast / VLMC,Fibroblast / VLMC,0.23754872988771508,1242,0.3866214485057201,0.3880597014925373,9,1,0.7524965713636708,0.1111111111111111,False
GABA_A,neurotransmitter,GABA,GABA-A receptor,Oligodendrocyte,OPC,0.018726427108049393,48,0.3865414572913865,0.4129353233830846,0,0,0.7524965713636708,0.0,False
GLU_MGLUR_II,neurotransmitter,Glutamate,Group II mGluR,Border macrophage,Border macrophage,0.7970827709544789,638,0.38727414392604065,0.34328358208955223,12,2,0.7525656696216633,0.16666666666666666,False
PTN_PTPRZ1,neuron_glia,Pleiotrophin,PTPRZ1,Inhibitory neuron,T / NK cell,0.3630430442946298,28,0.38688957853924855,0.38308457711442784,0,0,0.7525656696216633,0.0,False
CORT_SSTR,neuropeptide,Cortistatin,Somatostatin receptor,T / NK cell,Border macrophage,0.012911590039730072,400,0.38713044988231776,0.3582089552238806,11,0,0.7525656696216633,0.0,False
PDGFB_PDGFRB,neurovascular,PDGF-B,PDGFRB,Erythrocyte (blood),Fibroblast / VLMC,0.008846579295284342,477,0.38730030614425415,0.3283582089552239,8,0,0.7525656696216633,0.0,False
CX3CL1_CX3CR1,neuron_glia,Fractalkine,CX3CR1,Choroid plexus,Pericyte,0.05102399064273369,41,0.3874701059468963,0.2935323383084577,0,0,0.7525830741907545,0.0,False
SLIT_ROBO,guidance,Slit,Robo,Vascular smooth muscle,Astrocyte,0.037406837889916784,237,0.38779006781467423,0.39303482587064675,7,0,0.7528920030310625,0.0,False
VEGFA_R,neurovascular,VEGF-A,VEGF receptor,T / NK cell,Choroid plexus,0.015083549351527774,116,0.3880671005976395,0.3283582089552239,2,0,0.7531173636235401,0.0,False
SLIT_ROBO,guidance,Slit,Robo,Choroid plexus,T / NK cell,0.11232800216510377,116,0.38849158741406525,0.3781094527363184,2,0,0.7536285810573845,0.0,False
PDGFB_PDGFRB,neurovascular,PDGF-B,PDGFRB,Erythrocyte (blood),Ependymal,0.005596526430850207,241,0.3886912903570839,0.23383084577114427,6,0,0.7537035008623272,0.0,False
CCK_R,neuropeptide,Cholecystokinin,CCK receptor,Vascular smooth muscle,Microglia,0.40251586096627373,35,0.3896830167445727,0.38308457711442784,0,0,0.7543825442296199,0.0,False
CCK_R,neuropeptide,Cholecystokinin,CCK receptor,Erythrocyte (blood),Border macrophage,0.36299774823886044,848,0.38967128075854685,0.4079601990049751,12,1,0.7543825442296199,0.08333333333333333,False
PDGFB_PDGFRB,neurovascular,PDGF-B,PDGFRB,Vascular smooth muscle,Erythrocyte (blood),0.01358056722311028,237,0.3893295593204469,0.31840796019900497,5,0,0.7543825442296199,0.0,False
PDGFB_PDGFRB,neurovascular,PDGF-B,PDGFRB,Astrocyte,Excitatory neuron,0.008878691565422784,336,0.3896863879895259,0.34328358208955223,9,1,0.7543825442296199,0.1111111111111111,False
GLU_MGLUR_I,neurotransmitter,Glutamate,Group I mGluR,Choroid plexus,Erythrocyte (blood),0.4148702905596798,279,0.39086434476888854,0.35323383084577115,7,0,0.7547892155070695,0.0,False
SST_SSTR,neuropeptide,Somatostatin,Somatostatin receptor,Astrocyte,Vascular smooth muscle,0.09817743200793044,237,0.39059048824650994,0.39800995024875624,7,0,0.7547892155070695,0.0,False
RELN_R,guidance,Reelin,Reelin receptor,Excitatory neuron,Astrocyte,0.023553680451143356,336,0.39084644547740377,0.373134328358209,9,0,0.7547892155070695,0.0,False
VIP_R,neuropeptide,VIP,VIP receptor,Ependymal,Endothelial,0.01725009039705023,203,0.3908163437188089,0.3383084577114428,3,0,0.7547892155070695,0.0,False
IL34_CSF1R,neuron_glia,IL-34,CSF1R,Oligodendrocyte,T / NK cell,0.006539931097304321,453,0.39021751645471725,0.3681592039800995,9,0,0.7547892155070695,0.0,False
TAC1_NK1,neuropeptide,Substance P,NK1 receptor,Fibroblast / VLMC,Excitatory neuron,0.0018229048572226852,499,0.39083958522854656,0.22388059701492538,7,0,0.7547892155070695,0.0,False
GLU_AMPA,neurotransmitter,Glutamate,AMPA receptor,Border macrophage,Oligodendrocyte,1.8098608216483554,429,0.39111040517571677,0.40298507462686567,9,0,0.7549527994295292,0.0,False
GLU_MGLUR_II,neurotransmitter,Glutamate,Group II mGluR,Pericyte,Astrocyte,0.5759954323371251,120,0.39138499001596067,0.3582089552238806,1,0,0.7550398233421997,0.0,False
GLU_NMDA_2B,neurotransmitter,Glutamate,NMDA receptor (GluN1/2B),Border macrophage,Border macrophage,0.3166718277437934,638,0.3916964313082878,0.3582089552238806,12,1,0.7550398233421997,0.08333333333333333,False
BDNF_TRKB,neurotrophin,BDNF,TrkB,T / NK cell,Pericyte,0.08945629715919495,100,0.3918009598364738,0.3781094527363184,0,0,0.7550398233421997,0.0,False
GABA_B,neurotransmitter,GABA,GABA-B receptor,Fibroblast / VLMC,Microglia,0.029978754727736763,92,0.39175663818540846,0.4228855721393035,1,0,0.7550398233421997,0.0,False
GLU_NMDA_2A,neurotransmitter,Glutamate,NMDA receptor (GluN1/2A),Choroid plexus,Pericyte,0.7608223601085383,41,0.39304937077401625,0.3681592039800995,0,0,0.7570264538596501,0.0,False
GLU_NMDA_2A,neurotransmitter,Glutamate,NMDA receptor (GluN1/2A),Erythrocyte (blood),Microglia,0.5174620495123021,170,0.3931554355372835,0.3582089552238806,4,0,0.7570264538596501,0.0,False
GABA_A,neurotransmitter,GABA,GABA-A receptor,Endothelial,Oligodendrocyte,0.0143432232466611,220,0.39332641692258874,0.3333333333333333,4,0,0.7570441401813216,0.0,False
PTN_PTPRZ1,neuron_glia,Pleiotrophin,PTPRZ1,Border macrophage,Ependymal,0.2799064507128292,241,0.39357349891717336,0.3681592039800995,5,0,0.7572082242736242,0.0,False
CORT_SSTR,neuropeptide,Cortistatin,Somatostatin receptor,Endothelial,Fibroblast / VLMC,0.019225039022385808,223,0.3938077723081211,0.2935323383084577,5,0,0.7573475407438137,0.0,False
GLU_NMDA_2A,neurotransmitter,Glutamate,NMDA receptor (GluN1/2A),Pericyte,Fibroblast / VLMC,0.46398127467735956,92,0.394400331086556,0.3781094527363184,1,0,0.7578701829805118,0.0,False
GLU_KAINATE,neurotransmitter,Glutamate,Kainate receptor,Astrocyte,Ependymal,0.41912082783476323,334,0.3944034827009075,0.38308457711442784,5,0,0.7578701829805118,0.0,False
APOE_LRP1,neuron_glia,ApoE,LRP1,Choroid plexus,Border macrophage,0.9438644592294988,194,0.39473763780845644,0.36318407960199006,3,0,0.7582009061189523,0.0,False
CX3CL1_CX3CR1,neuron_glia,Fractalkine,CX3CR1,Erythrocyte (blood),Inhibitory neuron,0.03664194020357999,55,0.395349450980432,0.30845771144278605,0,0,0.7586119044274755,0.0,False
APOE_TREM2,neuron_glia,ApoE,TREM2,Endothelial,Endothelial,0.020887287795966398,282,0.3954380070311205,0.30845771144278605,7,0,0.7586119044274755,0.0,False
PDGFB_PDGFRB,neurovascular,PDGF-B,PDGFRB,T / NK cell,Oligodendrocyte,0.0043751501352844915,453,0.3951614017805526,0.31840796019900497,9,0,0.7586119044274755,0.0,False
CCK_R,neuropeptide,Cholecystokinin,CCK receptor,Oligodendrocyte,Microglia,0.26027687544961575,103,0.39605317448003163,0.36318407960199006,2,0,0.758740113651167,0.0,False
SST_SSTR,neuropeptide,Somatostatin,Somatostatin receptor,Ependymal,Pericyte,0.11614244100120333,72,0.3959495658420435,0.3383084577114428,0,0,0.758740113651167,0.0,False
SLIT_ROBO,guidance,Slit,Robo,T / NK cell,Microglia,0.08813480734825134,80,0.3958578203627384,0.35323383084577115,0,0,0.758740113651167,0.0,False
GABA_B,neurotransmitter,GABA,GABA-B receptor,Vascular smooth muscle,Choroid plexus,0.03547311610862857,61,0.39615347246202204,0.4427860696517413,0,0,0.758740113651167,0.0,False
PTN_PTPRZ1,neuron_glia,Pleiotrophin,PTPRZ1,Fibroblast / VLMC,T / NK cell,0.25915429252305183,221,0.396319489835764,0.39303482587064675,4,0,0.758747501203576,0.0,False
CX3CL1_CX3CR1,neuron_glia,Fractalkine,CX3CR1,Oligodendrocyte,Astrocyte,0.033745811870920725,342,0.3964834825366668,0.3582089552238806,6,1,0.7587510080936868,0.16666666666666666,False
SST_SSTR,neuropeptide,Somatostatin,Somatostatin receptor,Oligodendrocyte,Fibroblast / VLMC,0.07246145127222478,722,0.3967549210929785,0.3880597014925373,10,1,0.7589600473401661,0.1,False
VEGFA_R,neurovascular,VEGF-A,VEGF receptor,Oligodendrocyte,Vascular smooth muscle,0.021698285232890736,99,0.39695101220898654,0.29850746268656714,0,0,0.759024841081262,0.0,False
GLU_NMDA_2B,neurotransmitter,Glutamate,NMDA receptor (GluN1/2B),Ependymal,Pericyte,0.25959113240242004,72,0.3974668706928277,0.3383084577114428,0,0,0.7597007712302863,0.0,False
PTN_PTPRZ1,neuron_glia,Pleiotrophin,PTPRZ1,Erythrocyte (blood),Choroid plexus,0.2874021506651328,279,0.3977044870763841,0.40298507462686567,7,0,0.7598445467661907,0.0,False
APOE_LRP1,neuron_glia,ApoE,LRP1,Ependymal,Endothelial,0.9467495004531785,203,0.3991125593150055,0.36318407960199006,3,0,0.7604754017536564,0.0,False
NRXN_NLGN,synaptic_adhesion,Neurexin,Neuroligin,Excitatory neuron,Oligodendrocyte,0.6323421574670344,601,0.39917238442123953,0.3781094527363184,12,0,0.7604754017536564,0.0,False
CCK_R,neuropeptide,Cholecystokinin,CCK receptor,T / NK cell,Endothelial,0.3766277854150463,253,0.3990335113926663,0.40298507462686567,7,0,0.7604754017536564,0.0,False
SST_SSTR,neuropeptide,Somatostatin,Somatostatin receptor,Microglia,Fibroblast / VLMC,0.10720790922641754,92,0.3983215146840247,0.31840796019900497,1,0,0.7604754017536564,0.0,False
CX3CL1_CX3CR1,neuron_glia,Fractalkine,CX3CR1,Endothelial,Ependymal,0.04832117898123605,203,0.3984100084034259,0.3681592039800995,3,0,0.7604754017536564,0.0,False
CSF1_CSF1R,neuron_glia,CSF-1,CSF1R,Erythrocyte (blood),Microglia,0.005865339671864229,170,0.39896983741891606,0.23880597014925373,4,0,0.7604754017536564,0.0,False
PENK_OPR,neuropeptide,Enkephalin,Delta/mu opioid receptor,Choroid plexus,Excitatory neuron,0.004035175310859799,321,0.3989830836049565,0.2736318407960199,7,0,0.7604754017536564,0.0,False
PTN_PTPRZ1,neuron_glia,Pleiotrophin,PTPRZ1,Astrocyte,Fibroblast / VLMC,0.37076154320027815,382,0.4001511576219922,0.373134328358209,7,0,0.7613032601958364,0.0,False
GLU_MGLUR_I,neurotransmitter,Glutamate,Group I mGluR,Endothelial,Microglia,0.29734092878132334,82,0.4002577516738101,0.3582089552238806,0,0,0.7613032601958364,0.0,False
APOE_TREM2,neuron_glia,ApoE,TREM2,Astrocyte,Microglia,0.02044267180963611,141,0.3999551535858392,0.14925373134328357,4,0,0.7613032601958364,0.0,False
IL34_CSF1R,neuron_glia,IL-34,CSF1R,Astrocyte,Excitatory neuron,0.015004726215487435,336,0.40006234898039666,0.373134328358209,9,0,0.7613032601958364,0.0,False
GLU_KAINATE,neurotransmitter,Glutamate,Kainate receptor,Border macrophage,Astrocyte,0.4890109034933785,516,0.40067977783777187,0.38308457711442784,8,1,0.7614642497130476,0.125,False
SST_SSTR,neuropeptide,Somatostatin,Somatostatin receptor,Inhibitory neuron,Fibroblast / VLMC,0.25465832306788516,26,0.4007556467389073,0.3482587064676617,0,0,0.7614642497130476,0.0,False
GABA_B,neurotransmitter,GABA,GABA-B receptor,Pericyte,Astrocyte,0.054199439287185666,120,0.4008983405882664,0.3880597014925373,1,0,0.7614642497130476,0.0,False
IL34_CSF1R,neuron_glia,IL-34,CSF1R,Erythrocyte (blood),Border macrophage,0.012952968197048834,848,0.4009933556941546,0.3880597014925373,12,1,0.7614642497130476,0.08333333333333333,False
GLU_AMPA,neurotransmitter,Glutamate,AMPA receptor,Endothelial,Endothelial,1.519899142549393,282,0.40361192123170986,0.39800995024875624,7,1,0.761806602138941,0.14285714285714285,False
GLU_AMPA,neurotransmitter,Glutamate,AMPA receptor,OPC,Oligodendrocyte,1.319039652744929,48,0.40285800675406813,0.40298507462686567,0,0,0.761806602138941,0.0,False
GLU_MGLUR_II,neurotransmitter,Glutamate,Group II mGluR,Pericyte,Fibroblast / VLMC,0.5836995386559031,92,0.402623114659307,0.36318407960199006,1,0,0.761806602138941,0.0,False
NRXN_NLGN,synaptic_adhesion,Neurexin,Neuroligin,Oligodendrocyte,Pericyte,0.5329231763562412,141,0.403925738872893,0.3880597014925373,1,0,0.761806602138941,0.0,False
GLU_NMDA_2A,neurotransmitter,Glutamate,NMDA receptor (GluN1/2A),Oligodendrocyte,Vascular smooth muscle,0.4486730387716582,99,0.4017198945362428,0.373134328358209,0,0,0.761806602138941,0.0,False
GLU_NMDA_2B,neurotransmitter,Glutamate,NMDA receptor (GluN1/2B),Astrocyte,Fibroblast / VLMC,0.20788709655482107,382,0.40286933263436786,0.36318407960199006,7,1,0.761806602138941,0.14285714285714285,False
GLU_MGLUR_III,neurotransmitter,Glutamate,Group III mGluR,Astrocyte,Erythrocyte (blood),0.12779330208314862,537,0.4027365554916617,0.373134328358209,11,0,0.761806602138941,0.0,False
SLIT_ROBO,guidance,Slit,Robo,Excitatory neuron,Oligodendrocyte,0.1044454714422813,601,0.40419670875470914,0.39303482587064675,12,1,0.761806602138941,0.08333333333333333,False
SST_SSTR,neuropeptide,Somatostatin,Somatostatin receptor,Choroid plexus,Oligodendrocyte,0.07818898558616638,230,0.4042275532754217,0.373134328358209,6,0,0.761806602138941,0.0,False
RELN_R,guidance,Reelin,Reelin receptor,Border macrophage,Fibroblast / VLMC,0.03390381339133954,408,0.40372223985571354,0.35323383084577115,7,1,0.761806602138941,0.14285714285714285,False
CORT_SSTR,neuropeptide,Cortistatin,Somatostatin receptor,Vascular smooth muscle,T / NK cell,0.028072628569095693,94,0.404075264612085,0.3681592039800995,0,0,0.761806602138941,0.0,False
VEGFA_R,neurovascular,VEGF-A,VEGF receptor,Choroid plexus,Pericyte,0.016710290094701256,41,0.4041297771956171,0.32338308457711445,0,0,0.761806602138941,0.0,False
CORT_SSTR,neuropeptide,Cortistatin,Somatostatin receptor,Border macrophage,Ependymal,0.01653579730710548,241,0.401772144647281,0.3383084577114428,5,0,0.761806602138941,0.0,False
CORT_SSTR,neuropeptide,Cortistatin,Somatostatin receptor,Endothelial,Erythrocyte (blood),0.012064449815236359,594,0.4037922137109695,0.38308457711442784,12,0,0.761806602138941,0.0,False
IL34_CSF1R,neuron_glia,IL-34,CSF1R,Choroid plexus,Oligodendrocyte,0.009764559372611668,230,0.40422520423332187,0.30845771144278605,6,0,0.761806602138941,0.0,False
PDGFB_PDGFRB,neurovascular,PDGF-B,PDGFRB,Choroid plexus,Excitatory neuron,0.005547695070783669,321,0.40424398643562687,0.35323383084577115,7,0,0.761806602138941,0.0,False
PDGFB_PDGFRB,neurovascular,PDGF-B,PDGFRB,Pericyte,Erythrocyte (blood),0.0049087969462076825,225,0.4042671068841613,0.30845771144278605,5,0,0.761806602138941,0.0,False
NRG1_ERBB4,guidance,Neuregulin-1,ErbB4,Excitatory neuron,Astrocyte,0.003915306003320785,336,0.40311540351824554,0.32338308457711445,9,0,0.761806602138941,0.0,False
TAC1_NK1,neuropeptide,Substance P,NK1 receptor,Excitatory neuron,Fibroblast / VLMC,0.0017466690831767293,499,0.4021906062165,0.24875621890547264,7,0,0.761806602138941,0.0,False
GLU_MGLUR_III,neurotransmitter,Glutamate,Group III mGluR,Excitatory neuron,Astrocyte,0.223929633696874,336,0.40472604923735206,0.38308457711442784,9,0,0.7623644059507126,0.0,False
GLU_KAINATE,neurotransmitter,Glutamate,Kainate receptor,Endothelial,Excitatory neuron,0.7086272491126501,595,0.4051017314395409,0.4129353233830846,12,1,0.7627649905052765,0.08333333333333333,False
NPY_R,neuropeptide,Neuropeptide Y,NPY receptor,Erythrocyte (blood),Fibroblast / VLMC,0.016959757549957658,477,0.4053269369461975,0.3880597014925373,8,0,0.7628820345821633,0.0,False
GABA_A,neurotransmitter,GABA,GABA-A receptor,T / NK cell,Oligodendrocyte,0.015588797217699603,453,0.40559517404142265,0.3482587064676617,9,0,0.7630799434418241,0.0,False
CX3CL1_CX3CR1,neuron_glia,Fractalkine,CX3CR1,Endothelial,Choroid plexus,0.04916588465372721,84,0.4059441048928131,0.36318407960199006,0,0,0.7632250843911739,0.0,False
NPY_R,neuropeptide,Neuropeptide Y,NPY receptor,Border macrophage,T / NK cell,0.023054823130369186,400,0.40599855418885056,0.39303482587064675,11,1,0.7632250843911739,0.09090909090909091,False
APOE_LRP1,neuron_glia,ApoE,LRP1,Border macrophage,T / NK cell,1.0058983878791332,400,0.4067711413244266,0.4129353233830846,11,0,0.7634505295856365,0.0,False
NRXN_NLGN,synaptic_adhesion,Neurexin,Neuroligin,Ependymal,Fibroblast / VLMC,0.3970962008651422,245,0.40641911787929585,0.43283582089552236,6,0,0.7634505295856365,0.0,False
IL34_CSF1R,neuron_glia,IL-34,CSF1R,Endothelial,Microglia,0.01650161714088626,82,0.4067300098973535,0.32338308457711445,0,0,0.7634505295856365,0.0,False
GABA_A,neurotransmitter,GABA,GABA-A receptor,Choroid plexus,Astrocyte,0.013511522820121363,152,0.40675687773331903,0.39303482587064675,2,0,0.7634505295856365,0.0,False
IL34_CSF1R,neuron_glia,IL-34,CSF1R,Border macrophage,Ependymal,0.006255136485911009,241,0.4071847578343506,0.3383084577114428,5,0,0.7639204017269152,0.0,False
GLU_MGLUR_II,neurotransmitter,Glutamate,Group II mGluR,Excitatory neuron,Astrocyte,1.166760761822973,336,0.41038407823401096,0.3781094527363184,9,1,0.7646095927635562,0.1111111111111111,False
GLU_MGLUR_II,neurotransmitter,Glutamate,Group II mGluR,Fibroblast / VLMC,Excitatory neuron,0.7793496215271807,499,0.40977560787159356,0.4129353233830846,7,0,0.7646095927635562,0.0,False
GLU_KAINATE,neurotransmitter,Glutamate,Kainate receptor,Erythrocyte (blood),Vascular smooth muscle,0.6421378730218622,237,0.40879497932801145,0.4129353233830846,5,0,0.7646095927635562,0.0,False
PTN_PTPRZ1,neuron_glia,Pleiotrophin,PTPRZ1,Astrocyte,Erythrocyte (blood),0.4274826722438109,537,0.40960053691250065,0.43283582089552236,11,2,0.7646095927635562,0.18181818181818182,False
PTN_PTPRZ1,neuron_glia,Pleiotrophin,PTPRZ1,Astrocyte,Ependymal,0.3326450393585388,334,0.409611639676092,0.39303482587064675,5,0,0.7646095927635562,0.0,False
GLU_MGLUR_III,neurotransmitter,Glutamate,Group III mGluR,Excitatory neuron,Microglia,0.21204198678334554,225,0.40936379866279915,0.4129353233830846,5,0,0.7646095927635562,0.0,False
SST_SSTR,neuropeptide,Somatostatin,Somatostatin receptor,Pericyte,Microglia,0.17976060780611905,33,0.4085627486728326,0.373134328358209,0,0,0.7646095927635562,0.0,False
CORT_SSTR,neuropeptide,Cortistatin,Somatostatin receptor,OPC,Oligodendrocyte,0.11261227106054623,48,0.4086909772572523,0.39800995024875624,0,0,0.7646095927635562,0.0,False
MDK_PTPRZ1,neuron_glia,Midkine,PTPRZ1,Ependymal,Ependymal,0.06880932977829857,174,0.4104935449929586,0.3781094527363184,4,0,0.7646095927635562,0.0,False
PACAP_R,neuropeptide,PACAP,PACAP receptor,Endothelial,Border macrophage,0.043646448553390706,381,0.40950347069877924,0.3880597014925373,10,1,0.7646095927635562,0.1,False
CX3CL1_CX3CR1,neuron_glia,Fractalkine,CX3CR1,Pericyte,Fibroblast / VLMC,0.031687571950580765,92,0.41045783249697243,0.3681592039800995,1,0,0.7646095927635562,0.0,False
CX3CL1_CX3CR1,neuron_glia,Fractalkine,CX3CR1,Oligodendrocyte,Vascular smooth muscle,0.030359846172910748,99,0.40992423630361446,0.31840796019900497,0,0,0.7646095927635562,0.0,False
BDNF_TRKB,neurotrophin,BDNF,TrkB,Border macrophage,Ependymal,0.027900651777433658,241,0.4085398282622701,0.4626865671641791,5,0,0.7646095927635562,0.0,False
PACAP_R,neuropeptide,PACAP,PACAP receptor,Astrocyte,Vascular smooth muscle,0.026689626999545198,237,0.40773684331693016,0.36318407960199006,7,0,0.7646095927635562,0.0,False
NPY_R,neuropeptide,Neuropeptide Y,NPY receptor,Inhibitory neuron,Erythrocyte (blood),0.019815728881142355,55,0.4101410277418965,0.39303482587064675,0,0,0.7646095927635562,0.0,False
VEGFA_R,neurovascular,VEGF-A,VEGF receptor,Excitatory neuron,Vascular smooth muscle,0.01575912634531657,225,0.41013171549105665,0.3681592039800995,4,0,0.7646095927635562,0.0,False
RELN_R,guidance,Reelin,Reelin receptor,Microglia,Excitatory neuron,0.01564507590399848,225,0.40989782858925145,0.38308457711442784,5,0,0.7646095927635562,0.0,False
NTF3_TRKC,neurotrophin,NT-3,TrkC,Excitatory neuron,Endothelial,0.0012909882208880256,595,0.4085827309593137,0.35323383084577115,12,0,0.7646095927635562,0.0,False
SLIT_ROBO,guidance,Slit,Robo,Vascular smooth muscle,Erythrocyte (blood),0.0660540169804408,237,0.4109731360655159,0.3880597014925373,5,0,0.7651982903503974,0.0,False
GLU_AMPA,neurotransmitter,Glutamate,AMPA receptor,Pericyte,Ependymal,1.4866060324841075,72,0.4112604118231208,0.4079601990049751,0,0,0.7654285866827296,0.0,False
VIP_R,neuropeptide,VIP,VIP receptor,Inhibitory neuron,T / NK cell,0.04820146305220468,28,0.41230614227460816,0.39800995024875624,0,0,0.7670697573371338,0.0,False
APOE_LRP1,neuron_glia,ApoE,LRP1,Endothelial,T / NK cell,0.993687213173968,253,0.41307715695225733,0.4427860696517413,7,0,0.7675885692532216,0.0,False
NRXN_NLGN,synaptic_adhesion,Neurexin,Neuroligin,Oligodendrocyte,Border macrophage,0.48196634295937063,429,0.41292625171866437,0.4427860696517413,9,0,0.7675885692532216,0.0,False
RELN_R,guidance,Reelin,Reelin receptor,Erythrocyte (blood),Fibroblast / VLMC,0.04127365525663524,477,0.41297409544620756,0.373134328358209,8,0,0.7675885692532216,0.0,False
APOE_LRP1,neuron_glia,ApoE,LRP1,T / NK cell,Pericyte,1.13632004737854,100,0.4133582897591841,0.40298507462686567,0,0,0.7678060491398262,0.0,False
APOE_LRP1,neuron_glia,ApoE,LRP1,Oligodendrocyte,Ependymal,0.9576732114429387,221,0.4140841001425458,0.43283582089552236,3,0,0.7678139790551533,0.0,False
SST_SSTR,neuropeptide,Somatostatin,Somatostatin receptor,Excitatory neuron,Choroid plexus,0.14017610405093042,321,0.41400810218550765,0.4079601990049751,7,0,0.7678139790551533,0.0,False
SLIT_ROBO,guidance,Slit,Robo,Choroid plexus,Choroid plexus,0.09692445645729701,96,0.41381507838567083,0.38308457711442784,1,0,0.7678139790551533,0.0,False
PACAP_R,neuropeptide,PACAP,PACAP receptor,Microglia,Microglia,0.05223174322219122,42,0.4141830483298155,0.4427860696517413,0,0,0.7678139790551533,0.0,False
CRH_R,neuropeptide,CRH,CRH receptor,Fibroblast / VLMC,Fibroblast / VLMC,0.0007641979893624495,1242,0.413859643862106,0.22885572139303484,9,0,0.7678139790551533,0.0,False
SST_SSTR,neuropeptide,Somatostatin,Somatostatin receptor,Erythrocyte (blood),Microglia,0.15468286451171426,170,0.41479813897069456,0.42786069651741293,4,0,0.7686496998985664,0.0,False
SST_SSTR,neuropeptide,Somatostatin,Somatostatin receptor,Pericyte,Vascular smooth muscle,0.1319074711557162,59,0.4150135611552003,0.35323383084577115,0,0,0.7687444388935796,0.0,False
APOE_LRP1,neuron_glia,ApoE,LRP1,Endothelial,Erythrocyte (blood),0.9883665923116985,594,0.41641888532028065,0.417910447761194,12,0,0.7696476062539439,0.0,False
SLIT_ROBO,guidance,Slit,Robo,T / NK cell,Inhibitory neuron,0.03599057027271816,28,0.416275164332554,0.2537313432835821,0,0,0.7696476062539439,0.0,False
GABA_B,neurotransmitter,GABA,GABA-B receptor,Choroid plexus,Excitatory neuron,0.03097990368756921,321,0.41648256842179743,0.373134328358209,7,0,0.7696476062539439,0.0,False
VIP_R,neuropeptide,VIP,VIP receptor,T / NK cell,Fibroblast / VLMC,0.028995972008726716,221,0.41630337079019414,0.3781094527363184,4,0,0.7696476062539439,0.0,False
NRG1_ERBB4,guidance,Neuregulin-1,ErbB4,Excitatory neuron,Erythrocyte (blood),0.005569269214468592,1535,0.41648808271745796,0.4079601990049751,12,0,0.7696476062539439,0.0,False
TAC1_NK1,neuropeptide,Substance P,NK1 receptor,Erythrocyte (blood),Fibroblast / VLMC,0.0017500988342477092,477,0.4158669422142629,0.23880597014925373,8,0,0.7696476062539439,0.0,False
CORT_SSTR,neuropeptide,Cortistatin,Somatostatin receptor,Astrocyte,Excitatory neuron,0.0181882262584709,336,0.41667273124311865,0.38308457711442784,9,0,0.7696848438557252,0.0,False
GABA_B,neurotransmitter,GABA,GABA-B receptor,Astrocyte,Border macrophage,0.022960655564485594,516,0.41685192529469667,0.35323383084577115,8,0,0.7697119804474688,0.0,False
GLU_MGLUR_I,neurotransmitter,Glutamate,Group I mGluR,Oligodendrocyte,Astrocyte,0.4069531803939775,342,0.41725831474824654,0.36318407960199006,6,1,0.7698547534333775,0.16666666666666666,False
PENK_OPR,neuropeptide,Enkephalin,Delta/mu opioid receptor,Vascular smooth muscle,Vascular smooth muscle,0.0043249098109264,408,0.41717833925794556,0.30845771144278605,7,0,0.7698547534333775,0.0,False
GLU_MGLUR_II,neurotransmitter,Glutamate,Group II mGluR,Inhibitory neuron,Oligodendrocyte,0.7322576999664306,40,0.4175280081437561,0.4228855721393035,0,0,0.7700486992923276,0.0,False
NRXN_NLGN,synaptic_adhesion,Neurexin,Neuroligin,Inhibitory neuron,Oligodendrocyte,0.5237410604953766,40,0.4184175027678711,0.40298507462686567,0,0,0.7705284891471027,0.0,False
GLU_MGLUR_I,neurotransmitter,Glutamate,Group I mGluR,Excitatory neuron,Ependymal,0.5111046272472743,274,0.4180196790767505,0.43283582089552236,7,1,0.7705284891471027,0.14285714285714285,False
SLIT_ROBO,guidance,Slit,Robo,Excitatory neuron,Fibroblast / VLMC,0.07978970463385801,499,0.4184468670491105,0.4228855721393035,7,0,0.7705284891471027,0.0,False
PDGFB_PDGFRB,neurovascular,PDGF-B,PDGFRB,T / NK cell,Choroid plexus,0.009033352136611938,116,0.4183462067904915,0.3034825870646766,2,0,0.7705284891471027,0.0,False
PTN_PTPRZ1,neuron_glia,Pleiotrophin,PTPRZ1,T / NK cell,Erythrocyte (blood),0.2710019821449831,526,0.41928278511787276,0.42786069651741293,12,0,0.7717640250065013,0.0,False
GLU_MGLUR_II,neurotransmitter,Glutamate,Group II mGluR,Choroid plexus,Excitatory neuron,0.9110522270202637,321,0.419472826275822,0.38308457711442784,7,0,0.7718102061126902,0.0,False
VIP_R,neuropeptide,VIP,VIP receptor,Excitatory neuron,Microglia,0.025216879314846462,225,0.4204783390646746,0.373134328358209,5,1,0.7721421304880739,0.2,False
VIP_R,neuropeptide,VIP,VIP receptor,Pericyte,Endothelial,0.0201901705176742,108,0.42029935871175805,0.35323383084577115,0,0,0.7721421304880739,0.0,False
CSF1_CSF1R,neuron_glia,CSF-1,CSF1R,T / NK cell,Oligodendrocyte,0.012060466717936872,453,0.4203510436740583,0.30845771144278605,9,0,0.7721421304880739,0.0,False
NRG1_ERBB4,guidance,Neuregulin-1,ErbB4,Choroid plexus,T / NK cell,0.009274757113950005,116,0.42024621781834287,0.31343283582089554,2,0,0.7721421304880739,0.0,False
NPY_R,neuropeptide,Neuropeptide Y,NPY receptor,Excitatory neuron,Inhibitory neuron,0.009214202788743105,88,0.4201113976434404,0.2736318407960199,0,0,0.7721421304880739,0.0,False
GLU_MGLUR_III,neurotransmitter,Glutamate,Group III mGluR,Fibroblast / VLMC,Pericyte,0.13747222397638403,92,0.4211264498834136,0.373134328358209,1,0,0.7730288972163563,0.0,False
SST_SSTR,neuropeptide,Somatostatin,Somatostatin receptor,Astrocyte,Endothelial,0.12578845938904393,417,0.42134948018923346,0.4129353233830846,6,1,0.7731349873746758,0.16666666666666666,False
GLU_NMDA_2A,neurotransmitter,Glutamate,NMDA receptor (GluN1/2A),Pericyte,Microglia,0.4938953392433398,33,0.42264612410184915,0.42786069651741293,0,0,0.7750361226447963,0.0,False
GLU_MGLUR_III,neurotransmitter,Glutamate,Group III mGluR,Vascular smooth muscle,T / NK cell,0.14097646829929758,94,0.4227168593694208,0.40298507462686567,0,0,0.7750361226447963,0.0,False
NRXN_NLGN,synaptic_adhesion,Neurexin,Neuroligin,Oligodendrocyte,Microglia,0.4068411773848302,103,0.42292058056318116,0.4079601990049751,2,0,0.7751059132217487,0.0,False
GLU_AMPA,neurotransmitter,Glutamate,AMPA receptor,Astrocyte,Erythrocyte (blood),1.3867109114897318,537,0.42340398885286024,0.40298507462686567,11,2,0.7752495641264681,0.18181818181818182,False
NRXN_NLGN,synaptic_adhesion,Neurexin,Neuroligin,T / NK cell,Inhibitory neuron,0.7850363765444074,28,0.4243991356914248,0.417910447761194,0,0,0.7752495641264681,0.0,False
PTN_PTPRZ1,neuron_glia,Pleiotrophin,PTPRZ1,Choroid plexus,Erythrocyte (blood),0.23975117947892904,279,0.4244901438965615,0.417910447761194,7,0,0.7752495641264681,0.0,False
SST_SSTR,neuropeptide,Somatostatin,Somatostatin receptor,T / NK cell,Endothelial,0.11548924870170624,253,0.4232278485429895,0.43283582089552236,7,0,0.7752495641264681,0.0,False
SLIT_ROBO,guidance,Slit,Robo,Ependymal,Excitatory neuron,0.07781754923562934,274,0.4239897817590259,0.38308457711442784,7,0,0.7752495641264681,0.0,False
CX3CL1_CX3CR1,neuron_glia,Fractalkine,CX3CR1,Excitatory neuron,Oligodendrocyte,0.05681406747481589,601,0.42447231396058804,0.39303482587064675,12,1,0.7752495641264681,0.08333333333333333,False
MDK_PTPRZ1,neuron_glia,Midkine,PTPRZ1,Microglia,Fibroblast / VLMC,0.04396655313346697,92,0.424175696559954,0.39800995024875624,1,0,0.7752495641264681,0.0,False
CORT_SSTR,neuropeptide,Cortistatin,Somatostatin receptor,Vascular smooth muscle,Pericyte,0.031606330709942315,59,0.4238859548700632,0.30845771144278605,0,0,0.7752495641264681,0.0,False
VIP_R,neuropeptide,VIP,VIP receptor,Ependymal,Erythrocyte (blood),0.004071478527116578,241,0.42444888795727,0.27860696517412936,6,0,0.7752495641264681,0.0,False
GLU_KAINATE,neurotransmitter,Glutamate,Kainate receptor,Astrocyte,Inhibitory neuron,0.46754228032153583,46,0.4249206268129272,0.373134328358209,0,0,0.7757329741934009,0.0,False
SLIT_ROBO,guidance,Slit,Robo,Vascular smooth muscle,Choroid plexus,0.07745582940148525,61,0.4257275843015834,0.35323383084577115,0,0,0.7768350815507644,0.0,False
NRG1_ERBB4,guidance,Neuregulin-1,ErbB4,Erythrocyte (blood),Ependymal,0.006342466070444258,241,0.4258563761867303,0.2736318407960199,6,0,0.7768350815507644,0.0,False
APOE_LRP1,neuron_glia,ApoE,LRP1,Erythrocyte (blood),Ependymal,0.9612311624392434,241,0.4264584656615728,0.39800995024875624,6,1,0.7773579672957618,0.16666666666666666,False
GLU_KAINATE,neurotransmitter,Glutamate,Kainate receptor,Choroid plexus,Ependymal,0.8323986452133929,61,0.4265065800468715,0.4129353233830846,0,0,0.7773579672957618,0.0,False
PTN_PTPRZ1,neuron_glia,Pleiotrophin,PTPRZ1,Erythrocyte (blood),Endothelial,0.3034390928568663,594,0.42664143193321574,0.4129353233830846,12,0,0.7773579672957618,0.0,False
GLU_KAINATE,neurotransmitter,Glutamate,Kainate receptor,Excitatory neuron,Vascular smooth muscle,0.9562956455018785,225,0.4268705720658971,0.39800995024875624,4,0,0.7774727157245359,0.0,False
PTN_PTPRZ1,neuron_glia,Pleiotrophin,PTPRZ1,Endothelial,Ependymal,0.24382803152347432,203,0.4276400847815547,0.40298507462686567,3,0,0.7785711893746671,0.0,False
CORT_SSTR,neuropeptide,Cortistatin,Somatostatin receptor,Choroid plexus,T / NK cell,0.014537465469590548,116,0.42829520732549686,0.3333333333333333,2,1,0.7794606281898093,0.5,False
APOE_LRP1,neuron_glia,ApoE,LRP1,Vascular smooth muscle,Ependymal,1.0406250574372031,88,0.4292006437919481,0.4228855721393035,0,0,0.7795923184404212,0.0,False
GLU_KAINATE,neurotransmitter,Glutamate,Kainate receptor,Fibroblast / VLMC,Border macrophage,0.591654412594496,408,0.4285471676092951,0.42786069651741293,7,0,0.7795923184404212,0.0,False
GLU_MGLUR_III,neurotransmitter,Glutamate,Group III mGluR,Excitatory neuron,Choroid plexus,0.2340411768524075,321,0.4288720024611396,0.4626865671641791,7,1,0.7795923184404212,0.14285714285714285,False
BDNF_TRKB,neurotrophin,BDNF,TrkB,Erythrocyte (blood),Excitatory neuron,0.06740092994335808,1535,0.42888553704732246,0.43781094527363185,12,0,0.7795923184404212,0.0,False
GABA_A,neurotransmitter,GABA,GABA-A receptor,Ependymal,Oligodendrocyte,0.011458208118628592,221,0.42904040221044554,0.39303482587064675,3,0,0.7795923184404212,0.0,False
APOE_TREM2,neuron_glia,ApoE,TREM2,Border macrophage,Endothelial,0.014059391547375776,381,0.4296105240013079,0.38308457711442784,10,0,0.7800340092363677,0.0,False
GLU_KAINATE,neurotransmitter,Glutamate,Kainate receptor,Fibroblast / VLMC,Pericyte,0.5238526709701704,92,0.4305901203281661,0.4228855721393035,1,0,0.7800340642288346,0.0,False
NRXN_NLGN,synaptic_adhesion,Neurexin,Neuroligin,Endothelial,Border macrophage,0.5145009450242901,381,0.4306108116911903,0.4527363184079602,10,0,0.7800340642288346,0.0,False
BDNF_TRKB,neurotrophin,BDNF,TrkB,T / NK cell,Erythrocyte (blood),0.07163038600533635,526,0.4299449518448148,0.46766169154228854,12,0,0.7800340642288346,0.0,False
CX3CL1_CX3CR1,neuron_glia,Fractalkine,CX3CR1,Ependymal,Choroid plexus,0.01748636706930692,61,0.42982719562821436,0.2935323383084577,0,0,0.7800340642288346,0.0,False
VIP_R,neuropeptide,VIP,VIP receptor,Oligodendrocyte,Excitatory neuron,0.00727397709241921,601,0.43013190742476215,0.3681592039800995,12,0,0.7800340642288346,0.0,False
CORT_SSTR,neuropeptide,Cortistatin,Somatostatin receptor,Vascular smooth muscle,Oligodendrocyte,0.00597054007077458,99,0.4303600488529731,0.44776119402985076,0,0,0.7800340642288346,0.0,False
MDK_PTPRZ1,neuron_glia,Midkine,PTPRZ1,Inhibitory neuron,Fibroblast / VLMC,0.10981297492980957,26,0.43217837916570245,0.40298507462686567,0,0,0.7816655572993373,0.0,False
BDNF_TRKB,neurotrophin,BDNF,TrkB,Border macrophage,Oligodendrocyte,0.027424973624569554,429,0.4319449531218186,0.4427860696517413,9,0,0.7816655572993373,0.0,False
VEGFA_R,neurovascular,VEGF-A,VEGF receptor,Erythrocyte (blood),Oligodendrocyte,0.01148098649459873,1342,0.4321796958182059,0.417910447761194,10,0,0.7816655572993373,0.0,False
PDGFB_PDGFRB,neurovascular,PDGF-B,PDGFRB,T / NK cell,Border macrophage,0.007425649166107178,400,0.43168032446922033,0.39800995024875624,11,1,0.7816655572993373,0.09090909090909091,False
GLU_AMPA,neurotransmitter,Glutamate,AMPA receptor,Inhibitory neuron,T / NK cell,1.679027042218617,28,0.4324940702267906,0.4427860696517413,0,0,0.7819318989919448,0.0,False
APOE_LRP1,neuron_glia,ApoE,LRP1,Oligodendrocyte,Excitatory neuron,1.0203481935423344,601,0.43315632761701733,0.43283582089552236,12,1,0.7822457667369529,0.08333333333333333,False
CCK_R,neuropeptide,Cholecystokinin,CCK receptor,Oligodendrocyte,Pericyte,0.3164504140826827,141,0.4334394661876099,0.36318407960199006,1,0,0.7822457667369529,0.0,False
SST_SSTR,neuropeptide,Somatostatin,Somatostatin receptor,Border macrophage,Oligodendrocyte,0.10957994911220524,429,0.4331475942148169,0.44776119402985076,9,0,0.7822457667369529,0.0,False
BDNF_TRKB,neurotrophin,BDNF,TrkB,T / NK cell,T / NK cell,0.07753200887085555,462,0.4333929949597952,0.4427860696517413,10,1,0.7822457667369529,0.1,False
PDGFB_PDGFRB,neurovascular,PDGF-B,PDGFRB,Choroid plexus,Oligodendrocyte,0.006920885003131369,230,0.43350358477215617,0.36318407960199006,6,0,0.7822457667369529,0.0,False
CCK_R,neuropeptide,Cholecystokinin,CCK receptor,Inhibitory neuron,T / NK cell,0.34171330077307566,28,0.43378228817314995,0.3880597014925373,0,0,0.7822855401263079,0.0,False
NTS_R,neuropeptide,Neurotensin,Neurotensin receptor,Oligodendrocyte,Oligodendrocyte,0.00012714730368720161,19620,0.433860007828119,0.40298507462686567,12,0,0.7822855401263079,0.0,False
GLU_AMPA,neurotransmitter,Glutamate,AMPA receptor,Astrocyte,T / NK cell,1.4207574699459404,232,0.43454470652815613,0.4626865671641791,4,0,0.7826153509796931,0.0,False
APOE_LRP1,neuron_glia,ApoE,LRP1,Vascular smooth muscle,Endothelial,1.0154469158813244,131,0.43429114777082134,0.4527363184079602,1,0,0.7826153509796931,0.0,False
BDNF_TRKB,neurotrophin,BDNF,TrkB,Pericyte,Excitatory neuron,0.05867477538538914,255,0.43442530251514067,0.44776119402985076,7,0,0.7826153509796931,0.0,False
VIP_R,neuropeptide,VIP,VIP receptor,T / NK cell,Vascular smooth muscle,0.021161608239437673,94,0.4352306063364183,0.39303482587064675,0,0,0.7829611122767146,0.0,False
CORT_SSTR,neuropeptide,Cortistatin,Somatostatin receptor,Oligodendrocyte,T / NK cell,0.01987850626572868,453,0.4354060299517015,0.3681592039800995,9,1,0.7829611122767146,0.1111111111111111,False
PACAP_R,neuropeptide,PACAP,PACAP receptor,Astrocyte,Oligodendrocyte,0.01956693470826623,342,0.43535858035661124,0.4228855721393035,6,0,0.7829611122767146,0.0,False
PENK_OPR,neuropeptide,Enkephalin,Delta/mu opioid receptor,Excitatory neuron,Erythrocyte (blood),0.0017190411347131388,1535,0.4349940451591868,0.3333333333333333,12,1,0.7829611122767146,0.08333333333333333,False
GLU_NMDA_2B,neurotransmitter,Glutamate,NMDA receptor (GluN1/2B),Pericyte,T / NK cell,0.34296735763549807,100,0.43622315682671253,0.4228855721393035,0,0,0.7831471216124626,0.0,False
GLU_MGLUR_I,neurotransmitter,Glutamate,Group I mGluR,Fibroblast / VLMC,Microglia,0.3096718827019567,92,0.43634634452739685,0.42786069651741293,1,0,0.7831471216124626,0.0,False
CSF1_CSF1R,neuron_glia,CSF-1,CSF1R,Fibroblast / VLMC,Border macrophage,0.005746553925906911,408,0.43587988766808167,0.40298507462686567,7,0,0.7831471216124626,0.0,False
PDGFB_PDGFRB,neurovascular,PDGF-B,PDGFRB,Oligodendrocyte,Astrocyte,0.0051238791287293904,342,0.4361915391606989,0.3482587064676617,6,0,0.7831471216124626,0.0,False
CRH_R,neuropeptide,CRH,CRH receptor,Endothelial,Excitatory neuron,0.0007684079037994898,595,0.43630388130613423,0.21393034825870647,12,0,0.7831471216124626,0.0,False
GLU_MGLUR_III,neurotransmitter,Glutamate,Group III mGluR,Astrocyte,T / NK cell,0.12575308310574498,232,0.4367558210124048,0.417910447761194,4,0,0.7835814748915038,0.0,False
GLU_NMDA_2B,neurotransmitter,Glutamate,NMDA receptor (GluN1/2B),Choroid plexus,Oligodendrocyte,0.36791220022284465,230,0.43733970877953915,0.38308457711442784,6,0,0.7843282856954633,0.0,False
MDK_PTPRZ1,neuron_glia,Midkine,PTPRZ1,Microglia,Oligodendrocyte,0.03342816899123701,103,0.4384588703831743,0.38308457711442784,2,0,0.7857330733523066,0.0,False
CSF1_CSF1R,neuron_glia,CSF-1,CSF1R,Pericyte,Excitatory neuron,0.00649572680978214,255,0.43840393473722916,0.42786069651741293,7,0,0.7857330733523066,0.0,False
SLIT_ROBO,guidance,Slit,Robo,Astrocyte,Endothelial,0.05515101201814428,417,0.439016813598991,0.39800995024875624,6,1,0.7864317269638893,0.16666666666666666,False
NRXN_NLGN,synaptic_adhesion,Neurexin,Neuroligin,Choroid plexus,Endothelial,0.5642266614096505,84,0.43950465053915316,0.43283582089552236,0,0,0.7870043091743963,0.0,False
GLU_MGLUR_II,neurotransmitter,Glutamate,Group II mGluR,T / NK cell,Erythrocyte (blood),0.9181265828727316,526,0.44070972959455157,0.42786069651741293,12,0,0.7871034600831004,0.0,False
NRXN_NLGN,synaptic_adhesion,Neurexin,Neuroligin,Border macrophage,Vascular smooth muscle,0.6006606282984338,164,0.4406291114236308,0.44776119402985076,1,0,0.7871034600831004,0.0,False
NRXN_NLGN,synaptic_adhesion,Neurexin,Neuroligin,Vascular smooth muscle,Excitatory neuron,0.5314956678284539,225,0.4405133222237622,0.4577114427860697,4,0,0.7871034600831004,0.0,False
GLU_NMDA_2B,neurotransmitter,Glutamate,NMDA receptor (GluN1/2B),Choroid plexus,Pericyte,0.37370222952307725,41,0.44050133689644144,0.40298507462686567,0,0,0.7871034600831004,0.0,False
PTN_PTPRZ1,neuron_glia,Pleiotrophin,PTPRZ1,Astrocyte,Choroid plexus,0.35058629944136266,152,0.44067478781817854,0.44776119402985076,2,0,0.7871034600831004,0.0,False
GLU_NMDA_2B,neurotransmitter,Glutamate,NMDA receptor (GluN1/2B),Microglia,Pericyte,0.2934451103210449,33,0.44061793109036795,0.39303482587064675,0,0,0.7871034600831004,0.0,False
MDK_PTPRZ1,neuron_glia,Midkine,PTPRZ1,Ependymal,Fibroblast / VLMC,0.022628432390641193,245,0.4407375647398425,0.4079601990049751,6,0,0.7871034600831004,0.0,False
SST_SSTR,neuropeptide,Somatostatin,Somatostatin receptor,Ependymal,Border macrophage,0.08062691658858936,241,0.44110705758285856,0.417910447761194,5,0,0.7871624418116686,0.0,False
CX3CL1_CX3CR1,neuron_glia,Fractalkine,CX3CR1,Endothelial,Oligodendrocyte,0.033995010094209153,220,0.4410361472862288,0.4079601990049751,4,0,0.7871624418116686,0.0,False
PACAP_R,neuropeptide,PACAP,PACAP receptor,Excitatory neuron,Erythrocyte (blood),0.05548864135136433,1535,0.44145423916338977,0.4427860696517413,12,0,0.7874816565175374,0.0,False
PTN_PTPRZ1,neuron_glia,Pleiotrophin,PTPRZ1,Vascular smooth muscle,Microglia,0.2650358540671212,35,0.44211426991422753,0.4228855721393035,0,0,0.788358486634402,0.0,False
MDK_PTPRZ1,neuron_glia,Midkine,PTPRZ1,Fibroblast / VLMC,Vascular smooth muscle,0.06342233001411736,154,0.4424068376343889,0.4129353233830846,2,0,0.7885796545871641,0.0,False
SST_SSTR,neuropeptide,Somatostatin,Somatostatin receptor,Border macrophage,Choroid plexus,0.09035028010299526,194,0.44345653669125895,0.42786069651741293,3,1,0.7898489285033882,0.3333333333333333,False
VEGFA_R,neurovascular,VEGF-A,VEGF receptor,Inhibitory neuron,Astrocyte,0.04594224432240362,46,0.44341675523570284,0.4129353233830846,0,0,0.7898489285033882,0.0,False
CCK_R,neuropeptide,Cholecystokinin,CCK receptor,Vascular smooth muscle,Border macrophage,0.33974112097809955,164,0.4440266800929401,0.39800995024875624,1,0,0.7902627752586028,0.0,False
SLIT_ROBO,guidance,Slit,Robo,Inhibitory neuron,Border macrophage,0.08051140015979982,53,0.44400993363687774,0.40298507462686567,0,0,0.7902627752586028,0.0,False
PENK_OPR,neuropeptide,Enkephalin,Delta/mu opioid receptor,Excitatory neuron,Astrocyte,0.002308588120199385,336,0.44431825906208205,0.27860696517412936,9,0,0.790481039601324,0.0,False
VIP_R,neuropeptide,VIP,VIP receptor,Endothelial,Excitatory neuron,0.026489840635732443,595,0.444766299978255,0.4577114427860697,12,0,0.7909773917135139,0.0,False
PTN_PTPRZ1,neuron_glia,Pleiotrophin,PTPRZ1,Border macrophage,Oligodendrocyte,0.263755543804391,429,0.4457727843604559,0.4427860696517413,9,1,0.7918644107906504,0.1111111111111111,False
CX3CL1_CX3CR1,neuron_glia,Fractalkine,CX3CR1,Ependymal,Astrocyte,0.01800362863940393,334,0.4456452911356776,0.39800995024875624,5,0,0.7918644107906504,0.0,False
NPY_R,neuropeptide,Neuropeptide Y,NPY receptor,Excitatory neuron,Vascular smooth muscle,0.014896145396762425,225,0.4457518143961418,0.4079601990049751,4,0,0.7918644107906504,0.0,False
GLU_MGLUR_III,neurotransmitter,Glutamate,Group III mGluR,Fibroblast / VLMC,Microglia,0.13135339773219565,92,0.4463026963900384,0.3681592039800995,1,0,0.7919492330790913,0.0,False
RELN_R,guidance,Reelin,Reelin receptor,Astrocyte,Excitatory neuron,0.043925107235000246,336,0.44647883345928213,0.3781094527363184,9,0,0.7919492330790913,0.0,False
RELN_R,guidance,Reelin,Reelin receptor,Endothelial,Astrocyte,0.035156365778806396,417,0.44601999776304585,0.42786069651741293,6,0,0.7919492330790913,0.0,False
IL34_CSF1R,neuron_glia,IL-34,CSF1R,Erythrocyte (blood),Oligodendrocyte,0.012327115910596891,1342,0.44649755863702556,0.4577114427860697,10,2,0.7919492330790913,0.2,False
NRG1_ERBB4,guidance,Neuregulin-1,ErbB4,Border macrophage,Border macrophage,0.001298504843607218,638,0.4469738156402099,0.3482587064676617,12,0,0.7924935518683373,0.0,False
GLU_MGLUR_III,neurotransmitter,Glutamate,Group III mGluR,Inhibitory neuron,Choroid plexus,0.14896638989448546,20,0.4475438830610369,0.3681592039800995,0,0,0.7931269868693077,0.0,False
SST_SSTR,neuropeptide,Somatostatin,Somatostatin receptor,Microglia,Endothelial,0.1260736889955474,82,0.44767009453341344,0.43283582089552236,0,0,0.7931269868693077,0.0,False
GLU_NMDA_2A,neurotransmitter,Glutamate,NMDA receptor (GluN1/2A),Border macrophage,Inhibitory neuron,0.5790358264491243,53,0.44796266785508,0.4427860696517413,0,0,0.7933449367501587,0.0,False
RELN_R,guidance,Reelin,Reelin receptor,Erythrocyte (blood),T / NK cell,0.015608915471305412,526,0.44893029191225453,0.43781094527363185,12,1,0.7947577888223378,0.08333333333333333,False
GLU_AMPA,neurotransmitter,Glutamate,AMPA receptor,T / NK cell,Vascular smooth muscle,2.037086564175626,94,0.4503013364561509,0.4626865671641791,0,0,0.794954423528748,0.0,False
APOE_LRP1,neuron_glia,ApoE,LRP1,Astrocyte,Endothelial,1.142610397556131,417,0.4504298946104882,0.47761194029850745,6,0,0.794954423528748,0.0,False
GLU_MGLUR_II,neurotransmitter,Glutamate,Group II mGluR,Choroid plexus,Border macrophage,0.8487165895933958,194,0.45094818844284623,0.48258706467661694,3,0,0.794954423528748,0.0,False
PTN_PTPRZ1,neuron_glia,Pleiotrophin,PTPRZ1,Fibroblast / VLMC,Border macrophage,0.25588282080842,408,0.4496701327487495,0.4626865671641791,7,0,0.794954423528748,0.0,False
GLU_MGLUR_I,neurotransmitter,Glutamate,Group I mGluR,Vascular smooth muscle,Astrocyte,0.24916102916379518,237,0.45089520477460804,0.4527363184079602,7,1,0.794954423528748,0.14285714285714285,False
GLU_MGLUR_III,neurotransmitter,Glutamate,Group III mGluR,Inhibitory neuron,Oligodendrocyte,0.13743619322776796,40,0.4510801441480714,0.3781094527363184,0,0,0.794954423528748,0.0,False
SLIT_ROBO,guidance,Slit,Robo,Erythrocyte (blood),Excitatory neuron,0.09662971030617382,1535,0.45023626739531414,0.39800995024875624,12,0,0.794954423528748,0.0,False
MDK_PTPRZ1,neuron_glia,Midkine,PTPRZ1,Border macrophage,Choroid plexus,0.04571375281540389,194,0.450781254258732,0.4577114427860697,3,0,0.794954423528748,0.0,False
CORT_SSTR,neuropeptide,Cortistatin,Somatostatin receptor,Pericyte,Astrocyte,0.01678368399540583,120,0.45030851384159004,0.39303482587064675,1,0,0.794954423528748,0.0,False
NPY_R,neuropeptide,Neuropeptide Y,NPY receptor,Endothelial,Pericyte,0.010979835633878355,108,0.45031187201375705,0.3283582089552239,0,0,0.794954423528748,0.0,False
NRG1_ERBB4,guidance,Neuregulin-1,ErbB4,Oligodendrocyte,Excitatory neuron,0.0051485743379830915,601,0.4503457632429704,0.4129353233830846,12,0,0.794954423528748,0.0,False
CRH_R,neuropeptide,CRH,CRH receptor,Fibroblast / VLMC,Border macrophage,0.000865891721903109,408,0.44945325130704294,0.14925373134328357,7,0,0.794954423528748,0.0,False
SLIT_ROBO,guidance,Slit,Robo,Inhibitory neuron,Astrocyte,0.0430295959762905,46,0.45128160407639756,0.39800995024875624,0,0,0.7950100246511537,0.0,False
GLU_KAINATE,neurotransmitter,Glutamate,Kainate receptor,T / NK cell,Oligodendrocyte,0.7194284442771086,453,0.4523478396347255,0.4527363184079602,9,0,0.7950922395382722,0.0,False
NRXN_NLGN,synaptic_adhesion,Neurexin,Neuroligin,Ependymal,Pericyte,0.47427235543727875,72,0.4520213474753989,0.4427860696517413,0,0,0.7950922395382722,0.0,False
GLU_MGLUR_III,neurotransmitter,Glutamate,Group III mGluR,Ependymal,T / NK cell,0.1348684920984156,119,0.45176905738443707,0.4079601990049751,1,0,0.7950922395382722,0.0,False
SST_SSTR,neuropeptide,Somatostatin,Somatostatin receptor,Endothelial,Fibroblast / VLMC,0.09639729833389077,223,0.4520551765775217,0.4577114427860697,5,0,0.7950922395382722,0.0,False
CX3CL1_CX3CR1,neuron_glia,Fractalkine,CX3CR1,Vascular smooth muscle,Endothelial,0.045224438186820225,131,0.45233809443511097,0.3880597014925373,1,0,0.7950922395382722,0.0,False
BDNF_TRKB,neurotrophin,BDNF,TrkB,Ependymal,T / NK cell,0.007243530089113892,119,0.4517242430936381,0.5323383084577115,1,0,0.7950922395382722,0.0,False
CSF1_CSF1R,neuron_glia,CSF-1,CSF1R,Border macrophage,Fibroblast / VLMC,0.004782188172433891,408,0.45267213288090385,0.43781094527363185,7,0,0.7953634659217984,0.0,False
CCK_R,neuropeptide,Cholecystokinin,CCK receptor,Inhibitory neuron,Choroid plexus,0.4312519669532776,20,0.453171901502127,0.40298507462686567,0,0,0.7956629963917546,0.0,False
PDGFB_PDGFRB,neurovascular,PDGF-B,PDGFRB,Erythrocyte (blood),Oligodendrocyte,0.005693183126463798,1342,0.4531827068570263,0.43283582089552236,10,1,0.7956629963917546,0.1,False
GLU_AMPA,neurotransmitter,Glutamate,AMPA receptor,T / NK cell,Fibroblast / VLMC,1.8216145216609558,221,0.45354978130214463,0.4527363184079602,4,0,0.7957103212271222,0.0,False
VEGFA_R,neurovascular,VEGF-A,VEGF receptor,Ependymal,Oligodendrocyte,0.005761555956499609,221,0.45353500788330386,0.31840796019900497,3,0,0.7957103212271222,0.0,False
GLU_MGLUR_I,neurotransmitter,Glutamate,Group I mGluR,Microglia,Pericyte,0.3795702710296168,33,0.4540252524901259,0.43283582089552236,0,0,0.7962459356826458,0.0,False
GLU_KAINATE,neurotransmitter,Glutamate,Kainate receptor,Microglia,Erythrocyte (blood),0.6303694339359508,170,0.4543567315304947,0.417910447761194,4,0,0.7965287174339396,0.0,False
PTN_PTPRZ1,neuron_glia,Pleiotrophin,PTPRZ1,Ependymal,Endothelial,0.21221689461487267,203,0.45454918641494374,0.417910447761194,3,0,0.7965676566425176,0.0,False
CX3CL1_CX3CR1,neuron_glia,Fractalkine,CX3CR1,Erythrocyte (blood),Ependymal,0.038873994498826656,241,0.45472769032807236,0.417910447761194,6,1,0.7965821276844068,0.16666666666666666,False
NRXN_NLGN,synaptic_adhesion,Neurexin,Neuroligin,Oligodendrocyte,OPC,0.4531485140323639,48,0.45517348824694076,0.44776119402985076,0,0,0.7967664614692989,0.0,False
VEGFA_R,neurovascular,VEGF-A,VEGF receptor,Fibroblast / VLMC,Excitatory neuron,0.012457667109005914,499,0.4550960070906469,0.38308457711442784,7,0,0.7967664614692989,0.0,False
GLU_MGLUR_III,neurotransmitter,Glutamate,Group III mGluR,Choroid plexus,Choroid plexus,0.15887226164340973,96,0.4561524488349279,0.4228855721393035,1,0,0.7981814914355376,0.0,False
GLU_MGLUR_II,neurotransmitter,Glutamate,Group II mGluR,Pericyte,Erythrocyte (blood),0.7638500926229689,225,0.45721084709043347,0.43781094527363185,5,1,0.7990364898176098,0.2,False
BDNF_TRKB,neurotrophin,BDNF,TrkB,T / NK cell,Ependymal,0.028716320751094017,119,0.45683960214241964,0.4925373134328358,1,0,0.7990364898176098,0.0,False
NPY_R,neuropeptide,Neuropeptide Y,NPY receptor,Endothelial,Fibroblast / VLMC,0.014332860841879395,223,0.45749492545872544,0.3681592039800995,5,0,0.7990364898176098,0.0,False
CORT_SSTR,neuropeptide,Cortistatin,Somatostatin receptor,Pericyte,Fibroblast / VLMC,0.012603299773257711,92,0.4571930649672888,0.3034825870646766,1,0,0.7990364898176098,0.0,False
VIP_R,neuropeptide,VIP,VIP receptor,Oligodendrocyte,Choroid plexus,0.010919929587322732,230,0.45734456979495675,0.3880597014925373,6,0,0.7990364898176098,0.0,False
GLU_AMPA,neurotransmitter,Glutamate,AMPA receptor,Inhibitory neuron,Fibroblast / VLMC,1.5038998814729543,26,0.45837798189698775,0.47761194029850745,0,0,0.7995477371433756,0.0,False
GLU_KAINATE,neurotransmitter,Glutamate,Kainate receptor,T / NK cell,Inhibitory neuron,0.6471703137670245,28,0.45878654086302,0.42786069651741293,0,0,0.7995477371433756,0.0,False
GLU_NMDA_2B,neurotransmitter,Glutamate,NMDA receptor (GluN1/2B),Oligodendrocyte,OPC,0.2785338858763377,48,0.4582567561808826,0.4079601990049751,0,0,0.7995477371433756,0.0,False
CCK_R,neuropeptide,Cholecystokinin,CCK receptor,Endothelial,Oligodendrocyte,0.27220109376040375,220,0.45881292460567713,0.417910447761194,4,0,0.7995477371433756,0.0,False
GLU_MGLUR_III,neurotransmitter,Glutamate,Group III mGluR,Endothelial,Choroid plexus,0.1577755141825903,84,0.4580868853647625,0.373134328358209,0,0,0.7995477371433756,0.0,False
GLU_MGLUR_III,neurotransmitter,Glutamate,Group III mGluR,Astrocyte,Ependymal,0.09337484765195561,334,0.45869517027610196,0.4626865671641791,5,0,0.7995477371433756,0.0,False
NRXN_NLGN,synaptic_adhesion,Neurexin,Neuroligin,Inhibitory neuron,Endothelial,0.5846621536073231,42,0.4593193140883659,0.43781094527363185,0,0,0.8001283493361031,0.0,False
GABA_A,neurotransmitter,GABA,GABA-A receptor,Ependymal,Astrocyte,0.0026781184230735915,334,0.4594881117046611,0.472636815920398,5,0,0.8001283493361031,0.0,False
TAC1_NK1,neuropeptide,Substance P,NK1 receptor,Excitatory neuron,Oligodendrocyte,0.0013581598657934916,601,0.4599562448846979,0.2935323383084577,12,1,0.8006455616873145,0.08333333333333333,False
GLU_MGLUR_II,neurotransmitter,Glutamate,Group II mGluR,Oligodendrocyte,Inhibitory neuron,0.8081129789352417,40,0.46016061911729456,0.43283582089552236,0,0,0.8007034350501381,0.0,False
SST_SSTR,neuropeptide,Somatostatin,Somatostatin receptor,Microglia,Border macrophage,0.08965705111135844,153,0.46119406145546243,0.43283582089552236,3,1,0.8022033507621221,0.3333333333333333,False
GLU_KAINATE,neurotransmitter,Glutamate,Kainate receptor,Endothelial,Border macrophage,0.5824001030971998,381,0.4616547950279321,0.48258706467661694,10,0,0.8025512033000899,0.0,False
MDK_PTPRZ1,neuron_glia,Midkine,PTPRZ1,Inhibitory neuron,Excitatory neuron,0.07474559003656561,88,0.46173708896854926,0.4079601990049751,0,0,0.8025512033000899,0.0,False
CX3CL1_CX3CR1,neuron_glia,Fractalkine,CX3CR1,T / NK cell,Excitatory neuron,0.046298602759014075,651,0.4621138203702723,0.4527363184079602,12,2,0.8029077480551446,0.16666666666666666,False
GABA_A,neurotransmitter,GABA,GABA-A receptor,Pericyte,Astrocyte,0.037013233701388044,120,0.46242744875438974,0.4079601990049751,1,0,0.8031544293696323,0.0,False
SST_SSTR,neuropeptide,Somatostatin,Somatostatin receptor,T / NK cell,Erythrocyte (blood),0.11413268812935615,526,0.4638748491492992,0.4527363184079602,12,0,0.804616355495755,0.0,False
RELN_R,guidance,Reelin,Reelin receptor,Astrocyte,T / NK cell,0.05366752168227886,232,0.4636243499365386,0.417910447761194,4,0,0.804616355495755,0.0,False
VIP_R,neuropeptide,VIP,VIP receptor,Erythrocyte (blood),Border macrophage,0.019786809026351514,848,0.4639570265286487,0.4527363184079602,12,0,0.804616355495755,0.0,False
VEGFA_R,neurovascular,VEGF-A,VEGF receptor,Excitatory neuron,T / NK cell,0.011654698079632174,651,0.4638353330015755,0.4079601990049751,12,1,0.804616355495755,0.08333333333333333,False
GLU_MGLUR_III,neurotransmitter,Glutamate,Group III mGluR,Vascular smooth muscle,Endothelial,0.13134958907848096,131,0.4649128044511494,0.38308457711442784,1,0,0.805245669473246,0.0,False
CX3CL1_CX3CR1,neuron_glia,Fractalkine,CX3CR1,Astrocyte,Inhibitory neuron,0.07417215471682341,46,0.46473162928071543,0.40298507462686567,0,0,0.805245669473246,0.0,False
CX3CL1_CX3CR1,neuron_glia,Fractalkine,CX3CR1,Fibroblast / VLMC,Oligodendrocyte,0.02836430947866466,722,0.46500829213864303,0.43781094527363185,10,1,0.805245669473246,0.1,False
CRH_R,neuropeptide,CRH,CRH receptor,Choroid plexus,Erythrocyte (blood),0.0012628068633404256,279,0.46450814396150775,0.208955223880597,7,0,0.805245669473246,0.0,False
SST_SSTR,neuropeptide,Somatostatin,Somatostatin receptor,Inhibitory neuron,Oligodendrocyte,0.22115305066108704,40,0.4656553784652153,0.4626865671641791,0,0,0.8060678933920616,0.0,False
PACAP_R,neuropeptide,PACAP,PACAP receptor,Erythrocyte (blood),Erythrocyte (blood),0.03870695618749271,6296,0.4660022709750886,0.4925373134328358,12,2,0.8063700539543045,0.16666666666666666,False
GLU_MGLUR_III,neurotransmitter,Glutamate,Group III mGluR,Pericyte,Fibroblast / VLMC,0.1142637716687244,92,0.4661947600966985,0.4228855721393035,1,0,0.8064049103484113,0.0,False
NPY_R,neuropeptide,Neuropeptide Y,NPY receptor,Choroid plexus,Erythrocyte (blood),0.022301559700333515,279,0.46642635209685596,0.42786069651741293,7,1,0.8064345282109989,0.14285714285714285,False
NPY_R,neuropeptide,Neuropeptide Y,NPY receptor,Fibroblast / VLMC,Excitatory neuron,0.021438770399303857,499,0.46655658642170855,0.43283582089552236,7,0,0.8064345282109989,0.0,False
CORT_SSTR,neuropeptide,Cortistatin,Somatostatin receptor,Astrocyte,Fibroblast / VLMC,0.008502000289437659,382,0.46676325103310456,0.39303482587064675,7,0,0.8064938152082335,0.0,False
GLU_MGLUR_II,neurotransmitter,Glutamate,Group II mGluR,Excitatory neuron,Border macrophage,1.1117175644935022,1057,0.46699037062655463,0.4577114427860697,12,0,0.8065034530117668,0.0,False
CCK_R,neuropeptide,Cholecystokinin,CCK receptor,Inhibitory neuron,Excitatory neuron,0.3347469757903706,88,0.46711356222737516,0.39800995024875624,0,0,0.8065034530117668,0.0,False
GLU_MGLUR_I,neurotransmitter,Glutamate,Group I mGluR,Choroid plexus,Border macrophage,0.38856305596754726,194,0.4676998978155946,0.39800995024875624,3,0,0.8065303628501324,0.0,False
CCK_R,neuropeptide,Cholecystokinin,CCK receptor,Excitatory neuron,Border macrophage,0.356645614670038,1057,0.4678186374813548,0.42786069651741293,12,1,0.8065303628501324,0.08333333333333333,False
PTN_PTPRZ1,neuron_glia,Pleiotrophin,PTPRZ1,T / NK cell,Vascular smooth muscle,0.26972454279027086,94,0.4678102666271798,0.472636815920398,0,0,0.8065303628501324,0.0,False
CSF1_CSF1R,neuron_glia,CSF-1,CSF1R,Endothelial,Fibroblast / VLMC,0.005929347645541478,223,0.4674799043690586,0.30845771144278605,5,0,0.8065303628501324,0.0,False
GLU_NMDA_2B,neurotransmitter,Glutamate,NMDA receptor (GluN1/2B),Erythrocyte (blood),Vascular smooth muscle,0.29902427860453157,237,0.4682339159449298,0.44776119402985076,5,0,0.806651875075967,0.0,False
PENK_OPR,neuropeptide,Enkephalin,Delta/mu opioid receptor,Fibroblast / VLMC,Erythrocyte (blood),0.0018333082928847467,477,0.46807310005696595,0.3283582089552239,8,0,0.806651875075967,0.0,False
CCK_R,neuropeptide,Cholecystokinin,CCK receptor,T / NK cell,T / NK cell,0.325682706647105,462,0.4688852562040184,0.46766169154228854,10,0,0.8071795856433415,0.0,False
CX3CL1_CX3CR1,neuron_glia,Fractalkine,CX3CR1,Erythrocyte (blood),Vascular smooth muscle,0.040547606311266936,237,0.46875457802122955,0.43283582089552236,5,0,0.8071795856433415,0.0,False
ANGPT1_TEK,neurovascular,Angiopoietin-1,TIE2,Oligodendrocyte,Oligodendrocyte,0.0005481671090033684,19620,0.47000100984445664,0.43283582089552236,12,0,0.8088027675844841,0.0,False
CCK_R,neuropeptide,Cholecystokinin,CCK receptor,Choroid plexus,Fibroblast / VLMC,0.3179959361103998,138,0.4708235586572454,0.472636815920398,2,0,0.8097754541932287,0.0,False
BDNF_TRKB,neurotrophin,BDNF,TrkB,Excitatory neuron,Oligodendrocyte,0.051875433390231776,601,0.47091237675994346,0.48258706467661694,12,1,0.8097754541932287,0.08333333333333333,False
GABA_B,neurotransmitter,GABA,GABA-B receptor,Endothelial,Fibroblast / VLMC,0.03834578060783078,223,0.47118960995590375,0.4626865671641791,5,0,0.8099545132195716,0.0,False
VIP_R,neuropeptide,VIP,VIP receptor,Excitatory neuron,Pericyte,0.023524203253727335,255,0.4715984371679876,0.43781094527363185,7,0,0.8103595620672105,0.0,False
GLU_MGLUR_II,neurotransmitter,Glutamate,Group II mGluR,Fibroblast / VLMC,Oligodendrocyte,0.6220962527386039,722,0.47186282136794044,0.472636815920398,10,2,0.8104471633175423,0.2,False
NPY_R,neuropeptide,Neuropeptide Y,NPY receptor,Oligodendrocyte,Microglia,0.02734389814358313,103,0.47226549951537156,0.32338308457711445,2,0,0.8104471633175423,0.0,False
GABA_B,neurotransmitter,GABA,GABA-B receptor,T / NK cell,Oligodendrocyte,0.02402893965344292,453,0.4723422556885954,0.4626865671641791,9,0,0.8104471633175423,0.0,False
MDK_PTPRZ1,neuron_glia,Midkine,PTPRZ1,Oligodendrocyte,Astrocyte,0.022318607882449503,342,0.47221507832588827,0.4626865671641791,6,1,0.8104471633175423,0.16666666666666666,False
GLU_MGLUR_I,neurotransmitter,Glutamate,Group I mGluR,Fibroblast / VLMC,Inhibitory neuron,0.30381478713108945,26,0.47322093922076425,0.42786069651741293,0,0,0.810468804763527,0.0,False
GLU_NMDA_2B,neurotransmitter,Glutamate,NMDA receptor (GluN1/2B),Choroid plexus,Microglia,0.23522894581158957,24,0.4729197211768129,0.42786069651741293,0,0,0.810468804763527,0.0,False
MDK_PTPRZ1,neuron_glia,Midkine,PTPRZ1,Choroid plexus,Vascular smooth muscle,0.1187611349293443,61,0.4730984378673119,0.42786069651741293,0,0,0.810468804763527,0.0,False
SLIT_ROBO,guidance,Slit,Robo,Choroid plexus,Inhibitory neuron,0.10549223721027375,20,0.4728274416460393,0.39800995024875624,0,0,0.810468804763527,0.0,False
RELN_R,guidance,Reelin,Reelin receptor,Ependymal,Ependymal,0.024595562068895363,174,0.47253024252478243,0.38308457711442784,4,0,0.810468804763527,0.0,False
GLU_MGLUR_I,neurotransmitter,Glutamate,Group I mGluR,Excitatory neuron,Microglia,0.4563331052992079,225,0.4737855494728494,0.44776119402985076,5,1,0.8111388898585665,0.2,False
BDNF_TRKB,neurotrophin,BDNF,TrkB,Pericyte,Oligodendrocyte,0.04972326248250109,141,0.4743958565903125,0.4925373134328358,1,0,0.8118866909239475,0.0,False
GLU_KAINATE,neurotransmitter,Glutamate,Kainate receptor,Inhibitory neuron,Ependymal,0.3674940364114169,29,0.4752249858629115,0.5124378109452736,0,0,0.811992359123551,0.0,False
GLU_MGLUR_I,neurotransmitter,Glutamate,Group I mGluR,Pericyte,Ependymal,0.2821493653787507,72,0.4753371714556238,0.4079601990049751,0,0,0.811992359123551,0.0,False
SST_SSTR,neuropeptide,Somatostatin,Somatostatin receptor,T / NK cell,Border macrophage,0.10539258912205696,400,0.47465363276778644,0.4527363184079602,11,0,0.811992359123551,0.0,False
BDNF_TRKB,neurotrophin,BDNF,TrkB,Erythrocyte (blood),Endothelial,0.05055201475066368,594,0.4750511074068096,0.46766169154228854,12,0,0.811992359123551,0.0,False
GABA_B,neurotransmitter,GABA,GABA-B receptor,Fibroblast / VLMC,Astrocyte,0.02066908051206179,382,0.4755623747197187,0.4427860696517413,7,0,0.811992359123551,0.0,False
GABA_B,neurotransmitter,GABA,GABA-B receptor,Fibroblast / VLMC,Ependymal,0.011275943201415393,245,0.4756723779349548,0.4427860696517413,6,0,0.811992359123551,0.0,False
PENK_OPR,neuropeptide,Enkephalin,Delta/mu opioid receptor,Ependymal,Excitatory neuron,0.002088436245048133,274,0.47548898480000823,0.22388059701492538,7,0,0.811992359123551,0.0,False
GABA_A,neurotransmitter,GABA,GABA-A receptor,Endothelial,Pericyte,0.016183250480228,108,0.4760366497014853,0.4975124378109453,0,0,0.8123178278458241,0.0,False
APOE_LRP1,neuron_glia,ApoE,LRP1,Choroid plexus,Fibroblast / VLMC,1.0420371950536533,138,0.47630408693836424,0.44776119402985076,2,0,0.8124778792506767,0.0,False
CORT_SSTR,neuropeptide,Cortistatin,Somatostatin receptor,Vascular smooth muscle,Fibroblast / VLMC,0.021683010188016025,154,0.4766039866374356,0.4427860696517413,2,0,0.8126931681765893,0.0,False
SST_SSTR,neuropeptide,Somatostatin,Somatostatin receptor,Microglia,T / NK cell,0.10933497175574303,80,0.47905153111914317,0.46766169154228854,0,0,0.8162717094342574,0.0,False
RELN_R,guidance,Reelin,Reelin receptor,Pericyte,Fibroblast / VLMC,0.02488390194333118,92,0.4789359395953744,0.4129353233830846,1,0,0.8162717094342574,0.0,False
APOE_LRP1,neuron_glia,ApoE,LRP1,Excitatory neuron,T / NK cell,0.9356947994451918,651,0.48219345014537757,0.48258706467661694,12,0,0.8171162387468536,0.0,False
GLU_MGLUR_II,neurotransmitter,Glutamate,Group II mGluR,Endothelial,Pericyte,0.6931367483403947,108,0.48404019777106466,0.43781094527363185,0,0,0.8171162387468536,0.0,False
GLU_KAINATE,neurotransmitter,Glutamate,Kainate receptor,Erythrocyte (blood),Ependymal,0.6554707095830767,241,0.4833882211502527,0.47761194029850745,6,0,0.8171162387468536,0.0,False
GABA_B,neurotransmitter,GABA,GABA-B receptor,Inhibitory neuron,Ependymal,0.4339048533604063,29,0.48312258766276495,0.4527363184079602,0,0,0.8171162387468536,0.0,False
GLU_NMDA_2A,neurotransmitter,Glutamate,NMDA receptor (GluN1/2A),Microglia,Oligodendrocyte,0.3752502503904324,103,0.48402225103908825,0.46766169154228854,2,0,0.8171162387468536,0.0,False
CCK_R,neuropeptide,Cholecystokinin,CCK receptor,Endothelial,Microglia,0.3391993569164741,82,0.48534614849368013,0.417910447761194,0,0,0.8171162387468536,0.0,False
CCK_R,neuropeptide,Cholecystokinin,CCK receptor,Ependymal,T / NK cell,0.3231881065528934,119,0.48049945084685813,0.43781094527363185,1,0,0.8171162387468536,0.0,False
PTN_PTPRZ1,neuron_glia,Pleiotrophin,PTPRZ1,Choroid plexus,Oligodendrocyte,0.3129929514034935,230,0.484936095854884,0.47761194029850745,6,0,0.8171162387468536,0.0,False
CCK_R,neuropeptide,Cholecystokinin,CCK receptor,Oligodendrocyte,Ependymal,0.23808855816249933,221,0.48369962232015706,0.47761194029850745,3,0,0.8171162387468536,0.0,False
CORT_SSTR,neuropeptide,Cortistatin,Somatostatin receptor,Inhibitory neuron,Erythrocyte (blood),0.11795362450859763,55,0.48230352342986454,0.417910447761194,0,0,0.8171162387468536,0.0,False
BDNF_TRKB,neurotrophin,BDNF,TrkB,Erythrocyte (blood),Microglia,0.06668984960107242,170,0.4852767272212002,0.5024875621890548,4,0,0.8171162387468536,0.0,False
CX3CL1_CX3CR1,neuron_glia,Fractalkine,CX3CR1,Excitatory neuron,Pericyte,0.05559801961861405,255,0.4812538254399553,0.4577114427860697,7,1,0.8171162387468536,0.14285714285714285,False
BDNF_TRKB,neurotrophin,BDNF,TrkB,Inhibitory neuron,Excitatory neuron,0.04509140957485546,88,0.4838579084537985,0.4925373134328358,0,0,0.8171162387468536,0.0,False
CX3CL1_CX3CR1,neuron_glia,Fractalkine,CX3CR1,Erythrocyte (blood),Border macrophage,0.043591995530252184,848,0.4822790027315842,0.4527363184079602,12,1,0.8171162387468536,0.08333333333333333,False
MDK_PTPRZ1,neuron_glia,Midkine,PTPRZ1,Pericyte,Excitatory neuron,0.03973906718048395,255,0.48501027068121033,0.44776119402985076,7,0,0.8171162387468536,0.0,False
C1Q_LRP1,neuron_glia,C1q,LRP1,Microglia,Astrocyte,0.035449633361599966,141,0.4854847496722062,0.42786069651741293,4,0,0.8171162387468536,0.0,False
MDK_PTPRZ1,neuron_glia,Midkine,PTPRZ1,Excitatory neuron,Endothelial,0.03212971902695023,595,0.48218239002669205,0.4925373134328358,12,1,0.8171162387468536,0.08333333333333333,False
PACAP_R,neuropeptide,PACAP,PACAP receptor,Fibroblast / VLMC,Ependymal,0.027871757137532135,245,0.48115125151116533,0.4228855721393035,6,0,0.8171162387468536,0.0,False
NPY_R,neuropeptide,Neuropeptide Y,NPY receptor,Microglia,Erythrocyte (blood),0.027101237984264597,170,0.48396432488474184,0.42786069651741293,4,0,0.8171162387468536,0.0,False
PACAP_R,neuropeptide,PACAP,PACAP receptor,Vascular smooth muscle,T / NK cell,0.024319562506168447,94,0.48075250444571327,0.42786069651741293,0,0,0.8171162387468536,0.0,False
VEGFA_R,neurovascular,VEGF-A,VEGF receptor,Vascular smooth muscle,Choroid plexus,0.01715193811010142,61,0.48158601992333366,0.35323383084577115,0,0,0.8171162387468536,0.0,False
CX3CL1_CX3CR1,neuron_glia,Fractalkine,CX3CR1,Fibroblast / VLMC,Vascular smooth muscle,0.016618048989927615,154,0.4843819397247161,0.40298507462686567,2,0,0.8171162387468536,0.0,False
CORT_SSTR,neuropeptide,Cortistatin,Somatostatin receptor,Fibroblast / VLMC,Vascular smooth muscle,0.014185594273852064,154,0.4817862736581194,0.4626865671641791,2,0,0.8171162387468536,0.0,False
APOE_TREM2,neuron_glia,ApoE,TREM2,Excitatory neuron,Vascular smooth muscle,0.013804984622531467,225,0.48539473179343734,0.3283582089552239,4,0,0.8171162387468536,0.0,False
APOE_TREM2,neuron_glia,ApoE,TREM2,Endothelial,Ependymal,0.012903240513919022,203,0.4853787142878941,0.3880597014925373,3,0,0.8171162387468536,0.0,False
GABA_B,neurotransmitter,GABA,GABA-B receptor,Fibroblast / VLMC,Oligodendrocyte,0.01195134540343879,722,0.48131045900293584,0.48258706467661694,10,1,0.8171162387468536,0.1,False
APOE_TREM2,neuron_glia,ApoE,TREM2,Fibroblast / VLMC,Oligodendrocyte,0.011229376383435363,722,0.48408041146259084,0.39303482587064675,10,1,0.8171162387468536,0.1,False
IL34_CSF1R,neuron_glia,IL-34,CSF1R,Astrocyte,Erythrocyte (blood),0.010366772806178258,537,0.4816352818899972,0.4129353233830846,11,1,0.8171162387468536,0.09090909090909091,False
IL34_CSF1R,neuron_glia,IL-34,CSF1R,T / NK cell,Erythrocyte (blood),0.01005762294218114,526,0.48506903800255907,0.4079601990049751,12,0,0.8171162387468536,0.0,False
CSF1_CSF1R,neuron_glia,CSF-1,CSF1R,T / NK cell,Endothelial,0.005623508819007119,253,0.4847446115695716,0.4228855721393035,7,0,0.8171162387468536,0.0,False
IL34_CSF1R,neuron_glia,IL-34,CSF1R,Ependymal,Astrocyte,0.003939011853612112,334,0.48191763948221855,0.26865671641791045,5,0,0.8171162387468536,0.0,False
NRG1_ERBB4,guidance,Neuregulin-1,ErbB4,Excitatory neuron,Endothelial,0.003807215580419332,595,0.4842095789027928,0.4079601990049751,12,0,0.8171162387468536,0.0,False
CRH_R,neuropeptide,CRH,CRH receptor,Choroid plexus,Excitatory neuron,0.0007087412838623902,321,0.48111501568915055,0.15920398009950248,7,0,0.8171162387468536,0.0,False
PDYN_KOR,neuropeptide,Dynorphin,Kappa opioid receptor,Oligodendrocyte,Oligodendrocyte,0.00016862171019496781,19620,0.48093995504284026,0.42786069651741293,12,0,0.8171162387468536,0.0,False
GLU_AMPA,neurotransmitter,Glutamate,AMPA receptor,Astrocyte,OPC,0.9233797011168107,23,0.48677609382869774,0.48756218905472637,0,0,0.817999823963202,0.0,False
GLU_NMDA_2B,neurotransmitter,Glutamate,NMDA receptor (GluN1/2B),Pericyte,Endothelial,0.3042349561497017,108,0.4870586684251936,0.5074626865671642,0,0,0.817999823963202,0.0,False
SLIT_ROBO,guidance,Slit,Robo,Erythrocyte (blood),Oligodendrocyte,0.08801734873861208,1342,0.4866430380644724,0.4925373134328358,10,1,0.817999823963202,0.1,False
GLU_MGLUR_III,neurotransmitter,Glutamate,Group III mGluR,Astrocyte,Endothelial,0.08688931442279038,417,0.4863733548351055,0.4577114427860697,6,0,0.817999823963202,0.0,False
BDNF_TRKB,neurotrophin,BDNF,TrkB,T / NK cell,Border macrophage,0.05297566086053848,400,0.48695633723267084,0.4577114427860697,11,0,0.817999823963202,0.0,False
RELN_R,guidance,Reelin,Reelin receptor,Endothelial,T / NK cell,0.010801556553294065,253,0.48634967164372983,0.4228855721393035,7,0,0.817999823963202,0.0,False
PACAP_R,neuropeptide,PACAP,PACAP receptor,Fibroblast / VLMC,Border macrophage,0.04662650122362025,408,0.4878948380054614,0.472636815920398,7,0,0.8183263080105752,0.0,False
APOE_TREM2,neuron_glia,ApoE,TREM2,Border macrophage,Ependymal,0.010302358643147956,241,0.4876371738728701,0.3582089552238806,5,0,0.8183263080105752,0.0,False
GABA_A,neurotransmitter,GABA,GABA-A receptor,Oligodendrocyte,T / NK cell,0.009666652605759914,453,0.4876828120166673,0.4577114427860697,9,0,0.8183263080105752,0.0,False
RELN_R,guidance,Reelin,Reelin receptor,Oligodendrocyte,Choroid plexus,0.008760435166566268,230,0.48795263931385013,0.417910447761194,6,0,0.8183263080105752,0.0,False
GLU_AMPA,neurotransmitter,Glutamate,AMPA receptor,Ependymal,Endothelial,1.236028224376622,203,0.4899024783463979,0.5223880597014925,3,0,0.8184400653977192,0.0,False
GLU_MGLUR_I,neurotransmitter,Glutamate,Group I mGluR,Excitatory neuron,Inhibitory neuron,0.4967508600516753,88,0.48920720155482317,0.417910447761194,0,0,0.8184400653977192,0.0,False
NRXN_NLGN,synaptic_adhesion,Neurexin,Neuroligin,Oligodendrocyte,Erythrocyte (blood),0.4847239351841092,1342,0.48975800095728367,0.47761194029850745,10,1,0.8184400653977192,0.1,False
PTN_PTPRZ1,neuron_glia,Pleiotrophin,PTPRZ1,Border macrophage,Choroid plexus,0.23634987332157253,194,0.48957957448401956,0.4975124378109453,3,0,0.8184400653977192,0.0,False
SST_SSTR,neuropeptide,Somatostatin,Somatostatin receptor,Endothelial,Choroid plexus,0.12870700302578153,84,0.4894679258994798,0.4527363184079602,0,0,0.8184400653977192,0.0,False
MDK_PTPRZ1,neuron_glia,Midkine,PTPRZ1,Fibroblast / VLMC,T / NK cell,0.0837316134127017,221,0.4895441221033948,0.48258706467661694,4,0,0.8184400653977192,0.0,False
MDK_PTPRZ1,neuron_glia,Midkine,PTPRZ1,Microglia,Border macrophage,0.02592574225531684,153,0.48836962917582516,0.4427860696517413,3,0,0.8184400653977192,0.0,False
NRG1_ERBB4,guidance,Neuregulin-1,ErbB4,Choroid plexus,Erythrocyte (blood),0.012025326704038941,279,0.4898691823818072,0.42786069651741293,7,0,0.8184400653977192,0.0,False
PDGFB_PDGFRB,neurovascular,PDGF-B,PDGFRB,Endothelial,Endothelial,0.010001226731225953,282,0.4897631239368213,0.42786069651741293,7,1,0.8184400653977192,0.14285714285714285,False
PDGFB_PDGFRB,neurovascular,PDGF-B,PDGFRB,Endothelial,Border macrophage,0.006274716591271829,381,0.48994456575742923,0.417910447761194,10,1,0.8184400653977192,0.1,False
CSF1_CSF1R,neuron_glia,CSF-1,CSF1R,Endothelial,Erythrocyte (blood),0.0039155951353034586,594,0.4889168333877235,0.40298507462686567,12,1,0.8184400653977192,0.08333333333333333,False
GLU_MGLUR_II,neurotransmitter,Glutamate,Group II mGluR,Vascular smooth muscle,Border macrophage,0.7149152319605757,164,0.4903720985743827,0.46766169154228854,1,0,0.8188619019377361,0.0,False
APOE_LRP1,neuron_glia,ApoE,LRP1,Fibroblast / VLMC,Border macrophage,0.9372532636511559,408,0.4911027008700975,0.5024875621890548,7,0,0.8192048261572856,0.0,False
SST_SSTR,neuropeptide,Somatostatin,Somatostatin receptor,Oligodendrocyte,Endothelial,0.10643181313167918,220,0.49107625154508666,0.48756218905472637,4,0,0.8192048261572856,0.0,False
C1Q_LRP1,neuron_glia,C1q,LRP1,Fibroblast / VLMC,Excitatory neuron,0.0021352938158000876,499,0.4908198631839746,0.48756218905472637,7,0,0.8192048261572856,0.0,False
GLU_NMDA_2A,neurotransmitter,Glutamate,NMDA receptor (GluN1/2A),Ependymal,Border macrophage,0.4344355679151923,241,0.4918053606034752,0.4427860696517413,5,1,0.8195161349824301,0.2,False
PTN_PTPRZ1,neuron_glia,Pleiotrophin,PTPRZ1,Vascular smooth muscle,Vascular smooth muscle,0.2836240129727943,408,0.49206806464980846,0.48756218905472637,7,0,0.8195161349824301,0.0,False
MDK_PTPRZ1,neuron_glia,Midkine,PTPRZ1,Fibroblast / VLMC,Endothelial,0.07917469846828101,223,0.49189746117409655,0.4527363184079602,5,0,0.8195161349824301,0.0,False
MDK_PTPRZ1,neuron_glia,Midkine,PTPRZ1,Oligodendrocyte,T / NK cell,0.059167134051291356,453,0.49201140773573876,0.4527363184079602,9,0,0.8195161349824301,0.0,False
GABA_B,neurotransmitter,GABA,GABA-B receptor,Erythrocyte (blood),Astrocyte,0.026438135896537113,537,0.4921650650353983,0.4975124378109453,11,0,0.8195161349824301,0.0,False
GLU_NMDA_2A,neurotransmitter,Glutamate,NMDA receptor (GluN1/2A),Pericyte,Choroid plexus,0.5513638112603164,41,0.4923451693656915,0.44776119402985076,0,0,0.8195243854365245,0.0,False
GLU_MGLUR_II,neurotransmitter,Glutamate,Group II mGluR,Excitatory neuron,Fibroblast / VLMC,1.035188096797538,499,0.49269605714528325,0.5174129353233831,7,0,0.8195253648712337,0.0,False
CX3CL1_CX3CR1,neuron_glia,Fractalkine,CX3CR1,Border macrophage,Inhibitory neuron,0.05069689930609937,53,0.4925768759452362,0.417910447761194,0,0,0.8195253648712337,0.0,False
CCK_R,neuropeptide,Cholecystokinin,CCK receptor,Endothelial,Erythrocyte (blood),0.3331698634809115,594,0.49299903770282943,0.43781094527363185,12,1,0.8197379166352305,0.08333333333333333,False
GLU_NMDA_2A,neurotransmitter,Glutamate,NMDA receptor (GluN1/2A),Fibroblast / VLMC,Endothelial,0.4987706902850369,223,0.49339207717152855,0.46766169154228854,5,0,0.820100010332356,0.0,False
VIP_R,neuropeptide,VIP,VIP receptor,Pericyte,Fibroblast / VLMC,0.014011818429698114,92,0.4941320585926198,0.36318407960199006,1,0,0.8210383175265867,0.0,False
GLU_MGLUR_I,neurotransmitter,Glutamate,Group I mGluR,Microglia,Oligodendrocyte,0.23168999246023234,103,0.4946772950670177,0.47761194029850745,2,0,0.8216524897474532,0.0,False
CCK_R,neuropeptide,Cholecystokinin,CCK receptor,OPC,Astrocyte,0.2917953366818635,23,0.4956421376200047,0.42786069651741293,0,0,0.8222389125803525,0.0,False
PTN_PTPRZ1,neuron_glia,Pleiotrophin,PTPRZ1,Microglia,Vascular smooth muscle,0.21437082971845353,35,0.49575048092631924,0.4427860696517413,0,0,0.8222389125803525,0.0,False
SLIT_ROBO,guidance,Slit,Robo,Erythrocyte (blood),Astrocyte,0.06956523601347285,537,0.49587822085904637,0.4925373134328358,11,1,0.8222389125803525,0.09090909090909091,False
BDNF_TRKB,neurotrophin,BDNF,TrkB,Pericyte,Fibroblast / VLMC,0.015364828317061714,92,0.4958921331809696,0.5522388059701493,1,0,0.8222389125803525,0.0,False
CRH_R,neuropeptide,CRH,CRH receptor,Excitatory neuron,Excitatory neuron,0.0005564112595692475,2258,0.49590900006449135,0.373134328358209,12,1,0.8222389125803525,0.08333333333333333,False
APOE_LRP1,neuron_glia,ApoE,LRP1,Ependymal,Pericyte,0.7561965808272362,72,0.49633141460958075,0.4527363184079602,0,0,0.822403164989558,0.0,False
NPY_R,neuropeptide,Neuropeptide Y,NPY receptor,Oligodendrocyte,T / NK cell,0.03123864195994194,453,0.49635959348803416,0.43781094527363185,9,0,0.822403164989558,0.0,False
GLU_NMDA_2A,neurotransmitter,Glutamate,NMDA receptor (GluN1/2A),Erythrocyte (blood),Ependymal,0.555087138013721,241,0.4974303057316795,0.4527363184079602,6,0,0.8230164425873541,0.0,False
GLU_KAINATE,neurotransmitter,Glutamate,Kainate receptor,Ependymal,Endothelial,0.44865545733221646,203,0.49743331900770194,0.5124378109452736,3,0,0.8230164425873541,0.0,False
CCK_R,neuropeptide,Cholecystokinin,CCK receptor,Choroid plexus,T / NK cell,0.3443915576770388,116,0.4972683073973232,0.4577114427860697,2,0,0.8230164425873541,0.0,False
GABA_B,neurotransmitter,GABA,GABA-B receptor,Ependymal,Inhibitory neuron,0.036533922984682284,29,0.4973077525190647,0.4626865671641791,0,0,0.8230164425873541,0.0,False
GLU_MGLUR_III,neurotransmitter,Glutamate,Group III mGluR,Border macrophage,T / NK cell,0.15288750156760217,400,0.498327830480705,0.4577114427860697,11,1,0.8236227194698759,0.09090909090909091,False
CX3CL1_CX3CR1,neuron_glia,Fractalkine,CX3CR1,Microglia,Border macrophage,0.03367930806540196,153,0.49800063606601686,0.4527363184079602,3,0,0.8236227194698759,0.0,False
IL34_CSF1R,neuron_glia,IL-34,CSF1R,Astrocyte,Oligodendrocyte,0.009908091080816169,342,0.49820376039751685,0.4527363184079602,6,0,0.8236227194698759,0.0,False
GLU_AMPA,neurotransmitter,Glutamate,AMPA receptor,Astrocyte,Inhibitory neuron,1.1387481611707937,46,0.4994628041625721,0.47761194029850745,0,0,0.8245711117954977,0.0,False
APOE_LRP1,neuron_glia,ApoE,LRP1,Pericyte,Border macrophage,0.9784971922636032,160,0.4996830520336337,0.5522388059701493,3,0,0.8245711117954977,0.0,False
GLU_MGLUR_I,neurotransmitter,Glutamate,Group I mGluR,T / NK cell,Border macrophage,0.3621130196750164,400,0.49909501014236235,0.472636815920398,11,0,0.8245711117954977,0.0,False
PTN_PTPRZ1,neuron_glia,Pleiotrophin,PTPRZ1,Astrocyte,Inhibitory neuron,0.31316037281699804,46,0.4999590177738463,0.4925373134328358,0,0,0.8245711117954977,0.0,False
MDK_PTPRZ1,neuron_glia,Midkine,PTPRZ1,Astrocyte,Choroid plexus,0.03319766019520007,152,0.4993121882529975,0.43283582089552236,2,0,0.8245711117954977,0.0,False
APOE_TREM2,neuron_glia,ApoE,TREM2,Endothelial,Astrocyte,0.012079808351804885,417,0.49985237663900306,0.3681592039800995,6,0,0.8245711117954977,0.0,False
RELN_R,guidance,Reelin,Reelin receptor,Erythrocyte (blood),Border macrophage,0.020292512826480955,848,0.500947532949353,0.4427860696517413,12,0,0.8259103265222069,0.0,False
GLU_KAINATE,neurotransmitter,Glutamate,Kainate receptor,Fibroblast / VLMC,Endothelial,0.5628741129631419,223,0.5012756312353992,0.472636815920398,5,0,0.8261601544735586,0.0,False
PACAP_R,neuropeptide,PACAP,PACAP receptor,Ependymal,Choroid plexus,0.04088338867562716,61,0.5015069836770547,0.44776119402985076,0,0,0.8262504143045559,0.0,False
NRXN_NLGN,synaptic_adhesion,Neurexin,Neuroligin,Fibroblast / VLMC,Border macrophage,0.4960016652065165,408,0.5020804168321424,0.5223880597014925,7,1,0.8269040022378017,0.14285714285714285,False
GLU_AMPA,neurotransmitter,Glutamate,AMPA receptor,Erythrocyte (blood),Ependymal,1.7980523040185825,241,0.5024664064856872,0.5422885572139303,6,0,0.8269396160959355,0.0,False
SLIT_ROBO,guidance,Slit,Robo,Erythrocyte (blood),Vascular smooth muscle,0.07557161498170362,237,0.5029857122053927,0.472636815920398,5,0,0.8269396160959355,0.0,False
SST_SSTR,neuropeptide,Somatostatin,Somatostatin receptor,Vascular smooth muscle,Oligodendrocyte,0.0625820749937886,99,0.5028249670785694,0.4577114427860697,0,0,0.8269396160959355,0.0,False
SLIT_ROBO,guidance,Slit,Robo,Endothelial,Vascular smooth muscle,0.03019291389989489,131,0.5029110463831874,0.4975124378109453,1,0,0.8269396160959355,0.0,False
VEGFA_R,neurovascular,VEGF-A,VEGF receptor,Erythrocyte (blood),Excitatory neuron,0.009519512257280878,1535,0.5025822377518451,0.4626865671641791,12,1,0.8269396160959355,0.08333333333333333,False
PTN_PTPRZ1,neuron_glia,Pleiotrophin,PTPRZ1,Border macrophage,Microglia,0.26886551637275546,153,0.503894059768209,0.48258706467661694,3,0,0.8275140608724969,0.0,False
GABA_B,neurotransmitter,GABA,GABA-B receptor,Fibroblast / VLMC,Endothelial,0.034118615992935246,223,0.5040425461608498,0.48258706467661694,5,0,0.8275140608724969,0.0,False
PDGFB_PDGFRB,neurovascular,PDGF-B,PDGFRB,Pericyte,T / NK cell,0.009130022525787353,100,0.5037330513256586,0.40298507462686567,0,0,0.8275140608724969,0.0,False
APOE_TREM2,neuron_glia,ApoE,TREM2,Oligodendrocyte,Ependymal,0.00859529454244208,221,0.50369780777726,0.21393034825870647,3,0,0.8275140608724969,0.0,False
APOE_LRP1,neuron_glia,ApoE,LRP1,Fibroblast / VLMC,Choroid plexus,0.9826647781807444,138,0.5046075025410276,0.527363184079602,2,0,0.8275704536941705,0.0,False
BDNF_TRKB,neurotrophin,BDNF,TrkB,T / NK cell,Endothelial,0.08570778746849934,253,0.504277767979965,0.4975124378109453,7,0,0.8275704536941705,0.0,False
PDGFB_PDGFRB,neurovascular,PDGF-B,PDGFRB,Border macrophage,Astrocyte,0.002736352441846862,516,0.5045505683983968,0.43781094527363185,8,0,0.8275704536941705,0.0,False
SST_SSTR,neuropeptide,Somatostatin,Somatostatin receptor,Vascular smooth muscle,Erythrocyte (blood),0.08569238004805166,237,0.504959645607935,0.5024875621890548,5,0,0.8275784131108151,0.0,False
CORT_SSTR,neuropeptide,Cortistatin,Somatostatin receptor,Erythrocyte (blood),Border macrophage,0.015367669246669085,848,0.5050429538687451,0.48258706467661694,12,0,0.8275784131108151,0.0,False
GABA_A,neurotransmitter,GABA,GABA-A receptor,T / NK cell,Astrocyte,0.01192017464802183,232,0.5051429681223526,0.472636815920398,4,0,0.8275784131108151,0.0,False
SST_SSTR,neuropeptide,Somatostatin,Somatostatin receptor,Choroid plexus,Border macrophage,0.12303270967965274,194,0.5053655313400588,0.472636815920398,3,0,0.8276532450613003,0.0,False
PTN_PTPRZ1,neuron_glia,Pleiotrophin,PTPRZ1,Microglia,Excitatory neuron,0.2291610484653049,225,0.5059296353462929,0.4975124378109453,5,0,0.827707959365491,0.0,False
SLIT_ROBO,guidance,Slit,Robo,Excitatory neuron,Pericyte,0.09873439728044996,255,0.5055981974094481,0.48756218905472637,7,1,0.827707959365491,0.14285714285714285,False
VIP_R,neuropeptide,VIP,VIP receptor,Border macrophage,Choroid plexus,0.022758837213221285,194,0.5057720799582737,0.43283582089552236,3,0,0.827707959365491,0.0,False
GLU_NMDA_2B,neurotransmitter,Glutamate,NMDA receptor (GluN1/2B),Fibroblast / VLMC,Microglia,0.21970321691554526,92,0.5076278798874427,0.472636815920398,1,0,0.8299059573701414,0.0,False
SLIT_ROBO,guidance,Slit,Robo,Inhibitory neuron,T / NK cell,0.06965675950050354,28,0.5075014595170908,0.43283582089552236,0,0,0.8299059573701414,0.0,False
NRXN_NLGN,synaptic_adhesion,Neurexin,Neuroligin,Erythrocyte (blood),Oligodendrocyte,0.5023861507456278,1342,0.5085669689856753,0.5174129353233831,10,0,0.8309431932849237,0.0,False
SLIT_ROBO,guidance,Slit,Robo,Fibroblast / VLMC,Fibroblast / VLMC,0.04770452491999056,1242,0.5086175049301178,0.46766169154228854,9,2,0.8309431932849237,0.2222222222222222,False
C1Q_LRP1,neuron_glia,C1q,LRP1,Microglia,Microglia,0.0714738028390067,42,0.5091702564176671,0.4577114427860697,0,0,0.8315558917201621,0.0,False
APOE_LRP1,neuron_glia,ApoE,LRP1,Excitatory neuron,Endothelial,0.9059191182881844,595,0.5097521374847024,0.5124378109452736,12,0,0.8322157192222339,0.0,False
GLU_NMDA_2B,neurotransmitter,Glutamate,NMDA receptor (GluN1/2B),Inhibitory neuron,Oligodendrocyte,0.2616430699825287,40,0.5100882805641532,0.4626865671641791,0,0,0.8323414749103906,0.0,False
SLIT_ROBO,guidance,Slit,Robo,Oligodendrocyte,Inhibitory neuron,0.07525532543659211,40,0.5101849433731567,0.43283582089552236,0,0,0.8323414749103906,0.0,False
GABA_A,neurotransmitter,GABA,GABA-A receptor,Border macrophage,Ependymal,0.008823909205519807,241,0.5103856827851243,0.43283582089552236,5,0,0.8323787416352724,0.0,False
PACAP_R,neuropeptide,PACAP,PACAP receptor,Astrocyte,Pericyte,0.03247385621070862,120,0.5110179952982461,0.39800995024875624,1,0,0.8331195818817051,0.0,False
GLU_NMDA_2A,neurotransmitter,Glutamate,NMDA receptor (GluN1/2A),T / NK cell,Ependymal,0.5178702949475842,119,0.5113972100017624,0.4975124378109453,1,0,0.8332478121904604,0.0,False
PACAP_R,neuropeptide,PACAP,PACAP receptor,Microglia,Excitatory neuron,0.07478283431794908,225,0.511630896435818,0.5124378109452736,5,0,0.8332478121904604,0.0,False
PDGFB_PDGFRB,neurovascular,PDGF-B,PDGFRB,Excitatory neuron,Oligodendrocyte,0.004972951186080146,601,0.5115667692144036,0.48258706467661694,12,0,0.8332478121904604,0.0,False
GLU_NMDA_2B,neurotransmitter,Glutamate,NMDA receptor (GluN1/2B),Astrocyte,Inhibitory neuron,0.1767633583234704,46,0.5120492683838646,0.44776119402985076,0,0,0.8334077986112503,0.0,False
IL34_CSF1R,neuron_glia,IL-34,CSF1R,T / NK cell,Astrocyte,0.0065518520001707405,232,0.5120853646093919,0.40298507462686567,4,0,0.8334077986112503,0.0,False
APOE_LRP1,neuron_glia,ApoE,LRP1,Microglia,Erythrocyte (blood),0.8986210823059082,170,0.5123110226557317,0.5124378109452736,4,0,0.8334851442997805,0.0,False
MDK_PTPRZ1,neuron_glia,Midkine,PTPRZ1,Vascular smooth muscle,Erythrocyte (blood),0.037128875527200816,237,0.5126435275619032,0.47761194029850745,5,0,0.833736206278118,0.0,False
GLU_AMPA,neurotransmitter,Glutamate,AMPA receptor,Choroid plexus,Pericyte,2.0609699691214214,41,0.5131803815962108,0.5323383084577115,0,0,0.8342441938103169,0.0,False
NRXN_NLGN,synaptic_adhesion,Neurexin,Neuroligin,Pericyte,Fibroblast / VLMC,0.4313919835764429,92,0.5140411675089248,0.5621890547263682,1,0,0.8342441938103169,0.0,False
SST_SSTR,neuropeptide,Somatostatin,Somatostatin receptor,Border macrophage,Fibroblast / VLMC,0.1026664441268818,408,0.5140914616579672,0.5074626865671642,7,0,0.8342441938103169,0.0,False
SLIT_ROBO,guidance,Slit,Robo,Vascular smooth muscle,T / NK cell,0.09563622702943518,94,0.5138504916248411,0.5124378109452736,0,0,0.8342441938103169,0.0,False
CX3CL1_CX3CR1,neuron_glia,Fractalkine,CX3CR1,Border macrophage,Ependymal,0.039590651563589006,241,0.5138288717681798,0.48756218905472637,5,0,0.8342441938103169,0.0,False
CSF1_CSF1R,neuron_glia,CSF-1,CSF1R,T / NK cell,Border macrophage,0.004454077482223511,400,0.5142039442079406,0.47761194029850745,11,0,0.8342441938103169,0.0,False
CSF1_CSF1R,neuron_glia,CSF-1,CSF1R,Erythrocyte (blood),Fibroblast / VLMC,0.0033167168279363926,477,0.5136849397573899,0.40298507462686567,8,0,0.8342441938103169,0.0,False
NRXN_NLGN,synaptic_adhesion,Neurexin,Neuroligin,Astrocyte,Choroid plexus,0.4532472746152627,152,0.5151962989712072,0.5124378109452736,2,0,0.8352749420950376,0.0,False
NPY_R,neuropeptide,Neuropeptide Y,NPY receptor,Choroid plexus,Astrocyte,0.0215608359951722,152,0.5151305582696577,0.44776119402985076,2,0,0.8352749420950376,0.0,False
NRXN_NLGN,synaptic_adhesion,Neurexin,Neuroligin,Astrocyte,Erythrocyte (blood),0.472627100109832,537,0.517007683724835,0.4975124378109453,11,0,0.8355257955069392,0.0,False
GLU_NMDA_2A,neurotransmitter,Glutamate,NMDA receptor (GluN1/2A),Microglia,Endothelial,0.454925537109375,82,0.51726366829806,0.48756218905472637,0,0,0.8355257955069392,0.0,False
SST_SSTR,neuropeptide,Somatostatin,Somatostatin receptor,Ependymal,Astrocyte,0.0598233260080486,334,0.5160790479805717,0.5174129353233831,5,1,0.8355257955069392,0.2,False
PACAP_R,neuropeptide,PACAP,PACAP receptor,Pericyte,Pericyte,0.038602787714738115,26,0.5167970965605084,0.5373134328358209,0,0,0.8355257955069392,0.0,False
MDK_PTPRZ1,neuron_glia,Midkine,PTPRZ1,Endothelial,Excitatory neuron,0.03658120847549759,595,0.5167341671900517,0.4925373134328358,12,1,0.8355257955069392,0.08333333333333333,False
MDK_PTPRZ1,neuron_glia,Midkine,PTPRZ1,Ependymal,Excitatory neuron,0.03341946593166268,274,0.5173088306479644,0.46766169154228854,7,0,0.8355257955069392,0.0,False
CX3CL1_CX3CR1,neuron_glia,Fractalkine,CX3CR1,Border macrophage,Astrocyte,0.03252292926921401,516,0.5165610910161836,0.5223880597014925,8,1,0.8355257955069392,0.125,False
GABA_B,neurotransmitter,GABA,GABA-B receptor,Endothelial,Oligodendrocyte,0.01672370813109658,220,0.5161725372672247,0.46766169154228854,4,0,0.8355257955069392,0.0,False
APOE_TREM2,neuron_glia,ApoE,TREM2,Erythrocyte (blood),Ependymal,0.010112212406649135,241,0.5164703296855617,0.3383084577114428,6,0,0.8355257955069392,0.0,False
RELN_R,guidance,Reelin,Reelin receptor,Oligodendrocyte,Oligodendrocyte,0.009077896170173823,19620,0.5163508826365392,0.4975124378109453,12,0,0.8355257955069392,0.0,False
VIP_R,neuropeptide,VIP,VIP receptor,Oligodendrocyte,Border macrophage,0.006291088246521138,429,0.5173152873655915,0.46766169154228854,9,1,0.8355257955069392,0.1111111111111111,False
CX3CL1_CX3CR1,neuron_glia,Fractalkine,CX3CR1,Pericyte,Oligodendrocyte,0.035937012510096775,141,0.5178328942604054,0.472636815920398,1,0,0.8360731926309305,0.0,False
NRXN_NLGN,synaptic_adhesion,Neurexin,Neuroligin,Ependymal,T / NK cell,0.4913177770726821,119,0.5180231660230149,0.48756218905472637,1,0,0.8360918916252801,0.0,False
GABA_B,neurotransmitter,GABA,GABA-B receptor,Inhibitory neuron,Oligodendrocyte,0.5591294825077057,40,0.5187402485569805,0.48756218905472637,0,0,0.8369605596545213,0.0,False
GLU_MGLUR_II,neurotransmitter,Glutamate,Group II mGluR,Inhibitory neuron,T / NK cell,0.7054580790655953,28,0.5191882669894132,0.4925373134328358,0,0,0.8371090533198738,0.0,False
GLU_MGLUR_I,neurotransmitter,Glutamate,Group I mGluR,Astrocyte,Pericyte,0.22443387309710186,120,0.5193690065799517,0.46766169154228854,1,0,0.8371090533198738,0.0,False
CORT_SSTR,neuropeptide,Cortistatin,Somatostatin receptor,Endothelial,Vascular smooth muscle,0.014062689460870874,131,0.5192552724437699,0.44776119402985076,1,0,0.8371090533198738,0.0,False
GLU_MGLUR_II,neurotransmitter,Glutamate,Group II mGluR,Microglia,Oligodendrocyte,0.5907408890214939,103,0.5199242135344387,0.5024875621890548,2,0,0.8373545373749685,0.0,False
GLU_NMDA_2A,neurotransmitter,Glutamate,NMDA receptor (GluN1/2A),Border macrophage,Endothelial,0.5120514590596277,381,0.5200152303270711,0.4925373134328358,10,2,0.8373545373749685,0.2,False
GABA_B,neurotransmitter,GABA,GABA-B receptor,Ependymal,Endothelial,0.014010862763879334,203,0.5200581931206792,0.417910447761194,3,0,0.8373545373749685,0.0,False
NRXN_NLGN,synaptic_adhesion,Neurexin,Neuroligin,Microglia,Oligodendrocyte,0.4518399927222613,103,0.520470214158196,0.5074626865671642,2,0,0.837676336937651,0.0,False
MDK_PTPRZ1,neuron_glia,Midkine,PTPRZ1,Astrocyte,Border macrophage,0.029178773709969928,516,0.5206161119501366,0.5024875621890548,8,1,0.837676336937651,0.125,False
GLU_MGLUR_II,neurotransmitter,Glutamate,Group II mGluR,Vascular smooth muscle,Microglia,0.5418341772896903,35,0.5210748497985654,0.5174129353233831,0,0,0.8379451723356505,0.0,False
PTN_PTPRZ1,neuron_glia,Pleiotrophin,PTPRZ1,Fibroblast / VLMC,Choroid plexus,0.24474549703839896,138,0.5212630926767767,0.5074626865671642,2,0,0.8379451723356505,0.0,False
GABA_A,neurotransmitter,GABA,GABA-A receptor,Choroid plexus,Endothelial,0.011487955138796852,84,0.5213204523763793,0.5024875621890548,0,0,0.8379451723356505,0.0,False
GLU_KAINATE,neurotransmitter,Glutamate,Kainate receptor,Vascular smooth muscle,Ependymal,0.46805569529533386,88,0.522069609131738,0.5024875621890548,0,0,0.8384026191336824,0.0,False
CX3CL1_CX3CR1,neuron_glia,Fractalkine,CX3CR1,T / NK cell,Border macrophage,0.03970955908298492,400,0.5219466604895044,0.5024875621890548,11,1,0.8384026191336824,0.09090909090909091,False
IL34_CSF1R,neuron_glia,IL-34,CSF1R,Ependymal,Choroid plexus,0.009875448023686643,61,0.5221426014438022,0.373134328358209,0,0,0.8384026191336824,0.0,False
GLU_MGLUR_II,neurotransmitter,Glutamate,Group II mGluR,Erythrocyte (blood),Ependymal,0.7606598138809204,241,0.5223697424880506,0.5024875621890548,6,0,0.8384795969473717,0.0,False
CCK_R,neuropeptide,Cholecystokinin,CCK receptor,Microglia,Border macrophage,0.3073391135221992,153,0.5225716562168599,0.48756218905472637,3,0,0.8385062118312769,0.0,False
GLU_MGLUR_III,neurotransmitter,Glutamate,Group III mGluR,Border macrophage,Inhibitory neuron,0.14121259833281896,53,0.5227447360358698,0.4527363184079602,0,0,0.8385062118312769,0.0,False
GLU_MGLUR_I,neurotransmitter,Glutamate,Group I mGluR,Vascular smooth muscle,Choroid plexus,0.33535013824212745,61,0.522951360257979,0.4527363184079602,0,0,0.8385501763698024,0.0,False
PACAP_R,neuropeptide,PACAP,PACAP receptor,Oligodendrocyte,Vascular smooth muscle,0.017119735780388418,99,0.5239221585703479,0.47761194029850745,0,0,0.8398190407504823,0.0,False
APOE_TREM2,neuron_glia,ApoE,TREM2,Border macrophage,Vascular smooth muscle,0.011407055505892126,164,0.5242445688719493,0.39303482587064675,1,0,0.8400480608739215,0.0,False
PACAP_R,neuropeptide,PACAP,PACAP receptor,Border macrophage,T / NK cell,0.035633056461811065,400,0.5250076399190458,0.5074626865671642,11,1,0.8406949853460696,0.09090909090909091,False
PACAP_R,neuropeptide,PACAP,PACAP receptor,Vascular smooth muscle,Ependymal,0.021803731268102474,88,0.5249664919244297,0.417910447761194,0,0,0.8406949853460696,0.0,False
SST_SSTR,neuropeptide,Somatostatin,Somatostatin receptor,T / NK cell,Fibroblast / VLMC,0.1499923286934244,221,0.5253671514230545,0.4975124378109453,4,0,0.8406952467539233,0.0,False
SST_SSTR,neuropeptide,Somatostatin,Somatostatin receptor,OPC,Oligodendrocyte,0.07289279997348785,48,0.5252323492865197,0.4975124378109453,0,0,0.8406952467539233,0.0,False
MDK_PTPRZ1,neuron_glia,Midkine,PTPRZ1,Border macrophage,Oligodendrocyte,0.05414312480490802,429,0.526011327988974,0.4975124378109453,9,1,0.840778466758508,0.1111111111111111,False
MDK_PTPRZ1,neuron_glia,Midkine,PTPRZ1,Excitatory neuron,Fibroblast / VLMC,0.03531526181406392,499,0.5257178899459917,0.5174129353233831,7,0,0.840778466758508,0.0,False
APOE_TREM2,neuron_glia,ApoE,TREM2,Border macrophage,Astrocyte,0.011940055115278377,516,0.5260749291407564,0.4626865671641791,8,0,0.840778466758508,0.0,False
NRG1_ERBB4,guidance,Neuregulin-1,ErbB4,Erythrocyte (blood),Border macrophage,0.003941388379009265,848,0.5261379249132103,0.472636815920398,12,0,0.840778466758508,0.0,False
PDGFB_PDGFRB,neurovascular,PDGF-B,PDGFRB,Excitatory neuron,Erythrocyte (blood),0.0065294915767756655,1535,0.5264027466582385,0.472636815920398,12,0,0.8409144594106855,0.0,False
GLU_MGLUR_I,neurotransmitter,Glutamate,Group I mGluR,Endothelial,Vascular smooth muscle,0.28316342648659043,131,0.5269115328421439,0.5074626865671642,1,0,0.84139849251883,0.0,False
RELN_R,guidance,Reelin,Reelin receptor,Endothelial,Endothelial,0.026647806061920545,282,0.5270653946511414,0.5174129353233831,7,0,0.84139849251883,0.0,False
PTN_PTPRZ1,neuron_glia,Pleiotrophin,PTPRZ1,Excitatory neuron,Ependymal,0.2182677575271495,274,0.5274816696266015,0.5223880597014925,7,0,0.841466336874292,0.0,False
BDNF_TRKB,neurotrophin,BDNF,TrkB,Border macrophage,Border macrophage,0.03359588270650762,638,0.5280475458957296,0.5074626865671642,12,0,0.841466336874292,0.0,False
CX3CL1_CX3CR1,neuron_glia,Fractalkine,CX3CR1,Choroid plexus,Choroid plexus,0.0330060583849748,96,0.5281010786415861,0.4427860696517413,1,0,0.841466336874292,0.0,False
GABA_A,neurotransmitter,GABA,GABA-A receptor,Pericyte,Border macrophage,0.028058812767267228,160,0.5277360158084656,0.5024875621890548,3,0,0.841466336874292,0.0,False
PACAP_R,neuropeptide,PACAP,PACAP receptor,Vascular smooth muscle,Erythrocyte (blood),0.027075407374257277,237,0.5275137979383434,0.4975124378109453,5,0,0.841466336874292,0.0,False
IL34_CSF1R,neuron_glia,IL-34,CSF1R,Erythrocyte (blood),T / NK cell,0.008523302839736069,526,0.5281869269929035,0.44776119402985076,12,1,0.841466336874292,0.08333333333333333,False
GLU_MGLUR_I,neurotransmitter,Glutamate,Group I mGluR,Fibroblast / VLMC,Choroid plexus,0.3435541352500086,138,0.5284329701350026,0.5223880597014925,2,0,0.8415066602866742,0.0,False
MDK_PTPRZ1,neuron_glia,Midkine,PTPRZ1,Erythrocyte (blood),Excitatory neuron,0.04581429472963663,1535,0.5285719330161436,0.5174129353233831,12,0,0.8415066602866742,0.0,False
PACAP_R,neuropeptide,PACAP,PACAP receptor,Oligodendrocyte,Microglia,0.018464279406279035,103,0.529034688777916,0.4577114427860697,2,0,0.8419569077523364,0.0,False
BDNF_TRKB,neurotrophin,BDNF,TrkB,Pericyte,T / NK cell,0.014942827224731446,100,0.5296727294501391,0.5771144278606966,0,0,0.8426857195162193,0.0,False
GLU_KAINATE,neurotransmitter,Glutamate,Kainate receptor,Oligodendrocyte,Choroid plexus,0.6502449849377507,230,0.5300133096558951,0.5223880597014925,6,0,0.8429409503330839,0.0,False
RELN_R,guidance,Reelin,Reelin receptor,Border macrophage,Border macrophage,0.015246029931549741,638,0.5303587849704412,0.47761194029850745,12,0,0.8432037903080851,0.0,False
APOE_LRP1,neuron_glia,ApoE,LRP1,Pericyte,Choroid plexus,0.8198276772731687,41,0.5306336889557313,0.5074626865671642,0,0,0.8433542902934329,0.0,False
GLU_AMPA,neurotransmitter,Glutamate,AMPA receptor,Astrocyte,Choroid plexus,1.3575852144705622,152,0.5310425697777766,0.5124378109452736,2,0,0.8437175497420091,0.0,False
SST_SSTR,neuropeptide,Somatostatin,Somatostatin receptor,Choroid plexus,Endothelial,0.1129290663770267,84,0.5315686240204689,0.4925373134328358,0,0,0.8442666638804392,0.0,False
SLIT_ROBO,guidance,Slit,Robo,Pericyte,Ependymal,0.061076478825675115,72,0.5319243875093981,0.4527363184079602,0,0,0.8445450319499401,0.0,False
RELN_R,guidance,Reelin,Reelin receptor,Pericyte,Excitatory neuron,0.029257932363771926,255,0.5324976577437683,0.48258706467661694,7,0,0.8448922969130409,0.0,False
APOE_TREM2,neuron_glia,ApoE,TREM2,Erythrocyte (blood),Astrocyte,0.012747678454805797,537,0.5325042495397644,0.43781094527363185,11,1,0.8448922969130409,0.09090909090909091,False
SLIT_ROBO,guidance,Slit,Robo,Astrocyte,T / NK cell,0.059331597182257424,232,0.5326874397614876,0.4577114427860697,4,1,0.8448964510657628,0.25,False
PACAP_R,neuropeptide,PACAP,PACAP receptor,T / NK cell,Border macrophage,0.051181426644325255,400,0.5333113169859666,0.5174129353233831,11,1,0.8453128903039762,0.09090909090909091,False
GABA_B,neurotransmitter,GABA,GABA-B receptor,Endothelial,Choroid plexus,0.03148237296513149,84,0.5332166218422498,0.48756218905472637,0,0,0.8453128903039762,0.0,False
TAC1_NK1,neuropeptide,Substance P,NK1 receptor,Excitatory neuron,Endothelial,0.001415735633433366,595,0.5335284609046783,0.3383084577114428,12,0,0.8453706971124245,0.0,False
APOE_LRP1,neuron_glia,ApoE,LRP1,Ependymal,Choroid plexus,0.7949199529944874,61,0.5344610201453192,0.5223880597014925,0,0,0.8454168739891644,0.0,False
PTN_PTPRZ1,neuron_glia,Pleiotrophin,PTPRZ1,Endothelial,Border macrophage,0.32067838991720843,381,0.5342498381738875,0.5472636815920398,10,0,0.8454168739891644,0.0,False
GLU_MGLUR_I,neurotransmitter,Glutamate,Group I mGluR,Border macrophage,Vascular smooth muscle,0.3070234816248824,164,0.534246758125156,0.572139303482587,1,0,0.8454168739891644,0.0,False
MDK_PTPRZ1,neuron_glia,Midkine,PTPRZ1,Excitatory neuron,Inhibitory neuron,0.013289765878157183,88,0.534304027035366,0.48258706467661694,0,0,0.8454168739891644,0.0,False
CSF1_CSF1R,neuron_glia,CSF-1,CSF1R,Fibroblast / VLMC,Astrocyte,0.007234114626939384,382,0.534133687651641,0.5621890547263682,7,0,0.8454168739891644,0.0,False
GLU_AMPA,neurotransmitter,Glutamate,AMPA receptor,Astrocyte,Border macrophage,1.2716144489687542,516,0.5357648666906025,0.5124378109452736,8,0,0.8464917285812605,0.0,False
GLU_MGLUR_II,neurotransmitter,Glutamate,Group II mGluR,Vascular smooth muscle,Choroid plexus,0.8079922824609475,61,0.5363158130270972,0.527363184079602,0,0,0.8464917285812605,0.0,False
APOE_LRP1,neuron_glia,ApoE,LRP1,Ependymal,Erythrocyte (blood),0.8055947190498416,241,0.5363801575105445,0.5174129353233831,6,0,0.8464917285812605,0.0,False
GLU_MGLUR_I,neurotransmitter,Glutamate,Group I mGluR,Oligodendrocyte,Pericyte,0.3794513619537895,141,0.5372782446115992,0.5124378109452736,1,0,0.8464917285812605,0.0,False
GLU_NMDA_2B,neurotransmitter,Glutamate,NMDA receptor (GluN1/2B),Border macrophage,Vascular smooth muscle,0.29441886849519683,164,0.5367571562394593,0.5572139303482587,1,0,0.8464917285812605,0.0,False
PTN_PTPRZ1,neuron_glia,Pleiotrophin,PTPRZ1,Ependymal,Microglia,0.20889730302114334,63,0.5365630399926391,0.5124378109452736,1,0,0.8464917285812605,0.0,False
GLU_MGLUR_III,neurotransmitter,Glutamate,Group III mGluR,Excitatory neuron,Pericyte,0.2070698854969997,255,0.5377853639856627,0.47761194029850745,7,0,0.8464917285812605,0.0,False
GLU_MGLUR_III,neurotransmitter,Glutamate,Group III mGluR,Choroid plexus,Vascular smooth muscle,0.1862123755157971,61,0.5370568224491837,0.5124378109452736,0,0,0.8464917285812605,0.0,False
SST_SSTR,neuropeptide,Somatostatin,Somatostatin receptor,Vascular smooth muscle,T / NK cell,0.07916898296234455,94,0.5385778747566601,0.4925373134328358,0,0,0.8464917285812605,0.0,False
GLU_MGLUR_III,neurotransmitter,Glutamate,Group III mGluR,Microglia,Astrocyte,0.06963735269316544,141,0.5385149527844834,0.4975124378109453,4,0,0.8464917285812605,0.0,False
BDNF_TRKB,neurotrophin,BDNF,TrkB,Erythrocyte (blood),Erythrocyte (blood),0.049153996638603405,6296,0.5377799540531241,0.527363184079602,12,0,0.8464917285812605,0.0,False
MDK_PTPRZ1,neuron_glia,Midkine,PTPRZ1,Pericyte,Erythrocyte (blood),0.0410214196311103,225,0.5355427441227293,0.47761194029850745,5,0,0.8464917285812605,0.0,False
RELN_R,guidance,Reelin,Reelin receptor,Vascular smooth muscle,Excitatory neuron,0.02138385534286499,225,0.5373983748288117,0.5074626865671642,4,0,0.8464917285812605,0.0,False
IL34_CSF1R,neuron_glia,IL-34,CSF1R,Excitatory neuron,Astrocyte,0.01113315565245492,336,0.5360635560982592,0.5024875621890548,9,0,0.8464917285812605,0.0,False
IL34_CSF1R,neuron_glia,IL-34,CSF1R,Fibroblast / VLMC,Excitatory neuron,0.010084660354262602,499,0.5359801893389964,0.5074626865671642,7,0,0.8464917285812605,0.0,False
CORT_SSTR,neuropeptide,Cortistatin,Somatostatin receptor,Excitatory neuron,Oligodendrocyte,0.009370108809129966,601,0.5380519227125801,0.4975124378109453,12,0,0.8464917285812605,0.0,False
VEGFA_R,neurovascular,VEGF-A,VEGF receptor,Fibroblast / VLMC,Astrocyte,0.007530078213876455,382,0.538517521315568,0.4626865671641791,7,0,0.8464917285812605,0.0,False
NRG1_ERBB4,guidance,Neuregulin-1,ErbB4,Erythrocyte (blood),Oligodendrocyte,0.0034411094760752646,1342,0.538193701215136,0.4975124378109453,10,0,0.8464917285812605,0.0,False
NRG1_ERBB4,guidance,Neuregulin-1,ErbB4,Astrocyte,Astrocyte,0.0016326607290795233,1758,0.5377694410331837,0.5174129353233831,11,1,0.8464917285812605,0.09090909090909091,False
C1Q_LRP1,neuron_glia,C1q,LRP1,Oligodendrocyte,Oligodendrocyte,0.002428654963330999,19620,0.5387961141201936,0.5223880597014925,12,0,0.8465503754091289,0.0,False
GABA_A,neurotransmitter,GABA,GABA-A receptor,Inhibitory neuron,Ependymal,0.3019807790887767,29,0.5390446121998259,0.572139303482587,0,0,0.8466565090577326,0.0,False
VIP_R,neuropeptide,VIP,VIP receptor,Inhibitory neuron,Choroid plexus,0.041437140107154845,20,0.5393024126323946,0.43781094527363185,0,0,0.8467771774184479,0.0,False
GLU_AMPA,neurotransmitter,Glutamate,AMPA receptor,Fibroblast / VLMC,Microglia,1.4494917055834895,92,0.5396617539399758,0.527363184079602,1,0,0.8470571441412771,0.0,False
CX3CL1_CX3CR1,neuron_glia,Fractalkine,CX3CR1,Excitatory neuron,Ependymal,0.046414125574766284,274,0.5406593159141302,0.5124378109452736,7,1,0.8483383431127481,0.14285714285714285,False
APOE_LRP1,neuron_glia,ApoE,LRP1,Astrocyte,OPC,0.9831089351488196,23,0.5419908711541351,0.48756218905472637,0,0,0.8490992009322132,0.0,False
MDK_PTPRZ1,neuron_glia,Midkine,PTPRZ1,Ependymal,Inhibitory neuron,0.030054158177869075,29,0.541974210685159,0.4427860696517413,0,0,0.8490992009322132,0.0,False
BDNF_TRKB,neurotrophin,BDNF,TrkB,Astrocyte,Border macrophage,0.029121863749600196,516,0.541609318024149,0.5373134328358209,8,0,0.8490992009322132,0.0,False
NPY_R,neuropeptide,Neuropeptide Y,NPY receptor,Pericyte,Border macrophage,0.02214096337556839,160,0.5420515736662793,0.46766169154228854,3,0,0.8490992009322132,0.0,False
C1Q_LRP1,neuron_glia,C1q,LRP1,Fibroblast / VLMC,Fibroblast / VLMC,0.0015347481925706357,1242,0.5418057458202865,0.5323383084577115,9,0,0.8490992009322132,0.0,False
APOE_LRP1,neuron_glia,ApoE,LRP1,Oligodendrocyte,Pericyte,0.9056056518081232,141,0.5426697718006795,0.5024875621890548,1,0,0.8494987829559651,0.0,False
GLU_MGLUR_I,neurotransmitter,Glutamate,Group I mGluR,Endothelial,Oligodendrocyte,0.3748398867520419,220,0.5425745939360326,0.5223880597014925,4,0,0.8494987829559651,0.0,False
NRXN_NLGN,synaptic_adhesion,Neurexin,Neuroligin,Ependymal,Border macrophage,0.41493133316396186,241,0.5434002429735393,0.5522388059701493,5,0,0.8495257388459609,0.0,False
GLU_KAINATE,neurotransmitter,Glutamate,Kainate receptor,Endothelial,Astrocyte,0.39051273486597077,417,0.5428942587090614,0.5223880597014925,6,1,0.8495257388459609,0.16666666666666666,False
SLIT_ROBO,guidance,Slit,Robo,Fibroblast / VLMC,Endothelial,0.057708812134148295,223,0.5432755708276442,0.46766169154228854,5,0,0.8495257388459609,0.0,False
CORT_SSTR,neuropeptide,Cortistatin,Somatostatin receptor,Excitatory neuron,Microglia,0.013949725892808702,225,0.5435860493976336,0.5223880597014925,5,0,0.8495257388459609,0.0,False
VIP_R,neuropeptide,VIP,VIP receptor,Pericyte,Vascular smooth muscle,0.010620345503596937,59,0.5435947984836091,0.38308457711442784,0,0,0.8495257388459609,0.0,False
GLU_KAINATE,neurotransmitter,Glutamate,Kainate receptor,T / NK cell,Endothelial,0.675527130191034,253,0.5447619224595391,0.5174129353233831,7,0,0.8499123085987667,0.0,False
GLU_NMDA_2A,neurotransmitter,Glutamate,NMDA receptor (GluN1/2A),Border macrophage,Oligodendrocyte,0.604734723940318,429,0.5449770334570821,0.5422885572139303,9,1,0.8499123085987667,0.1111111111111111,False
GLU_NMDA_2A,neurotransmitter,Glutamate,NMDA receptor (GluN1/2A),Astrocyte,Choroid plexus,0.4205868683363262,152,0.5451670776226244,0.527363184079602,2,0,0.8499123085987667,0.0,False
GLU_NMDA_2B,neurotransmitter,Glutamate,NMDA receptor (GluN1/2B),Oligodendrocyte,Erythrocyte (blood),0.35412162373566947,1342,0.544840659367998,0.5174129353233831,10,1,0.8499123085987667,0.1,False
GLU_MGLUR_I,neurotransmitter,Glutamate,Group I mGluR,T / NK cell,Ependymal,0.3085380411949478,119,0.5449119628119025,0.5621890547263682,1,0,0.8499123085987667,0.0,False
GLU_NMDA_2B,neurotransmitter,Glutamate,NMDA receptor (GluN1/2B),Pericyte,Pericyte,0.2579424977302551,26,0.5452953089150454,0.5024875621890548,0,0,0.8499123085987667,0.0,False
VIP_R,neuropeptide,VIP,VIP receptor,Border macrophage,Inhibitory neuron,0.018156779262254823,53,0.5445026400530163,0.43781094527363185,0,0,0.8499123085987667,0.0,False
CRH_R,neuropeptide,CRH,CRH receptor,Border macrophage,Border macrophage,0.0006040749505022103,638,0.5446404528195756,0.22885572139303484,12,0,0.8499123085987667,0.0,False
GABA_A,neurotransmitter,GABA,GABA-A receptor,T / NK cell,Fibroblast / VLMC,0.025402606882121228,221,0.5456552508932608,0.5223880597014925,4,0,0.8501901161936622,0.0,False
GLU_NMDA_2A,neurotransmitter,Glutamate,NMDA receptor (GluN1/2A),Vascular smooth muscle,Endothelial,0.4624832550077948,131,0.5458630159225603,0.5323383084577115,1,0,0.8502307095544805,0.0,False
CORT_SSTR,neuropeptide,Cortistatin,Somatostatin receptor,Oligodendrocyte,Endothelial,0.014389719746329568,220,0.5460641780781932,0.4975124378109453,4,1,0.8502609947513696,0.25,False
PACAP_R,neuropeptide,PACAP,PACAP receptor,Excitatory neuron,Choroid plexus,0.05976338828464164,321,0.5462725809839586,0.5472636815920398,7,1,0.8503025304138199,0.14285714285714285,False
GLU_NMDA_2A,neurotransmitter,Glutamate,NMDA receptor (GluN1/2A),Ependymal,Microglia,0.41219485373724074,63,0.5469505718812652,0.527363184079602,1,0,0.8509957823935821,0.0,False
CCK_R,neuropeptide,Cholecystokinin,CCK receptor,Erythrocyte (blood),Ependymal,0.31086648598746147,241,0.5479901559389064,0.5174129353233831,6,0,0.8509957823935821,0.0,False
MDK_PTPRZ1,neuron_glia,Midkine,PTPRZ1,Inhibitory neuron,Choroid plexus,0.043799248337745664,20,0.5480960738849104,0.4925373134328358,0,0,0.8509957823935821,0.0,False
VIP_R,neuropeptide,VIP,VIP receptor,Vascular smooth muscle,Excitatory neuron,0.01950941350724962,225,0.5477998362839595,0.48756218905472637,4,0,0.8509957823935821,0.0,False
NPY_R,neuropeptide,Neuropeptide Y,NPY receptor,T / NK cell,Microglia,0.01575174033641815,80,0.5481729617726558,0.4129353233830846,0,0,0.8509957823935821,0.0,False
APOE_TREM2,neuron_glia,ApoE,TREM2,Erythrocyte (blood),Oligodendrocyte,0.014857421511154061,1342,0.547641266863695,0.5074626865671642,10,0,0.8509957823935821,0.0,False
IL34_CSF1R,neuron_glia,IL-34,CSF1R,Fibroblast / VLMC,Astrocyte,0.003626103488562619,382,0.5477547321690782,0.39800995024875624,7,0,0.8509957823935821,0.0,False
GAL_R,neuropeptide,Galanin,Galanin receptor,Excitatory neuron,Erythrocyte (blood),0.0005887125136409598,1535,0.5480766845891892,0.40298507462686567,12,0,0.8509957823935821,0.0,False
VIP_R,neuropeptide,VIP,VIP receptor,T / NK cell,Astrocyte,0.016070683968478237,232,0.5485144834548493,0.4427860696517413,4,0,0.8512435383367297,0.0,False
NRXN_NLGN,synaptic_adhesion,Neurexin,Neuroligin,Microglia,Endothelial,0.48734369510557596,82,0.54963812820482,0.5572139303482587,0,0,0.8519467331344907,0.0,False
NRXN_NLGN,synaptic_adhesion,Neurexin,Neuroligin,Astrocyte,Inhibitory neuron,0.4229715544244517,46,0.5507883880598065,0.5074626865671642,0,0,0.8519467331344907,0.0,False
PTN_PTPRZ1,neuron_glia,Pleiotrophin,PTPRZ1,Astrocyte,T / NK cell,0.4091143089121786,232,0.5506577018806599,0.5522388059701493,4,1,0.8519467331344907,0.25,False
PTN_PTPRZ1,neuron_glia,Pleiotrophin,PTPRZ1,Ependymal,Choroid plexus,0.2023870847264274,61,0.5502955914865195,0.527363184079602,0,0,0.8519467331344907,0.0,False
GLU_MGLUR_III,neurotransmitter,Glutamate,Group III mGluR,Ependymal,Microglia,0.10771578834170387,63,0.5500095798465832,0.4626865671641791,1,0,0.8519467331344907,0.0,False
SST_SSTR,neuropeptide,Somatostatin,Somatostatin receptor,Oligodendrocyte,Ependymal,0.055983196556298444,221,0.5505639729122787,0.5024875621890548,3,0,0.8519467331344907,0.0,False
MDK_PTPRZ1,neuron_glia,Midkine,PTPRZ1,Microglia,Ependymal,0.03632999223376077,63,0.5506519290746458,0.4975124378109453,1,0,0.8519467331344907,0.0,False
SLIT_ROBO,guidance,Slit,Robo,Microglia,Ependymal,0.024269794660901265,63,0.5503708466537324,0.4079601990049751,1,0,0.8519467331344907,0.0,False
VIP_R,neuropeptide,VIP,VIP receptor,Choroid plexus,Vascular smooth muscle,0.019187391781416097,61,0.5500493363340027,0.47761194029850745,0,0,0.8519467331344907,0.0,False
GABA_B,neurotransmitter,GABA,GABA-B receptor,Choroid plexus,Oligodendrocyte,0.013917553943136464,230,0.5494090539196799,0.4626865671641791,6,0,0.8519467331344907,0.0,False
NRXN_NLGN,synaptic_adhesion,Neurexin,Neuroligin,Pericyte,Microglia,0.4367908708976977,33,0.5510237302626899,0.5422885572139303,0,0,0.8520156495905392,0.0,False
GLU_NMDA_2B,neurotransmitter,Glutamate,NMDA receptor (GluN1/2B),Pericyte,Choroid plexus,0.2581492865957865,41,0.551197130008669,0.4925373134328358,0,0,0.8520156495905392,0.0,False
BDNF_TRKB,neurotrophin,BDNF,TrkB,T / NK cell,Fibroblast / VLMC,0.10547112933111406,221,0.5517811744017957,0.5572139303482587,4,0,0.8523552707249924,0.0,False
CX3CL1_CX3CR1,neuron_glia,Fractalkine,CX3CR1,Microglia,Excitatory neuron,0.044846525722079804,225,0.5516886101581683,0.5074626865671642,5,1,0.8523552707249924,0.2,False
APOE_TREM2,neuron_glia,ApoE,TREM2,T / NK cell,Oligodendrocyte,0.01902024003843598,453,0.5522181536295049,0.4527363184079602,9,0,0.8527487593506446,0.0,False
GLU_MGLUR_III,neurotransmitter,Glutamate,Group III mGluR,T / NK cell,T / NK cell,0.174879768452087,462,0.5529455641396157,0.5422885572139303,10,0,0.8535903314448241,0.0,False
GABA_B,neurotransmitter,GABA,GABA-B receptor,Vascular smooth muscle,Astrocyte,0.01933053173596346,237,0.5532830850535284,0.5074626865671642,7,0,0.8538296685242281,0.0,False
NRXN_NLGN,synaptic_adhesion,Neurexin,Neuroligin,Endothelial,Endothelial,0.4175956738544694,282,0.5538151682106538,0.5621890547263682,7,0,0.8543689983704745,0.0,False
GLU_NMDA_2B,neurotransmitter,Glutamate,NMDA receptor (GluN1/2B),Oligodendrocyte,Choroid plexus,0.3306448335232942,230,0.5542613211803555,0.5472636815920398,6,0,0.8544090453014053,0.0,False
GLU_MGLUR_I,neurotransmitter,Glutamate,Group I mGluR,Border macrophage,Astrocyte,0.2460113103075545,516,0.554223365046949,0.5422885572139303,8,2,0.8544090453014053,0.25,False
GLU_MGLUR_III,neurotransmitter,Glutamate,Group III mGluR,Border macrophage,Pericyte,0.1415682002902031,160,0.5547541525167063,0.5124378109452736,3,0,0.8544090453014053,0.0,False
MDK_PTPRZ1,neuron_glia,Midkine,PTPRZ1,Erythrocyte (blood),Fibroblast / VLMC,0.05751268112684446,477,0.5547428251514537,0.5373134328358209,8,0,0.8544090453014053,0.0,False
CX3CL1_CX3CR1,neuron_glia,Fractalkine,CX3CR1,Endothelial,Endothelial,0.04059723548009886,282,0.5547289266315152,0.5323383084577115,7,0,0.8544090453014053,0.0,False
CCK_R,neuropeptide,Cholecystokinin,CCK receptor,Ependymal,Inhibitory neuron,0.3253019595968312,29,0.5551921317168736,0.472636815920398,0,0,0.8545210474681749,0.0,False
PENK_OPR,neuropeptide,Enkephalin,Delta/mu opioid receptor,T / NK cell,Excitatory neuron,0.0015234005066656296,651,0.5550312330540296,0.4527363184079602,12,0,0.8545210474681749,0.0,False
PACAP_R,neuropeptide,PACAP,PACAP receptor,Border macrophage,Endothelial,0.049029954775111885,381,0.5554357478034795,0.5124378109452736,10,0,0.8546148845683922,0.0,False
SLIT_ROBO,guidance,Slit,Robo,Astrocyte,Microglia,0.0376764844495354,141,0.5559298731828072,0.4975124378109453,4,0,0.8548129729288053,0.0,False
CX3CL1_CX3CR1,neuron_glia,Fractalkine,CX3CR1,Oligodendrocyte,Ependymal,0.021706609164967257,221,0.5558181988847428,0.472636815920398,3,0,0.8548129729288053,0.0,False
SST_SSTR,neuropeptide,Somatostatin,Somatostatin receptor,Vascular smooth muscle,Endothelial,0.0629057047021298,131,0.5573699097889747,0.5223880597014925,1,0,0.8556213280520383,0.0,False
PACAP_R,neuropeptide,PACAP,PACAP receptor,Fibroblast / VLMC,Excitatory neuron,0.05125995252079858,499,0.5572014048326006,0.5174129353233831,7,0,0.8556213280520383,0.0,False
MDK_PTPRZ1,neuron_glia,Midkine,PTPRZ1,Pericyte,T / NK cell,0.04761593639850616,100,0.5568422972736736,0.44776119402985076,0,0,0.8556213280520383,0.0,False
RELN_R,guidance,Reelin,Reelin receptor,Oligodendrocyte,Pericyte,0.008651576143630008,141,0.5571333529598534,0.5522388059701493,1,0,0.8556213280520383,0.0,False
IL34_CSF1R,neuron_glia,IL-34,CSF1R,Vascular smooth muscle,Excitatory neuron,0.004113496674431695,225,0.5568335371696709,0.35323383084577115,4,0,0.8556213280520383,0.0,False
GLU_MGLUR_II,neurotransmitter,Glutamate,Group II mGluR,Erythrocyte (blood),Pericyte,0.8725090742111206,225,0.5582907027448403,0.5422885572139303,5,0,0.8559569650708504,0.0,False
CORT_SSTR,neuropeptide,Cortistatin,Somatostatin receptor,Astrocyte,Pericyte,0.016429853439331055,120,0.5580357635936741,0.4925373134328358,1,0,0.8559569650708504,0.0,False
NPY_R,neuropeptide,Neuropeptide Y,NPY receptor,Vascular smooth muscle,Fibroblast / VLMC,0.01449023283921279,154,0.5583202943783363,0.4925373134328358,2,0,0.8559569650708504,0.0,False
GABA_A,neurotransmitter,GABA,GABA-A receptor,Microglia,Erythrocyte (blood),0.008198716359979966,170,0.5581931879561781,0.5522388059701493,4,0,0.8559569650708504,0.0,False
GLU_AMPA,neurotransmitter,Glutamate,AMPA receptor,Oligodendrocyte,Inhibitory neuron,1.6551587879657745,40,0.5593742794317995,0.5771144278606966,0,0,0.8564503447190412,0.0,False
PTN_PTPRZ1,neuron_glia,Pleiotrophin,PTPRZ1,Oligodendrocyte,T / NK cell,0.2683347887287603,453,0.5592328982321135,0.5323383084577115,9,0,0.8564503447190412,0.0,False
PACAP_R,neuropeptide,PACAP,PACAP receptor,Oligodendrocyte,Ependymal,0.020864467005923863,221,0.5589816366990644,0.4925373134328358,3,1,0.8564503447190412,0.3333333333333333,False
BDNF_TRKB,neurotrophin,BDNF,TrkB,Endothelial,Astrocyte,0.007120751648498096,417,0.5593635969314377,0.5174129353233831,6,0,0.8564503447190412,0.0,False
APOE_LRP1,neuron_glia,ApoE,LRP1,Fibroblast / VLMC,Microglia,0.7063835613105608,92,0.5595924818509554,0.5373134328358209,1,0,0.8565041617862678,0.0,False
MDK_PTPRZ1,neuron_glia,Midkine,PTPRZ1,Vascular smooth muscle,Endothelial,0.03131295706479604,131,0.5598180990488774,0.5024875621890548,1,0,0.8565692888978734,0.0,False
BDNF_TRKB,neurotrophin,BDNF,TrkB,Endothelial,Fibroblast / VLMC,0.07985142474751836,223,0.5600388436867021,0.5522388059701493,5,0,0.8566269204348085,0.0,False
BDNF_TRKB,neurotrophin,BDNF,TrkB,Border macrophage,Pericyte,0.03802804797887802,160,0.560295177000763,0.5522388059701493,3,0,0.8567389324139119,0.0,False
GABA_B,neurotransmitter,GABA,GABA-B receptor,Oligodendrocyte,Microglia,0.013432904354576926,103,0.5605297289334844,0.44776119402985076,2,0,0.8568175765043364,0.0,False
GLU_KAINATE,neurotransmitter,Glutamate,Kainate receptor,T / NK cell,Choroid plexus,0.6946733645324049,116,0.5616200506275344,0.5621890547263682,2,0,0.8577764966455599,0.0,False
NRXN_NLGN,synaptic_adhesion,Neurexin,Neuroligin,Vascular smooth muscle,Erythrocyte (blood),0.5519280916527857,237,0.5617070283654617,0.5472636815920398,5,0,0.8577764966455599,0.0,False
NPY_R,neuropeptide,Neuropeptide Y,NPY receptor,T / NK cell,Oligodendrocyte,0.027815768523984662,453,0.5617012666449728,0.527363184079602,9,0,0.8577764966455599,0.0,False
CCK_R,neuropeptide,Cholecystokinin,CCK receptor,Ependymal,Erythrocyte (blood),0.28033813302447685,241,0.5627728655299425,0.5472636815920398,6,0,0.8586780234247542,0.0,False
CCK_R,neuropeptide,Cholecystokinin,CCK receptor,Oligodendrocyte,T / NK cell,0.26006394822076456,453,0.5632149719791774,0.5771144278606966,9,2,0.8586780234247542,0.2222222222222222,False
SLIT_ROBO,guidance,Slit,Robo,Pericyte,Choroid plexus,0.08366317138439272,41,0.5626756896522294,0.5522388059701493,0,0,0.8586780234247542,0.0,False
PACAP_R,neuropeptide,PACAP,PACAP receptor,Erythrocyte (blood),Border macrophage,0.04788280960242703,848,0.5629308963200167,0.572139303482587,12,2,0.8586780234247542,0.16666666666666666,False
CX3CL1_CX3CR1,neuron_glia,Fractalkine,CX3CR1,Vascular smooth muscle,Excitatory neuron,0.03528190665774875,225,0.5630606786878837,0.5074626865671642,4,0,0.8586780234247542,0.0,False
GLU_MGLUR_II,neurotransmitter,Glutamate,Group II mGluR,Choroid plexus,Erythrocyte (blood),0.8763119106224361,279,0.5636068743119115,0.5671641791044776,7,0,0.858833618175133,0.0,False
GLU_MGLUR_II,neurotransmitter,Glutamate,Group II mGluR,T / NK cell,Choroid plexus,0.851785467616443,116,0.5641254019947962,0.5870646766169154,2,0,0.858833618175133,0.0,False
GLU_NMDA_2A,neurotransmitter,Glutamate,NMDA receptor (GluN1/2A),Microglia,Microglia,0.4199158861523583,42,0.5642347814213206,0.5671641791044776,0,0,0.858833618175133,0.0,False
GABA_A,neurotransmitter,GABA,GABA-A receptor,Oligodendrocyte,Astrocyte,0.0038736138427466677,342,0.5640865491238088,0.5870646766169154,6,0,0.858833618175133,0.0,False
GAL_R,neuropeptide,Galanin,Galanin receptor,Erythrocyte (blood),Erythrocyte (blood),0.0005019842877775772,6296,0.5639504638879097,0.4975124378109453,12,0,0.858833618175133,0.0,False
PACAP_R,neuropeptide,PACAP,PACAP receptor,Erythrocyte (blood),Ependymal,0.03274340970882242,241,0.5646543978846823,0.47761194029850745,6,0,0.8589178209650771,0.0,False
GABA_A,neurotransmitter,GABA,GABA-A receptor,Astrocyte,Fibroblast / VLMC,0.008909142454257186,382,0.5646572381467359,0.5373134328358209,7,0,0.8589178209650771,0.0,False
APOE_LRP1,neuron_glia,ApoE,LRP1,Border macrophage,Pericyte,0.8945072740316391,160,0.5652615665093024,0.572139303482587,3,0,0.8590117393110825,0.0,False
GLU_MGLUR_III,neurotransmitter,Glutamate,Group III mGluR,Endothelial,Pericyte,0.1283487202944579,108,0.5650180051933367,0.5373134328358209,0,0,0.8590117393110825,0.0,False
NPY_R,neuropeptide,Neuropeptide Y,NPY receptor,Astrocyte,Endothelial,0.010841275862366747,417,0.5652697468131701,0.46766169154228854,6,1,0.8590117393110825,0.16666666666666666,False
PTN_PTPRZ1,neuron_glia,Pleiotrophin,PTPRZ1,Choroid plexus,Ependymal,0.19976386965298262,61,0.5667266263355109,0.5223880597014925,0,0,0.8603873733367474,0.0,False
SST_SSTR,neuropeptide,Somatostatin,Somatostatin receptor,Microglia,Pericyte,0.06788008863275702,33,0.5666257685417668,0.5223880597014925,0,0,0.8603873733367474,0.0,False
PENK_OPR,neuropeptide,Enkephalin,Delta/mu opioid receptor,Choroid plexus,Erythrocyte (blood),0.002187516099663191,279,0.5666583420494318,0.38308457711442784,7,0,0.8603873733367474,0.0,False
GABA_B,neurotransmitter,GABA,GABA-B receptor,Oligodendrocyte,Fibroblast / VLMC,0.008557618324776436,722,0.5669387076663358,0.5174129353233831,10,0,0.8604301696953569,0.0,False
GLU_KAINATE,neurotransmitter,Glutamate,Kainate receptor,Border macrophage,Pericyte,0.5984531067311764,160,0.5675676172784201,0.5174129353233831,3,0,0.8608262175837043,0.0,False
GLU_KAINATE,neurotransmitter,Glutamate,Kainate receptor,Endothelial,Pericyte,0.5527611297589762,108,0.5674363627209709,0.5621890547263682,0,0,0.8608262175837043,0.0,False
PTN_PTPRZ1,neuron_glia,Pleiotrophin,PTPRZ1,Inhibitory neuron,Excitatory neuron,0.2607490752230991,88,0.5679341692938079,0.5373134328358209,0,0,0.8611030389260296,0.0,False
GLU_MGLUR_III,neurotransmitter,Glutamate,Group III mGluR,Pericyte,Microglia,0.10309368913823908,33,0.568416424188545,0.44776119402985076,0,0,0.8615550530541634,0.0,False
VIP_R,neuropeptide,VIP,VIP receptor,T / NK cell,Oligodendrocyte,0.02023524282783862,453,0.5688277068273244,0.5621890547263682,9,0,0.8618992358306512,0.0,False
GLU_MGLUR_II,neurotransmitter,Glutamate,Group II mGluR,Excitatory neuron,Choroid plexus,1.1419466555675613,321,0.5699511371919496,0.5970149253731343,7,0,0.8622054222182775,0.0,False
BDNF_TRKB,neurotrophin,BDNF,TrkB,Fibroblast / VLMC,Ependymal,0.062238684965639696,245,0.5694714215881206,0.5522388059701493,6,0,0.8622054222182775,0.0,False
GABA_B,neurotransmitter,GABA,GABA-B receptor,Astrocyte,Endothelial,0.01581286826579691,417,0.569812619333825,0.5074626865671642,6,0,0.8622054222182775,0.0,False
IL34_CSF1R,neuron_glia,IL-34,CSF1R,Endothelial,Endothelial,0.0068274661370203,282,0.5696784634638389,0.5024875621890548,7,0,0.8622054222182775,0.0,False
VEGFA_R,neurovascular,VEGF-A,VEGF receptor,Border macrophage,Choroid plexus,0.006073265346055178,194,0.5695602443553417,0.4527363184079602,3,0,0.8622054222182775,0.0,False
GLU_MGLUR_I,neurotransmitter,Glutamate,Group I mGluR,Endothelial,Inhibitory neuron,0.26917050849823726,42,0.5702858972941895,0.48258706467661694,0,0,0.8623799721392648,0.0,False
CRH_R,neuropeptide,CRH,CRH receptor,Fibroblast / VLMC,Excitatory neuron,0.000693309940173774,499,0.5704351386559147,0.2935323383084577,7,0,0.8623799721392648,0.0,False
CORT_SSTR,neuropeptide,Cortistatin,Somatostatin receptor,Erythrocyte (blood),Choroid plexus,0.0181501875214252,279,0.5708355960588657,0.48756218905472637,7,0,0.8624280768354642,0.0,False
CORT_SSTR,neuropeptide,Cortistatin,Somatostatin receptor,Erythrocyte (blood),Oligodendrocyte,0.006732534855915075,1342,0.5708054629215031,0.5323383084577115,10,0,0.8624280768354642,0.0,False
NRXN_NLGN,synaptic_adhesion,Neurexin,Neuroligin,Inhibitory neuron,Excitatory neuron,0.6331991119818254,88,0.5711387569206681,0.5671641791044776,0,0,0.8626075673440302,0.0,False
SLIT_ROBO,guidance,Slit,Robo,Astrocyte,Inhibitory neuron,0.02048565641693447,46,0.5723729263286244,0.4129353233830846,0,0,0.8639138459005269,0.0,False
RELN_R,guidance,Reelin,Reelin receptor,T / NK cell,Ependymal,0.017351334836302686,119,0.5723018777689098,0.4975124378109453,1,0,0.8639138459005269,0.0,False
APOE_LRP1,neuron_glia,ApoE,LRP1,T / NK cell,Oligodendrocyte,1.0454552626241385,453,0.572926664161622,0.5621890547263682,9,1,0.864470771239029,0.1111111111111111,False
NRG1_ERBB4,guidance,Neuregulin-1,ErbB4,Erythrocyte (blood),Pericyte,0.0049087969462076825,225,0.5734079234664382,0.5074626865671642,5,0,0.8649180122177513,0.0,False
PENK_OPR,neuropeptide,Enkephalin,Delta/mu opioid receptor,Border macrophage,Excitatory neuron,0.0015909261825294459,1057,0.5735989282602033,0.48258706467661694,12,0,0.8649272914371547,0.0,False
GLU_MGLUR_I,neurotransmitter,Glutamate,Group I mGluR,Erythrocyte (blood),Vascular smooth muscle,0.2987355542082324,237,0.5754987303355066,0.5472636815920398,5,1,0.8652823133804097,0.2,False
CCK_R,neuropeptide,Cholecystokinin,CCK receptor,Ependymal,Ependymal,0.2700769654635725,174,0.5747033487453117,0.5472636815920398,4,0,0.8652823133804097,0.0,False
SLIT_ROBO,guidance,Slit,Robo,Endothelial,Pericyte,0.0760253182163945,108,0.5753779957291097,0.5074626865671642,0,0,0.8652823133804097,0.0,False
SST_SSTR,neuropeptide,Somatostatin,Somatostatin receptor,Microglia,Astrocyte,0.06739018741228901,141,0.574348383890458,0.5223880597014925,4,0,0.8652823133804097,0.0,False
MDK_PTPRZ1,neuron_glia,Midkine,PTPRZ1,Fibroblast / VLMC,Erythrocyte (blood),0.061803021208545195,477,0.5754425558888483,0.5472636815920398,8,0,0.8652823133804097,0.0,False
MDK_PTPRZ1,neuron_glia,Midkine,PTPRZ1,Microglia,Erythrocyte (blood),0.04866511401008157,170,0.5749747023577685,0.5472636815920398,4,0,0.8652823133804097,0.0,False
NPY_R,neuropeptide,Neuropeptide Y,NPY receptor,Endothelial,Choroid plexus,0.020676891718591963,84,0.5742121723429663,0.4626865671641791,0,0,0.8652823133804097,0.0,False
GABA_A,neurotransmitter,GABA,GABA-A receptor,Astrocyte,Endothelial,0.009728048631041456,417,0.575403432601412,0.5174129353233831,6,1,0.8652823133804097,0.16666666666666666,False
VEGFA_R,neurovascular,VEGF-A,VEGF receptor,Oligodendrocyte,Pericyte,0.006134945872827625,141,0.5744073128125357,0.44776119402985076,1,0,0.8652823133804097,0.0,False
GLU_NMDA_2A,neurotransmitter,Glutamate,NMDA receptor (GluN1/2A),Oligodendrocyte,Pericyte,0.5803239227186704,141,0.5762839206080691,0.572139303482587,1,0,0.8659063791024905,0.0,False
GLU_MGLUR_I,neurotransmitter,Glutamate,Group I mGluR,Inhibitory neuron,Oligodendrocyte,0.25684474110603334,40,0.5762387493606431,0.5572139303482587,0,0,0.8659063791024905,0.0,False
APOE_LRP1,neuron_glia,ApoE,LRP1,Choroid plexus,Vascular smooth muscle,1.035375180791636,61,0.5772954445375296,0.5572139303482587,0,0,0.8659120064698599,0.0,False
GLU_MGLUR_III,neurotransmitter,Glutamate,Group III mGluR,T / NK cell,Oligodendrocyte,0.157526085708315,453,0.5775831101073804,0.5671641791044776,9,1,0.8659120064698599,0.1111111111111111,False
SST_SSTR,neuropeptide,Somatostatin,Somatostatin receptor,T / NK cell,Choroid plexus,0.09635637906090967,116,0.5774396629626499,0.5422885572139303,2,0,0.8659120064698599,0.0,False
SST_SSTR,neuropeptide,Somatostatin,Somatostatin receptor,Endothelial,Microglia,0.08366721650449241,82,0.5773130159676543,0.5124378109452736,0,0,0.8659120064698599,0.0,False
IL34_CSF1R,neuron_glia,IL-34,CSF1R,Pericyte,Endothelial,0.01033282059210318,108,0.5768248318801689,0.46766169154228854,0,0,0.8659120064698599,0.0,False
RELN_R,guidance,Reelin,Reelin receptor,Excitatory neuron,Erythrocyte (blood),0.007486329055376084,1535,0.5770155153141591,0.5472636815920398,12,0,0.8659120064698599,0.0,False
NRG1_ERBB4,guidance,Neuregulin-1,ErbB4,Vascular smooth muscle,Vascular smooth muscle,0.004717359648031347,408,0.5767277453326933,0.5422885572139303,7,0,0.8659120064698599,0.0,False
VEGFA_R,neurovascular,VEGF-A,VEGF receptor,Endothelial,Choroid plexus,0.0051936496581350055,84,0.5781466503836376,0.39800995024875624,0,0,0.8664792367536964,0.0,False
PTN_PTPRZ1,neuron_glia,Pleiotrophin,PTPRZ1,Pericyte,Vascular smooth muscle,0.24673219050391246,59,0.5784272358752747,0.5223880597014925,0,0,0.8665452976972811,0.0,False
PDGFB_PDGFRB,neurovascular,PDGF-B,PDGFRB,Excitatory neuron,Astrocyte,0.0034895063865752448,336,0.5785611263103881,0.4626865671641791,9,0,0.8665452976972811,0.0,False
APOE_LRP1,neuron_glia,ApoE,LRP1,Border macrophage,Ependymal,0.8852708572174008,241,0.5790032670957839,0.6019900497512438,5,0,0.866558867529147,0.0,False
CX3CL1_CX3CR1,neuron_glia,Fractalkine,CX3CR1,Excitatory neuron,Border macrophage,0.04937765983443499,1057,0.579125791571627,0.5522388059701493,12,0,0.866558867529147,0.0,False
GABA_A,neurotransmitter,GABA,GABA-A receptor,Ependymal,Vascular smooth muscle,0.01681307093663649,88,0.578764445688054,0.582089552238806,0,0,0.866558867529147,0.0,False
PTN_PTPRZ1,neuron_glia,Pleiotrophin,PTPRZ1,Vascular smooth muscle,Erythrocyte (blood),0.31471062461032145,237,0.5794760423610226,0.5572139303482587,5,0,0.8668057551813378,0.0,False
NRG1_ERBB4,guidance,Neuregulin-1,ErbB4,Oligodendrocyte,Endothelial,0.003456683321432634,220,0.5797595712307393,0.5074626865671642,4,0,0.866856063782718,0.0,False
PENK_OPR,neuropeptide,Enkephalin,Delta/mu opioid receptor,Excitatory neuron,Endothelial,0.0007503918739927917,595,0.579880205095086,0.40298507462686567,12,1,0.866856063782718,0.08333333333333333,False
CSF1_CSF1R,neuron_glia,CSF-1,CSF1R,Oligodendrocyte,Excitatory neuron,0.00552399721796223,601,0.5805406982577839,0.4975124378109453,12,0,0.867566249488397,0.0,False
CORT_SSTR,neuropeptide,Cortistatin,Somatostatin receptor,Microglia,Excitatory neuron,0.0060061483912997775,225,0.5808619134593621,0.4975124378109453,5,0,0.8677691229490279,0.0,False
APOE_LRP1,neuron_glia,ApoE,LRP1,Inhibitory neuron,Choroid plexus,0.9102861106395721,20,0.5811126237527348,0.5472636815920398,0,0,0.867853337745412,0.0,False
NRXN_NLGN,synaptic_adhesion,Neurexin,Neuroligin,Vascular smooth muscle,Pericyte,0.4270135164260864,59,0.5812892413964781,0.6019900497512438,0,0,0.867853337745412,0.0,False
SLIT_ROBO,guidance,Slit,Robo,Fibroblast / VLMC,Microglia,0.04401706871779069,92,0.5823536109942512,0.527363184079602,1,0,0.8686109486267458,0.0,False
CORT_SSTR,neuropeptide,Cortistatin,Somatostatin receptor,Pericyte,Oligodendrocyte,0.020873325936337735,141,0.5822181714430608,0.5472636815920398,1,0,0.8686109486267458,0.0,False
CORT_SSTR,neuropeptide,Cortistatin,Somatostatin receptor,Oligodendrocyte,Ependymal,0.008058651000665863,221,0.5823230296833748,0.472636815920398,3,0,0.8686109486267458,0.0,False
APOE_LRP1,neuron_glia,ApoE,LRP1,Endothelial,Border macrophage,0.9428953817823115,381,0.5839963617271449,0.5621890547263682,10,2,0.8691240525680402,0.2,False
GLU_AMPA,neurotransmitter,Glutamate,AMPA receptor,Inhibitory neuron,Ependymal,0.8571917846285063,29,0.584839961626387,0.5771144278606966,0,0,0.8691240525680402,0.0,False
GLU_MGLUR_II,neurotransmitter,Glutamate,Group II mGluR,Choroid plexus,Astrocyte,0.738544720568155,152,0.5846881445370034,0.5621890547263682,2,0,0.8691240525680402,0.0,False
GLU_MGLUR_I,neurotransmitter,Glutamate,Group I mGluR,Oligodendrocyte,Endothelial,0.36141988039016726,220,0.5831641556832465,0.5920398009950248,4,1,0.8691240525680402,0.25,False
GLU_MGLUR_III,neurotransmitter,Glutamate,Group III mGluR,Border macrophage,Astrocyte,0.1017958212268445,516,0.5852981170425079,0.5920398009950248,8,0,0.8691240525680402,0.0,False
BDNF_TRKB,neurotrophin,BDNF,TrkB,Oligodendrocyte,T / NK cell,0.05933291654186796,453,0.5846811486271174,0.5970149253731343,9,0,0.8691240525680402,0.0,False
SLIT_ROBO,guidance,Slit,Robo,Ependymal,Endothelial,0.039076025850079917,203,0.5845725748547119,0.5572139303482587,3,0,0.8691240525680402,0.0,False
NPY_R,neuropeptide,Neuropeptide Y,NPY receptor,Border macrophage,Vascular smooth muscle,0.019908685509751483,164,0.584270650005085,0.4925373134328358,1,0,0.8691240525680402,0.0,False
IL34_CSF1R,neuron_glia,IL-34,CSF1R,Endothelial,Choroid plexus,0.016624540090560913,84,0.5849340747542913,0.5323383084577115,0,0,0.8691240525680402,0.0,False
NPY_R,neuropeptide,Neuropeptide Y,NPY receptor,Erythrocyte (blood),Inhibitory neuron,0.015409039367328991,55,0.5848532453894852,0.4427860696517413,0,0,0.8691240525680402,0.0,False
NPY_R,neuropeptide,Neuropeptide Y,NPY receptor,Microglia,Border macrophage,0.013168774788675744,153,0.585286772220316,0.5074626865671642,3,0,0.8691240525680402,0.0,False
NRG1_ERBB4,guidance,Neuregulin-1,ErbB4,Erythrocyte (blood),Endothelial,0.005217184522737959,594,0.584483326233812,0.4975124378109453,12,0,0.8691240525680402,0.0,False
NRG1_ERBB4,guidance,Neuregulin-1,ErbB4,Choroid plexus,Excitatory neuron,0.0033031236438364996,321,0.5849510790055187,0.4975124378109453,7,0,0.8691240525680402,0.0,False
PENK_OPR,neuropeptide,Enkephalin,Delta/mu opioid receptor,Oligodendrocyte,Oligodendrocyte,0.0006262883346501233,19620,0.5850413130796365,0.5572139303482587,12,0,0.8691240525680402,0.0,False
GLU_NMDA_2A,neurotransmitter,Glutamate,NMDA receptor (GluN1/2A),Inhibitory neuron,Endothelial,0.39499629111517043,42,0.5871485914136872,0.5771144278606966,0,0,0.8692057707685833,0.0,False
GLU_NMDA_2B,neurotransmitter,Glutamate,NMDA receptor (GluN1/2B),Ependymal,Ependymal,0.17260067216281233,174,0.586253851390913,0.5621890547263682,4,0,0.8692057707685833,0.0,False
PACAP_R,neuropeptide,PACAP,PACAP receptor,Excitatory neuron,Border macrophage,0.07184404918576821,1057,0.5856774753573536,0.5870646766169154,12,1,0.8692057707685833,0.08333333333333333,False
CX3CL1_CX3CR1,neuron_glia,Fractalkine,CX3CR1,Border macrophage,Vascular smooth muscle,0.027526999392160554,164,0.5862421779172938,0.5422885572139303,1,0,0.8692057707685833,0.0,False
VIP_R,neuropeptide,VIP,VIP receptor,Excitatory neuron,Endothelial,0.021112748354422946,595,0.5864925715556675,0.5671641791044776,12,0,0.8692057707685833,0.0,False
VIP_R,neuropeptide,VIP,VIP receptor,Endothelial,Astrocyte,0.014337521376941416,417,0.5869605308493221,0.5223880597014925,6,1,0.8692057707685833,0.16666666666666666,False
GABA_B,neurotransmitter,GABA,GABA-B receptor,Fibroblast / VLMC,Pericyte,0.009527987760046253,92,0.5872108231244907,0.32338308457711445,1,0,0.8692057707685833,0.0,False
IL34_CSF1R,neuron_glia,IL-34,CSF1R,Astrocyte,Fibroblast / VLMC,0.006087266337809138,382,0.5871934006656709,0.5024875621890548,7,1,0.8692057707685833,0.14285714285714285,False
CSF1_CSF1R,neuron_glia,CSF-1,CSF1R,Excitatory neuron,T / NK cell,0.0034946250842280467,651,0.5865663604407092,0.527363184079602,12,0,0.8692057707685833,0.0,False
NRG1_ERBB4,guidance,Neuregulin-1,ErbB4,Erythrocyte (blood),T / NK cell,0.0021218555508457663,526,0.586651928572765,0.47761194029850745,12,0,0.8692057707685833,0.0,False
GLU_NMDA_2A,neurotransmitter,Glutamate,NMDA receptor (GluN1/2A),Choroid plexus,Oligodendrocyte,0.6453107268913932,230,0.5877756570809163,0.5970149253731343,6,0,0.8696443565904436,0.0,False
CCK_R,neuropeptide,Cholecystokinin,CCK receptor,Microglia,Excitatory neuron,0.2980681006113688,225,0.5878788416105093,0.5771144278606966,5,0,0.8696443565904436,0.0,False
APOE_LRP1,neuron_glia,ApoE,LRP1,Pericyte,T / NK cell,0.9851464533805847,100,0.5892720187722277,0.6119402985074627,0,0,0.8699046758056324,0.0,False
GABA_B,neurotransmitter,GABA,GABA-B receptor,Inhibitory neuron,Fibroblast / VLMC,0.5717031955718994,26,0.5896740003802027,0.582089552238806,0,0,0.8699046758056324,0.0,False
GLU_MGLUR_II,neurotransmitter,Glutamate,Group II mGluR,Endothelial,Fibroblast / VLMC,0.5612690956603251,223,0.5894666704702799,0.5472636815920398,5,1,0.8699046758056324,0.2,False
GLU_MGLUR_III,neurotransmitter,Glutamate,Group III mGluR,Excitatory neuron,Border macrophage,0.19929531619812704,1057,0.5899066159526305,0.5970149253731343,12,0,0.8699046758056324,0.0,False
GLU_MGLUR_III,neurotransmitter,Glutamate,Group III mGluR,Oligodendrocyte,Pericyte,0.14340338385696952,141,0.589841146341212,0.5472636815920398,1,0,0.8699046758056324,0.0,False
CORT_SSTR,neuropeptide,Cortistatin,Somatostatin receptor,Inhibitory neuron,Choroid plexus,0.0710174560546875,20,0.588999602619817,0.5174129353233831,0,0,0.8699046758056324,0.0,False
RELN_R,guidance,Reelin,Reelin receptor,Astrocyte,Pericyte,0.045668538411458334,120,0.5895290948993588,0.5422885572139303,1,0,0.8699046758056324,0.0,False
NPY_R,neuropeptide,Neuropeptide Y,NPY receptor,Vascular smooth muscle,Vascular smooth muscle,0.017195624171518813,408,0.589913985110338,0.5572139303482587,7,0,0.8699046758056324,0.0,False
APOE_TREM2,neuron_glia,ApoE,TREM2,Fibroblast / VLMC,Vascular smooth muscle,0.013792785731228914,154,0.5888872695169697,0.44776119402985076,2,0,0.8699046758056324,0.0,False
PENK_OPR,neuropeptide,Enkephalin,Delta/mu opioid receptor,Microglia,Excitatory neuron,0.0012494391865200466,225,0.5895596013674945,0.22885572139303484,5,0,0.8699046758056324,0.0,False
GLU_KAINATE,neurotransmitter,Glutamate,Kainate receptor,Ependymal,Border macrophage,0.5131516431871787,241,0.5904797857604701,0.572139303482587,5,0,0.8699934450314694,0.0,False
CCK_R,neuropeptide,Cholecystokinin,CCK receptor,OPC,Oligodendrocyte,0.20307091375192007,48,0.5904973425776193,0.5771144278606966,0,0,0.8699934450314694,0.0,False
CORT_SSTR,neuropeptide,Cortistatin,Somatostatin receptor,Ependymal,T / NK cell,0.00929847384701256,119,0.59053199004487,0.5124378109452736,1,0,0.8699934450314694,0.0,False
GLU_KAINATE,neurotransmitter,Glutamate,Kainate receptor,Fibroblast / VLMC,Astrocyte,0.3693321309788689,382,0.5910930641468285,0.5970149253731343,7,0,0.8702720097995628,0.0,False
SST_SSTR,neuropeptide,Somatostatin,Somatostatin receptor,Excitatory neuron,Ependymal,0.09207504182836435,274,0.5910354247608272,0.5621890547263682,7,0,0.8702720097995628,0.0,False
GLU_NMDA_2B,neurotransmitter,Glutamate,NMDA receptor (GluN1/2B),Astrocyte,Endothelial,0.15636859866354963,417,0.5915291310090647,0.6218905472636815,6,0,0.8706400767509951,0.0,False
GLU_MGLUR_III,neurotransmitter,Glutamate,Group III mGluR,Endothelial,Inhibitory neuron,0.11399825981685094,42,0.5920953712397541,0.5223880597014925,0,0,0.8711994471794998,0.0,False
APOE_LRP1,neuron_glia,ApoE,LRP1,Vascular smooth muscle,Erythrocyte (blood),1.0098448876087172,237,0.5938653746623901,0.6069651741293532,5,0,0.8712165262246344,0.0,False
GLU_MGLUR_II,neurotransmitter,Glutamate,Group II mGluR,T / NK cell,Pericyte,0.8628732776641845,100,0.5927020489678738,0.5920398009950248,0,0,0.8712165262246344,0.0,False
APOE_LRP1,neuron_glia,ApoE,LRP1,T / NK cell,Ependymal,0.841052857767634,119,0.5940353709129863,0.5970149253731343,1,0,0.8712165262246344,0.0,False
GLU_MGLUR_II,neurotransmitter,Glutamate,Group II mGluR,Inhibitory neuron,Border macrophage,0.5314757531543948,53,0.5929797151576949,0.5920398009950248,0,0,0.8712165262246344,0.0,False
CCK_R,neuropeptide,Cholecystokinin,CCK receptor,Erythrocyte (blood),Fibroblast / VLMC,0.3038622985595927,477,0.5943413446695945,0.5671641791044776,8,0,0.8712165262246344,0.0,False
GLU_NMDA_2B,neurotransmitter,Glutamate,NMDA receptor (GluN1/2B),Border macrophage,Pericyte,0.2675840601325035,160,0.5930006763029961,0.5621890547263682,3,0,0.8712165262246344,0.0,False
PTN_PTPRZ1,neuron_glia,Pleiotrophin,PTPRZ1,Oligodendrocyte,Endothelial,0.24633221572095698,220,0.5937858706475108,0.6119402985074627,4,0,0.8712165262246344,0.0,False
GLU_MGLUR_III,neurotransmitter,Glutamate,Group III mGluR,Vascular smooth muscle,Astrocyte,0.10874600651897962,237,0.5943097307454371,0.5472636815920398,7,0,0.8712165262246344,0.0,False
MDK_PTPRZ1,neuron_glia,Midkine,PTPRZ1,Border macrophage,Excitatory neuron,0.036930427025711074,1057,0.5942350767624087,0.5621890547263682,12,0,0.8712165262246344,0.0,False
GABA_A,neurotransmitter,GABA,GABA-A receptor,Choroid plexus,T / NK cell,0.006725780408957909,116,0.5938851280957059,0.47761194029850745,2,0,0.8712165262246344,0.0,False
PDGFB_PDGFRB,neurovascular,PDGF-B,PDGFRB,Erythrocyte (blood),Astrocyte,0.00473929561494227,537,0.593970013649803,0.5174129353233831,11,1,0.8712165262246344,0.09090909090909091,False
CRH_R,neuropeptide,CRH,CRH receptor,Border macrophage,Erythrocyte (blood),0.0005855620750841105,848,0.5928930167342387,0.35323383084577115,12,0,0.8712165262246344,0.0,False
APOE_LRP1,neuron_glia,ApoE,LRP1,Endothelial,Ependymal,0.7848898894681132,203,0.5950690945494981,0.572139303482587,3,0,0.8715692167906022,0.0,False
NRXN_NLGN,synaptic_adhesion,Neurexin,Neuroligin,Astrocyte,Pericyte,0.3877263441681862,120,0.5948194192098237,0.5771144278606966,1,0,0.8715692167906022,0.0,False
GLU_MGLUR_III,neurotransmitter,Glutamate,Group III mGluR,Excitatory neuron,Vascular smooth muscle,0.19834815873040093,225,0.5955908387057333,0.5174129353233831,4,0,0.8715692167906022,0.0,False
NPY_R,neuropeptide,Neuropeptide Y,NPY receptor,T / NK cell,Fibroblast / VLMC,0.02020549126879662,221,0.5953646950887748,0.5422885572139303,4,0,0.8715692167906022,0.0,False
GABA_A,neurotransmitter,GABA,GABA-A receptor,Fibroblast / VLMC,Pericyte,0.008403580473816914,92,0.5952711642313813,0.3383084577114428,1,0,0.8715692167906022,0.0,False
NPY_R,neuropeptide,Neuropeptide Y,NPY receptor,Fibroblast / VLMC,Ependymal,0.004591608534053881,245,0.5956995843762226,0.47761194029850745,6,0,0.8715692167906022,0.0,False
APOE_LRP1,neuron_glia,ApoE,LRP1,Fibroblast / VLMC,Inhibitory neuron,0.7747435386364276,26,0.5964855739775411,0.5522388059701493,0,0,0.8719012810499578,0.0,False
GLU_MGLUR_I,neurotransmitter,Glutamate,Group I mGluR,Fibroblast / VLMC,Border macrophage,0.28424300341045156,408,0.5963150510757571,0.6019900497512438,7,0,0.8719012810499578,0.0,False
PTN_PTPRZ1,neuron_glia,Pleiotrophin,PTPRZ1,Pericyte,Excitatory neuron,0.22556770549100988,255,0.5963930472347168,0.572139303482587,7,0,0.8719012810499578,0.0,False
GLU_MGLUR_II,neurotransmitter,Glutamate,Group II mGluR,Border macrophage,Fibroblast / VLMC,0.6281459788773575,408,0.5973583432420227,0.5771144278606966,7,1,0.8723990989374006,0.14285714285714285,False
BDNF_TRKB,neurotrophin,BDNF,TrkB,Fibroblast / VLMC,Vascular smooth muscle,0.0630638243316056,154,0.5975719410332057,0.6119402985074627,2,0,0.8723990989374006,0.0,False
GABA_A,neurotransmitter,GABA,GABA-A receptor,Pericyte,Vascular smooth muscle,0.01804802175295555,59,0.5973884279068725,0.572139303482587,0,0,0.8723990989374006,0.0,False
CSF1_CSF1R,neuron_glia,CSF-1,CSF1R,Erythrocyte (blood),T / NK cell,0.004947462802604124,526,0.5971626326698524,0.5422885572139303,12,0,0.8723990989374006,0.0,False
NRXN_NLGN,synaptic_adhesion,Neurexin,Neuroligin,T / NK cell,Ependymal,0.4355790725275248,119,0.5987688743679308,0.6069651741293532,1,0,0.8731694963308352,0.0,False
NRXN_NLGN,synaptic_adhesion,Neurexin,Neuroligin,Endothelial,Vascular smooth muscle,0.4139977511558824,131,0.5988461025273883,0.5621890547263682,1,0,0.8731694963308352,0.0,False
CCK_R,neuropeptide,Cholecystokinin,CCK receptor,Pericyte,Endothelial,0.3109039311055784,108,0.598363795672076,0.582089552238806,0,0,0.8731694963308352,0.0,False
MDK_PTPRZ1,neuron_glia,Midkine,PTPRZ1,Choroid plexus,Excitatory neuron,0.03754281635596373,321,0.5987388252234449,0.5671641791044776,7,0,0.8731694963308352,0.0,False
GLU_AMPA,neurotransmitter,Glutamate,AMPA receptor,Inhibitory neuron,Oligodendrocyte,1.4575710237026214,40,0.5992582479006492,0.6368159203980099,0,0,0.8733275449785822,0.0,False
GABA_B,neurotransmitter,GABA,GABA-B receptor,Endothelial,Pericyte,0.016186432705985174,108,0.5993277937435836,0.5572139303482587,0,0,0.8733275449785822,0.0,False
NRXN_NLGN,synaptic_adhesion,Neurexin,Neuroligin,Excitatory neuron,Vascular smooth muscle,0.6327043808831109,225,0.600162983950506,0.5920398009950248,4,0,0.8738115683452015,0.0,False
NPY_R,neuropeptide,Neuropeptide Y,NPY receptor,Vascular smooth muscle,Pericyte,0.01690140113992206,59,0.6001386219354387,0.5223880597014925,0,0,0.8738115683452015,0.0,False
IL34_CSF1R,neuron_glia,IL-34,CSF1R,Vascular smooth muscle,Vascular smooth muscle,0.00842186224226858,408,0.6002202138622521,0.5472636815920398,7,1,0.8738115683452015,0.14285714285714285,False
GLU_NMDA_2A,neurotransmitter,Glutamate,NMDA receptor (GluN1/2A),Fibroblast / VLMC,Microglia,0.3933396585609602,92,0.6009280481412507,0.6019900497512438,1,0,0.8738694470499053,0.0,False
SLIT_ROBO,guidance,Slit,Robo,Microglia,Vascular smooth muscle,0.034717440605163574,35,0.6007412899000805,0.47761194029850745,0,0,0.8738694470499053,0.0,False
C1Q_LRP1,neuron_glia,C1q,LRP1,Microglia,T / NK cell,0.02554911971092224,80,0.6010070272721939,0.5572139303482587,0,0,0.8738694470499053,0.0,False
VIP_R,neuropeptide,VIP,VIP receptor,Erythrocyte (blood),T / NK cell,0.012098147728597257,526,0.6009573638685033,0.6019900497512438,12,0,0.8738694470499053,0.0,False
PACAP_R,neuropeptide,PACAP,PACAP receptor,T / NK cell,Vascular smooth muscle,0.04819237932245782,94,0.6012822792264153,0.5223880597014925,0,0,0.8739980691209683,0.0,False
GLU_MGLUR_III,neurotransmitter,Glutamate,Group III mGluR,T / NK cell,Fibroblast / VLMC,0.14654292833751142,221,0.6016917260986093,0.5870646766169154,4,0,0.8740643709977178,0.0,False
CSF1_CSF1R,neuron_glia,CSF-1,CSF1R,Astrocyte,Oligodendrocyte,0.005802260504828559,342,0.6017015043777835,0.6119402985074627,6,0,0.8740643709977178,0.0,False
PACAP_R,neuropeptide,PACAP,PACAP receptor,Border macrophage,Choroid plexus,0.035768937511542406,194,0.6026615765653249,0.5920398009950248,3,0,0.8751873112194771,0.0,False
CCK_R,neuropeptide,Cholecystokinin,CCK receptor,T / NK cell,Microglia,0.3147220820188522,80,0.6033983667921498,0.582089552238806,0,0,0.8759854043501298,0.0,False
GLU_AMPA,neurotransmitter,Glutamate,AMPA receptor,Endothelial,Microglia,1.308235434497275,82,0.6041789137443253,0.582089552238806,0,0,0.8765746162510691,0.0,False
APOE_LRP1,neuron_glia,ApoE,LRP1,Ependymal,Vascular smooth muscle,0.8462025645104322,88,0.6040302806255804,0.5920398009950248,0,0,0.8765746162510691,0.0,False
PTN_PTPRZ1,neuron_glia,Pleiotrophin,PTPRZ1,T / NK cell,Excitatory neuron,0.27811630626427963,651,0.6053448027399815,0.6019900497512438,12,0,0.8774499169827674,0.0,False
BDNF_TRKB,neurotrophin,BDNF,TrkB,Astrocyte,Endothelial,0.02602045799044968,417,0.6053231879353138,0.582089552238806,6,0,0.8774499169827674,0.0,False
NPY_R,neuropeptide,Neuropeptide Y,NPY receptor,Astrocyte,Astrocyte,0.007678974678356357,1758,0.6050410224178762,0.5671641791044776,11,0,0.8774499169827674,0.0,False
VIP_R,neuropeptide,VIP,VIP receptor,Fibroblast / VLMC,Choroid plexus,0.03150252134039782,138,0.605669405854397,0.5572139303482587,2,1,0.8776128978451441,0.5,False
GABA_B,neurotransmitter,GABA,GABA-B receptor,Border macrophage,Endothelial,0.02717086179988591,381,0.6058323701730745,0.6019900497512438,10,1,0.8776128978451441,0.1,False
PDGFB_PDGFRB,neurovascular,PDGF-B,PDGFRB,Endothelial,T / NK cell,0.004501379996891549,253,0.6062371461902527,0.5024875621890548,7,0,0.8779274549749899,0.0,False
SLIT_ROBO,guidance,Slit,Robo,T / NK cell,Border macrophage,0.06614292874932289,400,0.6067862772108435,0.582089552238806,11,1,0.8784508016923073,0.09090909090909091,False
APOE_LRP1,neuron_glia,ApoE,LRP1,T / NK cell,Vascular smooth muscle,0.8861135700915722,94,0.6076769916306096,0.6019900497512438,0,0,0.8786620874511892,0.0,False
NPY_R,neuropeptide,Neuropeptide Y,NPY receptor,Erythrocyte (blood),Oligodendrocyte,0.02808975662630823,1342,0.6073544295191537,0.572139303482587,10,1,0.8786620874511892,0.1,False
GABA_B,neurotransmitter,GABA,GABA-B receptor,Oligodendrocyte,Endothelial,0.018210589343851263,220,0.6074431496205664,0.527363184079602,4,0,0.8786620874511892,0.0,False
RELN_R,guidance,Reelin,Reelin receptor,Fibroblast / VLMC,Pericyte,0.008266843531442724,92,0.6076833757196085,0.44776119402985076,1,0,0.8786620874511892,0.0,False
RELN_R,guidance,Reelin,Reelin receptor,T / NK cell,Choroid plexus,0.011183251594674998,116,0.6078979504022517,0.5373134328358209,2,0,0.8787008062811664,0.0,False
GLU_KAINATE,neurotransmitter,Glutamate,Kainate receptor,Erythrocyte (blood),Fibroblast / VLMC,0.6738042660229361,477,0.6081359448303332,0.5522388059701493,8,0,0.8787733433789775,0.0,False
GLU_AMPA,neurotransmitter,Glutamate,AMPA receptor,Oligodendrocyte,Vascular smooth muscle,1.2023224842668785,99,0.6085072758598337,0.5870646766169154,0,0,0.879038451296129,0.0,False
PACAP_R,neuropeptide,PACAP,PACAP receptor,Fibroblast / VLMC,T / NK cell,0.05358381697495059,221,0.6098535202508573,0.5870646766169154,4,0,0.8806236335693436,0.0,False
IL34_CSF1R,neuron_glia,IL-34,CSF1R,Oligodendrocyte,Ependymal,0.005739887915045967,221,0.6099810208160381,0.527363184079602,3,1,0.8806236335693436,0.3333333333333333,False
CORT_SSTR,neuropeptide,Cortistatin,Somatostatin receptor,Border macrophage,Fibroblast / VLMC,0.012663246369829365,408,0.6104192046016793,0.582089552238806,7,0,0.8809844103427691,0.0,False
CORT_SSTR,neuropeptide,Cortistatin,Somatostatin receptor,T / NK cell,Endothelial,0.009973128322556086,253,0.6107339717602237,0.5373134328358209,7,0,0.8811668991261444,0.0,False
PTN_PTPRZ1,neuron_glia,Pleiotrophin,PTPRZ1,T / NK cell,Pericyte,0.24233811974525452,100,0.6111844244489754,0.5970149253731343,0,0,0.8812733195675673,0.0,False
SLIT_ROBO,guidance,Slit,Robo,Endothelial,Inhibitory neuron,0.046652114107495264,42,0.6110998456388383,0.5572139303482587,0,0,0.8812733195675673,0.0,False
APOE_LRP1,neuron_glia,ApoE,LRP1,Border macrophage,Microglia,0.8973516662136402,153,0.6124067776391654,0.6368159203980099,3,0,0.8813781732436705,0.0,False
GLU_MGLUR_II,neurotransmitter,Glutamate,Group II mGluR,Choroid plexus,T / NK cell,0.8555976799849806,116,0.6179176070278543,0.6169154228855721,2,0,0.8813781732436705,0.0,False
APOE_LRP1,neuron_glia,ApoE,LRP1,Inhibitory neuron,Astrocyte,0.8489822097446608,46,0.616804267952232,0.6069651741293532,0,0,0.8813781732436705,0.0,False
APOE_LRP1,neuron_glia,ApoE,LRP1,Oligodendrocyte,Inhibitory neuron,0.7731149792671204,40,0.6181335912112886,0.5422885572139303,0,0,0.8813781732436705,0.0,False
GLU_KAINATE,neurotransmitter,Glutamate,Kainate receptor,Ependymal,Excitatory neuron,0.6603549862430044,274,0.617309610997313,0.6218905472636815,7,0,0.8813781732436705,0.0,False
GLU_KAINATE,neurotransmitter,Glutamate,Kainate receptor,Astrocyte,Erythrocyte (blood),0.49418399653621226,537,0.6179788678221416,0.5920398009950248,11,0,0.8813781732436705,0.0,False
GLU_KAINATE,neurotransmitter,Glutamate,Kainate receptor,Ependymal,T / NK cell,0.4690513941420226,119,0.6174312783343407,0.5920398009950248,1,0,0.8813781732436705,0.0,False
GLU_KAINATE,neurotransmitter,Glutamate,Kainate receptor,Fibroblast / VLMC,Inhibitory neuron,0.4497909683447618,26,0.6181869966338942,0.572139303482587,0,0,0.8813781732436705,0.0,False
GLU_NMDA_2A,neurotransmitter,Glutamate,NMDA receptor (GluN1/2A),Microglia,Fibroblast / VLMC,0.40792729025301727,92,0.6163776768304734,0.6318407960199005,1,0,0.8813781732436705,0.0,False
GLU_NMDA_2B,neurotransmitter,Glutamate,NMDA receptor (GluN1/2B),Excitatory neuron,Inhibitory neuron,0.35544312271204864,88,0.6165764356865421,0.582089552238806,0,0,0.8813781732436705,0.0,False
NRXN_NLGN,synaptic_adhesion,Neurexin,Neuroligin,Vascular smooth muscle,Microglia,0.3275859458105905,35,0.6159990008214967,0.6069651741293532,0,0,0.8813781732436705,0.0,False
GLU_MGLUR_I,neurotransmitter,Glutamate,Group I mGluR,Pericyte,Choroid plexus,0.28276090505646495,41,0.6182267930296488,0.5771144278606966,0,0,0.8813781732436705,0.0,False
GLU_NMDA_2B,neurotransmitter,Glutamate,NMDA receptor (GluN1/2B),Astrocyte,Vascular smooth muscle,0.18136526763690675,237,0.6149422636299122,0.6069651741293532,7,0,0.8813781732436705,0.0,False
GLU_MGLUR_III,neurotransmitter,Glutamate,Group III mGluR,Erythrocyte (blood),Microglia,0.11894936351215138,170,0.6150967166594958,0.5373134328358209,4,0,0.8813781732436705,0.0,False
GLU_MGLUR_III,neurotransmitter,Glutamate,Group III mGluR,Microglia,Erythrocyte (blood),0.11694659976398243,170,0.6146310878376323,0.5970149253731343,4,0,0.8813781732436705,0.0,False
SST_SSTR,neuropeptide,Somatostatin,Somatostatin receptor,Oligodendrocyte,T / NK cell,0.08827194709651517,453,0.6145150785086376,0.6119402985074627,9,1,0.8813781732436705,0.1111111111111111,False
SST_SSTR,neuropeptide,Somatostatin,Somatostatin receptor,Vascular smooth muscle,Microglia,0.08527051380702427,35,0.6178908143156974,0.5522388059701493,0,0,0.8813781732436705,0.0,False
BDNF_TRKB,neurotrophin,BDNF,TrkB,Erythrocyte (blood),Pericyte,0.05156692875756158,225,0.6132614406167927,0.6019900497512438,5,0,0.8813781732436705,0.0,False
SLIT_ROBO,guidance,Slit,Robo,Ependymal,Vascular smooth muscle,0.04321348938074979,88,0.6129050579095049,0.5522388059701493,0,0,0.8813781732436705,0.0,False
CX3CL1_CX3CR1,neuron_glia,Fractalkine,CX3CR1,Border macrophage,Erythrocyte (blood),0.042756180647971494,848,0.6168263255179645,0.5970149253731343,12,0,0.8813781732436705,0.0,False
CX3CL1_CX3CR1,neuron_glia,Fractalkine,CX3CR1,Border macrophage,T / NK cell,0.041973064541816714,400,0.6114674537883953,0.6119402985074627,11,1,0.8813781732436705,0.09090909090909091,False
SLIT_ROBO,guidance,Slit,Robo,Vascular smooth muscle,Ependymal,0.041524426503614945,88,0.6116364788137885,0.572139303482587,0,0,0.8813781732436705,0.0,False
RELN_R,guidance,Reelin,Reelin receptor,Microglia,Astrocyte,0.040494531604415136,141,0.6174377366733922,0.5771144278606966,4,0,0.8813781732436705,0.0,False
PACAP_R,neuropeptide,PACAP,PACAP receptor,Astrocyte,T / NK cell,0.03322094961487014,232,0.6148041805859332,0.5970149253731343,4,0,0.8813781732436705,0.0,False
PACAP_R,neuropeptide,PACAP,PACAP receptor,Erythrocyte (blood),Astrocyte,0.02804653138421767,537,0.6145700753051875,0.5970149253731343,11,1,0.8813781732436705,0.09090909090909091,False
CX3CL1_CX3CR1,neuron_glia,Fractalkine,CX3CR1,Microglia,Pericyte,0.02569939150954738,33,0.6126914094126694,0.4577114427860697,0,0,0.8813781732436705,0.0,False
CORT_SSTR,neuropeptide,Cortistatin,Somatostatin receptor,Excitatory neuron,T / NK cell,0.015376970240597351,651,0.6162931943062755,0.5771144278606966,12,0,0.8813781732436705,0.0,False
NPY_R,neuropeptide,Neuropeptide Y,NPY receptor,Erythrocyte (blood),Border macrophage,0.01500360924258547,848,0.6155553455215196,0.5621890547263682,12,2,0.8813781732436705,0.16666666666666666,False
NPY_R,neuropeptide,Neuropeptide Y,NPY receptor,Vascular smooth muscle,Erythrocyte (blood),0.014268725230221003,237,0.618071159520927,0.5422885572139303,5,0,0.8813781732436705,0.0,False
PACAP_R,neuropeptide,PACAP,PACAP receptor,Ependymal,Fibroblast / VLMC,0.011771058792970619,245,0.6130185656291931,0.5024875621890548,6,0,0.8813781732436705,0.0,False
APOE_TREM2,neuron_glia,ApoE,TREM2,Endothelial,Erythrocyte (blood),0.011059941466809924,594,0.613916930746571,0.5422885572139303,12,1,0.8813781732436705,0.08333333333333333,False
GABA_A,neurotransmitter,GABA,GABA-A receptor,Fibroblast / VLMC,Astrocyte,0.009736247711780808,382,0.6182241255471863,0.5870646766169154,7,1,0.8813781732436705,0.14285714285714285,False
NPY_R,neuropeptide,Neuropeptide Y,NPY receptor,Ependymal,Astrocyte,0.005874953940956893,334,0.6135561096155239,0.5323383084577115,5,0,0.8813781732436705,0.0,False
CSF1_CSF1R,neuron_glia,CSF-1,CSF1R,Erythrocyte (blood),Choroid plexus,0.005791088586212486,279,0.6145848227845234,0.5472636815920398,7,0,0.8813781732436705,0.0,False
TAC1_NK1,neuropeptide,Substance P,NK1 receptor,Erythrocyte (blood),Erythrocyte (blood),0.0011081261870367252,6296,0.6165715487044723,0.5671641791044776,12,1,0.8813781732436705,0.08333333333333333,False
TAC1_NK1,neuropeptide,Substance P,NK1 receptor,Endothelial,Excitatory neuron,0.0007503918739927917,595,0.6155448990352049,0.4079601990049751,12,0,0.8813781732436705,0.0,False
TGFB1_R,neurovascular,TGF-beta1,TGF-beta receptor,Oligodendrocyte,Oligodendrocyte,0.00011860612821627586,19620,0.6126860511142371,0.5422885572139303,12,0,0.8813781732436705,0.0,False
MDK_PTPRZ1,neuron_glia,Midkine,PTPRZ1,OPC,Oligodendrocyte,0.11511761198441188,48,0.6189601104249333,0.582089552238806,0,0,0.8819363785065538,0.0,False
MDK_PTPRZ1,neuron_glia,Midkine,PTPRZ1,Astrocyte,Inhibitory neuron,0.02048565641693447,46,0.6189953124632448,0.5472636815920398,0,0,0.8819363785065538,0.0,False
GLU_KAINATE,neurotransmitter,Glutamate,Kainate receptor,Inhibitory neuron,Border macrophage,0.4086903198710028,53,0.6197472475241435,0.6119402985074627,0,0,0.8826811437769843,0.0,False
CX3CL1_CX3CR1,neuron_glia,Fractalkine,CX3CR1,T / NK cell,Ependymal,0.02291703023830382,119,0.6200839751218096,0.582089552238806,1,0,0.8826811437769843,0.0,False
PDGFB_PDGFRB,neurovascular,PDGF-B,PDGFRB,Endothelial,Excitatory neuron,0.007560357576658746,595,0.6200238516961121,0.572139303482587,12,0,0.8826811437769843,0.0,False
GLU_AMPA,neurotransmitter,Glutamate,AMPA receptor,Oligodendrocyte,Microglia,1.2255136469035472,103,0.6218057134599035,0.6417910447761194,2,0,0.8829554844635253,0.0,False
GLU_NMDA_2A,neurotransmitter,Glutamate,NMDA receptor (GluN1/2A),Pericyte,Oligodendrocyte,0.4956474025198754,141,0.6214094217162474,0.6119402985074627,1,0,0.8829554844635253,0.0,False
GLU_AMPA,neurotransmitter,Glutamate,AMPA receptor,OPC,Astrocyte,0.49530452230702277,23,0.6216748465340974,0.5870646766169154,0,0,0.8829554844635253,0.0,False
GLU_NMDA_2A,neurotransmitter,Glutamate,NMDA receptor (GluN1/2A),Inhibitory neuron,Choroid plexus,0.4404092371463776,20,0.622027074498127,0.5970149253731343,0,0,0.8829554844635253,0.0,False
GLU_NMDA_2A,neurotransmitter,Glutamate,NMDA receptor (GluN1/2A),Inhibitory neuron,Fibroblast / VLMC,0.36424107734973615,26,0.6223524658603776,0.572139303482587,0,0,0.8829554844635253,0.0,False
NRXN_NLGN,synaptic_adhesion,Neurexin,Neuroligin,Oligodendrocyte,Ependymal,0.33799783946162437,221,0.6220384721048244,0.6268656716417911,3,1,0.8829554844635253,0.3333333333333333,False
GLU_MGLUR_III,neurotransmitter,Glutamate,Group III mGluR,Border macrophage,Vascular smooth muscle,0.12470571296971018,164,0.6208019408483335,0.5870646766169154,1,0,0.8829554844635253,0.0,False
MDK_PTPRZ1,neuron_glia,Midkine,PTPRZ1,Choroid plexus,Erythrocyte (blood),0.055679768537535035,279,0.6210910828406102,0.6417910447761194,7,0,0.8829554844635253,0.0,False
CX3CL1_CX3CR1,neuron_glia,Fractalkine,CX3CR1,Pericyte,T / NK cell,0.03321927785873413,100,0.6208368883644133,0.5771144278606966,0,0,0.8829554844635253,0.0,False
CX3CL1_CX3CR1,neuron_glia,Fractalkine,CX3CR1,Ependymal,Border macrophage,0.01668416464477159,241,0.622217115186632,0.5323383084577115,5,0,0.8829554844635253,0.0,False
NRG1_ERBB4,guidance,Neuregulin-1,ErbB4,Fibroblast / VLMC,Oligodendrocyte,0.0013153368911584659,722,0.621034375821601,0.4228855721393035,10,0,0.8829554844635253,0.0,False
GLU_KAINATE,neurotransmitter,Glutamate,Kainate receptor,Fibroblast / VLMC,Choroid plexus,0.633078049922335,138,0.6226362576835367,0.6069651741293532,2,0,0.8830767879392147,0.0,False
GABA_B,neurotransmitter,GABA,GABA-B receptor,Ependymal,Astrocyte,0.0026781184230735915,334,0.6228154306901921,0.6169154228855721,5,0,0.8830767879392147,0.0,False
APOE_LRP1,neuron_glia,ApoE,LRP1,Vascular smooth muscle,Oligodendrocyte,0.9049712865039555,99,0.6233292876581463,0.6318407960199005,0,0,0.8833000799450678,0.0,False
PTN_PTPRZ1,neuron_glia,Pleiotrophin,PTPRZ1,Excitatory neuron,Choroid plexus,0.2250015150720828,321,0.6235392528443169,0.6368159203980099,7,0,0.8833000799450678,0.0,False
GLU_MGLUR_III,neurotransmitter,Glutamate,Group III mGluR,Choroid plexus,T / NK cell,0.157830241425284,116,0.6234822458175013,0.572139303482587,2,0,0.8833000799450678,0.0,False
CX3CL1_CX3CR1,neuron_glia,Fractalkine,CX3CR1,Oligodendrocyte,Border macrophage,0.026048295564584798,429,0.6237600805108557,0.5970149253731343,9,1,0.8833454651060212,0.1111111111111111,False
APOE_LRP1,neuron_glia,ApoE,LRP1,Endothelial,Inhibitory neuron,0.9663302728107998,42,0.6249422558636347,0.6467661691542289,0,0,0.8834423619716555,0.0,False
APOE_LRP1,neuron_glia,ApoE,LRP1,Inhibitory neuron,Excitatory neuron,0.7800024734302,88,0.6248650559180935,0.6467661691542289,0,0,0.8834423619716555,0.0,False
PTN_PTPRZ1,neuron_glia,Pleiotrophin,PTPRZ1,Fibroblast / VLMC,Fibroblast / VLMC,0.17827202055765234,1242,0.6249613631387433,0.6069651741293532,9,0,0.8834423619716555,0.0,False
NPY_R,neuropeptide,Neuropeptide Y,NPY receptor,Excitatory neuron,Oligodendrocyte,0.0227604186078673,601,0.6243224345512289,0.6019900497512438,12,1,0.8834423619716555,0.08333333333333333,False
VEGFA_R,neurovascular,VEGF-A,VEGF receptor,Astrocyte,Astrocyte,0.008981106088701233,1758,0.6247352847949422,0.6019900497512438,11,0,0.8834423619716555,0.0,False
IL34_CSF1R,neuron_glia,IL-34,CSF1R,Fibroblast / VLMC,Erythrocyte (blood),0.006626060673775663,477,0.6240760588976022,0.572139303482587,8,0,0.8834423619716555,0.0,False
APOE_LRP1,neuron_glia,ApoE,LRP1,Border macrophage,Inhibitory neuron,0.8448508168166539,53,0.6272162674454881,0.6069651741293532,0,0,0.8835319283993797,0.0,False
PTN_PTPRZ1,neuron_glia,Pleiotrophin,PTPRZ1,Microglia,Ependymal,0.23686751486763122,63,0.6272552763289478,0.5671641791044776,1,0,0.8835319283993797,0.0,False
PTN_PTPRZ1,neuron_glia,Pleiotrophin,PTPRZ1,Ependymal,Ependymal,0.18332482480454718,174,0.6274795037553192,0.5870646766169154,4,1,0.8835319283993797,0.25,False
GLU_MGLUR_III,neurotransmitter,Glutamate,Group III mGluR,Erythrocyte (blood),Choroid plexus,0.15088063841652272,279,0.6265658356753764,0.5771144278606966,7,0,0.8835319283993797,0.0,False
SST_SSTR,neuropeptide,Somatostatin,Somatostatin receptor,Inhibitory neuron,Choroid plexus,0.1404951810836792,20,0.6274144319373638,0.572139303482587,0,0,0.8835319283993797,0.0,False
MDK_PTPRZ1,neuron_glia,Midkine,PTPRZ1,T / NK cell,Astrocyte,0.05267271502264615,232,0.6258626397911065,0.6019900497512438,4,0,0.8835319283993797,0.0,False
PACAP_R,neuropeptide,PACAP,PACAP receptor,Border macrophage,Microglia,0.04733657758999494,153,0.6273143331165327,0.572139303482587,3,0,0.8835319283993797,0.0,False
SST_SSTR,neuropeptide,Somatostatin,Somatostatin receptor,Ependymal,Inhibitory neuron,0.04490376340931859,29,0.6257063246341064,0.5472636815920398,0,0,0.8835319283993797,0.0,False
BDNF_TRKB,neurotrophin,BDNF,TrkB,Fibroblast / VLMC,Pericyte,0.029954804026562233,92,0.627427581275821,0.6666666666666666,1,0,0.8835319283993797,0.0,False
NPY_R,neuropeptide,Neuropeptide Y,NPY receptor,Erythrocyte (blood),Choroid plexus,0.019263904368151046,279,0.6267124352661686,0.5870646766169154,7,0,0.8835319283993797,0.0,False
GABA_A,neurotransmitter,GABA,GABA-A receptor,Astrocyte,Border macrophage,0.009635622649229774,516,0.6254935622243218,0.5621890547263682,8,0,0.8835319283993797,0.0,False
PDGFB_PDGFRB,neurovascular,PDGF-B,PDGFRB,Excitatory neuron,Choroid plexus,0.005227409233556729,321,0.6263648671847686,0.5970149253731343,7,0,0.8835319283993797,0.0,False
CSF1_CSF1R,neuron_glia,CSF-1,CSF1R,Erythrocyte (blood),Endothelial,0.0035512515591451213,594,0.6263879552508649,0.5572139303482587,12,0,0.8835319283993797,0.0,False
PTN_PTPRZ1,neuron_glia,Pleiotrophin,PTPRZ1,Choroid plexus,Inhibitory neuron,0.1331653356552124,20,0.6285033576126658,0.5422885572139303,0,0,0.8842146860475569,0.0,False
GABA_B,neurotransmitter,GABA,GABA-B receptor,Ependymal,T / NK cell,0.02191049511693105,119,0.628531319896169,0.582089552238806,1,0,0.8842146860475569,0.0,False
VEGFA_R,neurovascular,VEGF-A,VEGF receptor,Oligodendrocyte,Erythrocyte (blood),0.0061375560952369925,1342,0.628474680901494,0.6019900497512438,10,0,0.8842146860475569,0.0,False
GLU_KAINATE,neurotransmitter,Glutamate,Kainate receptor,Ependymal,Pericyte,0.453397199511528,72,0.629195947678356,0.6069651741293532,0,0,0.8845528448107528,0.0,False
GLU_NMDA_2B,neurotransmitter,Glutamate,NMDA receptor (GluN1/2B),T / NK cell,Vascular smooth muscle,0.329646165066577,94,0.6297388047494747,0.6119402985074627,0,0,0.8845528448107528,0.0,False
PTN_PTPRZ1,neuron_glia,Pleiotrophin,PTPRZ1,T / NK cell,Border macrophage,0.22650775104761123,400,0.6291195427493078,0.6069651741293532,11,0,0.8845528448107528,0.0,False
GLU_MGLUR_III,neurotransmitter,Glutamate,Group III mGluR,Choroid plexus,Endothelial,0.15629965918404715,84,0.6295086225818052,0.5671641791044776,0,0,0.8845528448107528,0.0,False
BDNF_TRKB,neurotrophin,BDNF,TrkB,Choroid plexus,Excitatory neuron,0.06837571372867002,321,0.6304731219157642,0.6567164179104478,7,0,0.8845528448107528,0.0,False
BDNF_TRKB,neurotrophin,BDNF,TrkB,Astrocyte,Excitatory neuron,0.05574851181535494,336,0.6299824952451111,0.6467661691542289,9,0,0.8845528448107528,0.0,False
CX3CL1_CX3CR1,neuron_glia,Fractalkine,CX3CR1,T / NK cell,Fibroblast / VLMC,0.03364971832991725,221,0.6297649651559476,0.5870646766169154,4,0,0.8845528448107528,0.0,False
GABA_B,neurotransmitter,GABA,GABA-B receptor,Fibroblast / VLMC,Vascular smooth muscle,0.010038053060506846,154,0.6304630149667673,0.582089552238806,2,0,0.8845528448107528,0.0,False
NPY_R,neuropeptide,Neuropeptide Y,NPY receptor,Endothelial,Ependymal,0.004852074707670165,203,0.6304040051935137,0.48756218905472637,3,0,0.8845528448107528,0.0,False
SLIT_ROBO,guidance,Slit,Robo,Oligodendrocyte,Erythrocyte (blood),0.08045219144771422,1342,0.6307918167940461,0.5970149253731343,10,1,0.884734685485414,0.1,False
APOE_LRP1,neuron_glia,ApoE,LRP1,Astrocyte,Fibroblast / VLMC,1.0799432677748315,382,0.6312807503821009,0.6218905472636815,7,1,0.8851551186808061,0.14285714285714285,False
GLU_KAINATE,neurotransmitter,Glutamate,Kainate receptor,Fibroblast / VLMC,Ependymal,0.3749164513179234,245,0.6328380427772688,0.6268656716417911,6,0,0.8859078041280269,0.0,False
GLU_MGLUR_I,neurotransmitter,Glutamate,Group I mGluR,Astrocyte,T / NK cell,0.2498763820220684,232,0.6328489862252168,0.6069651741293532,4,0,0.8859078041280269,0.0,False
SST_SSTR,neuropeptide,Somatostatin,Somatostatin receptor,Excitatory neuron,Astrocyte,0.11670034964169775,336,0.6329029207390215,0.5920398009950248,9,1,0.8859078041280269,0.1111111111111111,False
BDNF_TRKB,neurotrophin,BDNF,TrkB,Excitatory neuron,Vascular smooth muscle,0.05260939598083496,225,0.6329535775165621,0.6169154228855721,4,0,0.8859078041280269,0.0,False
MDK_PTPRZ1,neuron_glia,Midkine,PTPRZ1,Fibroblast / VLMC,Ependymal,0.03504603930882045,245,0.6322518945970076,0.6019900497512438,6,0,0.8859078041280269,0.0,False
NPY_R,neuropeptide,Neuropeptide Y,NPY receptor,Inhibitory neuron,Excitatory neuron,0.012392973357980902,88,0.6323284184073229,0.5771144278606966,0,0,0.8859078041280269,0.0,False
RELN_R,guidance,Reelin,Reelin receptor,Vascular smooth muscle,Choroid plexus,0.04119459527437804,61,0.6332068742269107,0.6069651741293532,0,0,0.8859972979987186,0.0,False
NRG1_ERBB4,guidance,Neuregulin-1,ErbB4,T / NK cell,Choroid plexus,0.008988306440156081,116,0.6338855255588222,0.5472636815920398,2,0,0.8865326351531205,0.0,False
PDGFB_PDGFRB,neurovascular,PDGF-B,PDGFRB,Border macrophage,Border macrophage,0.002532487799381388,638,0.633968411460214,0.5621890547263682,12,1,0.8865326351531205,0.08333333333333333,False
SLIT_ROBO,guidance,Slit,Robo,Endothelial,Border macrophage,0.05420609894074167,381,0.6351291290524032,0.6268656716417911,10,1,0.8873108730539935,0.1,False
RELN_R,guidance,Reelin,Reelin receptor,Excitatory neuron,Choroid plexus,0.0077813191577281535,321,0.6348405011636868,0.5671641791044776,7,0,0.8873108730539935,0.0,False
PDGFB_PDGFRB,neurovascular,PDGF-B,PDGFRB,Fibroblast / VLMC,Erythrocyte (blood),0.0050035222771282716,477,0.6352834846614401,0.5522388059701493,8,0,0.8873108730539935,0.0,False
PENK_OPR,neuropeptide,Enkephalin,Delta/mu opioid receptor,Erythrocyte (blood),Endothelial,0.00119288059998843,594,0.6349567494275681,0.472636815920398,12,1,0.8873108730539935,0.08333333333333333,False
SLIT_ROBO,guidance,Slit,Robo,Endothelial,Ependymal,0.06491953986031669,203,0.6356572894843457,0.6268656716417911,3,0,0.8875680267076258,0.0,False
GLU_MGLUR_II,neurotransmitter,Glutamate,Group II mGluR,Microglia,Endothelial,0.6194969793645347,82,0.6381670555784008,0.6417910447761194,0,0,0.8876230100617151,0.0,False
GLU_MGLUR_II,neurotransmitter,Glutamate,Group II mGluR,Microglia,Microglia,0.5361634152276176,42,0.6361366810692326,0.6318407960199005,0,0,0.8876230100617151,0.0,False
GLU_NMDA_2B,neurotransmitter,Glutamate,NMDA receptor (GluN1/2B),Excitatory neuron,Microglia,0.3377590190039741,225,0.6367210582208171,0.6069651741293532,5,0,0.8876230100617151,0.0,False
GLU_NMDA_2B,neurotransmitter,Glutamate,NMDA receptor (GluN1/2B),Border macrophage,Ependymal,0.24206919590961884,241,0.6372293118612711,0.6467661691542289,5,0,0.8876230100617151,0.0,False
CCK_R,neuropeptide,Cholecystokinin,CCK receptor,Astrocyte,Vascular smooth muscle,0.23601620207355997,237,0.637593086430109,0.6019900497512438,7,0,0.8876230100617151,0.0,False
GLU_MGLUR_III,neurotransmitter,Glutamate,Group III mGluR,Pericyte,Oligodendrocyte,0.11725738961645897,141,0.6383525173878332,0.6318407960199005,1,0,0.8876230100617151,0.0,False
MDK_PTPRZ1,neuron_glia,Midkine,PTPRZ1,Border macrophage,Microglia,0.048956964140624004,153,0.6383205980822834,0.6218905472636815,3,0,0.8876230100617151,0.0,False
MDK_PTPRZ1,neuron_glia,Midkine,PTPRZ1,Inhibitory neuron,T / NK cell,0.046587978090558736,28,0.6362450495404874,0.5522388059701493,0,0,0.8876230100617151,0.0,False
MDK_PTPRZ1,neuron_glia,Midkine,PTPRZ1,Endothelial,Oligodendrocyte,0.025366663932800293,220,0.6375227237362329,0.6218905472636815,4,0,0.8876230100617151,0.0,False
GABA_A,neurotransmitter,GABA,GABA-A receptor,Fibroblast / VLMC,Border macrophage,0.011934683895578571,408,0.6378831013585837,0.6169154228855721,7,0,0.8876230100617151,0.0,False
APOE_TREM2,neuron_glia,ApoE,TREM2,Erythrocyte (blood),Fibroblast / VLMC,0.009891858890621417,477,0.6381981096896925,0.5621890547263682,8,0,0.8876230100617151,0.0,False
GABA_B,neurotransmitter,GABA,GABA-B receptor,Endothelial,T / NK cell,0.009495786056216997,253,0.6378603563954814,0.5671641791044776,7,0,0.8876230100617151,0.0,False
VIP_R,neuropeptide,VIP,VIP receptor,Fibroblast / VLMC,Ependymal,0.00919859944557657,245,0.6374550649827184,0.5870646766169154,6,0,0.8876230100617151,0.0,False
PDGFB_PDGFRB,neurovascular,PDGF-B,PDGFRB,Border macrophage,Excitatory neuron,0.00447773499204623,1057,0.6373806444429024,0.5920398009950248,12,0,0.8876230100617151,0.0,False
CCK_R,neuropeptide,Cholecystokinin,CCK receptor,Microglia,Endothelial,0.26755977549204013,82,0.6390450548231164,0.6119402985074627,0,0,0.8877891705326595,0.0,False
CX3CL1_CX3CR1,neuron_glia,Fractalkine,CX3CR1,Ependymal,Oligodendrocyte,0.018757259144502526,221,0.6392309714735049,0.6268656716417911,3,0,0.8877891705326595,0.0,False
APOE_TREM2,neuron_glia,ApoE,TREM2,Pericyte,Erythrocyte (blood),0.008325206968519423,225,0.639012677720955,0.6069651741293532,5,0,0.8877891705326595,0.0,False
CRH_R,neuropeptide,CRH,CRH receptor,Oligodendrocyte,Oligodendrocyte,0.00026434688514647255,19620,0.6387343384566517,0.6069651741293532,12,1,0.8877891705326595,0.08333333333333333,False
CCK_R,neuropeptide,Cholecystokinin,CCK receptor,Vascular smooth muscle,Oligodendrocyte,0.19889381437590628,99,0.6397317985062955,0.6218905472636815,0,0,0.8879749793874866,0.0,False
BDNF_TRKB,neurotrophin,BDNF,TrkB,T / NK cell,Vascular smooth muscle,0.06318728720888178,94,0.6397497915710377,0.6169154228855721,0,0,0.8879749793874866,0.0,False
TAC1_NK1,neuropeptide,Substance P,NK1 receptor,Excitatory neuron,Excitatory neuron,0.0009175904880486514,2258,0.6399340949977783,0.572139303482587,12,0,0.8879749793874866,0.0,False
GLU_AMPA,neurotransmitter,Glutamate,AMPA receptor,Oligodendrocyte,Endothelial,1.8306764819405295,220,0.6401656284168856,0.6368159203980099,4,0,0.8880207792625077,0.0,False
GLU_AMPA,neurotransmitter,Glutamate,AMPA receptor,Astrocyte,Endothelial,0.9784929666587775,417,0.640536467196188,0.6318407960199005,6,0,0.8880207792625077,0.0,False
RELN_R,guidance,Reelin,Reelin receptor,Choroid plexus,Excitatory neuron,0.011188525462819038,321,0.6404667794904119,0.6517412935323383,7,0,0.8880207792625077,0.0,False
SST_SSTR,neuropeptide,Somatostatin,Somatostatin receptor,Vascular smooth muscle,Choroid plexus,0.05607044696807861,61,0.6408663627150127,0.582089552238806,0,0,0.8882149618316186,0.0,False
CCK_R,neuropeptide,Cholecystokinin,CCK receptor,Microglia,Choroid plexus,0.19594458738962808,24,0.6417194857683992,0.582089552238806,0,0,0.8887430964113424,0.0,False
PTN_PTPRZ1,neuron_glia,Pleiotrophin,PTPRZ1,Choroid plexus,Fibroblast / VLMC,0.17085333622020224,138,0.6415768833384918,0.6019900497512438,2,0,0.8887430964113424,0.0,False
SST_SSTR,neuropeptide,Somatostatin,Somatostatin receptor,Ependymal,Fibroblast / VLMC,0.04203650513473822,245,0.6418172521423223,0.6417910447761194,6,0,0.8887430964113424,0.0,False
GLU_MGLUR_II,neurotransmitter,Glutamate,Group II mGluR,Ependymal,Endothelial,0.471627965349282,203,0.6429360671884568,0.6567164179104478,3,1,0.8894505473073784,0.3333333333333333,False
RELN_R,guidance,Reelin,Reelin receptor,Border macrophage,Ependymal,0.03197391436307757,241,0.6434314605645287,0.6616915422885572,5,0,0.8894505473073784,0.0,False
CORT_SSTR,neuropeptide,Cortistatin,Somatostatin receptor,Endothelial,Border macrophage,0.014019635014646635,381,0.6432548067762252,0.6268656716417911,10,0,0.8894505473073784,0.0,False
NPY_R,neuropeptide,Neuropeptide Y,NPY receptor,Astrocyte,Choroid plexus,0.008991548889561704,152,0.6430716781932959,0.5373134328358209,2,0,0.8894505473073784,0.0,False
CSF1_CSF1R,neuron_glia,CSF-1,CSF1R,Pericyte,Erythrocyte (blood),0.002672612402174208,225,0.6427537948684048,0.4925373134328358,5,0,0.8894505473073784,0.0,False
NRG1_ERBB4,guidance,Neuregulin-1,ErbB4,Endothelial,Erythrocyte (blood),0.0026545624941687793,594,0.6434687118263467,0.5970149253731343,12,0,0.8894505473073784,0.0,False
RELN_R,guidance,Reelin,Reelin receptor,Excitatory neuron,T / NK cell,0.007032483404133177,651,0.644314657287649,0.582089552238806,12,1,0.8903568462637064,0.08333333333333333,False
GLU_MGLUR_III,neurotransmitter,Glutamate,Group III mGluR,Inhibitory neuron,Fibroblast / VLMC,0.06668999103399423,26,0.6445740999747201,0.6218905472636815,0,0,0.890452380803577,0.0,False
GLU_MGLUR_II,neurotransmitter,Glutamate,Group II mGluR,Ependymal,Vascular smooth muscle,0.4945286045020277,88,0.6456247850854716,0.6318407960199005,0,0,0.8916406049040501,0.0,False
SLIT_ROBO,guidance,Slit,Robo,Vascular smooth muscle,Border macrophage,0.0741882629510833,164,0.645938679052177,0.6318407960199005,1,0,0.8918108820552186,0.0,False
MDK_PTPRZ1,neuron_glia,Midkine,PTPRZ1,Excitatory neuron,Pericyte,0.026832108404122146,255,0.6464042701846014,0.6318407960199005,7,0,0.8921904366353245,0.0,False
CX3CL1_CX3CR1,neuron_glia,Fractalkine,CX3CR1,Endothelial,T / NK cell,0.03275611560806455,253,0.6468534540086573,0.6318407960199005,7,0,0.8925471280762334,0.0,False
NRXN_NLGN,synaptic_adhesion,Neurexin,Neuroligin,Oligodendrocyte,Choroid plexus,0.4622191348801488,230,0.6473965644705123,0.6417910447761194,6,0,0.8929319835633301,0.0,False
VIP_R,neuropeptide,VIP,VIP receptor,Astrocyte,T / NK cell,0.007355539449330034,232,0.6475140457855053,0.5870646766169154,4,0,0.8929319835633301,0.0,False
GLU_NMDA_2B,neurotransmitter,Glutamate,NMDA receptor (GluN1/2B),T / NK cell,Endothelial,0.2989020611457674,253,0.6479184597711648,0.6268656716417911,7,0,0.8931200711465325,0.0,False
MDK_PTPRZ1,neuron_glia,Midkine,PTPRZ1,Ependymal,Erythrocyte (blood),0.02855847979976923,241,0.6480321952431027,0.6119402985074627,6,0,0.8931200711465325,0.0,False
GLU_NMDA_2A,neurotransmitter,Glutamate,NMDA receptor (GluN1/2A),Erythrocyte (blood),Pericyte,0.5721453067991469,225,0.6483938766607992,0.6268656716417911,5,1,0.8933554030906594,0.2,False
GLU_MGLUR_I,neurotransmitter,Glutamate,Group I mGluR,Border macrophage,Fibroblast / VLMC,0.27055347331014334,408,0.6489688363970931,0.6218905472636815,7,0,0.8938843642926109,0.0,False
GLU_AMPA,neurotransmitter,Glutamate,AMPA receptor,Vascular smooth muscle,Ependymal,1.2512139732187444,88,0.6518998023455778,0.6567164179104478,0,0,0.8941072003157285,0.0,False
GLU_MGLUR_II,neurotransmitter,Glutamate,Group II mGluR,T / NK cell,Ependymal,0.676098847589573,119,0.6507140860636298,0.6368159203980099,1,0,0.8941072003157285,0.0,False
GLU_KAINATE,neurotransmitter,Glutamate,Kainate receptor,Endothelial,Choroid plexus,0.5795187091543561,84,0.6521880475908488,0.6368159203980099,0,0,0.8941072003157285,0.0,False
GLU_MGLUR_II,neurotransmitter,Glutamate,Group II mGluR,Oligodendrocyte,Vascular smooth muscle,0.5052288987419822,99,0.6517259472374491,0.6517412935323383,0,0,0.8941072003157285,0.0,False
NRXN_NLGN,synaptic_adhesion,Neurexin,Neuroligin,Ependymal,Erythrocyte (blood),0.4906625970270624,241,0.6511435442204091,0.6517412935323383,6,0,0.8941072003157285,0.0,False
CCK_R,neuropeptide,Cholecystokinin,CCK receptor,Astrocyte,Inhibitory neuron,0.17961342438407565,46,0.6515313864400859,0.5771144278606966,0,0,0.8941072003157285,0.0,False
GLU_MGLUR_I,neurotransmitter,Glutamate,Group I mGluR,Astrocyte,Endothelial,0.17083766134522801,417,0.6516723287807049,0.6268656716417911,6,1,0.8941072003157285,0.16666666666666666,False
PTN_PTPRZ1,neuron_glia,Pleiotrophin,PTPRZ1,Inhibitory neuron,Choroid plexus,0.16777268648147584,20,0.6501367324951435,0.5870646766169154,0,0,0.8941072003157285,0.0,False
CX3CL1_CX3CR1,neuron_glia,Fractalkine,CX3CR1,T / NK cell,Astrocyte,0.019974384842247797,232,0.6505011728006794,0.572139303482587,4,0,0.8941072003157285,0.0,False
NPY_R,neuropeptide,Neuropeptide Y,NPY receptor,Pericyte,Excitatory neuron,0.017229123910268148,255,0.6519862962487782,0.6169154228855721,7,1,0.8941072003157285,0.14285714285714285,False
NPY_R,neuropeptide,Neuropeptide Y,NPY receptor,Excitatory neuron,Astrocyte,0.012587365295205797,336,0.6500330564287811,0.6019900497512438,9,0,0.8941072003157285,0.0,False
RELN_R,guidance,Reelin,Reelin receptor,T / NK cell,Endothelial,0.012523679394024633,253,0.6517636361320044,0.572139303482587,7,0,0.8941072003157285,0.0,False
APOE_TREM2,neuron_glia,ApoE,TREM2,Excitatory neuron,Erythrocyte (blood),0.008963070630250614,1535,0.6521137264715275,0.6268656716417911,12,1,0.8941072003157285,0.08333333333333333,False
VEGFA_R,neurovascular,VEGF-A,VEGF receptor,Astrocyte,Border macrophage,0.006204235923382663,516,0.6520058369066506,0.5870646766169154,8,0,0.8941072003157285,0.0,False
IL34_CSF1R,neuron_glia,IL-34,CSF1R,Choroid plexus,Erythrocyte (blood),0.00599009503600418,279,0.6500800801294511,0.5870646766169154,7,0,0.8941072003157285,0.0,False
PDGFB_PDGFRB,neurovascular,PDGF-B,PDGFRB,T / NK cell,Fibroblast / VLMC,0.004819184406850133,221,0.6509550932672868,0.5870646766169154,4,0,0.8941072003157285,0.0,False
GLU_MGLUR_I,neurotransmitter,Glutamate,Group I mGluR,Erythrocyte (blood),Astrocyte,0.2752104966556116,537,0.6527147539305229,0.6368159203980099,11,1,0.8942975173281661,0.09090909090909091,False
PACAP_R,neuropeptide,PACAP,PACAP receptor,Endothelial,Excitatory neuron,0.034864132744925364,595,0.6529002605670048,0.6268656716417911,12,1,0.8942975173281661,0.08333333333333333,False
CX3CL1_CX3CR1,neuron_glia,Fractalkine,CX3CR1,Microglia,Erythrocyte (blood),0.03172313746284036,170,0.6525914180618237,0.6666666666666666,4,0,0.8942975173281661,0.0,False
GLU_AMPA,neurotransmitter,Glutamate,AMPA receptor,Microglia,Astrocyte,0.8975690391892237,141,0.6538252255449644,0.6417910447761194,4,0,0.8943621122602582,0.0,False
NRXN_NLGN,synaptic_adhesion,Neurexin,Neuroligin,Pericyte,Erythrocyte (blood),0.53765932586458,225,0.654094282572046,0.6616915422885572,5,1,0.8943621122602582,0.2,False
MDK_PTPRZ1,neuron_glia,Midkine,PTPRZ1,Choroid plexus,Ependymal,0.017327474766090267,61,0.6534693797649758,0.5920398009950248,0,0,0.8943621122602582,0.0,False
VIP_R,neuropeptide,VIP,VIP receptor,Astrocyte,Fibroblast / VLMC,0.014141708144342712,382,0.6539570996775281,0.6417910447761194,7,0,0.8943621122602582,0.0,False
APOE_TREM2,neuron_glia,ApoE,TREM2,Oligodendrocyte,T / NK cell,0.009377760602938419,453,0.6532532859558798,0.48756218905472637,9,0,0.8943621122602582,0.0,False
NPY_R,neuropeptide,Neuropeptide Y,NPY receptor,T / NK cell,Ependymal,0.008879548361321458,119,0.6537437227970345,0.5671641791044776,1,0,0.8943621122602582,0.0,False
RELN_R,guidance,Reelin,Reelin receptor,Oligodendrocyte,Erythrocyte (blood),0.006732942361590048,1342,0.654445418850183,0.5970149253731343,10,0,0.8945808106339487,0.0,False
GLU_MGLUR_II,neurotransmitter,Glutamate,Group II mGluR,Erythrocyte (blood),Vascular smooth muscle,0.7039253248947079,237,0.6549348009672602,0.6865671641791045,5,0,0.8946467727642202,0.0,False
SLIT_ROBO,guidance,Slit,Robo,Oligodendrocyte,Oligodendrocyte,0.06403511232496159,19620,0.6550672886279586,0.6368159203980099,12,2,0.8946467727642202,0.16666666666666666,False
VIP_R,neuropeptide,VIP,VIP receptor,Fibroblast / VLMC,Endothelial,0.009831488132476807,223,0.6549762315493233,0.5870646766169154,5,1,0.8946467727642202,0.2,False
BDNF_TRKB,neurotrophin,BDNF,TrkB,Microglia,Border macrophage,0.055371574327057485,153,0.6560911462908363,0.6368159203980099,3,0,0.8950728724881614,0.0,False
MDK_PTPRZ1,neuron_glia,Midkine,PTPRZ1,Astrocyte,Vascular smooth muscle,0.025460182865963705,237,0.6560447748387521,0.6467661691542289,7,0,0.8950728724881614,0.0,False
RELN_R,guidance,Reelin,Reelin receptor,Border macrophage,Microglia,0.012350223422829622,153,0.6559384629876598,0.5074626865671642,3,0,0.8950728724881614,0.0,False
IL34_CSF1R,neuron_glia,IL-34,CSF1R,Choroid plexus,Border macrophage,0.005401497034682441,194,0.6561444651922191,0.6218905472636815,3,0,0.8950728724881614,0.0,False
NRXN_NLGN,synaptic_adhesion,Neurexin,Neuroligin,Vascular smooth muscle,Border macrophage,0.42108887215939966,164,0.6571122776065741,0.6467661691542289,1,0,0.8951620698187552,0.0,False
CCK_R,neuropeptide,Cholecystokinin,CCK receptor,T / NK cell,Oligodendrocyte,0.27863709684502475,453,0.6569343358884119,0.6218905472636815,9,0,0.8951620698187552,0.0,False
CCK_R,neuropeptide,Cholecystokinin,CCK receptor,Astrocyte,T / NK cell,0.27184848230460595,232,0.6578116838679992,0.6169154228855721,4,0,0.8951620698187552,0.0,False
SST_SSTR,neuropeptide,Somatostatin,Somatostatin receptor,Vascular smooth muscle,Fibroblast / VLMC,0.08774383346755783,154,0.6572796846724354,0.6368159203980099,2,0,0.8951620698187552,0.0,False
CX3CL1_CX3CR1,neuron_glia,Fractalkine,CX3CR1,T / NK cell,Erythrocyte (blood),0.02811115311579106,526,0.6570390316249156,0.6368159203980099,12,1,0.8951620698187552,0.08333333333333333,False
BDNF_TRKB,neurotrophin,BDNF,TrkB,Border macrophage,Microglia,0.01284344056073357,153,0.6576362180586472,0.6567164179104478,3,0,0.8951620698187552,0.0,False
GABA_A,neurotransmitter,GABA,GABA-A receptor,Excitatory neuron,Astrocyte,0.010027520003772918,336,0.6577461576781488,0.6318407960199005,9,0,0.8951620698187552,0.0,False
GABA_B,neurotransmitter,GABA,GABA-B receptor,Oligodendrocyte,Ependymal,0.009875954546000622,221,0.6573048034191271,0.5522388059701493,3,0,0.8951620698187552,0.0,False
VEGFA_R,neurovascular,VEGF-A,VEGF receptor,Erythrocyte (blood),Fibroblast / VLMC,0.007150570426597036,477,0.6579316858531095,0.6169154228855721,8,0,0.8951620698187552,0.0,False
GLU_KAINATE,neurotransmitter,Glutamate,Kainate receptor,Endothelial,Oligodendrocyte,0.6918271416967565,220,0.6594726238351262,0.6467661691542289,4,0,0.8951817475638433,0.0,False
NRXN_NLGN,synaptic_adhesion,Neurexin,Neuroligin,Astrocyte,Oligodendrocyte,0.5392663015259637,342,0.659606394652804,0.6567164179104478,6,0,0.8951817475638433,0.0,False
GLU_NMDA_2B,neurotransmitter,Glutamate,NMDA receptor (GluN1/2B),Excitatory neuron,Vascular smooth muscle,0.40720210128360323,225,0.6600156446282227,0.6666666666666666,4,0,0.8951817475638433,0.0,False
GLU_MGLUR_I,neurotransmitter,Glutamate,Group I mGluR,Fibroblast / VLMC,Endothelial,0.2715112029704278,223,0.65881199957187,0.6766169154228856,5,1,0.8951817475638433,0.2,False
GLU_MGLUR_III,neurotransmitter,Glutamate,Group III mGluR,T / NK cell,Choroid plexus,0.1371911733314909,116,0.6600506580669501,0.6218905472636815,2,1,0.8951817475638433,0.5,False
SLIT_ROBO,guidance,Slit,Robo,Pericyte,Oligodendrocyte,0.07641313853838765,141,0.6594880956144304,0.6318407960199005,1,0,0.8951817475638433,0.0,False
MDK_PTPRZ1,neuron_glia,Midkine,PTPRZ1,T / NK cell,Excitatory neuron,0.047640430670912545,651,0.6581539353845952,0.6417910447761194,12,0,0.8951817475638433,0.0,False
CORT_SSTR,neuropeptide,Cortistatin,Somatostatin receptor,Astrocyte,Endothelial,0.01593998238908873,417,0.6597960964621385,0.6666666666666666,6,0,0.8951817475638433,0.0,False
NPY_R,neuropeptide,Neuropeptide Y,NPY receptor,Oligodendrocyte,Ependymal,0.008846177234908574,221,0.6599449207271466,0.5572139303482587,3,0,0.8951817475638433,0.0,False
IL34_CSF1R,neuron_glia,IL-34,CSF1R,Excitatory neuron,T / NK cell,0.008075421306944114,651,0.6584002718150891,0.6517412935323383,12,0,0.8951817475638433,0.0,False
RELN_R,guidance,Reelin,Reelin receptor,Excitatory neuron,Oligodendrocyte,0.0022131295846821663,601,0.65928166653226,0.6218905472636815,12,0,0.8951817475638433,0.0,False
SLIT_ROBO,guidance,Slit,Robo,Microglia,Fibroblast / VLMC,0.03020377068415932,92,0.6605066950586554,0.6019900497512438,1,0,0.8952812358573142,0.0,False
NPY_R,neuropeptide,Neuropeptide Y,NPY receptor,Erythrocyte (blood),Vascular smooth muscle,0.02044216288795954,237,0.660456046037392,0.6368159203980099,5,0,0.8952812358573142,0.0,False
GLU_MGLUR_III,neurotransmitter,Glutamate,Group III mGluR,Erythrocyte (blood),Astrocyte,0.1146386795203779,537,0.6608533280666411,0.6318407960199005,11,0,0.8954916658047535,0.0,False
SLIT_ROBO,guidance,Slit,Robo,Excitatory neuron,Choroid plexus,0.08703222378763455,321,0.6621283992446125,0.6417910447761194,7,1,0.8960526642260563,0.14285714285714285,False
SLIT_ROBO,guidance,Slit,Robo,Fibroblast / VLMC,Border macrophage,0.05689856541507384,408,0.6623254537003542,0.6218905472636815,7,0,0.8960526642260563,0.0,False
CORT_SSTR,neuropeptide,Cortistatin,Somatostatin receptor,Inhibitory neuron,Astrocyte,0.02048565641693447,46,0.6622782584996829,0.6218905472636815,0,0,0.8960526642260563,0.0,False
RELN_R,guidance,Reelin,Reelin receptor,Fibroblast / VLMC,Ependymal,0.016618931050203286,245,0.6616411503232825,0.6069651741293532,6,1,0.8960526642260563,0.16666666666666666,False
PACAP_R,neuropeptide,PACAP,PACAP receptor,Astrocyte,Microglia,0.015072528352128698,141,0.6624163636584588,0.6467661691542289,4,0,0.8960526642260563,0.0,False
VEGFA_R,neurovascular,VEGF-A,VEGF receptor,Erythrocyte (blood),Astrocyte,0.004193966615133445,537,0.6620978659312833,0.5870646766169154,11,0,0.8960526642260563,0.0,False
MDK_PTPRZ1,neuron_glia,Midkine,PTPRZ1,Endothelial,Astrocyte,0.03672949444475791,417,0.6628592392186667,0.6368159203980099,6,0,0.8962051264438637,0.0,False
MDK_PTPRZ1,neuron_glia,Midkine,PTPRZ1,Erythrocyte (blood),Pericyte,0.02204672654469808,225,0.6629121484552708,0.6218905472636815,5,0,0.8962051264438637,0.0,False
MDK_PTPRZ1,neuron_glia,Midkine,PTPRZ1,T / NK cell,Ependymal,0.03251851105890354,119,0.6635060362883649,0.5920398009950248,1,0,0.8967288310861504,0.0,False
PDGFB_PDGFRB,neurovascular,PDGF-B,PDGFRB,Erythrocyte (blood),Excitatory neuron,0.0037900282816312214,1535,0.6636828258284546,0.6567164179104478,12,0,0.8967288310861504,0.0,False
VEGFA_R,neurovascular,VEGF-A,VEGF receptor,Erythrocyte (blood),Pericyte,0.004615286721123589,225,0.6639079746142035,0.6019900497512438,5,0,0.8967740800288274,0.0,False
CCK_R,neuropeptide,Cholecystokinin,CCK receptor,Border macrophage,Oligodendrocyte,0.2610192693474687,429,0.6642158345649953,0.6567164179104478,9,1,0.8969309927646791,0.1111111111111111,False
GABA_B,neurotransmitter,GABA,GABA-B receptor,Astrocyte,T / NK cell,0.00684317946434021,232,0.665109560422515,0.6417910447761194,4,0,0.897878717027394,0.0,False
GLU_MGLUR_II,neurotransmitter,Glutamate,Group II mGluR,Oligodendrocyte,Astrocyte,0.8183245983040124,342,0.6654157787484833,0.6766169154228856,6,1,0.8980330051237825,0.16666666666666666,False
GLU_MGLUR_II,neurotransmitter,Glutamate,Group II mGluR,T / NK cell,T / NK cell,0.8836164256452999,462,0.6663709491221573,0.6368159203980099,10,0,0.8985445737586669,0.0,False
GLU_MGLUR_III,neurotransmitter,Glutamate,Group III mGluR,Microglia,Vascular smooth muscle,0.04919248649052211,35,0.6661738129219792,0.6218905472636815,0,0,0.8985445737586669,0.0,False
GABA_A,neurotransmitter,GABA,GABA-A receptor,Oligodendrocyte,Fibroblast / VLMC,0.004353067055963744,722,0.6662087776788195,0.6318407960199005,10,0,0.8985445737586669,0.0,False
SST_SSTR,neuropeptide,Somatostatin,Somatostatin receptor,T / NK cell,Astrocyte,0.12166513810897696,232,0.6670319773892358,0.6417910447761194,4,0,0.8991767854232885,0.0,False
SLIT_ROBO,guidance,Slit,Robo,Ependymal,Border macrophage,0.0366344714065805,241,0.6676140939877917,0.6517412935323383,5,0,0.8991843252069307,0.0,False
RELN_R,guidance,Reelin,Reelin receptor,Border macrophage,Choroid plexus,0.022024272028932868,194,0.6675319005987231,0.6467661691542289,3,0,0.8991843252069307,0.0,False
VEGFA_R,neurovascular,VEGF-A,VEGF receptor,Astrocyte,Microglia,0.005762630743337861,141,0.6675274529761686,0.5024875621890548,4,0,0.8991843252069307,0.0,False
GLU_NMDA_2A,neurotransmitter,Glutamate,NMDA receptor (GluN1/2A),Microglia,T / NK cell,0.4545683145523071,80,0.6678637324033045,0.6169154228855721,0,0,0.899261698968363,0.0,False
GLU_KAINATE,neurotransmitter,Glutamate,Kainate receptor,Border macrophage,Ependymal,0.5738065329330096,241,0.6686251709294205,0.6318407960199005,5,0,0.8997691040491109,0.0,False
GLU_NMDA_2B,neurotransmitter,Glutamate,NMDA receptor (GluN1/2B),Border macrophage,Astrocyte,0.18835660514905472,516,0.668571621102535,0.6517412935323383,8,1,0.8997691040491109,0.125,False
PTN_PTPRZ1,neuron_glia,Pleiotrophin,PTPRZ1,Ependymal,Excitatory neuron,0.20525242442632244,274,0.6691740174748678,0.6119402985074627,7,0,0.9002487716402836,0.0,False
C1Q_LRP1,neuron_glia,C1q,LRP1,Microglia,Border macrophage,0.02062533883487477,153,0.6693765417386508,0.6268656716417911,3,0,0.900262385396708,0.0,False
NRXN_NLGN,synaptic_adhesion,Neurexin,Neuroligin,Border macrophage,Endothelial,0.5135127973994558,381,0.6698074466360724,0.6766169154228856,10,0,0.9003243443867229,0.0,False
BDNF_TRKB,neurotrophin,BDNF,TrkB,Endothelial,Oligodendrocyte,0.07335829897360369,220,0.6696474626790634,0.7114427860696517,4,0,0.9003243443867229,0.0,False
MDK_PTPRZ1,neuron_glia,Midkine,PTPRZ1,Border macrophage,Fibroblast / VLMC,0.018104360384099624,408,0.6700380951897357,0.6467661691542289,7,0,0.9003757172294007,0.0,False
GLU_KAINATE,neurotransmitter,Glutamate,Kainate receptor,Microglia,Astrocyte,0.3318834389355166,141,0.6705759673525735,0.6666666666666666,4,0,0.9008397792830007,0.0,False
CX3CL1_CX3CR1,neuron_glia,Fractalkine,CX3CR1,Excitatory neuron,Vascular smooth muscle,0.03319883479012383,225,0.6708923932427973,0.6119402985074627,4,0,0.901006173359084,0.0,False
C1Q_LRP1,neuron_glia,C1q,LRP1,Border macrophage,Excitatory neuron,0.00595444796101147,1057,0.6713853985996672,0.6517412935323383,12,0,0.9014095495115761,0.0,False
GLU_NMDA_2A,neurotransmitter,Glutamate,NMDA receptor (GluN1/2A),Excitatory neuron,Astrocyte,0.7307944737729573,336,0.6718460100165078,0.6766169154228856,9,0,0.9015690070994253,0.0,False
GLU_MGLUR_II,neurotransmitter,Glutamate,Group II mGluR,Microglia,Border macrophage,0.6166151317895627,153,0.6720661900185692,0.6467661691542289,3,0,0.9015690070994253,0.0,False
APOE_TREM2,neuron_glia,ApoE,TREM2,Oligodendrocyte,Erythrocyte (blood),0.00994211630743058,1342,0.6721244676734698,0.6069651741293532,10,0,0.9015690070994253,0.0,False
NRG1_ERBB4,guidance,Neuregulin-1,ErbB4,Border macrophage,Excitatory neuron,0.0008511003617870435,1057,0.6722749018529376,0.6467661691542289,12,0,0.9015690070994253,0.0,False
CX3CL1_CX3CR1,neuron_glia,Fractalkine,CX3CR1,Excitatory neuron,Astrocyte,0.03601595848089173,336,0.6726042151412059,0.6467661691542289,9,0,0.9017521841391698,0.0,False
SLIT_ROBO,guidance,Slit,Robo,Oligodendrocyte,Pericyte,0.0653972680687059,141,0.6734387513968682,0.6268656716417911,1,0,0.9026124084176299,0.0,False
NPY_R,neuropeptide,Neuropeptide Y,NPY receptor,Vascular smooth muscle,Choroid plexus,0.012596017024556145,61,0.6743913347711714,0.5572139303482587,0,0,0.9032053551815951,0.0,False
NPY_R,neuropeptide,Neuropeptide Y,NPY receptor,Endothelial,Vascular smooth muscle,0.006423103900356147,131,0.6744457182067214,0.5671641791044776,1,0,0.9032053551815951,0.0,False
PDGFB_PDGFRB,neurovascular,PDGF-B,PDGFRB,Fibroblast / VLMC,Oligodendrocyte,0.0021428492260771774,722,0.6744602502681114,0.6069651741293532,10,0,0.9032053551815951,0.0,False
RELN_R,guidance,Reelin,Reelin receptor,Astrocyte,Oligodendrocyte,0.010710657688609342,342,0.6748851608376665,0.6268656716417911,6,0,0.9035157847094253,0.0,False
GLU_MGLUR_I,neurotransmitter,Glutamate,Group I mGluR,Endothelial,Border macrophage,0.27957621772145347,381,0.6754274338396299,0.6716417910447762,10,0,0.903983112967857,0.0,False
CX3CL1_CX3CR1,neuron_glia,Fractalkine,CX3CR1,Astrocyte,Choroid plexus,0.014994505204652486,152,0.6761680412667087,0.6318407960199005,2,0,0.9047155462073005,0.0,False
GLU_NMDA_2A,neurotransmitter,Glutamate,NMDA receptor (GluN1/2A),Endothelial,Astrocyte,0.2991589619387254,417,0.6765233210489406,0.6318407960199005,6,1,0.904848971011721,0.16666666666666666,False
CCK_R,neuropeptide,Cholecystokinin,CCK receptor,Erythrocyte (blood),Oligodendrocyte,0.2617768401893525,1342,0.6766545307907698,0.6716417910447762,10,0,0.904848971011721,0.0,False
GLU_MGLUR_II,neurotransmitter,Glutamate,Group II mGluR,Excitatory neuron,Vascular smooth muscle,1.0222435839970907,225,0.6801819998481129,0.6417910447761194,4,0,0.9048646275840054,0.0,False
APOE_LRP1,neuron_glia,ApoE,LRP1,T / NK cell,Endothelial,0.9767431049007672,253,0.6773846594384303,0.6766169154228856,7,0,0.9048646275840054,0.0,False
GLU_KAINATE,neurotransmitter,Glutamate,Kainate receptor,Microglia,Oligodendrocyte,0.3981979952275174,103,0.6793883806205759,0.6965174129353234,2,0,0.9048646275840054,0.0,False
GLU_NMDA_2B,neurotransmitter,Glutamate,NMDA receptor (GluN1/2B),Oligodendrocyte,Endothelial,0.30551651228557936,220,0.6786372281398823,0.6666666666666666,4,1,0.9048646275840054,0.25,False
GLU_MGLUR_I,neurotransmitter,Glutamate,Group I mGluR,Border macrophage,Ependymal,0.2784597809383978,241,0.6776233856998393,0.6517412935323383,5,0,0.9048646275840054,0.0,False
GLU_NMDA_2B,neurotransmitter,Glutamate,NMDA receptor (GluN1/2B),Inhibitory neuron,Fibroblast / VLMC,0.1740739345550537,26,0.6797933565690285,0.6417910447761194,0,0,0.9048646275840054,0.0,False
PTN_PTPRZ1,neuron_glia,Pleiotrophin,PTPRZ1,T / NK cell,Microglia,0.15664972141385078,80,0.6797389276137792,0.6268656716417911,0,0,0.9048646275840054,0.0,False
GLU_MGLUR_III,neurotransmitter,Glutamate,Group III mGluR,Astrocyte,Choroid plexus,0.0990622921993858,152,0.6802007628717068,0.6666666666666666,2,0,0.9048646275840054,0.0,False
SST_SSTR,neuropeptide,Somatostatin,Somatostatin receptor,Ependymal,Oligodendrocyte,0.0693811960349795,221,0.677670154244321,0.6766169154228856,3,0,0.9048646275840054,0.0,False
CX3CL1_CX3CR1,neuron_glia,Fractalkine,CX3CR1,Excitatory neuron,Endothelial,0.04806224007566436,595,0.6794134446800227,0.6517412935323383,12,0,0.9048646275840054,0.0,False
MDK_PTPRZ1,neuron_glia,Midkine,PTPRZ1,Fibroblast / VLMC,Excitatory neuron,0.0432338844798132,499,0.680170265731895,0.6716417910447762,7,1,0.9048646275840054,0.14285714285714285,False
MDK_PTPRZ1,neuron_glia,Midkine,PTPRZ1,Astrocyte,Pericyte,0.030676640073458352,120,0.6790782635720636,0.6417910447761194,1,0,0.9048646275840054,0.0,False
RELN_R,guidance,Reelin,Reelin receptor,Vascular smooth muscle,Fibroblast / VLMC,0.019183734794715784,154,0.6775298722719415,0.5920398009950248,2,1,0.9048646275840054,0.5,False
CX3CL1_CX3CR1,neuron_glia,Fractalkine,CX3CR1,Oligodendrocyte,Fibroblast / VLMC,0.016275315733827712,722,0.677820733860978,0.6567164179104478,10,1,0.9048646275840054,0.1,False
GABA_A,neurotransmitter,GABA,GABA-A receptor,T / NK cell,Ependymal,0.010416901412130404,119,0.6803406197564718,0.5621890547263682,1,0,0.9048646275840054,0.0,False
VIP_R,neuropeptide,VIP,VIP receptor,Excitatory neuron,Oligodendrocyte,0.006433498442867234,601,0.6781447063679035,0.6069651741293532,12,1,0.9048646275840054,0.08333333333333333,False
VIP_R,neuropeptide,VIP,VIP receptor,Microglia,Erythrocyte (blood),0.006068982096279369,170,0.6795620397084896,0.6069651741293532,4,0,0.9048646275840054,0.0,False
IL34_CSF1R,neuron_glia,IL-34,CSF1R,Erythrocyte (blood),Ependymal,0.004188192335896472,241,0.6791271536993493,0.5771144278606966,6,0,0.9048646275840054,0.0,False
NTF3_TRKC,neurotrophin,NT-3,TrkC,Endothelial,Erythrocyte (blood),0.002649178809991188,594,0.678326461276371,0.6567164179104478,12,0,0.9048646275840054,0.0,False
PACAP_R,neuropeptide,PACAP,PACAP receptor,Astrocyte,Astrocyte,0.020936269198668287,1758,0.6810493589446786,0.6616915422885572,11,0,0.9052925995744747,0.0,False
GABA_B,neurotransmitter,GABA,GABA-B receptor,Ependymal,Oligodendrocyte,0.010634188198935392,221,0.6808620856097326,0.6417910447761194,3,0,0.9052925995744747,0.0,False
PACAP_R,neuropeptide,PACAP,PACAP receptor,Ependymal,Border macrophage,0.04244754076993317,241,0.6813059858749398,0.6368159203980099,5,0,0.9053765146006372,0.0,False
NRXN_NLGN,synaptic_adhesion,Neurexin,Neuroligin,T / NK cell,Border macrophage,0.5894117152690888,400,0.6846396420889531,0.6716417910447762,11,0,0.9057646547422985,0.0,False
NRXN_NLGN,synaptic_adhesion,Neurexin,Neuroligin,Ependymal,Choroid plexus,0.5478923164430212,61,0.6855346786382577,0.6915422885572139,0,0,0.9057646547422985,0.0,False
GABA_B,neurotransmitter,GABA,GABA-B receptor,Inhibitory neuron,T / NK cell,0.3986787625721523,28,0.6856632628974613,0.6567164179104478,0,0,0.9057646547422985,0.0,False
CCK_R,neuropeptide,Cholecystokinin,CCK receptor,Microglia,Erythrocyte (blood),0.26619663939756505,170,0.684492284710003,0.7014925373134329,4,0,0.9057646547422985,0.0,False
GLU_NMDA_2B,neurotransmitter,Glutamate,NMDA receptor (GluN1/2B),Pericyte,Vascular smooth muscle,0.23410663766376041,59,0.6843845642517714,0.6567164179104478,0,0,0.9057646547422985,0.0,False
GLU_NMDA_2B,neurotransmitter,Glutamate,NMDA receptor (GluN1/2B),Fibroblast / VLMC,Ependymal,0.1605726670245735,245,0.6838357999746698,0.6616915422885572,6,0,0.9057646547422985,0.0,False
CORT_SSTR,neuropeptide,Cortistatin,Somatostatin receptor,Inhibitory neuron,Border macrophage,0.058429034251087114,53,0.683989471999404,0.6268656716417911,0,0,0.9057646547422985,0.0,False
SLIT_ROBO,guidance,Slit,Robo,Fibroblast / VLMC,Pericyte,0.0509867875472359,92,0.6840822652176927,0.6268656716417911,1,0,0.9057646547422985,0.0,False
MDK_PTPRZ1,neuron_glia,Midkine,PTPRZ1,Endothelial,Inhibitory neuron,0.05035592260814849,42,0.6856547447744772,0.6218905472636815,0,0,0.9057646547422985,0.0,False
CX3CL1_CX3CR1,neuron_glia,Fractalkine,CX3CR1,Choroid plexus,Erythrocyte (blood),0.047650803801833945,279,0.6838534176517779,0.6467661691542289,7,0,0.9057646547422985,0.0,False
MDK_PTPRZ1,neuron_glia,Midkine,PTPRZ1,T / NK cell,Endothelial,0.041535996165671364,253,0.6851185215306397,0.6616915422885572,7,0,0.9057646547422985,0.0,False
MDK_PTPRZ1,neuron_glia,Midkine,PTPRZ1,Excitatory neuron,Oligodendrocyte,0.03743883476479478,601,0.6830081816289891,0.6567164179104478,12,1,0.9057646547422985,0.08333333333333333,False
CX3CL1_CX3CR1,neuron_glia,Fractalkine,CX3CR1,Vascular smooth muscle,Vascular smooth muscle,0.03717137201159608,408,0.6839675742537531,0.6019900497512438,7,0,0.9057646547422985,0.0,False
SST_SSTR,neuropeptide,Somatostatin,Somatostatin receptor,Oligodendrocyte,OPC,0.03711004555225372,48,0.6852071718185095,0.6716417910447762,0,0,0.9057646547422985,0.0,False
MDK_PTPRZ1,neuron_glia,Midkine,PTPRZ1,Border macrophage,Inhibitory neuron,0.035906861413199945,53,0.6821657318360865,0.6517412935323383,0,0,0.9057646547422985,0.0,False
PACAP_R,neuropeptide,PACAP,PACAP receptor,Astrocyte,Ependymal,0.014854296952664495,334,0.6845920333452414,0.6268656716417911,5,0,0.9057646547422985,0.0,False
CORT_SSTR,neuropeptide,Cortistatin,Somatostatin receptor,Vascular smooth muscle,Endothelial,0.009278150005194977,131,0.6846026896620004,0.6467661691542289,1,0,0.9057646547422985,0.0,False
PACAP_R,neuropeptide,PACAP,PACAP receptor,Vascular smooth muscle,Endothelial,0.009278150005194977,131,0.6849008050299529,0.6417910447761194,1,0,0.9057646547422985,0.0,False
PDGFB_PDGFRB,neurovascular,PDGF-B,PDGFRB,T / NK cell,Erythrocyte (blood),0.005523065083833702,526,0.6852955293124192,0.6417910447761194,12,0,0.9057646547422985,0.0,False
IL34_CSF1R,neuron_glia,IL-34,CSF1R,Astrocyte,Border macrophage,0.005018007847689843,516,0.6841752213717112,0.6318407960199005,8,0,0.9057646547422985,0.0,False
PDGFB_PDGFRB,neurovascular,PDGF-B,PDGFRB,Fibroblast / VLMC,Fibroblast / VLMC,0.0019267849060264379,1242,0.6853622507412588,0.6417910447761194,9,0,0.9057646547422985,0.0,False
GLU_AMPA,neurotransmitter,Glutamate,AMPA receptor,Ependymal,Vascular smooth muscle,1.2214408726854757,88,0.687340420425806,0.6965174129353234,0,0,0.9074677841908426,0.0,False
SLIT_ROBO,guidance,Slit,Robo,Erythrocyte (blood),Ependymal,0.053757067290579136,241,0.6873348961304788,0.6567164179104478,6,0,0.9074677841908426,0.0,False
GABA_B,neurotransmitter,GABA,GABA-B receptor,Border macrophage,Vascular smooth muscle,0.02812857598793216,164,0.687546769429324,0.6517412935323383,1,0,0.9074841563215253,0.0,False
GLU_MGLUR_III,neurotransmitter,Glutamate,Group III mGluR,Pericyte,Choroid plexus,0.0940912176923054,41,0.6881799894080456,0.6616915422885572,0,0,0.9078077728898352,0.0,False
VEGFA_R,neurovascular,VEGF-A,VEGF receptor,T / NK cell,Erythrocyte (blood),0.005666757037884382,526,0.6881649945876331,0.6567164179104478,12,0,0.9078077728898352,0.0,False
GLU_KAINATE,neurotransmitter,Glutamate,Kainate receptor,Endothelial,Vascular smooth muscle,0.5080784959647492,131,0.6884448256224607,0.6666666666666666,1,0,0.9078116575592704,0.0,False
SLIT_ROBO,guidance,Slit,Robo,Oligodendrocyte,OPC,0.035070610543092094,48,0.6887649891719192,0.5771144278606966,0,0,0.9078116575592704,0.0,False
VIP_R,neuropeptide,VIP,VIP receptor,T / NK cell,Pericyte,0.006981560587882995,100,0.688603859823707,0.6218905472636815,0,0,0.9078116575592704,0.0,False
GLU_MGLUR_II,neurotransmitter,Glutamate,Group II mGluR,Microglia,T / NK cell,0.601738066971302,80,0.6894753276847105,0.6915422885572139,0,0,0.9082362213504394,0.0,False
SLIT_ROBO,guidance,Slit,Robo,Inhibitory neuron,Excitatory neuron,0.06376017426902597,88,0.6892962503728188,0.681592039800995,0,0,0.9082362213504394,0.0,False
GLU_MGLUR_III,neurotransmitter,Glutamate,Group III mGluR,Pericyte,Border macrophage,0.10859954580664635,160,0.6899204077777403,0.6766169154228856,3,0,0.9085548918894651,0.0,False
RELN_R,guidance,Reelin,Reelin receptor,Border macrophage,Vascular smooth muscle,0.016004802250280614,164,0.6904939507499334,0.6368159203980099,1,0,0.9085548918894651,0.0,False
MDK_PTPRZ1,neuron_glia,Midkine,PTPRZ1,Microglia,T / NK cell,0.011918742209672928,80,0.6902414052057335,0.6567164179104478,0,0,0.9085548918894651,0.0,False
NPY_R,neuropeptide,Neuropeptide Y,NPY receptor,Pericyte,Oligodendrocyte,0.010505538460210705,141,0.6904352622402881,0.6616915422885572,1,0,0.9085548918894651,0.0,False
GLU_AMPA,neurotransmitter,Glutamate,AMPA receptor,Astrocyte,Oligodendrocyte,1.484660039519706,342,0.6917818188513263,0.6965174129353234,6,0,0.9087610571361951,0.0,False
GLU_NMDA_2A,neurotransmitter,Glutamate,NMDA receptor (GluN1/2A),Fibroblast / VLMC,Pericyte,0.3684649000997129,92,0.6919923727156246,0.6716417910447762,1,0,0.9087610571361951,0.0,False
CCK_R,neuropeptide,Cholecystokinin,CCK receptor,T / NK cell,Ependymal,0.2781333923339844,119,0.6913051110418267,0.6666666666666666,1,0,0.9087610571361951,0.0,False
GLU_MGLUR_III,neurotransmitter,Glutamate,Group III mGluR,Ependymal,Erythrocyte (blood),0.11969507482536601,241,0.6914272013236873,0.6616915422885572,6,0,0.9087610571361951,0.0,False
SLIT_ROBO,guidance,Slit,Robo,Endothelial,T / NK cell,0.07505432077547307,253,0.6920101830682333,0.6616915422885572,7,0,0.9087610571361951,0.0,False
MDK_PTPRZ1,neuron_glia,Midkine,PTPRZ1,Fibroblast / VLMC,Microglia,0.02887158840894699,92,0.6918191954161018,0.6368159203980099,1,0,0.9087610571361951,0.0,False
PDGFB_PDGFRB,neurovascular,PDGF-B,PDGFRB,Border macrophage,Erythrocyte (blood),0.003321178187176866,848,0.6918765150206609,0.6169154228855721,12,0,0.9087610571361951,0.0,False
NPY_R,neuropeptide,Neuropeptide Y,NPY receptor,Vascular smooth muscle,Border macrophage,0.011318102115538062,164,0.6928234481186731,0.6268656716417911,1,0,0.9095737692893578,0.0,False
VIP_R,neuropeptide,VIP,VIP receptor,Border macrophage,Astrocyte,0.015915260296459347,516,0.6931261419946056,0.6567164179104478,8,0,0.9097159097875903,0.0,False
CX3CL1_CX3CR1,neuron_glia,Fractalkine,CX3CR1,Inhibitory neuron,Excitatory neuron,0.0452897074547681,88,0.6934184877624128,0.6766169154228856,0,0,0.9098443926641417,0.0,False
GABA_B,neurotransmitter,GABA,GABA-B receptor,Border macrophage,Ependymal,0.008156195715749907,241,0.6936597535241682,0.6915422885572139,5,0,0.9099057994784365,0.0,False
GLU_MGLUR_II,neurotransmitter,Glutamate,Group II mGluR,Choroid plexus,Vascular smooth muscle,0.8601210762242801,61,0.6943719667817654,0.7164179104477612,0,0,0.910584762492119,0.0,False
NRXN_NLGN,synaptic_adhesion,Neurexin,Neuroligin,Astrocyte,Ependymal,0.3709038806532671,334,0.6947666967610816,0.6865671641791045,5,0,0.9105919815532495,0.0,False
NPY_R,neuropeptide,Neuropeptide Y,NPY receptor,Ependymal,Excitatory neuron,0.008796369507364983,274,0.6946998392763232,0.6218905472636815,7,0,0.9105919815532495,0.0,False
NPY_R,neuropeptide,Neuropeptide Y,NPY receptor,Choroid plexus,Fibroblast / VLMC,0.010726220365883648,138,0.6950635176143714,0.6368159203980099,2,0,0.9107259028052769,0.0,False
APOE_LRP1,neuron_glia,ApoE,LRP1,Border macrophage,Vascular smooth muscle,0.8902320643750633,164,0.6961780428543016,0.6915422885572139,1,0,0.911305180045794,0.0,False
MDK_PTPRZ1,neuron_glia,Midkine,PTPRZ1,Vascular smooth muscle,Fibroblast / VLMC,0.05699865694169874,154,0.69644340123273,0.681592039800995,2,0,0.911305180045794,0.0,False
BDNF_TRKB,neurotrophin,BDNF,TrkB,Astrocyte,Oligodendrocyte,0.027607237037859465,342,0.6964794451472023,0.7164179104477612,6,0,0.911305180045794,0.0,False
IL34_CSF1R,neuron_glia,IL-34,CSF1R,Endothelial,Fibroblast / VLMC,0.008824550784756784,223,0.6963853830413537,0.6019900497512438,5,0,0.911305180045794,0.0,False
NRG1_ERBB4,guidance,Neuregulin-1,ErbB4,Erythrocyte (blood),Choroid plexus,0.001909972519002935,279,0.6960430536619955,0.6119402985074627,7,0,0.911305180045794,0.0,False
GLU_AMPA,neurotransmitter,Glutamate,AMPA receptor,Inhibitory neuron,Endothelial,1.2419184815315973,42,0.6970949392152688,0.7164179104477612,0,0,0.9118555271423658,0.0,False
NRXN_NLGN,synaptic_adhesion,Neurexin,Neuroligin,Choroid plexus,Microglia,0.26254452268282574,24,0.6975493723778836,0.6716417910447762,0,0,0.9121949450408378,0.0,False
CX3CL1_CX3CR1,neuron_glia,Fractalkine,CX3CR1,Astrocyte,T / NK cell,0.02628742338254534,232,0.6980417953333626,0.6865671641791045,4,0,0.9125838391631192,0.0,False
CORT_SSTR,neuropeptide,Cortistatin,Somatostatin receptor,Erythrocyte (blood),Ependymal,0.01030444727893687,241,0.6987020205395162,0.6567164179104478,6,0,0.9131918307554181,0.0,False
GLU_MGLUR_III,neurotransmitter,Glutamate,Group III mGluR,Erythrocyte (blood),Border macrophage,0.13834238572503035,848,0.699082954869669,0.6716417910447762,12,0,0.9134225037022825,0.0,False
VIP_R,neuropeptide,VIP,VIP receptor,Excitatory neuron,Inhibitory neuron,0.013524423946033825,88,0.6992689481217303,0.6268656716417911,0,0,0.9134225037022825,0.0,False
GLU_KAINATE,neurotransmitter,Glutamate,Kainate receptor,Astrocyte,OPC,0.21668641463569974,23,0.6996605630167513,0.6716417910447762,0,0,0.9135501709425395,0.0,False
NRG1_ERBB4,guidance,Neuregulin-1,ErbB4,Oligodendrocyte,Border macrophage,0.00255629455015098,429,0.6997571730408338,0.6616915422885572,9,0,0.9135501709425395,0.0,False
PTN_PTPRZ1,neuron_glia,Pleiotrophin,PTPRZ1,Oligodendrocyte,Excitatory neuron,0.25056724213125703,601,0.7000437963927669,0.6766169154228856,12,0,0.9136694346783142,0.0,False
GLU_KAINATE,neurotransmitter,Glutamate,Kainate receptor,Excitatory neuron,Choroid plexus,0.8789325640580364,321,0.7019506778081321,0.6915422885572139,7,1,0.9139586950730009,0.14285714285714285,False
GLU_MGLUR_II,neurotransmitter,Glutamate,Group II mGluR,Border macrophage,Pericyte,0.6757862776517868,160,0.7018199223512017,0.7313432835820896,3,0,0.9139586950730009,0.0,False
GLU_NMDA_2A,neurotransmitter,Glutamate,NMDA receptor (GluN1/2A),T / NK cell,Oligodendrocyte,0.6287715450817386,453,0.7020258834402393,0.6616915422885572,9,0,0.9139586950730009,0.0,False
GLU_KAINATE,neurotransmitter,Glutamate,Kainate receptor,Pericyte,Endothelial,0.5467959642410278,108,0.7014040747808178,0.6666666666666666,0,0,0.9139586950730009,0.0,False
PTN_PTPRZ1,neuron_glia,Pleiotrophin,PTPRZ1,Astrocyte,Microglia,0.30374757617923387,141,0.7013384921994955,0.6915422885572139,4,0,0.9139586950730009,0.0,False
PTN_PTPRZ1,neuron_glia,Pleiotrophin,PTPRZ1,Excitatory neuron,Endothelial,0.23237935705345217,595,0.7024140772563606,0.6766169154228856,12,0,0.9139586950730009,0.0,False
GLU_MGLUR_III,neurotransmitter,Glutamate,Group III mGluR,Vascular smooth muscle,Pericyte,0.07863853543491686,59,0.7011915315282296,0.681592039800995,0,0,0.9139586950730009,0.0,False
SLIT_ROBO,guidance,Slit,Robo,Endothelial,Fibroblast / VLMC,0.06378120277494594,223,0.7010863138306416,0.7014925373134329,5,1,0.9139586950730009,0.2,False
CORT_SSTR,neuropeptide,Cortistatin,Somatostatin receptor,Vascular smooth muscle,Vascular smooth muscle,0.026526770755356432,408,0.7013209086244394,0.6915422885572139,7,0,0.9139586950730009,0.0,False
CORT_SSTR,neuropeptide,Cortistatin,Somatostatin receptor,Fibroblast / VLMC,Ependymal,0.004955373004991181,245,0.7022935666135106,0.5920398009950248,6,0,0.9139586950730009,0.0,False
IL34_CSF1R,neuron_glia,IL-34,CSF1R,Border macrophage,T / NK cell,0.003936136960983276,400,0.701847325754458,0.6716417910447762,11,0,0.9139586950730009,0.0,False
RELN_R,guidance,Reelin,Reelin receptor,Choroid plexus,Endothelial,0.008606154294241043,84,0.7039030677334165,0.6666666666666666,0,0,0.9156414940018505,0.0,False
GLU_NMDA_2B,neurotransmitter,Glutamate,NMDA receptor (GluN1/2B),Erythrocyte (blood),Microglia,0.2118511774960686,170,0.7043197555522954,0.6766169154228856,4,0,0.9159288872232324,0.0,False
APOE_LRP1,neuron_glia,ApoE,LRP1,Astrocyte,Oligodendrocyte,1.145875436520716,342,0.7069435098467682,0.6865671641791045,6,0,0.9164266171168133,0.0,False
GLU_KAINATE,neurotransmitter,Glutamate,Kainate receptor,Oligodendrocyte,Astrocyte,0.6184838863841274,342,0.7077370384077767,0.7114427860696517,6,1,0.9164266171168133,0.16666666666666666,False
GLU_KAINATE,neurotransmitter,Glutamate,Kainate receptor,Inhibitory neuron,Erythrocyte (blood),0.5278075630014593,55,0.7070788803097555,0.6915422885572139,0,0,0.9164266171168133,0.0,False
NRXN_NLGN,synaptic_adhesion,Neurexin,Neuroligin,Fibroblast / VLMC,Inhibitory neuron,0.2953456915341891,26,0.7083594095206616,0.7164179104477612,0,0,0.9164266171168133,0.0,False
CCK_R,neuropeptide,Cholecystokinin,CCK receptor,Vascular smooth muscle,Erythrocyte (blood),0.25900494901439813,237,0.707653315205022,0.6666666666666666,5,0,0.9164266171168133,0.0,False
PTN_PTPRZ1,neuron_glia,Pleiotrophin,PTPRZ1,T / NK cell,Choroid plexus,0.19110987618051725,116,0.7070362029665043,0.7064676616915423,2,0,0.9164266171168133,0.0,False
PTN_PTPRZ1,neuron_glia,Pleiotrophin,PTPRZ1,Microglia,Border macrophage,0.1639658313950682,153,0.7080356864549918,0.7014925373134329,3,0,0.9164266171168133,0.0,False
SST_SSTR,neuropeptide,Somatostatin,Somatostatin receptor,Fibroblast / VLMC,Border macrophage,0.10209360528810352,408,0.7054145139536174,0.7014925373134329,7,1,0.9164266171168133,0.14285714285714285,False
BDNF_TRKB,neurotrophin,BDNF,TrkB,T / NK cell,Excitatory neuron,0.06520817045425673,651,0.7069582524178661,0.6915422885572139,12,0,0.9164266171168133,0.0,False
CX3CL1_CX3CR1,neuron_glia,Fractalkine,CX3CR1,T / NK cell,Vascular smooth muscle,0.022535693138203722,94,0.7059894730573011,0.6766169154228856,0,0,0.9164266171168133,0.0,False
PACAP_R,neuropeptide,PACAP,PACAP receptor,Oligodendrocyte,Excitatory neuron,0.018368013289922883,601,0.7084238243452691,0.6965174129353234,12,0,0.9164266171168133,0.0,False
VIP_R,neuropeptide,VIP,VIP receptor,T / NK cell,T / NK cell,0.013251093816963625,462,0.7074661907021449,0.7164179104477612,10,0,0.9164266171168133,0.0,False
VIP_R,neuropeptide,VIP,VIP receptor,Astrocyte,Choroid plexus,0.011906401891457407,152,0.7079404401334809,0.6467661691542289,2,0,0.9164266171168133,0.0,False
GABA_B,neurotransmitter,GABA,GABA-B receptor,Astrocyte,Fibroblast / VLMC,0.01057297553067432,382,0.7071013778526825,0.6766169154228856,7,0,0.9164266171168133,0.0,False
CSF1_CSF1R,neuron_glia,CSF-1,CSF1R,Border macrophage,Oligodendrocyte,0.005782260761394368,429,0.7062626063484005,0.681592039800995,9,0,0.9164266171168133,0.0,False
GABA_A,neurotransmitter,GABA,GABA-A receptor,Fibroblast / VLMC,Oligodendrocyte,0.005048972004998754,722,0.7083117935724744,0.6666666666666666,10,0,0.9164266171168133,0.0,False
VEGFA_R,neurovascular,VEGF-A,VEGF receptor,Fibroblast / VLMC,Border macrophage,0.004446461796760559,408,0.7081246486008128,0.6467661691542289,7,0,0.9164266171168133,0.0,False
NRG1_ERBB4,guidance,Neuregulin-1,ErbB4,Excitatory neuron,Oligodendrocyte,0.0038861407218082574,601,0.7064301531763022,0.6567164179104478,12,0,0.9164266171168133,0.0,False
C1Q_LRP1,neuron_glia,C1q,LRP1,Excitatory neuron,Erythrocyte (blood),0.0006928723487481232,1535,0.7049710094937307,0.6517412935323383,12,0,0.9164266171168133,0.0,False
GLU_AMPA,neurotransmitter,Glutamate,AMPA receptor,Border macrophage,T / NK cell,1.729783550798893,400,0.7094340147382305,0.7014925373134329,11,0,0.9164478897571735,0.0,False
GLU_NMDA_2A,neurotransmitter,Glutamate,NMDA receptor (GluN1/2A),Ependymal,Ependymal,0.2899032351614415,174,0.7090701430800612,0.7213930348258707,4,0,0.9164478897571735,0.0,False
CCK_R,neuropeptide,Cholecystokinin,CCK receptor,Pericyte,Pericyte,0.23533377280602089,26,0.709395411524035,0.681592039800995,0,0,0.9164478897571735,0.0,False
SST_SSTR,neuropeptide,Somatostatin,Somatostatin receptor,Microglia,Vascular smooth muscle,0.10289722851344517,35,0.7090653534816168,0.6965174129353234,0,0,0.9164478897571735,0.0,False
MDK_PTPRZ1,neuron_glia,Midkine,PTPRZ1,Erythrocyte (blood),Inhibitory neuron,0.021472042257135563,55,0.7087313730513541,0.6915422885572139,0,0,0.9164478897571735,0.0,False
VIP_R,neuropeptide,VIP,VIP receptor,Fibroblast / VLMC,Vascular smooth muscle,0.012446993357175357,154,0.7097588784849566,0.6716417910447762,2,0,0.9164478897571735,0.0,False
CSF1_CSF1R,neuron_glia,CSF-1,CSF1R,Erythrocyte (blood),Astrocyte,0.0016193369913367586,537,0.7098113170506511,0.6467661691542289,11,0,0.9164478897571735,0.0,False
GLU_KAINATE,neurotransmitter,Glutamate,Kainate receptor,T / NK cell,Ependymal,0.5503337102777818,119,0.7102457675277557,0.6915422885572139,1,0,0.9164757340273204,0.0,False
GLU_KAINATE,neurotransmitter,Glutamate,Kainate receptor,Pericyte,Choroid plexus,0.5073183484193755,41,0.7114828570045301,0.7014925373134329,0,0,0.9164757340273204,0.0,False
GLU_MGLUR_I,neurotransmitter,Glutamate,Group I mGluR,Vascular smooth muscle,Fibroblast / VLMC,0.2820767535791769,154,0.7116263391554278,0.7213930348258707,2,0,0.9164757340273204,0.0,False
SLIT_ROBO,guidance,Slit,Robo,Vascular smooth muscle,Vascular smooth muscle,0.032471807271826504,408,0.7111139625801582,0.6666666666666666,7,0,0.9164757340273204,0.0,False
MDK_PTPRZ1,neuron_glia,Midkine,PTPRZ1,Astrocyte,Fibroblast / VLMC,0.021811353598589673,382,0.7113444340466429,0.6915422885572139,7,0,0.9164757340273204,0.0,False
RELN_R,guidance,Reelin,Reelin receptor,Erythrocyte (blood),Endothelial,0.020066565335398974,594,0.7116983581399814,0.681592039800995,12,0,0.9164757340273204,0.0,False
GABA_B,neurotransmitter,GABA,GABA-B receptor,Vascular smooth muscle,Excitatory neuron,0.014600639343261718,225,0.7117915831278655,0.6567164179104478,4,0,0.9164757340273204,0.0,False
CORT_SSTR,neuropeptide,Cortistatin,Somatostatin receptor,Excitatory neuron,Fibroblast / VLMC,0.012910531255190741,499,0.7106912047058506,0.7114427860696517,7,0,0.9164757340273204,0.0,False
VIP_R,neuropeptide,VIP,VIP receptor,Erythrocyte (blood),Choroid plexus,0.01234543793517629,279,0.7108379461704963,0.681592039800995,7,0,0.9164757340273204,0.0,False
NPY_R,neuropeptide,Neuropeptide Y,NPY receptor,Fibroblast / VLMC,Pericyte,0.005744974898255389,92,0.7106242748322258,0.5970149253731343,1,0,0.9164757340273204,0.0,False
CX3CL1_CX3CR1,neuron_glia,Fractalkine,CX3CR1,Fibroblast / VLMC,Endothelial,0.015168286225186334,223,0.7119993229284973,0.6517412935323383,5,0,0.9164910129250177,0.0,False
MDK_PTPRZ1,neuron_glia,Midkine,PTPRZ1,Erythrocyte (blood),Border macrophage,0.03230908987516502,848,0.7129350185408868,0.6766169154228856,12,0,0.9174430560376263,0.0,False
GLU_MGLUR_III,neurotransmitter,Glutamate,Group III mGluR,Astrocyte,Fibroblast / VLMC,0.08209967394773873,382,0.7132231163711698,0.7064676616915423,7,0,0.9175614411604903,0.0,False
RELN_R,guidance,Reelin,Reelin receptor,Choroid plexus,Fibroblast / VLMC,0.013955775810324627,138,0.7135202233724136,0.6766169154228856,2,0,0.9176913483121285,0.0,False
SLIT_ROBO,guidance,Slit,Robo,Border macrophage,Border macrophage,0.06250937988391864,638,0.7137679981086842,0.7014925373134329,12,0,0.9177577529954749,0.0,False
PACAP_R,neuropeptide,PACAP,PACAP receptor,Microglia,Fibroblast / VLMC,0.04227231378140657,92,0.7141745857042887,0.7014925373134329,1,0,0.918028265524826,0.0,False
GLU_AMPA,neurotransmitter,Glutamate,AMPA receptor,Oligodendrocyte,Erythrocyte (blood),1.8601873502823707,1342,0.7165970569995613,0.6965174129353234,10,0,0.9181561608630249,0.0,False
GLU_AMPA,neurotransmitter,Glutamate,AMPA receptor,Oligodendrocyte,T / NK cell,1.829433440635799,453,0.7176420984452345,0.6915422885572139,9,0,0.9181561608630249,0.0,False
GLU_NMDA_2A,neurotransmitter,Glutamate,NMDA receptor (GluN1/2A),Excitatory neuron,Vascular smooth muscle,0.7164542627334595,225,0.7173038817596453,0.6865671641791045,4,0,0.9181561608630249,0.0,False
GLU_MGLUR_II,neurotransmitter,Glutamate,Group II mGluR,Pericyte,Endothelial,0.6554245043683935,108,0.71765798983492,0.7064676616915423,0,0,0.9181561608630249,0.0,False
GLU_KAINATE,neurotransmitter,Glutamate,Kainate receptor,Inhibitory neuron,Fibroblast / VLMC,0.3882751143895663,26,0.7158497500930502,0.6965174129353234,0,0,0.9181561608630249,0.0,False
GLU_NMDA_2B,neurotransmitter,Glutamate,NMDA receptor (GluN1/2B),Oligodendrocyte,Pericyte,0.24631659950770385,141,0.718202194159788,0.6567164179104478,1,0,0.9181561608630249,0.0,False
PTN_PTPRZ1,neuron_glia,Pleiotrophin,PTPRZ1,Border macrophage,T / NK cell,0.23960305020213127,400,0.7148966694354311,0.6965174129353234,11,0,0.9181561608630249,0.0,False
GLU_NMDA_2B,neurotransmitter,Glutamate,NMDA receptor (GluN1/2B),Vascular smooth muscle,Choroid plexus,0.23245088780512574,61,0.7155842327469969,0.6965174129353234,0,0,0.9181561608630249,0.0,False
GLU_MGLUR_III,neurotransmitter,Glutamate,Group III mGluR,T / NK cell,Border macrophage,0.1350170347094536,400,0.7168837595019454,0.736318407960199,11,0,0.9181561608630249,0.0,False
GLU_MGLUR_I,neurotransmitter,Glutamate,Group I mGluR,Inhibitory neuron,Astrocyte,0.09561576013979704,46,0.7178096806459421,0.681592039800995,0,0,0.9181561608630249,0.0,False
SST_SSTR,neuropeptide,Somatostatin,Somatostatin receptor,Fibroblast / VLMC,Endothelial,0.08357000297495068,223,0.7162289076911807,0.6865671641791045,5,1,0.9181561608630249,0.2,False
CX3CL1_CX3CR1,neuron_glia,Fractalkine,CX3CR1,Excitatory neuron,T / NK cell,0.04789356866739862,651,0.7182303285469783,0.7412935323383084,12,0,0.9181561608630249,0.0,False
CX3CL1_CX3CR1,neuron_glia,Fractalkine,CX3CR1,Endothelial,Erythrocyte (blood),0.04018877200807385,594,0.7167525418784775,0.681592039800995,12,0,0.9181561608630249,0.0,False
CX3CL1_CX3CR1,neuron_glia,Fractalkine,CX3CR1,Choroid plexus,Endothelial,0.03188944253183547,84,0.7156014007864488,0.6716417910447762,0,0,0.9181561608630249,0.0,False
MDK_PTPRZ1,neuron_glia,Midkine,PTPRZ1,Oligodendrocyte,Inhibitory neuron,0.025323566794395447,40,0.7153310711340584,0.6119402985074627,0,0,0.9181561608630249,0.0,False
CX3CL1_CX3CR1,neuron_glia,Fractalkine,CX3CR1,Fibroblast / VLMC,Border macrophage,0.023693273464838665,408,0.7151677593344252,0.6766169154228856,7,0,0.9181561608630249,0.0,False
PACAP_R,neuropeptide,PACAP,PACAP receptor,Border macrophage,Inhibitory neuron,0.022903979949231417,53,0.7183786825788174,0.6268656716417911,0,0,0.9181561608630249,0.0,False
RELN_R,guidance,Reelin,Reelin receptor,Erythrocyte (blood),Vascular smooth muscle,0.01602093831396304,237,0.7183948931223625,0.6467661691542289,5,0,0.9181561608630249,0.0,False
PACAP_R,neuropeptide,PACAP,PACAP receptor,Oligodendrocyte,Pericyte,0.012496515368738918,141,0.7164991792193985,0.6965174129353234,1,0,0.9181561608630249,0.0,False
NPY_R,neuropeptide,Neuropeptide Y,NPY receptor,T / NK cell,Endothelial,0.012120478473633175,253,0.7181501952500353,0.7164179104477612,7,0,0.9181561608630249,0.0,False
IL34_CSF1R,neuron_glia,IL-34,CSF1R,Erythrocyte (blood),Excitatory neuron,0.008369992610297685,1535,0.71716536642381,0.6915422885572139,12,0,0.9181561608630249,0.0,False
GLU_NMDA_2A,neurotransmitter,Glutamate,NMDA receptor (GluN1/2A),Oligodendrocyte,Choroid plexus,0.532326496684033,230,0.7196642344424647,0.7064676616915423,6,0,0.9187718294226657,0.0,False
GLU_MGLUR_II,neurotransmitter,Glutamate,Group II mGluR,Microglia,Ependymal,0.460901971847292,63,0.7206922121293161,0.7064676616915423,1,0,0.9187718294226657,0.0,False
GLU_KAINATE,neurotransmitter,Glutamate,Kainate receptor,Astrocyte,Astrocyte,0.3262961247810867,1758,0.7208889402059024,0.7213930348258707,11,2,0.9187718294226657,0.18181818181818182,False
PTN_PTPRZ1,neuron_glia,Pleiotrophin,PTPRZ1,Astrocyte,Vascular smooth muscle,0.3066063254191403,237,0.7202649746332053,0.7213930348258707,7,1,0.9187718294226657,0.14285714285714285,False
GLU_NMDA_2A,neurotransmitter,Glutamate,NMDA receptor (GluN1/2A),Microglia,Vascular smooth muscle,0.21807946477617537,35,0.7192357643360995,0.6517412935323383,0,0,0.9187718294226657,0.0,False
GLU_MGLUR_III,neurotransmitter,Glutamate,Group III mGluR,Vascular smooth muscle,Oligodendrocyte,0.09482446824661409,99,0.7200693402135576,0.7014925373134329,0,0,0.9187718294226657,0.0,False
PACAP_R,neuropeptide,PACAP,PACAP receptor,Endothelial,Pericyte,0.04126947345557036,108,0.7209784437935638,0.6965174129353234,0,0,0.9187718294226657,0.0,False
CX3CL1_CX3CR1,neuron_glia,Fractalkine,CX3CR1,Border macrophage,Choroid plexus,0.03700544109049531,194,0.7210365799615364,0.6965174129353234,3,0,0.9187718294226657,0.0,False
SLIT_ROBO,guidance,Slit,Robo,Astrocyte,Fibroblast / VLMC,0.026862236841810935,382,0.7193912449408184,0.6666666666666666,7,0,0.9187718294226657,0.0,False
VIP_R,neuropeptide,VIP,VIP receptor,Fibroblast / VLMC,Border macrophage,0.013473247342249927,408,0.7202880975730375,0.6965174129353234,7,0,0.9187718294226657,0.0,False
CRH_R,neuropeptide,CRH,CRH receptor,Erythrocyte (blood),Erythrocyte (blood),0.0005085626202889895,6296,0.71981057468614,0.6616915422885572,12,0,0.9187718294226657,0.0,False
CCK_R,neuropeptide,Cholecystokinin,CCK receptor,T / NK cell,Vascular smooth muscle,0.25911379367747206,94,0.7214554147292123,0.6766169154228856,0,0,0.9190552370046241,0.0,False
SST_SSTR,neuropeptide,Somatostatin,Somatostatin receptor,Choroid plexus,Choroid plexus,0.08365888024369876,96,0.7225726810694418,0.681592039800995,1,0,0.9192271818172697,0.0,False
BDNF_TRKB,neurotrophin,BDNF,TrkB,Endothelial,Erythrocyte (blood),0.032530744067747586,594,0.7222820492002253,0.7412935323383084,12,0,0.9192271818172697,0.0,False
SLIT_ROBO,guidance,Slit,Robo,Microglia,Border macrophage,0.030034612985997418,153,0.7223465855282193,0.7313432835820896,3,0,0.9192271818172697,0.0,False
VEGFA_R,neurovascular,VEGF-A,VEGF receptor,Oligodendrocyte,Astrocyte,0.003883309183064957,342,0.7225126340551169,0.6666666666666666,6,0,0.9192271818172697,0.0,False
CSF1_CSF1R,neuron_glia,CSF-1,CSF1R,Erythrocyte (blood),Border macrophage,0.003433792588283431,848,0.722571583580949,0.7014925373134329,12,0,0.9192271818172697,0.0,False
CCK_R,neuropeptide,Cholecystokinin,CCK receptor,Ependymal,Oligodendrocyte,0.2256304289960214,221,0.7228432767398258,0.7064676616915423,3,0,0.9193214710153969,0.0,False
CX3CL1_CX3CR1,neuron_glia,Fractalkine,CX3CR1,Vascular smooth muscle,Fibroblast / VLMC,0.017728918171548223,154,0.7235407413850103,0.7014925373134329,2,0,0.9199584589512129,0.0,False
VEGFA_R,neurovascular,VEGF-A,VEGF receptor,Fibroblast / VLMC,T / NK cell,0.0033074593112479506,221,0.7243869383728028,0.6517412935323383,4,0,0.9207841577414682,0.0,False
MDK_PTPRZ1,neuron_glia,Midkine,PTPRZ1,Endothelial,Border macrophage,0.04187153768664583,381,0.7250927463308874,0.7064676616915423,10,0,0.9214310049109783,0.0,False
NRXN_NLGN,synaptic_adhesion,Neurexin,Neuroligin,Excitatory neuron,Microglia,0.5249462270736694,225,0.7253580165802342,0.7014925373134329,5,0,0.9215178277433929,0.0,False
PACAP_R,neuropeptide,PACAP,PACAP receptor,Choroid plexus,Inhibitory neuron,0.06059957146644592,20,0.7263132479810199,0.6965174129353234,0,0,0.9224809140345256,0.0,False
GLU_MGLUR_II,neurotransmitter,Glutamate,Group II mGluR,Border macrophage,Endothelial,0.657509442702366,381,0.7267536871531545,0.7014925373134329,10,0,0.9225107974297138,0.0,False
PTN_PTPRZ1,neuron_glia,Pleiotrophin,PTPRZ1,Endothelial,Erythrocyte (blood),0.24498310735330037,594,0.7270534035341735,0.6865671641791045,12,0,0.9225107974297138,0.0,False
BDNF_TRKB,neurotrophin,BDNF,TrkB,Pericyte,Ependymal,0.06446910235616896,72,0.7270258181453569,0.736318407960199,0,0,0.9225107974297138,0.0,False
CX3CL1_CX3CR1,neuron_glia,Fractalkine,CX3CR1,Border macrophage,Endothelial,0.027415793164195665,381,0.7273225757038286,0.6865671641791045,10,0,0.9225107974297138,0.0,False
TAC1_NK1,neuropeptide,Substance P,NK1 receptor,Excitatory neuron,Erythrocyte (blood),0.0003759587626503811,1535,0.727183526029176,0.6915422885572139,12,0,0.9225107974297138,0.0,False
GLU_AMPA,neurotransmitter,Glutamate,AMPA receptor,Astrocyte,Fibroblast / VLMC,1.1187858684524816,382,0.7285250092620486,0.746268656716418,7,0,0.9226578526351471,0.0,False
GLU_KAINATE,neurotransmitter,Glutamate,Kainate receptor,Astrocyte,Oligodendrocyte,0.5268223686524999,342,0.7277850901928792,0.7611940298507462,6,0,0.9226578526351471,0.0,False
GLU_MGLUR_I,neurotransmitter,Glutamate,Group I mGluR,Ependymal,T / NK cell,0.23705312284100957,119,0.7293611993161779,0.7562189054726368,1,0,0.9226578526351471,0.0,False
CCK_R,neuropeptide,Cholecystokinin,CCK receptor,Choroid plexus,Ependymal,0.2174871163290055,61,0.7299890275100005,0.7064676616915423,0,0,0.9226578526351471,0.0,False
CCK_R,neuropeptide,Cholecystokinin,CCK receptor,Pericyte,Vascular smooth muscle,0.21615939625238967,59,0.7290492191320339,0.681592039800995,0,0,0.9226578526351471,0.0,False
SLIT_ROBO,guidance,Slit,Robo,Pericyte,Endothelial,0.06796309572679025,108,0.7298389452620231,0.6965174129353234,0,0,0.9226578526351471,0.0,False
SLIT_ROBO,guidance,Slit,Robo,Fibroblast / VLMC,Vascular smooth muscle,0.03171044046228582,154,0.728781378368353,0.6865671641791045,2,0,0.9226578526351471,0.0,False
PACAP_R,neuropeptide,PACAP,PACAP receptor,Erythrocyte (blood),Fibroblast / VLMC,0.02944308594337799,477,0.7281887695959901,0.7064676616915423,8,1,0.9226578526351471,0.125,False
PACAP_R,neuropeptide,PACAP,PACAP receptor,Ependymal,Pericyte,0.029031890134016674,72,0.7290560507750369,0.6865671641791045,0,0,0.9226578526351471,0.0,False
BDNF_TRKB,neurotrophin,BDNF,TrkB,Erythrocyte (blood),Ependymal,0.023607148174428345,241,0.7298952138054149,0.7014925373134329,6,0,0.9226578526351471,0.0,False
CX3CL1_CX3CR1,neuron_glia,Fractalkine,CX3CR1,Choroid plexus,Vascular smooth muscle,0.013271247754331495,61,0.7300020026619608,0.6567164179104478,0,0,0.9226578526351471,0.0,False
CORT_SSTR,neuropeptide,Cortistatin,Somatostatin receptor,Excitatory neuron,Astrocyte,0.013123926662263415,336,0.7291539466206939,0.7213930348258707,9,0,0.9226578526351471,0.0,False
APOE_TREM2,neuron_glia,ApoE,TREM2,Fibroblast / VLMC,Erythrocyte (blood),0.006168582404434556,477,0.7289633587928952,0.7014925373134329,8,1,0.9226578526351471,0.125,False
GLU_KAINATE,neurotransmitter,Glutamate,Kainate receptor,Astrocyte,Border macrophage,0.43341830118682034,516,0.7310091394724162,0.7014925373134329,8,0,0.9230836671861422,0.0,False
PTN_PTPRZ1,neuron_glia,Pleiotrophin,PTPRZ1,Pericyte,Border macrophage,0.14468934647738935,160,0.7315275077276515,0.6865671641791045,3,0,0.9230836671861422,0.0,False
MDK_PTPRZ1,neuron_glia,Midkine,PTPRZ1,T / NK cell,Erythrocyte (blood),0.03602628336206588,526,0.7313114808839388,0.7213930348258707,12,0,0.9230836671861422,0.0,False
RELN_R,guidance,Reelin,Reelin receptor,Astrocyte,Microglia,0.03428123690557818,141,0.730571193090447,0.6915422885572139,4,0,0.9230836671861422,0.0,False
CX3CL1_CX3CR1,neuron_glia,Fractalkine,CX3CR1,T / NK cell,Oligodendrocyte,0.02197207599286212,453,0.7312929837833508,0.736318407960199,9,0,0.9230836671861422,0.0,False
C1Q_LRP1,neuron_glia,C1q,LRP1,Microglia,Erythrocyte (blood),0.012767511255600873,170,0.7314374473029199,0.6567164179104478,4,0,0.9230836671861422,0.0,False
CORT_SSTR,neuropeptide,Cortistatin,Somatostatin receptor,Border macrophage,Border macrophage,0.009892549447505079,638,0.7317198806568501,0.7213930348258707,12,0,0.9230836671861422,0.0,False
RELN_R,guidance,Reelin,Reelin receptor,Border macrophage,Astrocyte,0.0400524308053098,516,0.7319205849802803,0.7313432835820896,8,0,0.9230879830519493,0.0,False
GLU_MGLUR_I,neurotransmitter,Glutamate,Group I mGluR,Inhibitory neuron,Ependymal,0.09357463902440565,29,0.732708599082105,0.746268656716418,0,0,0.9236926055340006,0.0,False
GLU_KAINATE,neurotransmitter,Glutamate,Kainate receptor,OPC,Astrocyte,0.09242566772129225,23,0.7337605277326918,0.6666666666666666,0,0,0.9236926055340006,0.0,False
GLU_MGLUR_III,neurotransmitter,Glutamate,Group III mGluR,Astrocyte,Border macrophage,0.08930524467497833,516,0.7336296535708196,0.6965174129353234,8,0,0.9236926055340006,0.0,False
PACAP_R,neuropeptide,PACAP,PACAP receptor,Vascular smooth muscle,Excitatory neuron,0.019882843494415284,225,0.7337818796259629,0.7164179104477612,4,0,0.9236926055340006,0.0,False
RELN_R,guidance,Reelin,Reelin receptor,Endothelial,Choroid plexus,0.009449731735956101,84,0.7331458895185148,0.7064676616915423,0,0,0.9236926055340006,0.0,False
RELN_R,guidance,Reelin,Reelin receptor,Border macrophage,Pericyte,0.005131132900714874,160,0.7330280807687972,0.6965174129353234,3,0,0.9236926055340006,0.0,False
VEGFA_R,neurovascular,VEGF-A,VEGF receptor,Border macrophage,Excitatory neuron,0.004879059775775632,1057,0.7335432902805803,0.7213930348258707,12,0,0.9236926055340006,0.0,False
APOE_LRP1,neuron_glia,ApoE,LRP1,Inhibitory neuron,Border macrophage,0.6725106104364935,53,0.7345260637526859,0.7313432835820896,0,0,0.9237765893396549,0.0,False
PTN_PTPRZ1,neuron_glia,Pleiotrophin,PTPRZ1,Microglia,Pericyte,0.1378938646027536,33,0.7348357481346859,0.7164179104477612,0,0,0.9237765893396549,0.0,False
GLU_MGLUR_III,neurotransmitter,Glutamate,Group III mGluR,Astrocyte,Vascular smooth muscle,0.080774665381838,237,0.7346668708251352,0.7114427860696517,7,0,0.9237765893396549,0.0,False
PACAP_R,neuropeptide,PACAP,PACAP receptor,T / NK cell,Choroid plexus,0.03542827840509086,116,0.7344176260169666,0.6915422885572139,2,0,0.9237765893396549,0.0,False
PACAP_R,neuropeptide,PACAP,PACAP receptor,Choroid plexus,Astrocyte,0.009350346891503585,152,0.734216937489919,0.681592039800995,2,0,0.9237765893396549,0.0,False
CSF1_CSF1R,neuron_glia,CSF-1,CSF1R,Endothelial,Excitatory neuron,0.0013050845691135952,595,0.7355701707980806,0.7114427860696517,12,0,0.924451471706747,0.0,False
GLU_NMDA_2B,neurotransmitter,Glutamate,NMDA receptor (GluN1/2B),Erythrocyte (blood),Astrocyte,0.21666423679508087,537,0.7360643740611831,0.7114427860696517,11,1,0.9245758942905439,0.09090909090909091,False
NRXN_NLGN,synaptic_adhesion,Neurexin,Neuroligin,Astrocyte,OPC,0.16864501911660898,23,0.7359464661524528,0.6965174129353234,0,0,0.9245758942905439,0.0,False
NRXN_NLGN,synaptic_adhesion,Neurexin,Neuroligin,Inhibitory neuron,Erythrocyte (blood),0.41271910017186947,55,0.7368094116134074,0.7263681592039801,0,0,0.9252633486149042,0.0,False
GLU_MGLUR_II,neurotransmitter,Glutamate,Group II mGluR,Vascular smooth muscle,Excitatory neuron,0.7079766400655111,225,0.7388503369212152,0.7313432835820896,4,0,0.9253428068668003,0.0,False
GLU_MGLUR_II,neurotransmitter,Glutamate,Group II mGluR,Pericyte,Ependymal,0.5063533319367303,72,0.7385277927835755,0.7064676616915423,0,0,0.9253428068668003,0.0,False
GLU_MGLUR_II,neurotransmitter,Glutamate,Group II mGluR,T / NK cell,Inhibitory neuron,0.4856457625116621,28,0.7384276433842406,0.7313432835820896,0,0,0.9253428068668003,0.0,False
CCK_R,neuropeptide,Cholecystokinin,CCK receptor,Oligodendrocyte,Astrocyte,0.21964524015348558,342,0.7376362902729708,0.7014925373134329,6,0,0.9253428068668003,0.0,False
GLU_MGLUR_I,neurotransmitter,Glutamate,Group I mGluR,Astrocyte,Fibroblast / VLMC,0.19913493245059907,382,0.737772853057519,0.7711442786069652,7,0,0.9253428068668003,0.0,False
GLU_MGLUR_I,neurotransmitter,Glutamate,Group I mGluR,Fibroblast / VLMC,Pericyte,0.17018873665643774,92,0.7388056169380313,0.7263681592039801,1,0,0.9253428068668003,0.0,False
SLIT_ROBO,guidance,Slit,Robo,Pericyte,Pericyte,0.038602787714738115,26,0.7384540946165936,0.6865671641791045,0,0,0.9253428068668003,0.0,False
VIP_R,neuropeptide,VIP,VIP receptor,Astrocyte,Excitatory neuron,0.015664901229597274,336,0.737680916475,0.7313432835820896,9,0,0.9253428068668003,0.0,False
VEGFA_R,neurovascular,VEGF-A,VEGF receptor,T / NK cell,T / NK cell,0.007083028425901999,462,0.7379294765702369,0.6965174129353234,10,0,0.9253428068668003,0.0,False
PDGFB_PDGFRB,neurovascular,PDGF-B,PDGFRB,Excitatory neuron,Endothelial,0.004307215554373605,595,0.7370838187468953,0.7114427860696517,12,0,0.9253428068668003,0.0,False
APOE_LRP1,neuron_glia,ApoE,LRP1,Excitatory neuron,Microglia,0.7021760156419542,225,0.7398459455267994,0.7313432835820896,5,0,0.9261956929741475,0.0,False
PTN_PTPRZ1,neuron_glia,Pleiotrophin,PTPRZ1,Inhibitory neuron,Astrocyte,0.3127342851265617,46,0.7399272281122812,0.7213930348258707,0,0,0.9261956929741475,0.0,False
CCK_R,neuropeptide,Cholecystokinin,CCK receptor,Pericyte,Choroid plexus,0.21600469147286763,41,0.7407975767516685,0.7313432835820896,0,0,0.9270371387058189,0.0,False
GLU_KAINATE,neurotransmitter,Glutamate,Kainate receptor,Fibroblast / VLMC,Microglia,0.43800340657648834,92,0.741009360301403,0.746268656716418,1,0,0.9270542237567552,0.0,False
MDK_PTPRZ1,neuron_glia,Midkine,PTPRZ1,Pericyte,Choroid plexus,0.021612538070213502,41,0.7416143353213194,0.6965174129353234,0,0,0.9275630780455636,0.0,False
BDNF_TRKB,neurotrophin,BDNF,TrkB,T / NK cell,Oligodendrocyte,0.033649460106232834,453,0.7422048128217249,0.7213930348258707,9,0,0.9278055888840103,0.0,False
NPY_R,neuropeptide,Neuropeptide Y,NPY receptor,Vascular smooth muscle,Excitatory neuron,0.004754745165506999,225,0.7421559985576268,0.7263681592039801,4,0,0.9278055888840103,0.0,False
APOE_LRP1,neuron_glia,ApoE,LRP1,Pericyte,Endothelial,0.9076019326845804,108,0.7428641365808085,0.7412935323383084,0,0,0.9278860905129747,0.0,False
SST_SSTR,neuropeptide,Somatostatin,Somatostatin receptor,T / NK cell,Ependymal,0.06477359363010951,119,0.7426741046736498,0.7114427860696517,1,0,0.9278860905129747,0.0,False
BDNF_TRKB,neurotrophin,BDNF,TrkB,Astrocyte,T / NK cell,0.044642914985788276,232,0.742677091989831,0.7512437810945274,4,0,0.9278860905129747,0.0,False
BDNF_TRKB,neurotrophin,BDNF,TrkB,Ependymal,Excitatory neuron,0.05080125083888534,274,0.7432442550519427,0.7164179104477612,7,0,0.9281131223346784,0.0,False
GLU_MGLUR_II,neurotransmitter,Glutamate,Group II mGluR,Vascular smooth muscle,Erythrocyte (blood),0.6971219370636759,237,0.7441760398953611,0.7114427860696517,5,0,0.9281976445036849,0.0,False
GLU_MGLUR_I,neurotransmitter,Glutamate,Group I mGluR,Ependymal,Vascular smooth muscle,0.18607198650186713,88,0.7440012749113534,0.7164179104477612,0,0,0.9281976445036849,0.0,False
GLU_MGLUR_II,neurotransmitter,Glutamate,Group II mGluR,Astrocyte,OPC,0.16504186132679816,23,0.7439320537981795,0.7014925373134329,0,0,0.9281976445036849,0.0,False
GLU_MGLUR_III,neurotransmitter,Glutamate,Group III mGluR,Ependymal,Endothelial,0.07183305265868238,203,0.7443038175203731,0.7263681592039801,3,0,0.9281976445036849,0.0,False
MDK_PTPRZ1,neuron_glia,Midkine,PTPRZ1,Ependymal,Microglia,0.014776558156997438,63,0.7441603012897928,0.6318407960199005,1,0,0.9281976445036849,0.0,False
APOE_LRP1,neuron_glia,ApoE,LRP1,T / NK cell,Border macrophage,0.9164168503880501,400,0.745367314580021,0.7313432835820896,11,0,0.9290286800532548,0.0,False
RELN_R,guidance,Reelin,Reelin receptor,Pericyte,T / NK cell,0.013603318929672242,100,0.7453030105016136,0.681592039800995,0,0,0.9290286800532548,0.0,False
GLU_NMDA_2B,neurotransmitter,Glutamate,NMDA receptor (GluN1/2B),Ependymal,Microglia,0.13894647643679664,63,0.7458884736012119,0.7313432835820896,1,0,0.9294306705672625,0.0,False
VEGFA_R,neurovascular,VEGF-A,VEGF receptor,T / NK cell,Excitatory neuron,0.007285291881238993,651,0.7465628885914337,0.7263681592039801,12,0,0.9300233641425235,0.0,False
PTN_PTPRZ1,neuron_glia,Pleiotrophin,PTPRZ1,Endothelial,Pericyte,0.2510633071263631,108,0.7468468330570998,0.7263681592039801,0,0,0.9301294468656295,0.0,False
CX3CL1_CX3CR1,neuron_glia,Fractalkine,CX3CR1,Border macrophage,Excitatory neuron,0.03759239248882067,1057,0.7477870005134238,0.7512437810945274,12,0,0.9310525213949734,0.0,False
NRXN_NLGN,synaptic_adhesion,Neurexin,Neuroligin,T / NK cell,Fibroblast / VLMC,0.4215142659472125,221,0.7480987531873815,0.7512437810945274,4,0,0.9311928880456924,0.0,False
GLU_KAINATE,neurotransmitter,Glutamate,Kainate receptor,Fibroblast / VLMC,Fibroblast / VLMC,0.4160776953190421,1242,0.7490939918920813,0.7263681592039801,9,1,0.9321837202295341,0.1111111111111111,False
GLU_NMDA_2A,neurotransmitter,Glutamate,NMDA receptor (GluN1/2A),Choroid plexus,Microglia,0.214517871538798,24,0.7495867547396095,0.7164179104477612,0,0,0.9324567951542166,0.0,False
CX3CL1_CX3CR1,neuron_glia,Fractalkine,CX3CR1,Border macrophage,Pericyte,0.025275490432977676,160,0.7499388592205368,0.7213930348258707,3,0,0.9324567951542166,0.0,False
PACAP_R,neuropeptide,PACAP,PACAP receptor,Microglia,T / NK cell,0.02061249166727066,80,0.7504041388320094,0.7512437810945274,0,0,0.9324567951542166,0.0,False
NPY_R,neuropeptide,Neuropeptide Y,NPY receptor,Oligodendrocyte,Endothelial,0.006978963721882213,220,0.7501186149712803,0.6766169154228856,4,0,0.9324567951542166,0.0,False
VIP_R,neuropeptide,VIP,VIP receptor,Fibroblast / VLMC,Astrocyte,0.006601485906471132,382,0.7507084307215076,0.746268656716418,7,0,0.9324567951542166,0.0,False
CORT_SSTR,neuropeptide,Cortistatin,Somatostatin receptor,Choroid plexus,Choroid plexus,0.005285622552037239,96,0.7502404942216817,0.6716417910447762,1,0,0.9324567951542166,0.0,False
RELN_R,guidance,Reelin,Reelin receptor,Oligodendrocyte,Endothelial,0.004285042394291271,220,0.7505503115944303,0.7064676616915423,4,0,0.9324567951542166,0.0,False
SST_SSTR,neuropeptide,Somatostatin,Somatostatin receptor,Ependymal,Microglia,0.04602263371149699,63,0.7513764290473168,0.7114427860696517,1,0,0.9330388300192133,0.0,False
GLU_MGLUR_II,neurotransmitter,Glutamate,Group II mGluR,T / NK cell,Fibroblast / VLMC,0.7407017239618086,221,0.7521687698110247,0.7711442786069652,4,0,0.9335272344683778,0.0,False
GLU_MGLUR_II,neurotransmitter,Glutamate,Group II mGluR,Ependymal,Border macrophage,0.5528428020319008,241,0.752000371715462,0.7512437810945274,5,0,0.9335272344683778,0.0,False
GLU_AMPA,neurotransmitter,Glutamate,AMPA receptor,Microglia,Pericyte,1.5914202422806711,33,0.7544244761953018,0.746268656716418,0,0,0.9340968838628783,0.0,False
APOE_LRP1,neuron_glia,ApoE,LRP1,Fibroblast / VLMC,Vascular smooth muscle,0.8867806904501729,154,0.7540147563866548,0.7711442786069652,2,0,0.9340968838628783,0.0,False
GLU_NMDA_2A,neurotransmitter,Glutamate,NMDA receptor (GluN1/2A),Border macrophage,Ependymal,0.4324217614296561,241,0.7537619714526307,0.7014925373134329,5,0,0.9340968838628783,0.0,False
NRXN_NLGN,synaptic_adhesion,Neurexin,Neuroligin,Inhibitory neuron,Choroid plexus,0.4100362598896027,20,0.7536499253287914,0.7562189054726368,0,0,0.9340968838628783,0.0,False
GLU_NMDA_2A,neurotransmitter,Glutamate,NMDA receptor (GluN1/2A),Erythrocyte (blood),Astrocyte,0.40383175320687464,537,0.7542878628720223,0.746268656716418,11,1,0.9340968838628783,0.09090909090909091,False
PACAP_R,neuropeptide,PACAP,PACAP receptor,Choroid plexus,Fibroblast / VLMC,0.03161569393199423,138,0.7534689256131063,0.7562189054726368,2,0,0.9340968838628783,0.0,False
NRG1_ERBB4,guidance,Neuregulin-1,ErbB4,T / NK cell,Excitatory neuron,0.0036680191160163938,651,0.7528347620896751,0.7014925373134329,12,0,0.9340968838628783,0.0,False
VEGFA_R,neurovascular,VEGF-A,VEGF receptor,Endothelial,Fibroblast / VLMC,0.003299433019663721,223,0.7540472817731791,0.7164179104477612,5,0,0.9340968838628783,0.0,False
IL34_CSF1R,neuron_glia,IL-34,CSF1R,Choroid plexus,Excitatory neuron,0.0021557603669686482,321,0.7542141559927549,0.7512437810945274,7,0,0.9340968838628783,0.0,False
GABA_B,neurotransmitter,GABA,GABA-B receptor,Inhibitory neuron,Border macrophage,0.43563556896065764,53,0.7551658231256178,0.7512437810945274,0,0,0.9345202026989594,0.0,False
SLIT_ROBO,guidance,Slit,Robo,Border macrophage,Astrocyte,0.02934092883915864,516,0.7550187112703345,0.736318407960199,8,0,0.9345202026989594,0.0,False
NRXN_NLGN,synaptic_adhesion,Neurexin,Neuroligin,Microglia,Vascular smooth muscle,0.45195949418204173,35,0.7555319214399393,0.7711442786069652,0,0,0.9347260339549116,0.0,False
GLU_AMPA,neurotransmitter,Glutamate,AMPA receptor,Microglia,Ependymal,1.203470648281158,63,0.7557358468684321,0.746268656716418,1,0,0.9347311730101491,0.0,False
SST_SSTR,neuropeptide,Somatostatin,Somatostatin receptor,Border macrophage,Ependymal,0.06665670080303651,241,0.7567096815736141,0.7263681592039801,5,0,0.9354411096652417,0.0,False
NRG1_ERBB4,guidance,Neuregulin-1,ErbB4,Fibroblast / VLMC,Excitatory neuron,0.0012852371575120456,499,0.7566529406711644,0.6467661691542289,7,0,0.9354411096652417,0.0,False
C1Q_LRP1,neuron_glia,C1q,LRP1,Excitatory neuron,Excitatory neuron,0.0004948503259434121,2258,0.7577364169677928,0.7313432835820896,12,0,0.9364629410967519,0.0,False
NRXN_NLGN,synaptic_adhesion,Neurexin,Neuroligin,Fibroblast / VLMC,Ependymal,0.29786255724576055,245,0.7598750228096245,0.7661691542288557,6,0,0.9381177883895635,0.0,False
PACAP_R,neuropeptide,PACAP,PACAP receptor,Microglia,Border macrophage,0.04767860618292117,153,0.7594090720741029,0.7761194029850746,3,0,0.9381177883895635,0.0,False
VIP_R,neuropeptide,VIP,VIP receptor,Fibroblast / VLMC,Excitatory neuron,0.01693866845362172,499,0.7596805608362409,0.7213930348258707,7,0,0.9381177883895635,0.0,False
VEGFA_R,neurovascular,VEGF-A,VEGF receptor,Astrocyte,T / NK cell,0.004198606928874706,232,0.7598774135491442,0.7860696517412935,4,0,0.9381177883895635,0.0,False
MDK_PTPRZ1,neuron_glia,Midkine,PTPRZ1,Astrocyte,Ependymal,0.024856714431397215,334,0.7601487767235209,0.7611940298507462,5,0,0.938205256209273,0.0,False
APOE_LRP1,neuron_glia,ApoE,LRP1,Astrocyte,Choroid plexus,1.0686616034884202,152,0.762264695118197,0.7512437810945274,2,0,0.938338371579323,0.0,False
GLU_MGLUR_II,neurotransmitter,Glutamate,Group II mGluR,Astrocyte,Excitatory neuron,0.6496077845139163,336,0.76304153051257,0.736318407960199,9,1,0.938338371579323,0.1111111111111111,False
CCK_R,neuropeptide,Cholecystokinin,CCK receptor,Vascular smooth muscle,Vascular smooth muscle,0.21107077189520293,408,0.7627136200207059,0.7412935323383084,7,0,0.938338371579323,0.0,False
GLU_MGLUR_III,neurotransmitter,Glutamate,Group III mGluR,Choroid plexus,Oligodendrocyte,0.1303438663482666,230,0.7625239115145634,0.746268656716418,6,0,0.938338371579323,0.0,False
SST_SSTR,neuropeptide,Somatostatin,Somatostatin receptor,Oligodendrocyte,Pericyte,0.10551072096993737,141,0.7621673776122362,0.7611940298507462,1,0,0.938338371579323,0.0,False
SST_SSTR,neuropeptide,Somatostatin,Somatostatin receptor,Endothelial,Oligodendrocyte,0.07840036478909579,220,0.7605218848155728,0.7213930348258707,4,1,0.938338371579323,0.25,False
SST_SSTR,neuropeptide,Somatostatin,Somatostatin receptor,Vascular smooth muscle,Vascular smooth muscle,0.053609886005813,408,0.7614293229134386,0.7412935323383084,7,0,0.938338371579323,0.0,False
MDK_PTPRZ1,neuron_glia,Midkine,PTPRZ1,Choroid plexus,Oligodendrocyte,0.04630003105039182,230,0.7631140754047716,0.7661691542288557,6,0,0.938338371579323,0.0,False
MDK_PTPRZ1,neuron_glia,Midkine,PTPRZ1,Vascular smooth muscle,T / NK cell,0.03702104091644287,94,0.7607040509389744,0.7512437810945274,0,0,0.938338371579323,0.0,False
VIP_R,neuropeptide,VIP,VIP receptor,Border macrophage,Endothelial,0.010850983341847817,381,0.7625434201286585,0.7661691542288557,10,0,0.938338371579323,0.0,False
IL34_CSF1R,neuron_glia,IL-34,CSF1R,Excitatory neuron,Oligodendrocyte,0.009808125789470958,601,0.7610801588929965,0.7562189054726368,12,1,0.938338371579323,0.08333333333333333,False
CORT_SSTR,neuropeptide,Cortistatin,Somatostatin receptor,Fibroblast / VLMC,Border macrophage,0.006304362533139247,408,0.7617567839504127,0.7164179104477612,7,0,0.938338371579323,0.0,False
IL34_CSF1R,neuron_glia,IL-34,CSF1R,T / NK cell,Border macrophage,0.006290699988603592,400,0.7625928902680087,0.7114427860696517,11,0,0.938338371579323,0.0,False
NPY_R,neuropeptide,Neuropeptide Y,NPY receptor,Ependymal,Border macrophage,0.005217338993341597,241,0.7619138778687777,0.746268656716418,5,0,0.938338371579323,0.0,False
IL34_CSF1R,neuron_glia,IL-34,CSF1R,Erythrocyte (blood),Pericyte,0.0030441043112013075,225,0.7632647664524264,0.7263681592039801,5,0,0.938338371579323,0.0,False
CX3CL1_CX3CR1,neuron_glia,Fractalkine,CX3CR1,Erythrocyte (blood),Endothelial,0.03106948151331558,594,0.7634927092555501,0.7761194029850746,12,0,0.9383720479660412,0.0,False
MDK_PTPRZ1,neuron_glia,Midkine,PTPRZ1,Excitatory neuron,Border macrophage,0.027307765288745442,1057,0.7640221248247467,0.7412935323383084,12,1,0.9385868223760674,0.08333333333333333,False
VEGFA_R,neurovascular,VEGF-A,VEGF receptor,Choroid plexus,Oligodendrocyte,0.006116982128309167,230,0.7640686485211456,0.746268656716418,6,0,0.9385868223760674,0.0,False
PACAP_R,neuropeptide,PACAP,PACAP receptor,Choroid plexus,Endothelial,0.02493720537140256,84,0.7645599383863237,0.7164179104477612,0,0,0.938943819346354,0.0,False
BDNF_TRKB,neurotrophin,BDNF,TrkB,Excitatory neuron,Pericyte,0.05124725453993854,255,0.7647933641272779,0.7313432835820896,7,0,0.9389840332593895,0.0,False
VIP_R,neuropeptide,VIP,VIP receptor,Ependymal,Excitatory neuron,0.003176262126351795,274,0.7656038583848908,0.736318407960199,7,0,0.9397325428601532,0.0,False
NPY_R,neuropeptide,Neuropeptide Y,NPY receptor,Oligodendrocyte,Choroid plexus,0.011526241509810738,230,0.7661913732243366,0.7512437810945274,6,0,0.9402070378485893,0.0,False
NPY_R,neuropeptide,Neuropeptide Y,NPY receptor,T / NK cell,Choroid plexus,0.007453158497810364,116,0.7665340225194622,0.7412935323383084,2,0,0.9403808839456118,0.0,False
APOE_LRP1,neuron_glia,ApoE,LRP1,Fibroblast / VLMC,Erythrocyte (blood),0.8610408083697785,477,0.7667886522291046,0.7611940298507462,8,0,0.9404466851323672,0.0,False
APOE_LRP1,neuron_glia,ApoE,LRP1,Microglia,Oligodendrocyte,1.0826642906781538,103,0.7673995034029404,0.7512437810945274,2,0,0.9409492338633013,0.0,False
GLU_KAINATE,neurotransmitter,Glutamate,Kainate receptor,Pericyte,Astrocyte,0.3928502897421519,120,0.7680846904297767,0.7562189054726368,1,0,0.9415426425257859,0.0,False
NRXN_NLGN,synaptic_adhesion,Neurexin,Neuroligin,Inhibitory neuron,T / NK cell,0.39325131688799175,28,0.7694785718412538,0.7562189054726368,0,0,0.9426554077055853,0.0,False
GLU_KAINATE,neurotransmitter,Glutamate,Kainate receptor,Astrocyte,Vascular smooth muscle,0.3807693312439737,237,0.7702884747474443,0.7313432835820896,7,0,0.9426554077055853,0.0,False
CCK_R,neuropeptide,Cholecystokinin,CCK receptor,Ependymal,Vascular smooth muscle,0.21845315261320633,88,0.7703657104644097,0.8109452736318408,0,0,0.9426554077055853,0.0,False
GABA_A,neurotransmitter,GABA,GABA-A receptor,Inhibitory neuron,Fibroblast / VLMC,0.21272304424872765,26,0.7708056400687261,0.7661691542288557,0,0,0.9426554077055853,0.0,False
GLU_NMDA_2B,neurotransmitter,Glutamate,NMDA receptor (GluN1/2B),Microglia,Microglia,0.12879343259902226,42,0.7697491187397584,0.7512437810945274,0,0,0.9426554077055853,0.0,False
SST_SSTR,neuropeptide,Somatostatin,Somatostatin receptor,Astrocyte,Oligodendrocyte,0.0530835731684813,342,0.7704770900445943,0.7611940298507462,6,1,0.9426554077055853,0.16666666666666666,False
MDK_PTPRZ1,neuron_glia,Midkine,PTPRZ1,Border macrophage,Erythrocyte (blood),0.04233615609975356,848,0.7707207806639191,0.7860696517412935,12,1,0.9426554077055853,0.08333333333333333,False
BDNF_TRKB,neurotrophin,BDNF,TrkB,Erythrocyte (blood),Inhibitory neuron,0.038222586024891245,55,0.7703657764604712,0.7313432835820896,0,0,0.9426554077055853,0.0,False
CX3CL1_CX3CR1,neuron_glia,Fractalkine,CX3CR1,Fibroblast / VLMC,Fibroblast / VLMC,0.02181237499303096,1242,0.7706112670675622,0.7512437810945274,9,0,0.9426554077055853,0.0,False
VIP_R,neuropeptide,VIP,VIP receptor,Excitatory neuron,Astrocyte,0.014834906018915631,336,0.7716987735534109,0.7313432835820896,9,0,0.9432545876322909,0.0,False
APOE_TREM2,neuron_glia,ApoE,TREM2,Excitatory neuron,Border macrophage,0.004385858858770769,1057,0.7716267297488656,0.7213930348258707,12,0,0.9432545876322909,0.0,False
GLU_AMPA,neurotransmitter,Glutamate,AMPA receptor,Microglia,Oligodendrocyte,1.0948775416439018,103,0.7730238133109413,0.7512437810945274,2,0,0.943395519687505,0.0,False
NRXN_NLGN,synaptic_adhesion,Neurexin,Neuroligin,Endothelial,Fibroblast / VLMC,0.4363545323701183,223,0.7728000391291393,0.7611940298507462,5,0,0.943395519687505,0.0,False
GLU_MGLUR_I,neurotransmitter,Glutamate,Group I mGluR,Oligodendrocyte,Border macrophage,0.2938612735632694,429,0.772120960709838,0.7810945273631841,9,0,0.943395519687505,0.0,False
BDNF_TRKB,neurotrophin,BDNF,TrkB,Vascular smooth muscle,Choroid plexus,0.10438085384056216,61,0.772685897584035,0.7512437810945274,0,0,0.943395519687505,0.0,False
NPY_R,neuropeptide,Neuropeptide Y,NPY receptor,Astrocyte,Excitatory neuron,0.007463447749614716,336,0.7728426273670781,0.7611940298507462,9,0,0.943395519687505,0.0,False
VEGFA_R,neurovascular,VEGF-A,VEGF receptor,Endothelial,Erythrocyte (blood),0.0046631651695328525,594,0.7728722833717034,0.7711442786069652,12,0,0.943395519687505,0.0,False
GLU_KAINATE,neurotransmitter,Glutamate,Kainate receptor,Oligodendrocyte,T / NK cell,0.6540315340686318,453,0.774594764148741,0.7810945273631841,9,0,0.9436089706795574,0.0,False
SLIT_ROBO,guidance,Slit,Robo,T / NK cell,Ependymal,0.035087492786535696,119,0.7746952766183155,0.7860696517412935,1,0,0.9436089706795574,0.0,False
RELN_R,guidance,Reelin,Reelin receptor,Astrocyte,Border macrophage,0.03280866423318552,516,0.7748120678245052,0.7711442786069652,8,0,0.9436089706795574,0.0,False
CORT_SSTR,neuropeptide,Cortistatin,Somatostatin receptor,Choroid plexus,Endothelial,0.013266065290996007,84,0.773712891365796,0.7661691542288557,0,0,0.9436089706795574,0.0,False
SLIT_ROBO,guidance,Slit,Robo,Microglia,Astrocyte,0.011978696424064907,141,0.7736099603192685,0.7661691542288557,4,1,0.9436089706795574,0.25,False
VIP_R,neuropeptide,VIP,VIP receptor,Border macrophage,Fibroblast / VLMC,0.0078110306286344345,408,0.7747796109007692,0.7562189054726368,7,0,0.9436089706795574,0.0,False
NPY_R,neuropeptide,Neuropeptide Y,NPY receptor,Endothelial,Astrocyte,0.005420828894745532,417,0.7747604972901314,0.7412935323383084,6,0,0.9436089706795574,0.0,False
IL34_CSF1R,neuron_glia,IL-34,CSF1R,Endothelial,Erythrocyte (blood),0.002857510690335874,594,0.7743222853980807,0.7412935323383084,12,0,0.9436089706795574,0.0,False
GLU_NMDA_2A,neurotransmitter,Glutamate,NMDA receptor (GluN1/2A),T / NK cell,Fibroblast / VLMC,0.565191453938031,221,0.77530271761204,0.7761194029850746,4,0,0.9439608159528323,0.0,False
MDK_PTPRZ1,neuron_glia,Midkine,PTPRZ1,Fibroblast / VLMC,Choroid plexus,0.04918679594993591,138,0.775528280001561,0.746268656716418,2,0,0.9439898080456046,0.0,False
GLU_MGLUR_II,neurotransmitter,Glutamate,Group II mGluR,Pericyte,Choroid plexus,0.6268435891081647,41,0.7769725627967023,0.7412935323383084,0,0,0.9442909065111266,0.0,False
GLU_NMDA_2A,neurotransmitter,Glutamate,NMDA receptor (GluN1/2A),Astrocyte,Border macrophage,0.34882311557614526,516,0.7773901628298481,0.7860696517412935,8,1,0.9442909065111266,0.125,False
GLU_NMDA_2B,neurotransmitter,Glutamate,NMDA receptor (GluN1/2B),T / NK cell,Inhibitory neuron,0.1037235941205706,28,0.777049202501199,0.736318407960199,0,0,0.9442909065111266,0.0,False
SST_SSTR,neuropeptide,Somatostatin,Somatostatin receptor,Oligodendrocyte,Inhibitory neuron,0.03772194087505341,40,0.7767261022910166,0.7860696517412935,0,0,0.9442909065111266,0.0,False
PACAP_R,neuropeptide,PACAP,PACAP receptor,Pericyte,Endothelial,0.03553204735120138,108,0.7773254124333335,0.7761194029850746,0,0,0.9442909065111266,0.0,False
CX3CL1_CX3CR1,neuron_glia,Fractalkine,CX3CR1,Fibroblast / VLMC,Erythrocyte (blood),0.028154901113650085,477,0.7766436255520401,0.7960199004975125,8,0,0.9442909065111266,0.0,False
CX3CL1_CX3CR1,neuron_glia,Fractalkine,CX3CR1,Erythrocyte (blood),Astrocyte,0.024929679416855397,537,0.7761265708250249,0.7711442786069652,11,0,0.9442909065111266,0.0,False
GABA_B,neurotransmitter,GABA,GABA-B receptor,Astrocyte,Ependymal,0.016214092691501456,334,0.7763876967033274,0.7661691542288557,5,0,0.9442909065111266,0.0,False
CORT_SSTR,neuropeptide,Cortistatin,Somatostatin receptor,Border macrophage,T / NK cell,0.0031524232029914857,400,0.7777551109401928,0.7562189054726368,11,0,0.944489012221428,0.0,False
GLU_KAINATE,neurotransmitter,Glutamate,Kainate receptor,T / NK cell,Vascular smooth muscle,0.6331050814466274,94,0.7794473363732569,0.7810945273631841,0,0,0.9448274836503806,0.0,False
CCK_R,neuropeptide,Cholecystokinin,CCK receptor,Fibroblast / VLMC,Fibroblast / VLMC,0.24458605358182137,1242,0.7786333931916145,0.8059701492537313,9,0,0.9448274836503806,0.0,False
PTN_PTPRZ1,neuron_glia,Pleiotrophin,PTPRZ1,Erythrocyte (blood),Fibroblast / VLMC,0.20913187868940006,477,0.7792199726332925,0.7761194029850746,8,0,0.9448274836503806,0.0,False
PTN_PTPRZ1,neuron_glia,Pleiotrophin,PTPRZ1,Microglia,Choroid plexus,0.1611181596914927,24,0.7789592789243229,0.7611940298507462,0,0,0.9448274836503806,0.0,False
SST_SSTR,neuropeptide,Somatostatin,Somatostatin receptor,Border macrophage,T / NK cell,0.0907582102715969,400,0.7791596266705076,0.7412935323383084,11,0,0.9448274836503806,0.0,False
SLIT_ROBO,guidance,Slit,Robo,Oligodendrocyte,Endothelial,0.06141453764655373,220,0.7793021618775616,0.7711442786069652,4,0,0.9448274836503806,0.0,False
CX3CL1_CX3CR1,neuron_glia,Fractalkine,CX3CR1,Excitatory neuron,Choroid plexus,0.03100907291950095,321,0.7789188051386322,0.7562189054726368,7,0,0.9448274836503806,0.0,False
NRXN_NLGN,synaptic_adhesion,Neurexin,Neuroligin,Border macrophage,Fibroblast / VLMC,0.46764058108423273,408,0.7808904590585578,0.7711442786069652,7,0,0.9455969094034659,0.0,False
CCK_R,neuropeptide,Cholecystokinin,CCK receptor,Vascular smooth muscle,Endothelial,0.23097186598158975,131,0.7807406232278217,0.7661691542288557,1,0,0.9455969094034659,0.0,False
VIP_R,neuropeptide,VIP,VIP receptor,Endothelial,Border macrophage,0.00907762907934314,381,0.7808070882456066,0.7910447761194029,10,0,0.9455969094034659,0.0,False
VEGFA_R,neurovascular,VEGF-A,VEGF receptor,Fibroblast / VLMC,Oligodendrocyte,0.004183804807240283,722,0.7803241726725355,0.7213930348258707,10,0,0.9455969094034659,0.0,False
SLIT_ROBO,guidance,Slit,Robo,Fibroblast / VLMC,Erythrocyte (blood),0.04664347575395612,477,0.7811908260503542,0.7910447761194029,8,1,0.9457158797127057,0.125,False
GLU_AMPA,neurotransmitter,Glutamate,AMPA receptor,Pericyte,Vascular smooth muscle,1.4440694804918968,59,0.7835465800259657,0.7910447761194029,0,0,0.9466405473633956,0.0,False
GLU_AMPA,neurotransmitter,Glutamate,AMPA receptor,Ependymal,Oligodendrocyte,1.3790901090224943,221,0.783717780458731,0.7860696517412935,3,0,0.9466405473633956,0.0,False
APOE_LRP1,neuron_glia,ApoE,LRP1,Fibroblast / VLMC,T / NK cell,0.9459911212662226,221,0.7831086129036391,0.7661691542288557,4,0,0.9466405473633956,0.0,False
GLU_MGLUR_II,neurotransmitter,Glutamate,Group II mGluR,Inhibitory neuron,Fibroblast / VLMC,0.39589109329076916,26,0.7848868646606694,0.7810945273631841,0,0,0.9466405473633956,0.0,False
NRXN_NLGN,synaptic_adhesion,Neurexin,Neuroligin,Astrocyte,T / NK cell,0.3621962661373204,232,0.7858622293621431,0.7910447761194029,4,0,0.9466405473633956,0.0,False
CCK_R,neuropeptide,Cholecystokinin,CCK receptor,Astrocyte,Erythrocyte (blood),0.26354592183892733,537,0.785086300235788,0.746268656716418,11,1,0.9466405473633956,0.09090909090909091,False
GLU_MGLUR_I,neurotransmitter,Glutamate,Group I mGluR,Ependymal,Pericyte,0.16340341005060408,72,0.7857513929099217,0.7661691542288557,0,0,0.9466405473633956,0.0,False
BDNF_TRKB,neurotrophin,BDNF,TrkB,Pericyte,Microglia,0.0899782253034187,33,0.7846817908364773,0.7213930348258707,0,0,0.9466405473633956,0.0,False
CX3CL1_CX3CR1,neuron_glia,Fractalkine,CX3CR1,Excitatory neuron,Erythrocyte (blood),0.04354567964612855,1535,0.7846176939717328,0.7810945273631841,12,0,0.9466405473633956,0.0,False
GLU_MGLUR_III,neurotransmitter,Glutamate,Group III mGluR,Erythrocyte (blood),Inhibitory neuron,0.042179259386929596,55,0.7858856435057273,0.7711442786069652,0,0,0.9466405473633956,0.0,False
PACAP_R,neuropeptide,PACAP,PACAP receptor,Choroid plexus,Border macrophage,0.03607701057011319,194,0.7835832193208458,0.7711442786069652,3,0,0.9466405473633956,0.0,False
MDK_PTPRZ1,neuron_glia,Midkine,PTPRZ1,Border macrophage,Vascular smooth muscle,0.0353364711854516,164,0.782335033115787,0.7761194029850746,1,0,0.9466405473633956,0.0,False
BDNF_TRKB,neurotrophin,BDNF,TrkB,Oligodendrocyte,Choroid plexus,0.032613549025162406,230,0.7841316405836136,0.8059701492537313,6,0,0.9466405473633956,0.0,False
GABA_A,neurotransmitter,GABA,GABA-A receptor,Vascular smooth muscle,Vascular smooth muscle,0.03107841166795469,408,0.7847750084511778,0.7761194029850746,7,0,0.9466405473633956,0.0,False
CX3CL1_CX3CR1,neuron_glia,Fractalkine,CX3CR1,Oligodendrocyte,Choroid plexus,0.02012967234072478,230,0.7854001821081996,0.746268656716418,6,0,0.9466405473633956,0.0,False
CORT_SSTR,neuropeptide,Cortistatin,Somatostatin receptor,Fibroblast / VLMC,Astrocyte,0.01714528293509758,382,0.7849543820106051,0.7562189054726368,7,0,0.9466405473633956,0.0,False
CX3CL1_CX3CR1,neuron_glia,Fractalkine,CX3CR1,Astrocyte,Erythrocyte (blood),0.015402751261961526,537,0.7833175104956289,0.7711442786069652,11,1,0.9466405473633956,0.09090909090909091,False
CX3CL1_CX3CR1,neuron_glia,Fractalkine,CX3CR1,Ependymal,Erythrocyte (blood),0.010747654309411266,241,0.7860578217513233,0.7611940298507462,6,0,0.9466405473633956,0.0,False
CORT_SSTR,neuropeptide,Cortistatin,Somatostatin receptor,Oligodendrocyte,Fibroblast / VLMC,0.0043724344377702624,722,0.7862032842603452,0.7611940298507462,10,0,0.9466405473633956,0.0,False
VEGFA_R,neurovascular,VEGF-A,VEGF receptor,Border macrophage,Border macrophage,0.0037034036223791236,638,0.7846812216296384,0.7810945273631841,12,0,0.9466405473633956,0.0,False
VEGFA_R,neurovascular,VEGF-A,VEGF receptor,Astrocyte,Excitatory neuron,0.002677935574735914,336,0.782485790598832,0.8059701492537313,9,0,0.9466405473633956,0.0,False
IL34_CSF1R,neuron_glia,IL-34,CSF1R,Microglia,Excitatory neuron,0.008324173291524252,225,0.7869946006767299,0.7611940298507462,5,0,0.9473495591886851,0.0,False
GLU_NMDA_2B,neurotransmitter,Glutamate,NMDA receptor (GluN1/2B),Vascular smooth muscle,Vascular smooth muscle,0.2334859625381582,408,0.7872149455183293,0.7661691542288557,7,0,0.9473710725515079,0.0,False
SLIT_ROBO,guidance,Slit,Robo,Choroid plexus,Ependymal,0.03451999093665451,61,0.7877454783010565,0.7661691542288557,0,0,0.9473837594187183,0.0,False
VEGFA_R,neurovascular,VEGF-A,VEGF receptor,Endothelial,Excitatory neuron,0.0058939532572481815,595,0.7878329147036189,0.7711442786069652,12,0,0.9473837594187183,0.0,False
PDGFB_PDGFRB,neurovascular,PDGF-B,PDGFRB,Erythrocyte (blood),T / NK cell,0.0023493848372774886,526,0.7876981222372412,0.7711442786069652,12,0,0.9473837594187183,0.0,False
GLU_NMDA_2B,neurotransmitter,Glutamate,NMDA receptor (GluN1/2B),Astrocyte,Microglia,0.10427486304695724,141,0.7885326236487795,0.7512437810945274,4,0,0.9478901264620254,0.0,False
SLIT_ROBO,guidance,Slit,Robo,Microglia,T / NK cell,0.022906119003891945,80,0.7886591712581031,0.7711442786069652,0,0,0.9478901264620254,0.0,False
RELN_R,guidance,Reelin,Reelin receptor,Astrocyte,Erythrocyte (blood),0.04107590938191618,537,0.7889236897158753,0.746268656716418,11,1,0.9479645465281409,0.09090909090909091,False
APOE_LRP1,neuron_glia,ApoE,LRP1,Fibroblast / VLMC,Fibroblast / VLMC,0.7189517924367134,1242,0.7904934593000451,0.8009950248756219,9,2,0.9483894605294644,0.2222222222222222,False
GLU_MGLUR_I,neurotransmitter,Glutamate,Group I mGluR,Pericyte,T / NK cell,0.27860467314720155,100,0.7897665467686497,0.7810945273631841,0,0,0.9483894605294644,0.0,False
PTN_PTPRZ1,neuron_glia,Pleiotrophin,PTPRZ1,Microglia,T / NK cell,0.20324440747499467,80,0.790071728303599,0.7860696517412935,0,0,0.9483894605294644,0.0,False
PTN_PTPRZ1,neuron_glia,Pleiotrophin,PTPRZ1,Excitatory neuron,Microglia,0.15562141908539667,225,0.7902617108810817,0.7711442786069652,5,1,0.9483894605294644,0.2,False
SLIT_ROBO,guidance,Slit,Robo,T / NK cell,Endothelial,0.056928223654215515,253,0.7901851980304049,0.8159203980099502,7,0,0.9483894605294644,0.0,False
PDGFB_PDGFRB,neurovascular,PDGF-B,PDGFRB,T / NK cell,Excitatory neuron,0.0031796915831470637,651,0.7903902452810466,0.7512437810945274,12,0,0.9483894605294644,0.0,False
APOE_LRP1,neuron_glia,ApoE,LRP1,OPC,Astrocyte,0.8002427660900614,23,0.7913071701478481,0.7860696517412935,0,0,0.9486114233588738,0.0,False
GLU_NMDA_2B,neurotransmitter,Glutamate,NMDA receptor (GluN1/2B),Fibroblast / VLMC,Fibroblast / VLMC,0.18396262385419027,1242,0.7911188705441223,0.7711442786069652,9,1,0.9486114233588738,0.1111111111111111,False
PACAP_R,neuropeptide,PACAP,PACAP receptor,Excitatory neuron,Astrocyte,0.040137436240911484,336,0.7914894201310201,0.7810945273631841,9,0,0.9486114233588738,0.0,False
MDK_PTPRZ1,neuron_glia,Midkine,PTPRZ1,Vascular smooth muscle,Vascular smooth muscle,0.037851378906006906,408,0.7911859531861867,0.7810945273631841,7,0,0.9486114233588738,0.0,False
APOE_LRP1,neuron_glia,ApoE,LRP1,Pericyte,Erythrocyte (blood),0.9156063853369819,225,0.7920256881474055,0.7910447761194029,5,0,0.9487680990378162,0.0,False
GLU_MGLUR_III,neurotransmitter,Glutamate,Group III mGluR,Oligodendrocyte,Endothelial,0.09624379656531594,220,0.7918438204717579,0.7910447761194029,4,0,0.9487680990378162,0.0,False
GLU_NMDA_2A,neurotransmitter,Glutamate,NMDA receptor (GluN1/2A),Astrocyte,Vascular smooth muscle,0.31647607445213866,237,0.79339476031697,0.7960199004975125,7,0,0.9492394979047011,0.0,False
GLU_NMDA_2A,neurotransmitter,Glutamate,NMDA receptor (GluN1/2A),Ependymal,Vascular smooth muscle,0.28360614993355493,88,0.7926287607004897,0.7810945273631841,0,0,0.9492394979047011,0.0,False
SLIT_ROBO,guidance,Slit,Robo,Excitatory neuron,Vascular smooth muscle,0.06823685593075222,225,0.7935031005725066,0.7860696517412935,4,0,0.9492394979047011,0.0,False
BDNF_TRKB,neurotrophin,BDNF,TrkB,Border macrophage,Vascular smooth muscle,0.058764215649628054,164,0.7942450596915804,0.7960199004975125,1,0,0.9492394979047011,0.0,False
CX3CL1_CX3CR1,neuron_glia,Fractalkine,CX3CR1,Oligodendrocyte,Pericyte,0.01259441282732267,141,0.7936988764495276,0.7562189054726368,1,1,0.9492394979047011,1.0,False
CX3CL1_CX3CR1,neuron_glia,Fractalkine,CX3CR1,Ependymal,T / NK cell,0.011703348961197027,119,0.7940578239499332,0.8109452736318408,1,0,0.9492394979047011,0.0,False
CX3CL1_CX3CR1,neuron_glia,Fractalkine,CX3CR1,Fibroblast / VLMC,Ependymal,0.011202371363737145,245,0.7936455958973078,0.7810945273631841,6,0,0.9492394979047011,0.0,False
VEGFA_R,neurovascular,VEGF-A,VEGF receptor,Border macrophage,Oligodendrocyte,0.005259500516878141,429,0.7937289039048111,0.7960199004975125,9,0,0.9492394979047011,0.0,False
VEGFA_R,neurovascular,VEGF-A,VEGF receptor,Choroid plexus,Excitatory neuron,0.0028962064012188777,321,0.7940553540808387,0.7810945273631841,7,0,0.9492394979047011,0.0,False
GLU_MGLUR_III,neurotransmitter,Glutamate,Group III mGluR,Border macrophage,Border macrophage,0.12466731405930832,638,0.7946092722308964,0.7761194029850746,12,0,0.9494322739449347,0.0,False
MDK_PTPRZ1,neuron_glia,Midkine,PTPRZ1,Astrocyte,Excitatory neuron,0.020575004674139478,336,0.7953539774552595,0.8059701492537313,9,0,0.9495971109469585,0.0,False
CX3CL1_CX3CR1,neuron_glia,Fractalkine,CX3CR1,T / NK cell,Choroid plexus,0.01863665056639704,116,0.7950853413295369,0.7860696517412935,2,0,0.9495971109469585,0.0,False
SLIT_ROBO,guidance,Slit,Robo,Ependymal,Astrocyte,0.015302544582389785,334,0.7953560756146891,0.7761194029850746,5,0,0.9495971109469585,0.0,False
GLU_NMDA_2B,neurotransmitter,Glutamate,NMDA receptor (GluN1/2B),T / NK cell,Microglia,0.17990307807922362,80,0.7965118363692587,0.7910447761194029,0,0,0.9507344087683065,0.0,False
GLU_KAINATE,neurotransmitter,Glutamate,Kainate receptor,Erythrocyte (blood),Astrocyte,0.49324738868343987,537,0.7968710353056658,0.7761194029850746,11,0,0.9509205749031395,0.0,False
IL34_CSF1R,neuron_glia,IL-34,CSF1R,Border macrophage,Oligodendrocyte,0.0029491919737595776,429,0.7978178304879427,0.7810945273631841,9,0,0.9518076565153198,0.0,False
GLU_KAINATE,neurotransmitter,Glutamate,Kainate receptor,Vascular smooth muscle,T / NK cell,0.4528680012581196,94,0.798044427006329,0.7910447761194029,0,0,0.951835297976705,0.0,False
CCK_R,neuropeptide,Cholecystokinin,CCK receptor,Fibroblast / VLMC,Ependymal,0.208815404347011,245,0.7988835891406247,0.8009950248756219,6,0,0.9524883514591664,0.0,False
MDK_PTPRZ1,neuron_glia,Midkine,PTPRZ1,Fibroblast / VLMC,Fibroblast / VLMC,0.05787170456419437,1242,0.7989990979861569,0.7860696517412935,9,0,0.9524883514591664,0.0,False
CORT_SSTR,neuropeptide,Cortistatin,Somatostatin receptor,Choroid plexus,Oligodendrocyte,0.0036975002807119618,230,0.7994634115583021,0.7910447761194029,6,0,0.9527991091903453,0.0,False
MDK_PTPRZ1,neuron_glia,Midkine,PTPRZ1,Oligodendrocyte,Endothelial,0.025761375643990257,220,0.7997222264756534,0.8159203980099502,4,0,0.9528648580798528,0.0,False
CORT_SSTR,neuropeptide,Cortistatin,Somatostatin receptor,Endothelial,Ependymal,0.003501043237488845,203,0.8000205540887235,0.7562189054726368,3,0,0.952977640677479,0.0,False
BDNF_TRKB,neurotrophin,BDNF,TrkB,Oligodendrocyte,Ependymal,0.020323484192067143,221,0.8002613099744977,0.7910447761194029,3,0,0.9530218043702405,0.0,False
SST_SSTR,neuropeptide,Somatostatin,Somatostatin receptor,Inhibitory neuron,Ependymal,0.0852663516998291,29,0.8009944045027699,0.8009950248756219,0,0,0.9536521167095319,0.0,False
GLU_NMDA_2A,neurotransmitter,Glutamate,NMDA receptor (GluN1/2A),Vascular smooth muscle,Fibroblast / VLMC,0.4897263677089245,154,0.8022319081137265,0.7910447761194029,2,0,0.9541543208093864,0.0,False
CCK_R,neuropeptide,Cholecystokinin,CCK receptor,Endothelial,T / NK cell,0.25644918722597504,253,0.8021268612876058,0.8109452736318408,7,0,0.9541543208093864,0.0,False
GLU_NMDA_2A,neurotransmitter,Glutamate,NMDA receptor (GluN1/2A),Astrocyte,Inhibitory neuron,0.18081795650979746,46,0.8017035159840148,0.8208955223880597,0,0,0.9541543208093864,0.0,False
GLU_MGLUR_III,neurotransmitter,Glutamate,Group III mGluR,Oligodendrocyte,Ependymal,0.07852110603815829,221,0.8021192625812466,0.7611940298507462,3,0,0.9541543208093864,0.0,False
PTN_PTPRZ1,neuron_glia,Pleiotrophin,PTPRZ1,Excitatory neuron,Erythrocyte (blood),0.23885542655224132,1535,0.8025911363735809,0.7860696517412935,12,0,0.9541669116327559,0.0,False
GLU_NMDA_2B,neurotransmitter,Glutamate,NMDA receptor (GluN1/2B),Pericyte,Astrocyte,0.13321692148844402,120,0.8030406634735798,0.7910447761194029,1,0,0.9541669116327559,0.0,False
GLU_NMDA_2B,neurotransmitter,Glutamate,NMDA receptor (GluN1/2B),Fibroblast / VLMC,Astrocyte,0.1329451371862002,382,0.8028969237148664,0.8059701492537313,7,0,0.9541669116327559,0.0,False
PACAP_R,neuropeptide,PACAP,PACAP receptor,Oligodendrocyte,Endothelial,0.010104227066040038,220,0.8030581957704195,0.7761194029850746,4,0,0.9541669116327559,0.0,False
GLU_MGLUR_II,neurotransmitter,Glutamate,Group II mGluR,Choroid plexus,Ependymal,0.7123074277502591,61,0.8053302368385815,0.835820895522388,0,0,0.9547526182328364,0.0,False
APOE_LRP1,neuron_glia,ApoE,LRP1,Fibroblast / VLMC,Ependymal,0.6387869985736147,245,0.8046171250139419,0.7910447761194029,6,0,0.9547526182328364,0.0,False
GLU_MGLUR_II,neurotransmitter,Glutamate,Group II mGluR,Endothelial,Microglia,0.44626277903231176,82,0.8047497409454741,0.8009950248756219,0,0,0.9547526182328364,0.0,False
GLU_NMDA_2A,neurotransmitter,Glutamate,NMDA receptor (GluN1/2A),Pericyte,Ependymal,0.31103987826241386,72,0.8050437573684397,0.8059701492537313,0,0,0.9547526182328364,0.0,False
GLU_MGLUR_II,neurotransmitter,Glutamate,Group II mGluR,Inhibitory neuron,Astrocyte,0.23693765764651092,46,0.8043447934959163,0.7810945273631841,0,0,0.9547526182328364,0.0,False
GLU_NMDA_2A,neurotransmitter,Glutamate,NMDA receptor (GluN1/2A),Ependymal,Inhibitory neuron,0.2257488102748476,29,0.8053876008046603,0.7810945273631841,0,0,0.9547526182328364,0.0,False
RELN_R,guidance,Reelin,Reelin receptor,Border macrophage,Erythrocyte (blood),0.012241742942693099,848,0.8038875229908053,0.8109452736318408,12,0,0.9547526182328364,0.0,False
VIP_R,neuropeptide,VIP,VIP receptor,Pericyte,Oligodendrocyte,0.00503604124623833,141,0.8053741134031096,0.8109452736318408,1,0,0.9547526182328364,0.0,False
NRG1_ERBB4,guidance,Neuregulin-1,ErbB4,T / NK cell,Erythrocyte (blood),0.0011509969660537778,526,0.8049693741746451,0.7910447761194029,12,0,0.9547526182328364,0.0,False
GABA_B,neurotransmitter,GABA,GABA-B receptor,Border macrophage,Oligodendrocyte,0.01432180738115644,429,0.8058323449862169,0.7960199004975125,9,0,0.9547960349937982,0.0,False
CORT_SSTR,neuropeptide,Cortistatin,Somatostatin receptor,Endothelial,Endothelial,0.009499649629525259,282,0.8057537863230879,0.7761194029850746,7,0,0.9547960349937982,0.0,False
MDK_PTPRZ1,neuron_glia,Midkine,PTPRZ1,T / NK cell,Choroid plexus,0.044537846384377314,116,0.8060809041672612,0.8109452736318408,2,0,0.9548487469869911,0.0,False
PTN_PTPRZ1,neuron_glia,Pleiotrophin,PTPRZ1,Ependymal,T / NK cell,0.1650060044617212,119,0.8063597949681601,0.8208955223880597,1,0,0.9548590227440462,0.0,False
SLIT_ROBO,guidance,Slit,Robo,Pericyte,Fibroblast / VLMC,0.04290925095910612,92,0.8064977255576984,0.7562189054726368,1,0,0.9548590227440462,0.0,False
GLU_KAINATE,neurotransmitter,Glutamate,Kainate receptor,Ependymal,Fibroblast / VLMC,0.3965129407084718,245,0.8069570892965863,0.7910447761194029,6,0,0.9549349258791808,0.0,False
GLU_MGLUR_I,neurotransmitter,Glutamate,Group I mGluR,T / NK cell,Fibroblast / VLMC,0.27768484931186316,221,0.8070739167706846,0.8059701492537313,4,0,0.9549349258791808,0.0,False
PTN_PTPRZ1,neuron_glia,Pleiotrophin,PTPRZ1,Vascular smooth muscle,Border macrophage,0.2619790314901166,164,0.8072855253664404,0.7711442786069652,1,1,0.9549349258791808,1.0,False
GLU_MGLUR_III,neurotransmitter,Glutamate,Group III mGluR,Erythrocyte (blood),Vascular smooth muscle,0.08838137242361463,237,0.8077863724363749,0.7960199004975125,5,0,0.9549349258791808,0.0,False
CX3CL1_CX3CR1,neuron_glia,Fractalkine,CX3CR1,Vascular smooth muscle,Choroid plexus,0.011581020277054583,61,0.8075316370813754,0.7611940298507462,0,0,0.9549349258791808,0.0,False
CORT_SSTR,neuropeptide,Cortistatin,Somatostatin receptor,Excitatory neuron,Choroid plexus,0.011476724875678898,321,0.8077372331043927,0.7611940298507462,7,0,0.9549349258791808,0.0,False
GLU_MGLUR_II,neurotransmitter,Glutamate,Group II mGluR,Erythrocyte (blood),T / NK cell,0.7811657333102063,526,0.8123487965386036,0.8159203980099502,12,0,0.9556519737802399,0.0,False
APOE_LRP1,neuron_glia,ApoE,LRP1,Erythrocyte (blood),Microglia,0.7152605575673721,170,0.815415431781449,0.8208955223880597,4,0,0.9556519737802399,0.0,False
GLU_MGLUR_II,neurotransmitter,Glutamate,Group II mGluR,Fibroblast / VLMC,T / NK cell,0.6511466306259189,221,0.8123676360993529,0.8059701492537313,4,0,0.9556519737802399,0.0,False
GLU_MGLUR_II,neurotransmitter,Glutamate,Group II mGluR,Choroid plexus,Choroid plexus,0.5951939634978771,96,0.8156916198505578,0.8308457711442786,1,0,0.9556519737802399,0.0,False
NRXN_NLGN,synaptic_adhesion,Neurexin,Neuroligin,Oligodendrocyte,T / NK cell,0.47983348606438037,453,0.8171377066563648,0.8308457711442786,9,1,0.9556519737802399,0.1111111111111111,False
GLU_NMDA_2B,neurotransmitter,Glutamate,NMDA receptor (GluN1/2B),Excitatory neuron,Oligodendrocyte,0.438684952040877,601,0.8159742085063406,0.8059701492537313,12,1,0.9556519737802399,0.08333333333333333,False
NRXN_NLGN,synaptic_adhesion,Neurexin,Neuroligin,Oligodendrocyte,Endothelial,0.39785904911431397,220,0.8170259595250682,0.8059701492537313,4,0,0.9556519737802399,0.0,False
NRXN_NLGN,synaptic_adhesion,Neurexin,Neuroligin,Choroid plexus,Pericyte,0.3946155484129743,41,0.8171753680476042,0.8109452736318408,0,0,0.9556519737802399,0.0,False
GLU_KAINATE,neurotransmitter,Glutamate,Kainate receptor,Microglia,Ependymal,0.34102203732445124,63,0.8152432357853205,0.7960199004975125,1,0,0.9556519737802399,0.0,False
GLU_NMDA_2A,neurotransmitter,Glutamate,NMDA receptor (GluN1/2A),Inhibitory neuron,Border macrophage,0.29129465570989643,53,0.8125685914159976,0.8109452736318408,0,0,0.9556519737802399,0.0,False
CCK_R,neuropeptide,Cholecystokinin,CCK receptor,Excitatory neuron,Astrocyte,0.2845508562667029,336,0.8121929273551762,0.8059701492537313,9,0,0.9556519737802399,0.0,False
GLU_NMDA_2A,neurotransmitter,Glutamate,NMDA receptor (GluN1/2A),Ependymal,Endothelial,0.27928810166607937,203,0.8137810647803422,0.8208955223880597,3,0,0.9556519737802399,0.0,False
NRXN_NLGN,synaptic_adhesion,Neurexin,Neuroligin,Oligodendrocyte,Vascular smooth muscle,0.27693576282925075,99,0.8144553131553052,0.8208955223880597,0,0,0.9556519737802399,0.0,False
GLU_MGLUR_I,neurotransmitter,Glutamate,Group I mGluR,Astrocyte,Oligodendrocyte,0.2615516617981314,342,0.81014310559098,0.8109452736318408,6,0,0.9556519737802399,0.0,False
GLU_MGLUR_I,neurotransmitter,Glutamate,Group I mGluR,Fibroblast / VLMC,Oligodendrocyte,0.23712926112383687,722,0.8157929711358765,0.7910447761194029,10,0,0.9556519737802399,0.0,False
GLU_NMDA_2B,neurotransmitter,Glutamate,NMDA receptor (GluN1/2B),Oligodendrocyte,Astrocyte,0.22813772179229916,342,0.8094773944743161,0.8159203980099502,6,0,0.9556519737802399,0.0,False
CCK_R,neuropeptide,Cholecystokinin,CCK receptor,Endothelial,Ependymal,0.20428076753475397,203,0.8111238253669106,0.7860696517412935,3,0,0.9556519737802399,0.0,False
CCK_R,neuropeptide,Cholecystokinin,CCK receptor,Erythrocyte (blood),Vascular smooth muscle,0.20153914725227196,237,0.8140178194142873,0.8059701492537313,5,0,0.9556519737802399,0.0,False
GLU_KAINATE,neurotransmitter,Glutamate,Kainate receptor,Inhibitory neuron,Astrocyte,0.19149123067441193,46,0.8142837108317736,0.8159203980099502,0,0,0.9556519737802399,0.0,False
GLU_NMDA_2B,neurotransmitter,Glutamate,NMDA receptor (GluN1/2B),Pericyte,Fibroblast / VLMC,0.14647738052451093,92,0.8111918861458554,0.8159203980099502,1,0,0.9556519737802399,0.0,False
GLU_NMDA_2B,neurotransmitter,Glutamate,NMDA receptor (GluN1/2B),Ependymal,Vascular smooth muscle,0.13554887879978528,88,0.8147950294013794,0.8109452736318408,0,0,0.9556519737802399,0.0,False
GLU_NMDA_2B,neurotransmitter,Glutamate,NMDA receptor (GluN1/2B),Microglia,Astrocyte,0.09585842173150246,141,0.8150211774779217,0.835820895522388,4,0,0.9556519737802399,0.0,False
GLU_MGLUR_I,neurotransmitter,Glutamate,Group I mGluR,Vascular smooth muscle,Microglia,0.08510571207318987,35,0.8125960987590112,0.7860696517412935,0,0,0.9556519737802399,0.0,False
GLU_MGLUR_III,neurotransmitter,Glutamate,Group III mGluR,Excitatory neuron,Inhibitory neuron,0.08046570962125604,88,0.816375146916129,0.7860696517412935,0,0,0.9556519737802399,0.0,False
SST_SSTR,neuropeptide,Somatostatin,Somatostatin receptor,Astrocyte,Border macrophage,0.0703709016936694,516,0.8153838340304775,0.8208955223880597,8,0,0.9556519737802399,0.0,False
GLU_MGLUR_III,neurotransmitter,Glutamate,Group III mGluR,Inhibitory neuron,Erythrocyte (blood),0.06800108822909269,55,0.8149204596347843,0.7910447761194029,0,0,0.9556519737802399,0.0,False
GLU_MGLUR_III,neurotransmitter,Glutamate,Group III mGluR,Endothelial,Microglia,0.05438254010386583,82,0.8121073520268449,0.7960199004975125,0,0,0.9556519737802399,0.0,False
SLIT_ROBO,guidance,Slit,Robo,Oligodendrocyte,Vascular smooth muscle,0.026875671112176144,99,0.8135248959121293,0.8009950248756219,0,0,0.9556519737802399,0.0,False
BDNF_TRKB,neurotrophin,BDNF,TrkB,Erythrocyte (blood),Fibroblast / VLMC,0.01827599355009867,477,0.8111749788311995,0.7910447761194029,8,0,0.9556519737802399,0.0,False
GABA_B,neurotransmitter,GABA,GABA-B receptor,Erythrocyte (blood),Vascular smooth muscle,0.016458078275752974,237,0.8114340748432503,0.8009950248756219,5,0,0.9556519737802399,0.0,False
PACAP_R,neuropeptide,PACAP,PACAP receptor,Oligodendrocyte,Fibroblast / VLMC,0.015292239568900533,722,0.8107889380357755,0.7611940298507462,10,1,0.9556519737802399,0.1,False
CORT_SSTR,neuropeptide,Cortistatin,Somatostatin receptor,Excitatory neuron,Ependymal,0.0145907934999814,274,0.8124489708515954,0.7910447761194029,7,0,0.9556519737802399,0.0,False
PACAP_R,neuropeptide,PACAP,PACAP receptor,T / NK cell,Astrocyte,0.014501680330983523,232,0.8150739586167592,0.8606965174129353,4,0,0.9556519737802399,0.0,False
RELN_R,guidance,Reelin,Reelin receptor,Border macrophage,Excitatory neuron,0.012579819337308914,1057,0.8100321235297951,0.8208955223880597,12,1,0.9556519737802399,0.08333333333333333,False
NPY_R,neuropeptide,Neuropeptide Y,NPY receptor,Border macrophage,Oligodendrocyte,0.011599540432572088,429,0.8167904846867573,0.8407960199004975,9,0,0.9556519737802399,0.0,False
NPY_R,neuropeptide,Neuropeptide Y,NPY receptor,Choroid plexus,Excitatory neuron,0.011104126399922594,321,0.8141998142248492,0.8258706467661692,7,0,0.9556519737802399,0.0,False
VIP_R,neuropeptide,VIP,VIP receptor,Erythrocyte (blood),Oligodendrocyte,0.007181330338320327,1342,0.8138714835663563,0.8059701492537313,10,0,0.9556519737802399,0.0,False
RELN_R,guidance,Reelin,Reelin receptor,Fibroblast / VLMC,Excitatory neuron,0.006435349135695097,499,0.8134920159309683,0.7960199004975125,7,0,0.9556519737802399,0.0,False
PACAP_R,neuropeptide,PACAP,PACAP receptor,Endothelial,Oligodendrocyte,0.005996050617911599,220,0.8147911797229981,0.8159203980099502,4,0,0.9556519737802399,0.0,False
IL34_CSF1R,neuron_glia,IL-34,CSF1R,Erythrocyte (blood),Fibroblast / VLMC,0.005919252301661973,477,0.8162945137690865,0.8159203980099502,8,0,0.9556519737802399,0.0,False
MDK_PTPRZ1,neuron_glia,Midkine,PTPRZ1,Choroid plexus,Fibroblast / VLMC,0.004706058381260305,138,0.8142730720738188,0.7910447761194029,2,0,0.9556519737802399,0.0,False
PDGFB_PDGFRB,neurovascular,PDGF-B,PDGFRB,Oligodendrocyte,Oligodendrocyte,0.004072718068607964,19620,0.8167201330413654,0.8208955223880597,12,0,0.9556519737802399,0.0,False
PDGFB_PDGFRB,neurovascular,PDGF-B,PDGFRB,Excitatory neuron,Border macrophage,0.003640595030536489,1057,0.810980637762752,0.8159203980099502,12,0,0.9556519737802399,0.0,False
GLU_KAINATE,neurotransmitter,Glutamate,Kainate receptor,Ependymal,Ependymal,0.3357287659042183,174,0.8186454571757553,0.8109452736318408,4,0,0.9560581630232845,0.0,False
CCK_R,neuropeptide,Cholecystokinin,CCK receptor,Pericyte,Fibroblast / VLMC,0.20638623444930368,92,0.8196817640007097,0.7761194029850746,1,0,0.9560581630232845,0.0,False
PTN_PTPRZ1,neuron_glia,Pleiotrophin,PTPRZ1,Pericyte,Endothelial,0.19145781022531014,108,0.8191924241374885,0.8258706467661692,0,0,0.9560581630232845,0.0,False
GLU_MGLUR_I,neurotransmitter,Glutamate,Group I mGluR,Pericyte,Astrocyte,0.16735920210679373,120,0.8199188196703131,0.8308457711442786,1,0,0.9560581630232845,0.0,False
GLU_NMDA_2B,neurotransmitter,Glutamate,NMDA receptor (GluN1/2B),Pericyte,Microglia,0.10149564887538101,33,0.8187750269672647,0.7960199004975125,0,0,0.9560581630232845,0.0,False
GLU_MGLUR_III,neurotransmitter,Glutamate,Group III mGluR,Microglia,Endothelial,0.05790138535383271,82,0.8183305976772624,0.7910447761194029,0,0,0.9560581630232845,0.0,False
PACAP_R,neuropeptide,PACAP,PACAP receptor,Endothelial,Fibroblast / VLMC,0.022959177804100138,223,0.8199667525612484,0.8109452736318408,5,0,0.9560581630232845,0.0,False
MDK_PTPRZ1,neuron_glia,Midkine,PTPRZ1,Oligodendrocyte,Excitatory neuron,0.02250965869367222,601,0.819393093179835,0.7960199004975125,12,0,0.9560581630232845,0.0,False
CX3CL1_CX3CR1,neuron_glia,Fractalkine,CX3CR1,Microglia,T / NK cell,0.007704988867044449,80,0.8180036323236475,0.7562189054726368,0,0,0.9560581630232845,0.0,False
CORT_SSTR,neuropeptide,Cortistatin,Somatostatin receptor,Astrocyte,Oligodendrocyte,0.007020700047587791,342,0.819328374391366,0.8258706467661692,6,0,0.9560581630232845,0.0,False
NPY_R,neuropeptide,Neuropeptide Y,NPY receptor,Choroid plexus,Border macrophage,0.003947250314594544,194,0.8199746544587392,0.8407960199004975,3,0,0.9560581630232845,0.0,False
PDGFB_PDGFRB,neurovascular,PDGF-B,PDGFRB,Excitatory neuron,T / NK cell,0.00161901487183461,651,0.8183883162953817,0.8208955223880597,12,0,0.9560581630232845,0.0,False
GLU_MGLUR_II,neurotransmitter,Glutamate,Group II mGluR,Vascular smooth muscle,Endothelial,0.5159875573092745,131,0.8208375695184493,0.8308457711442786,1,0,0.9561750322196875,0.0,False
GLU_KAINATE,neurotransmitter,Glutamate,Kainate receptor,Vascular smooth muscle,Endothelial,0.4240812782112879,131,0.82109666156416,0.7910447761194029,1,0,0.9561750322196875,0.0,False
PTN_PTPRZ1,neuron_glia,Pleiotrophin,PTPRZ1,Erythrocyte (blood),Excitatory neuron,0.24687271195824836,1535,0.8205291519830884,0.8159203980099502,12,0,0.9561750322196875,0.0,False
CCK_R,neuropeptide,Cholecystokinin,CCK receptor,Choroid plexus,Vascular smooth muscle,0.1644700394302118,61,0.8209624358270181,0.8009950248756219,0,0,0.9561750322196875,0.0,False
PACAP_R,neuropeptide,PACAP,PACAP receptor,Vascular smooth muscle,Fibroblast / VLMC,0.014756120644606553,154,0.8205863087837886,0.7910447761194029,2,0,0.9561750322196875,0.0,False
GLU_AMPA,neurotransmitter,Glutamate,AMPA receptor,Border macrophage,Astrocyte,1.2042565542136052,516,0.8215366339383933,0.845771144278607,8,0,0.9562114204471995,0.0,False
GLU_NMDA_2A,neurotransmitter,Glutamate,NMDA receptor (GluN1/2A),Choroid plexus,Fibroblast / VLMC,0.5476934883905493,138,0.82136789345154,0.8009950248756219,2,0,0.9562114204471995,0.0,False
CCK_R,neuropeptide,Cholecystokinin,CCK receptor,Endothelial,Fibroblast / VLMC,0.2183019730007702,223,0.8219980996238898,0.8258706467661692,5,0,0.9564905648003065,0.0,False
CCK_R,neuropeptide,Cholecystokinin,CCK receptor,Astrocyte,Microglia,0.15468653719475928,141,0.8226710746161645,0.8208955223880597,4,0,0.9564905648003065,0.0,False
GLU_MGLUR_I,neurotransmitter,Glutamate,Group I mGluR,Oligodendrocyte,Vascular smooth muscle,0.13721402726992213,99,0.822324020808683,0.7860696517412935,0,0,0.9564905648003065,0.0,False
SST_SSTR,neuropeptide,Somatostatin,Somatostatin receptor,Erythrocyte (blood),Fibroblast / VLMC,0.0957777755065534,477,0.8229619953858193,0.835820895522388,8,0,0.9564905648003065,0.0,False
BDNF_TRKB,neurotrophin,BDNF,TrkB,Fibroblast / VLMC,Excitatory neuron,0.030320611410962796,499,0.8229766220901766,0.8159203980099502,7,0,0.9564905648003065,0.0,False
GABA_A,neurotransmitter,GABA,GABA-A receptor,Erythrocyte (blood),Vascular smooth muscle,0.008088967468165145,237,0.8230029950600628,0.8208955223880597,5,0,0.9564905648003065,0.0,False
GLU_AMPA,neurotransmitter,Glutamate,AMPA receptor,Ependymal,Microglia,1.224724633353097,63,0.8240356089638301,0.8258706467661692,1,0,0.9566007387550036,0.0,False
APOE_LRP1,neuron_glia,ApoE,LRP1,Fibroblast / VLMC,Pericyte,0.6915055215358734,92,0.823517976368451,0.8258706467661692,1,0,0.9566007387550036,0.0,False
GLU_MGLUR_II,neurotransmitter,Glutamate,Group II mGluR,Oligodendrocyte,Pericyte,0.6348673392694892,141,0.8265112797523402,0.8557213930348259,1,0,0.9566007387550036,0.0,False
GLU_MGLUR_II,neurotransmitter,Glutamate,Group II mGluR,Astrocyte,Choroid plexus,0.4819847455150203,152,0.8259996315653494,0.8308457711442786,2,0,0.9566007387550036,0.0,False
GLU_KAINATE,neurotransmitter,Glutamate,Kainate receptor,OPC,Oligodendrocyte,0.35616346697012585,48,0.8247943734085401,0.8308457711442786,0,0,0.9566007387550036,0.0,False
GLU_NMDA_2A,neurotransmitter,Glutamate,NMDA receptor (GluN1/2A),Astrocyte,Endothelial,0.24656592941970276,417,0.8239584824205566,0.7910447761194029,6,0,0.9566007387550036,0.0,False
GLU_MGLUR_I,neurotransmitter,Glutamate,Group I mGluR,Oligodendrocyte,Choroid plexus,0.2359357362208159,230,0.8265733675542808,0.8159203980099502,6,0,0.9566007387550036,0.0,False
BDNF_TRKB,neurotrophin,BDNF,TrkB,Choroid plexus,Fibroblast / VLMC,0.0288686726404273,138,0.8265079366218495,0.7711442786069652,2,0,0.9566007387550036,0.0,False
GABA_B,neurotransmitter,GABA,GABA-B receptor,T / NK cell,Fibroblast / VLMC,0.02617861917115984,221,0.8250744040185964,0.8059701492537313,4,0,0.9566007387550036,0.0,False
MDK_PTPRZ1,neuron_glia,Midkine,PTPRZ1,Oligodendrocyte,Ependymal,0.023087758823757257,221,0.8249800572457031,0.8407960199004975,3,0,0.9566007387550036,0.0,False
CX3CL1_CX3CR1,neuron_glia,Fractalkine,CX3CR1,Fibroblast / VLMC,Excitatory neuron,0.018289883354144967,499,0.8262966120463866,0.8258706467661692,7,0,0.9566007387550036,0.0,False
CX3CL1_CX3CR1,neuron_glia,Fractalkine,CX3CR1,Vascular smooth muscle,Oligodendrocyte,0.01190802545258493,99,0.8259223366987161,0.8109452736318408,0,0,0.9566007387550036,0.0,False
RELN_R,guidance,Reelin,Reelin receptor,Erythrocyte (blood),Microglia,0.011382722854614257,170,0.8255691177197564,0.8059701492537313,4,0,0.9566007387550036,0.0,False
GABA_A,neurotransmitter,GABA,GABA-A receptor,Astrocyte,Ependymal,0.004426274114026281,334,0.8255490414626085,0.8059701492537313,5,0,0.9566007387550036,0.0,False
VEGFA_R,neurovascular,VEGF-A,VEGF receptor,Excitatory neuron,Fibroblast / VLMC,0.004309670480793129,499,0.8256889164751025,0.8059701492537313,7,0,0.9566007387550036,0.0,False
CSF1_CSF1R,neuron_glia,CSF-1,CSF1R,Erythrocyte (blood),Erythrocyte (blood),0.0028069852656073006,6296,0.8255075220761472,0.8258706467661692,12,0,0.9566007387550036,0.0,False
PDGFB_PDGFRB,neurovascular,PDGF-B,PDGFRB,Excitatory neuron,Fibroblast / VLMC,0.0004584313872343075,499,0.8252186781047817,0.7512437810945274,7,0,0.9566007387550036,0.0,False
GLU_AMPA,neurotransmitter,Glutamate,AMPA receptor,Choroid plexus,Microglia,0.9176676720380783,24,0.827561013315084,0.8159203980099502,0,0,0.9566496227354255,0.0,False
GLU_MGLUR_II,neurotransmitter,Glutamate,Group II mGluR,Choroid plexus,Endothelial,0.7983982903616769,84,0.8290812113354489,0.8208955223880597,0,0,0.9566496227354255,0.0,False
APOE_LRP1,neuron_glia,ApoE,LRP1,Endothelial,Pericyte,0.7967899375491672,108,0.8284364886522496,0.835820895522388,0,0,0.9566496227354255,0.0,False
NRXN_NLGN,synaptic_adhesion,Neurexin,Neuroligin,Fibroblast / VLMC,Vascular smooth muscle,0.4282954033319052,154,0.8295357478593451,0.8208955223880597,2,0,0.9566496227354255,0.0,False
GLU_NMDA_2A,neurotransmitter,Glutamate,NMDA receptor (GluN1/2A),Pericyte,Vascular smooth muscle,0.37120951636362887,59,0.8293988195347366,0.8308457711442786,0,0,0.9566496227354255,0.0,False
CCK_R,neuropeptide,Cholecystokinin,CCK receptor,Border macrophage,Border macrophage,0.2990372369655621,638,0.8283237875785532,0.8308457711442786,12,0,0.9566496227354255,0.0,False
NRXN_NLGN,synaptic_adhesion,Neurexin,Neuroligin,Inhibitory neuron,Astrocyte,0.2566127699354421,46,0.8296584013970235,0.8208955223880597,0,0,0.9566496227354255,0.0,False
PTN_PTPRZ1,neuron_glia,Pleiotrophin,PTPRZ1,Excitatory neuron,Oligodendrocyte,0.21329688668846092,601,0.8299634380426433,0.8109452736318408,12,1,0.9566496227354255,0.08333333333333333,False
CCK_R,neuropeptide,Cholecystokinin,CCK receptor,Fibroblast / VLMC,Endothelial,0.20287013588464847,223,0.8272959101659715,0.8258706467661692,5,0,0.9566496227354255,0.0,False
GLU_NMDA_2B,neurotransmitter,Glutamate,NMDA receptor (GluN1/2B),Astrocyte,Border macrophage,0.16609579856081527,516,0.8271101532489726,0.8308457711442786,8,1,0.9566496227354255,0.125,False
GLU_MGLUR_I,neurotransmitter,Glutamate,Group I mGluR,Endothelial,Astrocyte,0.1616244636279502,417,0.8289412970945549,0.8557213930348259,6,1,0.9566496227354255,0.16666666666666666,False
CCK_R,neuropeptide,Cholecystokinin,CCK receptor,Microglia,Ependymal,0.15385047216264028,63,0.8277471281988102,0.8407960199004975,1,0,0.9566496227354255,0.0,False
PTN_PTPRZ1,neuron_glia,Pleiotrophin,PTPRZ1,T / NK cell,Inhibitory neuron,0.07340740306036812,28,0.8300913589027202,0.8706467661691543,0,0,0.9566496227354255,0.0,False
GLU_MGLUR_III,neurotransmitter,Glutamate,Group III mGluR,Vascular smooth muscle,Choroid plexus,0.06255170165515336,61,0.8287540865420988,0.8507462686567164,0,0,0.9566496227354255,0.0,False
CX3CL1_CX3CR1,neuron_glia,Fractalkine,CX3CR1,Oligodendrocyte,T / NK cell,0.0221660513488399,453,0.8299043485179476,0.8407960199004975,9,0,0.9566496227354255,0.0,False
SLIT_ROBO,guidance,Slit,Robo,Ependymal,Fibroblast / VLMC,0.016691265300828585,245,0.8275201074912698,0.8208955223880597,6,0,0.9566496227354255,0.0,False
NPY_R,neuropeptide,Neuropeptide Y,NPY receptor,Border macrophage,Astrocyte,0.00708287191945453,516,0.8295155830501858,0.8308457711442786,8,0,0.9566496227354255,0.0,False
VEGFA_R,neurovascular,VEGF-A,VEGF receptor,T / NK cell,Oligodendrocyte,0.005047104742879636,453,0.8303015504148745,0.7910447761194029,9,0,0.9566562310739222,0.0,False
APOE_LRP1,neuron_glia,ApoE,LRP1,Choroid plexus,Pericyte,0.6242256222701654,41,0.8308216211408209,0.8407960199004975,0,0,0.9568356493559141,0.0,False
CX3CL1_CX3CR1,neuron_glia,Fractalkine,CX3CR1,Astrocyte,Fibroblast / VLMC,0.02232509913868929,382,0.8308662627341482,0.8258706467661692,7,0,0.9568356493559141,0.0,False
CCK_R,neuropeptide,Cholecystokinin,CCK receptor,T / NK cell,Border macrophage,0.27402887493371964,400,0.8330711178462291,0.8407960199004975,11,0,0.9582904938158835,0.0,False
GABA_A,neurotransmitter,GABA,GABA-A receptor,Inhibitory neuron,Endothelial,0.1788790850412278,42,0.8326788567317822,0.845771144278607,0,0,0.9582904938158835,0.0,False
SST_SSTR,neuropeptide,Somatostatin,Somatostatin receptor,Fibroblast / VLMC,Fibroblast / VLMC,0.07488290656016068,1242,0.8331536073611913,0.845771144278607,9,0,0.9582904938158835,0.0,False
SST_SSTR,neuropeptide,Somatostatin,Somatostatin receptor,Pericyte,Choroid plexus,0.05905869675845635,41,0.8328738242395175,0.8208955223880597,0,0,0.9582904938158835,0.0,False
IL34_CSF1R,neuron_glia,IL-34,CSF1R,Oligodendrocyte,Fibroblast / VLMC,0.0021577531941379536,722,0.8330971275339145,0.7910447761194029,10,0,0.9582904938158835,0.0,False
APOE_LRP1,neuron_glia,ApoE,LRP1,Vascular smooth muscle,Pericyte,0.738948652299784,59,0.833950456841096,0.8208955223880597,0,0,0.958457829820186,0.0,False
PTN_PTPRZ1,neuron_glia,Pleiotrophin,PTPRZ1,Fibroblast / VLMC,Pericyte,0.12120708693628726,92,0.8341184618567637,0.845771144278607,1,0,0.958457829820186,0.0,False
GLU_MGLUR_III,neurotransmitter,Glutamate,Group III mGluR,Oligodendrocyte,Vascular smooth muscle,0.02780359441583807,99,0.8337424503068893,0.8308457711442786,0,0,0.958457829820186,0.0,False
C1Q_LRP1,neuron_glia,C1q,LRP1,T / NK cell,Oligodendrocyte,0.002949788607245776,453,0.834067287779523,0.8706467661691543,9,0,0.958457829820186,0.0,False
BDNF_TRKB,neurotrophin,BDNF,TrkB,Oligodendrocyte,Pericyte,0.027948697408040363,141,0.8343392768247955,0.7960199004975125,1,0,0.958476178802656,0.0,False
PACAP_R,neuropeptide,PACAP,PACAP receptor,Fibroblast / VLMC,Oligodendrocyte,0.014383009554936946,722,0.8347679113748654,0.835820895522388,10,0,0.9587332001283738,0.0,False
NRXN_NLGN,synaptic_adhesion,Neurexin,Neuroligin,Microglia,Fibroblast / VLMC,0.46752170440943347,92,0.8363451381375022,0.8308457711442786,1,0,0.9591320836630816,0.0,False
SLIT_ROBO,guidance,Slit,Robo,Choroid plexus,Astrocyte,0.04405992556559412,152,0.8360847780428069,0.8208955223880597,2,0,0.9591320836630816,0.0,False
PACAP_R,neuropeptide,PACAP,PACAP receptor,Excitatory neuron,Oligodendrocyte,0.034288650741196317,601,0.8359073243670624,0.8557213930348259,12,0,0.9591320836630816,0.0,False
MDK_PTPRZ1,neuron_glia,Midkine,PTPRZ1,Vascular smooth muscle,Pericyte,0.030877169916185283,59,0.8353549613978775,0.835820895522388,0,0,0.9591320836630816,0.0,False
CX3CL1_CX3CR1,neuron_glia,Fractalkine,CX3CR1,Astrocyte,Ependymal,0.011400809545003011,334,0.8362958282185491,0.8606965174129353,5,0,0.9591320836630816,0.0,False
IL34_CSF1R,neuron_glia,IL-34,CSF1R,Endothelial,Excitatory neuron,0.005187354268146162,595,0.8362899291591049,0.8507462686567164,12,0,0.9591320836630816,0.0,False
VIP_R,neuropeptide,VIP,VIP receptor,Astrocyte,Border macrophage,0.005629068659257519,516,0.8367319033144802,0.8009950248756219,8,0,0.9592667182845908,0.0,False
IL34_CSF1R,neuron_glia,IL-34,CSF1R,T / NK cell,T / NK cell,0.003249818112427022,462,0.8368725676507158,0.845771144278607,10,0,0.9592667182845908,0.0,False
CCK_R,neuropeptide,Cholecystokinin,CCK receptor,Pericyte,Ependymal,0.1965878340933058,72,0.837230745329244,0.845771144278607,0,0,0.959297279246337,0.0,False
PTN_PTPRZ1,neuron_glia,Pleiotrophin,PTPRZ1,Choroid plexus,Excitatory neuron,0.17831300482200313,321,0.8377193167344589,0.8308457711442786,7,0,0.959297279246337,0.0,False
MDK_PTPRZ1,neuron_glia,Midkine,PTPRZ1,T / NK cell,Border macrophage,0.03623608976602554,400,0.8375368034559643,0.8656716417910447,11,0,0.959297279246337,0.0,False
PACAP_R,neuropeptide,PACAP,PACAP receptor,Erythrocyte (blood),Vascular smooth muscle,0.026208660270594344,237,0.8376853953204422,0.8208955223880597,5,0,0.959297279246337,0.0,False
GLU_MGLUR_II,neurotransmitter,Glutamate,Group II mGluR,Astrocyte,Border macrophage,0.4821739111297814,516,0.8388012811966528,0.8606965174129353,8,0,0.9598315467642793,0.0,False
CCK_R,neuropeptide,Cholecystokinin,CCK receptor,Ependymal,Fibroblast / VLMC,0.1926476342337472,245,0.83847904308273,0.8557213930348259,6,0,0.9598315467642793,0.0,False
SLIT_ROBO,guidance,Slit,Robo,T / NK cell,T / NK cell,0.05058655258897063,462,0.8386558258404999,0.8407960199004975,10,1,0.9598315467642793,0.1,False
SST_SSTR,neuropeptide,Somatostatin,Somatostatin receptor,Pericyte,Fibroblast / VLMC,0.09493095330570055,92,0.8391919321670209,0.8258706467661692,1,0,0.9600437776551323,0.0,False
GLU_MGLUR_II,neurotransmitter,Glutamate,Group II mGluR,Endothelial,Border macrophage,0.6123610764663676,381,0.8398578655681211,0.8059701492537313,10,0,0.9603024886716501,0.0,False
APOE_LRP1,neuron_glia,ApoE,LRP1,Inhibitory neuron,Fibroblast / VLMC,0.3591617781382341,26,0.8404872026985957,0.8258706467661692,0,0,0.9603024886716501,0.0,False
PTN_PTPRZ1,neuron_glia,Pleiotrophin,PTPRZ1,T / NK cell,Endothelial,0.2098671666718283,253,0.8412652064682825,0.8208955223880597,7,0,0.9603024886716501,0.0,False
GLU_MGLUR_I,neurotransmitter,Glutamate,Group I mGluR,Ependymal,Ependymal,0.15221280202098275,174,0.8404449927525431,0.835820895522388,4,0,0.9603024886716501,0.0,False
GLU_NMDA_2B,neurotransmitter,Glutamate,NMDA receptor (GluN1/2B),Oligodendrocyte,Vascular smooth muscle,0.10223918611353094,99,0.8411166927420576,0.8805970149253731,0,0,0.9603024886716501,0.0,False
RELN_R,guidance,Reelin,Reelin receptor,Astrocyte,Endothelial,0.03260958566368341,417,0.8406414018428074,0.8258706467661692,6,1,0.9603024886716501,0.16666666666666666,False
GLU_MGLUR_III,neurotransmitter,Glutamate,Group III mGluR,Oligodendrocyte,Microglia,0.018464279406279035,103,0.8410756681542535,0.8606965174129353,2,0,0.9603024886716501,0.0,False
NPY_R,neuropeptide,Neuropeptide Y,NPY receptor,Fibroblast / VLMC,Astrocyte,0.008713020704179534,382,0.8407779558091664,0.8208955223880597,7,1,0.9603024886716501,0.14285714285714285,False
NRG1_ERBB4,guidance,Neuregulin-1,ErbB4,Excitatory neuron,Border macrophage,0.002053038004782252,1057,0.8409733133964432,0.845771144278607,12,0,0.9603024886716501,0.0,False
SLIT_ROBO,guidance,Slit,Robo,T / NK cell,Vascular smooth muscle,0.03017301381902492,94,0.8416930038730959,0.8308457711442786,0,0,0.960322254358014,0.0,False
GABA_B,neurotransmitter,GABA,GABA-B receptor,Border macrophage,Astrocyte,0.017900710189065267,516,0.8415468601542436,0.835820895522388,8,0,0.960322254358014,0.0,False
BDNF_TRKB,neurotrophin,BDNF,TrkB,Ependymal,Astrocyte,0.00743520402622794,334,0.8420194631484721,0.8656716417910447,5,0,0.960460523664481,0.0,False
CX3CL1_CX3CR1,neuron_glia,Fractalkine,CX3CR1,Oligodendrocyte,Excitatory neuron,0.024733104443986482,601,0.8422800085310298,0.8606965174129353,12,0,0.960523558351618,0.0,False
CSF1_CSF1R,neuron_glia,CSF-1,CSF1R,Border macrophage,Border macrophage,0.001280421653885079,638,0.8425483698543264,0.8507462686567164,12,0,0.9605954733305052,0.0,False
CCK_R,neuropeptide,Cholecystokinin,CCK receptor,Inhibitory neuron,Border macrophage,0.19742314770536604,53,0.8433713108027003,0.835820895522388,0,0,0.960747545625428,0.0,False
PTN_PTPRZ1,neuron_glia,Pleiotrophin,PTPRZ1,Inhibitory neuron,Endothelial,0.1932090918223063,42,0.8435108743271158,0.845771144278607,0,0,0.960747545625428,0.0,False
SST_SSTR,neuropeptide,Somatostatin,Somatostatin receptor,Astrocyte,Pericyte,0.049619413415590924,120,0.8434085525970589,0.8308457711442786,1,0,0.960747545625428,0.0,False
MDK_PTPRZ1,neuron_glia,Midkine,PTPRZ1,Microglia,Excitatory neuron,0.015408228238423666,225,0.8437084131170942,0.8208955223880597,5,0,0.960747545625428,0.0,False
CORT_SSTR,neuropeptide,Cortistatin,Somatostatin receptor,Choroid plexus,Erythrocyte (blood),0.015134026500059286,279,0.8431496031215655,0.8606965174129353,7,0,0.960747545625428,0.0,False
SLIT_ROBO,guidance,Slit,Robo,Endothelial,Microglia,0.011235248751756622,82,0.8443603213224846,0.8308457711442786,0,0,0.9612559473157921,0.0,False
GLU_MGLUR_II,neurotransmitter,Glutamate,Group II mGluR,Fibroblast / VLMC,Endothelial,0.5254222325679967,223,0.8449517655751468,0.8656716417910447,5,0,0.9615345573933504,0.0,False
CX3CL1_CX3CR1,neuron_glia,Fractalkine,CX3CR1,Oligodendrocyte,Endothelial,0.01183335239237005,220,0.8450160504384392,0.8208955223880597,4,0,0.9615345573933504,0.0,False
GLU_MGLUR_I,neurotransmitter,Glutamate,Group I mGluR,Ependymal,Border macrophage,0.21792645226870336,241,0.8454683360833839,0.8308457711442786,5,0,0.961581513012677,0.0,False
CORT_SSTR,neuropeptide,Cortistatin,Somatostatin receptor,Astrocyte,Border macrophage,0.008850167888079503,516,0.8453107057141812,0.8656716417910447,8,0,0.961581513012677,0.0,False
GLU_KAINATE,neurotransmitter,Glutamate,Kainate receptor,Microglia,Vascular smooth muscle,0.20825815541403633,35,0.846601574700398,0.8208955223880597,0,0,0.9626363956313881,0.0,False
PACAP_R,neuropeptide,PACAP,PACAP receptor,Endothelial,T / NK cell,0.0229484012475598,253,0.8469966045922177,0.8507462686567164,7,0,0.962851582334059,0.0,False
SLIT_ROBO,guidance,Slit,Robo,Erythrocyte (blood),Border macrophage,0.0648826753263766,848,0.8475477307100849,0.845771144278607,12,0,0.9629494432236715,0.0,False
CX3CL1_CX3CR1,neuron_glia,Fractalkine,CX3CR1,Border macrophage,Border macrophage,0.03238478368352573,638,0.8479518635608724,0.8706467661691543,12,0,0.9629494432236715,0.0,False
CX3CL1_CX3CR1,neuron_glia,Fractalkine,CX3CR1,Vascular smooth muscle,Astrocyte,0.02791018928656598,237,0.8483746062340665,0.8606965174129353,7,0,0.9629494432236715,0.0,False
RELN_R,guidance,Reelin,Reelin receptor,Border macrophage,Endothelial,0.009844014259773916,381,0.8480676629099169,0.845771144278607,10,0,0.9629494432236715,0.0,False
IL34_CSF1R,neuron_glia,IL-34,CSF1R,Oligodendrocyte,Oligodendrocyte,0.005061420698049236,19620,0.8482965796940822,0.8756218905472637,12,0,0.9629494432236715,0.0,False
VIP_R,neuropeptide,VIP,VIP receptor,Choroid plexus,Endothelial,0.0037851429411343168,84,0.8485233072047869,0.7960199004975125,0,0,0.9629494432236715,0.0,False
VEGFA_R,neurovascular,VEGF-A,VEGF receptor,Border macrophage,Fibroblast / VLMC,0.0009048703838797176,408,0.8477187767967721,0.7860696517412935,7,0,0.9629494432236715,0.0,False
NRXN_NLGN,synaptic_adhesion,Neurexin,Neuroligin,Border macrophage,Border macrophage,0.48979404540644916,638,0.8493694863748815,0.8656716417910447,12,0,0.9630049321775169,0.0,False
APOE_LRP1,neuron_glia,ApoE,LRP1,Astrocyte,Inhibitory neuron,0.4632725197335948,46,0.849202238814234,0.8208955223880597,0,0,0.9630049321775169,0.0,False
GLU_NMDA_2A,neurotransmitter,Glutamate,NMDA receptor (GluN1/2A),Erythrocyte (blood),Vascular smooth muscle,0.41769475826231234,237,0.8506303450928996,0.8656716417910447,5,0,0.9630049321775169,0.0,False
GLU_NMDA_2A,neurotransmitter,Glutamate,NMDA receptor (GluN1/2A),OPC,Oligodendrocyte,0.3163239310185115,48,0.8504898445710378,0.835820895522388,0,0,0.9630049321775169,0.0,False
PTN_PTPRZ1,neuron_glia,Pleiotrophin,PTPRZ1,Fibroblast / VLMC,Erythrocyte (blood),0.22241690473736458,477,0.8505761329758161,0.8955223880597015,8,0,0.9630049321775169,0.0,False
GLU_NMDA_2B,neurotransmitter,Glutamate,NMDA receptor (GluN1/2B),OPC,Oligodendrocyte,0.13930998742580414,48,0.8500276314270654,0.8258706467661692,0,0,0.9630049321775169,0.0,False
NPY_R,neuropeptide,Neuropeptide Y,NPY receptor,Border macrophage,Border macrophage,0.011829666396293521,638,0.8506067979607572,0.8706467661691543,12,0,0.9630049321775169,0.0,False
VIP_R,neuropeptide,VIP,VIP receptor,Erythrocyte (blood),Astrocyte,0.011029952287229968,537,0.8501022116792674,0.8606965174129353,11,0,0.9630049321775169,0.0,False
PACAP_R,neuropeptide,PACAP,PACAP receptor,Vascular smooth muscle,Border macrophage,0.005971878040127638,164,0.8499643598321207,0.8606965174129353,1,0,0.9630049321775169,0.0,False
IL34_CSF1R,neuron_glia,IL-34,CSF1R,Oligodendrocyte,Excitatory neuron,0.0016213830021177473,601,0.8494319254555582,0.8706467661691543,12,0,0.9630049321775169,0.0,False
SLIT_ROBO,guidance,Slit,Robo,T / NK cell,Fibroblast / VLMC,0.05389179228657511,221,0.8513957714903632,0.8606965174129353,4,0,0.9631449983206561,0.0,False
PTN_PTPRZ1,neuron_glia,Pleiotrophin,PTPRZ1,Ependymal,Inhibitory neuron,0.030054158177869075,29,0.8511666038039838,0.8756218905472637,0,0,0.9631449983206561,0.0,False
GABA_A,neurotransmitter,GABA,GABA-A receptor,Erythrocyte (blood),Astrocyte,0.007825247624288946,537,0.8515774434820591,0.8557213930348259,11,0,0.9631449983206561,0.0,False
CSF1_CSF1R,neuron_glia,CSF-1,CSF1R,Erythrocyte (blood),Excitatory neuron,0.0015549119210010243,1535,0.8509940560111982,0.8308457711442786,12,0,0.9631449983206561,0.0,False
GLU_MGLUR_II,neurotransmitter,Glutamate,Group II mGluR,Border macrophage,Erythrocyte (blood),0.7529225918763088,848,0.852252902985055,0.8656716417910447,12,1,0.9635511958437813,0.08333333333333333,False
GLU_MGLUR_III,neurotransmitter,Glutamate,Group III mGluR,Border macrophage,Ependymal,0.08022089370553424,241,0.8523484504375745,0.8756218905472637,5,1,0.9635511958437813,0.2,False
APOE_LRP1,neuron_glia,ApoE,LRP1,Oligodendrocyte,Border macrophage,0.8333949423058605,429,0.8534993149248009,0.8606965174129353,9,1,0.9638791905401142,0.1111111111111111,False
GLU_MGLUR_I,neurotransmitter,Glutamate,Group I mGluR,Vascular smooth muscle,Erythrocyte (blood),0.23271729624221094,237,0.8543427045313431,0.8308457711442786,5,0,0.9638791905401142,0.0,False
PTN_PTPRZ1,neuron_glia,Pleiotrophin,PTPRZ1,Vascular smooth muscle,Choroid plexus,0.16514804128740654,61,0.853232605345517,0.8407960199004975,0,0,0.9638791905401142,0.0,False
GLU_MGLUR_III,neurotransmitter,Glutamate,Group III mGluR,Pericyte,Astrocyte,0.052469696601231894,120,0.8548426246985648,0.8557213930348259,1,0,0.9638791905401142,0.0,False
MDK_PTPRZ1,neuron_glia,Midkine,PTPRZ1,Erythrocyte (blood),Endothelial,0.024874638878937923,594,0.853062577225095,0.8656716417910447,12,0,0.9638791905401142,0.0,False
MDK_PTPRZ1,neuron_glia,Midkine,PTPRZ1,Oligodendrocyte,Vascular smooth muscle,0.02476876913899123,99,0.8544436245075907,0.8557213930348259,0,0,0.9638791905401142,0.0,False
MDK_PTPRZ1,neuron_glia,Midkine,PTPRZ1,Endothelial,Erythrocyte (blood),0.022190120886471938,594,0.8534333761615829,0.8656716417910447,12,0,0.9638791905401142,0.0,False
RELN_R,guidance,Reelin,Reelin receptor,Fibroblast / VLMC,Fibroblast / VLMC,0.01343659876625319,1242,0.8539685666852326,0.8507462686567164,9,1,0.9638791905401142,0.1111111111111111,False
CX3CL1_CX3CR1,neuron_glia,Fractalkine,CX3CR1,Ependymal,Fibroblast / VLMC,0.004799554299335091,245,0.8536954815800282,0.8407960199004975,6,0,0.9638791905401142,0.0,False
VIP_R,neuropeptide,VIP,VIP receptor,Choroid plexus,Border macrophage,0.003912709115706768,194,0.8549046037062351,0.8756218905472637,3,0,0.9638791905401142,0.0,False
NTF3_TRKC,neurotrophin,NT-3,TrkC,Oligodendrocyte,Oligodendrocyte,5.7342493570543575e-05,19620,0.8547393398945968,0.900497512437811,12,0,0.9638791905401142,0.0,False
GLU_MGLUR_II,neurotransmitter,Glutamate,Group II mGluR,Erythrocyte (blood),Microglia,0.5451785837902742,170,0.8564494867203287,0.8656716417910447,4,0,0.9646911767848865,0.0,False
CORT_SSTR,neuropeptide,Cortistatin,Somatostatin receptor,Choroid plexus,Astrocyte,0.004284973991544623,152,0.8558663151504451,0.8507462686567164,2,0,0.9646911767848865,0.0,False
VEGFA_R,neurovascular,VEGF-A,VEGF receptor,Astrocyte,Erythrocyte (blood),0.0033575822521188406,537,0.8562013366288359,0.8656716417910447,11,0,0.9646911767848865,0.0,False
RELN_R,guidance,Reelin,Reelin receptor,Fibroblast / VLMC,Endothelial,0.001828129516054162,223,0.8563409423446322,0.8706467661691543,5,0,0.9646911767848865,0.0,False
GLU_NMDA_2A,neurotransmitter,Glutamate,NMDA receptor (GluN1/2A),Vascular smooth muscle,Oligodendrocyte,0.3805702912687051,99,0.8573535983859871,0.8507462686567164,0,0,0.965391850062925,0.0,False
GLU_MGLUR_I,neurotransmitter,Glutamate,Group I mGluR,Microglia,Astrocyte,0.10468475192996628,141,0.8574841908231495,0.8656716417910447,4,0,0.965391850062925,0.0,False
PTN_PTPRZ1,neuron_glia,Pleiotrophin,PTPRZ1,Ependymal,Fibroblast / VLMC,0.1374042552344653,245,0.8578711189266973,0.845771144278607,6,1,0.9655951324171318,0.16666666666666666,False
BDNF_TRKB,neurotrophin,BDNF,TrkB,Pericyte,Erythrocyte (blood),0.014556416935390896,225,0.8581908506185423,0.8308457711442786,5,0,0.9657227008283211,0.0,False
PACAP_R,neuropeptide,PACAP,PACAP receptor,Border macrophage,Oligodendrocyte,0.011429999813889011,429,0.8588612662243708,0.8706467661691543,9,0,0.9662447378369394,0.0,False
APOE_LRP1,neuron_glia,ApoE,LRP1,Vascular smooth muscle,T / NK cell,0.8904987687760211,94,0.8592041670383554,0.8706467661691543,0,0,0.9663981484549196,0.0,False
APOE_LRP1,neuron_glia,ApoE,LRP1,Microglia,Vascular smooth muscle,0.665989807673863,35,0.8594252821976225,0.8606965174129353,0,0,0.9664145386692323,0.0,False
GLU_MGLUR_I,neurotransmitter,Glutamate,Group I mGluR,Ependymal,Fibroblast / VLMC,0.18966491562979562,245,0.8605031818544832,0.845771144278607,6,0,0.9672719970118216,0.0,False
PACAP_R,neuropeptide,PACAP,PACAP receptor,Erythrocyte (blood),T / NK cell,0.027364192013504842,526,0.8606012659885047,0.8507462686567164,12,0,0.9672719970118216,0.0,False
CCK_R,neuropeptide,Cholecystokinin,CCK receptor,Inhibitory neuron,Oligodendrocyte,0.12849293351173402,40,0.8609277935378459,0.8656716417910447,0,0,0.967406615265029,0.0,False
GLU_AMPA,neurotransmitter,Glutamate,AMPA receptor,Vascular smooth muscle,Microglia,0.8925391299383981,35,0.8685583992654313,0.8557213930348259,0,0,0.9676141307910295,0.0,False
APOE_LRP1,neuron_glia,ApoE,LRP1,Endothelial,Vascular smooth muscle,0.8032988045961802,131,0.86734930423,0.8905472636815921,1,0,0.9676141307910295,0.0,False
GLU_KAINATE,neurotransmitter,Glutamate,Kainate receptor,Choroid plexus,Oligodendrocyte,0.6335079739923063,230,0.8666497685377685,0.8606965174129353,6,0,0.9676141307910295,0.0,False
GLU_MGLUR_II,neurotransmitter,Glutamate,Group II mGluR,Endothelial,Vascular smooth muscle,0.519470345882969,131,0.8670099650156228,0.8756218905472637,1,0,0.9676141307910295,0.0,False
GLU_MGLUR_II,neurotransmitter,Glutamate,Group II mGluR,Astrocyte,T / NK cell,0.509362937561397,232,0.8621228451370648,0.8855721393034826,4,0,0.9676141307910295,0.0,False
NRXN_NLGN,synaptic_adhesion,Neurexin,Neuroligin,Choroid plexus,Border macrophage,0.4725152499896964,194,0.8652328493432684,0.8308457711442786,3,0,0.9676141307910295,0.0,False
GLU_NMDA_2A,neurotransmitter,Glutamate,NMDA receptor (GluN1/2A),Vascular smooth muscle,Astrocyte,0.3299158454444338,237,0.8622398235251357,0.835820895522388,7,0,0.9676141307910295,0.0,False
GLU_MGLUR_II,neurotransmitter,Glutamate,Group II mGluR,Ependymal,Microglia,0.31708910162486725,63,0.8680560129047689,0.8557213930348259,1,0,0.9676141307910295,0.0,False
CCK_R,neuropeptide,Cholecystokinin,CCK receptor,Excitatory neuron,Ependymal,0.2498004432142216,274,0.8680856023365744,0.8706467661691543,7,0,0.9676141307910295,0.0,False
GLU_MGLUR_I,neurotransmitter,Glutamate,Group I mGluR,Oligodendrocyte,Fibroblast / VLMC,0.23247502979479337,722,0.8637004301038185,0.8656716417910447,10,0,0.9676141307910295,0.0,False
PTN_PTPRZ1,neuron_glia,Pleiotrophin,PTPRZ1,Endothelial,T / NK cell,0.23115168635553052,253,0.865097711640981,0.8805970149253731,7,0,0.9676141307910295,0.0,False
GLU_NMDA_2B,neurotransmitter,Glutamate,NMDA receptor (GluN1/2B),Choroid plexus,Astrocyte,0.19739435377873873,152,0.8645012344697527,0.8507462686567164,2,0,0.9676141307910295,0.0,False
GLU_MGLUR_I,neurotransmitter,Glutamate,Group I mGluR,Astrocyte,Vascular smooth muscle,0.16302721711653698,237,0.8637612749896857,0.8606965174129353,7,0,0.9676141307910295,0.0,False
PTN_PTPRZ1,neuron_glia,Pleiotrophin,PTPRZ1,Ependymal,Vascular smooth muscle,0.14509709043936295,88,0.868094267053497,0.8756218905472637,0,0,0.9676141307910295,0.0,False
GLU_NMDA_2B,neurotransmitter,Glutamate,NMDA receptor (GluN1/2B),Ependymal,Endothelial,0.12326063193711154,203,0.867228130625698,0.8656716417910447,3,0,0.9676141307910295,0.0,False
PTN_PTPRZ1,neuron_glia,Pleiotrophin,PTPRZ1,Pericyte,Choroid plexus,0.11819013153634421,41,0.868592979373684,0.8706467661691543,0,0,0.9676141307910295,0.0,False
GLU_MGLUR_I,neurotransmitter,Glutamate,Group I mGluR,Astrocyte,Microglia,0.10271573320348212,141,0.8618123539392444,0.9054726368159204,4,0,0.9676141307910295,0.0,False
SLIT_ROBO,guidance,Slit,Robo,Excitatory neuron,T / NK cell,0.07748830423743311,651,0.8667884630403243,0.8905472636815921,12,0,0.9676141307910295,0.0,False
SST_SSTR,neuropeptide,Somatostatin,Somatostatin receptor,Fibroblast / VLMC,Oligodendrocyte,0.05628334031210712,722,0.8659582257626208,0.8855721393034826,10,1,0.9676141307910295,0.1,False
RELN_R,guidance,Reelin,Reelin receptor,Fibroblast / VLMC,Astrocyte,0.04513527148681161,382,0.8634200839469921,0.8706467661691543,7,0,0.9676141307910295,0.0,False
GLU_MGLUR_I,neurotransmitter,Glutamate,Group I mGluR,Astrocyte,Inhibitory neuron,0.0432105971419293,46,0.86716586069649,0.8905472636815921,0,0,0.9676141307910295,0.0,False
GLU_MGLUR_III,neurotransmitter,Glutamate,Group III mGluR,Astrocyte,Pericyte,0.02713010609149933,120,0.8645008698514047,0.9104477611940298,1,0,0.9676141307910295,0.0,False
PACAP_R,neuropeptide,PACAP,PACAP receptor,Fibroblast / VLMC,Endothelial,0.026177636176481375,223,0.8655702215259427,0.8706467661691543,5,0,0.9676141307910295,0.0,False
PACAP_R,neuropeptide,PACAP,PACAP receptor,T / NK cell,Microglia,0.020273610949516296,80,0.8623724137090075,0.8656716417910447,0,0,0.9676141307910295,0.0,False
BDNF_TRKB,neurotrophin,BDNF,TrkB,Choroid plexus,Border macrophage,0.02007324793904098,194,0.8664044603166212,0.8606965174129353,3,0,0.9676141307910295,0.0,False
CX3CL1_CX3CR1,neuron_glia,Fractalkine,CX3CR1,Choroid plexus,Border macrophage,0.01973524228813722,194,0.864326218141351,0.8756218905472637,3,0,0.9676141307910295,0.0,False
MDK_PTPRZ1,neuron_glia,Midkine,PTPRZ1,Border macrophage,Pericyte,0.012752017378807068,160,0.8628863747630686,0.8756218905472637,3,0,0.9676141307910295,0.0,False
RELN_R,guidance,Reelin,Reelin receptor,Ependymal,Astrocyte,0.011925338984963422,334,0.8673620089088548,0.8905472636815921,5,0,0.9676141307910295,0.0,False
RELN_R,guidance,Reelin,Reelin receptor,Pericyte,Astrocyte,0.011519487698872883,120,0.8667478018397858,0.8805970149253731,1,0,0.9676141307910295,0.0,False
VIP_R,neuropeptide,VIP,VIP receptor,Astrocyte,Astrocyte,0.009764100233171308,1758,0.8687640443370624,0.8656716417910447,11,0,0.9676141307910295,0.0,False
CORT_SSTR,neuropeptide,Cortistatin,Somatostatin receptor,Endothelial,Astrocyte,0.009200109280556512,417,0.8641959625913853,0.8407960199004975,6,0,0.9676141307910295,0.0,False
NPY_R,neuropeptide,Neuropeptide Y,NPY receptor,Fibroblast / VLMC,Fibroblast / VLMC,0.007158207912567925,1242,0.8657828669394873,0.8805970149253731,9,0,0.9676141307910295,0.0,False
VIP_R,neuropeptide,VIP,VIP receptor,Fibroblast / VLMC,Oligodendrocyte,0.006921523248059598,722,0.8634361202332258,0.8656716417910447,10,0,0.9676141307910295,0.0,False
APOE_TREM2,neuron_glia,ApoE,TREM2,Erythrocyte (blood),Erythrocyte (blood),0.005168516903623389,6296,0.8684280581061357,0.9104477611940298,12,1,0.9676141307910295,0.08333333333333333,False
PDGFB_PDGFRB,neurovascular,PDGF-B,PDGFRB,Excitatory neuron,Excitatory neuron,0.004166868036040381,2258,0.8638585796738993,0.8706467661691543,12,0,0.9676141307910295,0.0,False
VIP_R,neuropeptide,VIP,VIP receptor,Erythrocyte (blood),Pericyte,0.0032419814003838434,225,0.8670139181142289,0.8606965174129353,5,0,0.9676141307910295,0.0,False
NPY_R,neuropeptide,Neuropeptide Y,NPY receptor,Astrocyte,Fibroblast / VLMC,0.0031143742082006642,382,0.8615407553808221,0.8756218905472637,7,0,0.9676141307910295,0.0,False
MDK_PTPRZ1,neuron_glia,Midkine,PTPRZ1,Choroid plexus,T / NK cell,0.029073039519375767,116,0.8693764195465798,0.8507462686567164,2,0,0.9680657465631716,0.0,False
GLU_MGLUR_I,neurotransmitter,Glutamate,Group I mGluR,Erythrocyte (blood),Oligodendrocyte,0.3554848779864532,1342,0.8699341313720393,0.8656716417910447,10,1,0.9682950098064111,0.1,False
PTN_PTPRZ1,neuron_glia,Pleiotrophin,PTPRZ1,Pericyte,Erythrocyte (blood),0.2144170626004537,225,0.8700222129777548,0.8557213930348259,5,0,0.9682950098064111,0.0,False
SST_SSTR,neuropeptide,Somatostatin,Somatostatin receptor,Ependymal,Vascular smooth muscle,0.0171453058719635,88,0.8704100900290158,0.8507462686567164,0,0,0.9682950098064111,0.0,False
RELN_R,guidance,Reelin,Reelin receptor,Excitatory neuron,Endothelial,0.004887454850333078,595,0.8702589851487861,0.8855721393034826,12,0,0.9682950098064111,0.0,False
IL34_CSF1R,neuron_glia,IL-34,CSF1R,Oligodendrocyte,Erythrocyte (blood),0.0030990455704900796,1342,0.8707581246699034,0.8756218905472637,10,0,0.9684519290065315,0.0,False
GLU_AMPA,neurotransmitter,Glutamate,AMPA receptor,Fibroblast / VLMC,Oligodendrocyte,1.2970644517948753,722,0.8719138962656718,0.8507462686567164,10,0,0.968513761200221,0.0,False
APOE_LRP1,neuron_glia,ApoE,LRP1,Oligodendrocyte,Erythrocyte (blood),0.9512367330702513,1342,0.871579105792899,0.9104477611940298,10,1,0.968513761200221,0.1,False
GLU_NMDA_2B,neurotransmitter,Glutamate,NMDA receptor (GluN1/2B),T / NK cell,Oligodendrocyte,0.2801929899135699,453,0.8724696523742106,0.8805970149253731,9,0,0.968513761200221,0.0,False
GLU_NMDA_2B,neurotransmitter,Glutamate,NMDA receptor (GluN1/2B),Endothelial,Astrocyte,0.12150222077358255,417,0.8713553689813676,0.8955223880597015,6,0,0.968513761200221,0.0,False
SLIT_ROBO,guidance,Slit,Robo,Oligodendrocyte,Astrocyte,0.0466804493937576,342,0.8711824425190688,0.8656716417910447,6,0,0.968513761200221,0.0,False
MDK_PTPRZ1,neuron_glia,Midkine,PTPRZ1,Excitatory neuron,T / NK cell,0.029214806911949005,651,0.8723410035415069,0.8805970149253731,12,0,0.968513761200221,0.0,False
CORT_SSTR,neuropeptide,Cortistatin,Somatostatin receptor,Erythrocyte (blood),Pericyte,0.0060249604119194874,225,0.8716533879277679,0.9054726368159204,5,0,0.968513761200221,0.0,False
CX3CL1_CX3CR1,neuron_glia,Fractalkine,CX3CR1,Astrocyte,Vascular smooth muscle,0.00416452950063134,237,0.8724455693970576,0.9104477611940298,7,0,0.968513761200221,0.0,False
GLU_KAINATE,neurotransmitter,Glutamate,Kainate receptor,Astrocyte,Choroid plexus,0.37734739952965785,152,0.872945452657818,0.8955223880597015,2,0,0.9685540286432273,0.0,False
GLU_NMDA_2A,neurotransmitter,Glutamate,NMDA receptor (GluN1/2A),Oligodendrocyte,OPC,0.1279585063457489,48,0.8738206853989183,0.8507462686567164,0,0,0.9685540286432273,0.0,False
SLIT_ROBO,guidance,Slit,Robo,Fibroblast / VLMC,T / NK cell,0.03861471997127274,221,0.8739549281751882,0.8507462686567164,4,0,0.9685540286432273,0.0,False
RELN_R,guidance,Reelin,Reelin receptor,T / NK cell,Oligodendrocyte,0.008274051001003509,453,0.8739466678946681,0.8606965174129353,9,0,0.9685540286432273,0.0,False
APOE_TREM2,neuron_glia,ApoE,TREM2,Border macrophage,Erythrocyte (blood),0.003185604540806896,848,0.8732890073759111,0.8855721393034826,12,0,0.9685540286432273,0.0,False
CSF1_CSF1R,neuron_glia,CSF-1,CSF1R,Border macrophage,Excitatory neuron,0.002296693672407542,1057,0.8737804509689193,0.845771144278607,12,0,0.9685540286432273,0.0,False
RELN_R,guidance,Reelin,Reelin receptor,Oligodendrocyte,Fibroblast / VLMC,0.0021358112549187402,722,0.8736838521458894,0.8905472636815921,10,0,0.9685540286432273,0.0,False
GLU_NMDA_2A,neurotransmitter,Glutamate,NMDA receptor (GluN1/2A),Oligodendrocyte,Erythrocyte (blood),0.5817166963028659,1342,0.8753002839288796,0.8855721393034826,10,1,0.9688937313349889,0.1,False
PTN_PTPRZ1,neuron_glia,Pleiotrophin,PTPRZ1,Pericyte,Ependymal,0.07070955965254042,72,0.875144021586401,0.8905472636815921,0,0,0.9688937313349889,0.0,False
SST_SSTR,neuropeptide,Somatostatin,Somatostatin receptor,Erythrocyte (blood),Ependymal,0.06033403732469962,241,0.8754780383704187,0.8955223880597015,6,0,0.9688937313349889,0.0,False
NPY_R,neuropeptide,Neuropeptide Y,NPY receptor,Ependymal,Oligodendrocyte,0.004983580490043261,221,0.8749070629049016,0.8955223880597015,3,0,0.9688937313349889,0.0,False
PDGFB_PDGFRB,neurovascular,PDGF-B,PDGFRB,Endothelial,Erythrocyte (blood),0.001979933945016829,594,0.8755038888831659,0.8606965174129353,12,0,0.9688937313349889,0.0,False
NPY_R,neuropeptide,Neuropeptide Y,NPY receptor,Endothelial,Border macrophage,0.001229477914299552,381,0.8753683731417697,0.8756218905472637,10,0,0.9688937313349889,0.0,False
MDK_PTPRZ1,neuron_glia,Midkine,PTPRZ1,Oligodendrocyte,Fibroblast / VLMC,0.036383536218606204,722,0.8761179969948023,0.8955223880597015,10,0,0.969344078491057,0.0,False
GLU_MGLUR_II,neurotransmitter,Glutamate,Group II mGluR,Ependymal,Inhibitory neuron,0.34931590639311694,29,0.876395791315269,0.8805970149253731,0,0,0.9694222003697739,0.0,False
APOE_LRP1,neuron_glia,ApoE,LRP1,Oligodendrocyte,T / NK cell,0.8843974961876606,453,0.8768015420133874,0.900497512437811,9,0,0.9696338013122059,0.0,False
PTN_PTPRZ1,neuron_glia,Pleiotrophin,PTPRZ1,Vascular smooth muscle,T / NK cell,0.22316235050241998,94,0.877001548867975,0.9054726368159204,0,0,0.9696338013122059,0.0,False
GLU_AMPA,neurotransmitter,Glutamate,AMPA receptor,Vascular smooth muscle,Oligodendrocyte,1.3493570294043031,99,0.8807261366771613,0.8756218905472637,0,0,0.9699054550871957,0.0,False
APOE_LRP1,neuron_glia,ApoE,LRP1,Microglia,Microglia,0.641334993498666,42,0.8787916388450625,0.8805970149253731,0,0,0.9699054550871957,0.0,False
GLU_MGLUR_II,neurotransmitter,Glutamate,Group II mGluR,Pericyte,Vascular smooth muscle,0.5254099752943394,59,0.8802708712694152,0.8905472636815921,0,0,0.9699054550871957,0.0,False
PTN_PTPRZ1,neuron_glia,Pleiotrophin,PTPRZ1,Vascular smooth muscle,Excitatory neuron,0.2609218576219347,225,0.8792147068886443,0.8955223880597015,4,1,0.9699054550871957,0.25,False
NRXN_NLGN,synaptic_adhesion,Neurexin,Neuroligin,Ependymal,Astrocyte,0.2568947697827916,334,0.8790442951530826,0.8905472636815921,5,0,0.9699054550871957,0.0,False
GLU_NMDA_2A,neurotransmitter,Glutamate,NMDA receptor (GluN1/2A),Fibroblast / VLMC,Ependymal,0.2297032998532665,245,0.8799453565576395,0.900497512437811,6,0,0.9699054550871957,0.0,False
PTN_PTPRZ1,neuron_glia,Pleiotrophin,PTPRZ1,Erythrocyte (blood),Erythrocyte (blood),0.22032341869900612,6296,0.8782420658349464,0.8905472636815921,12,0,0.9699054550871957,0.0,False
PTN_PTPRZ1,neuron_glia,Pleiotrophin,PTPRZ1,Fibroblast / VLMC,Excitatory neuron,0.16820399334769928,499,0.878584140378394,0.8706467661691543,7,0,0.9699054550871957,0.0,False
GLU_NMDA_2B,neurotransmitter,Glutamate,NMDA receptor (GluN1/2B),Vascular smooth muscle,Ependymal,0.116823749108748,88,0.8807711644935872,0.8905472636815921,0,0,0.9699054550871957,0.0,False
BDNF_TRKB,neurotrophin,BDNF,TrkB,Vascular smooth muscle,Microglia,0.10115103040422713,35,0.8806077275669788,0.8656716417910447,0,0,0.9699054550871957,0.0,False
SST_SSTR,neuropeptide,Somatostatin,Somatostatin receptor,Endothelial,Astrocyte,0.09184953863386341,417,0.8780177385731092,0.8855721393034826,6,0,0.9699054550871957,0.0,False
GLU_MGLUR_III,neurotransmitter,Glutamate,Group III mGluR,Ependymal,Border macrophage,0.07225841061208257,241,0.8802819133555612,0.8855721393034826,5,0,0.9699054550871957,0.0,False
GLU_MGLUR_III,neurotransmitter,Glutamate,Group III mGluR,Ependymal,Astrocyte,0.0428269087911366,334,0.879188208066122,0.9203980099502488,5,0,0.9699054550871957,0.0,False
CX3CL1_CX3CR1,neuron_glia,Fractalkine,CX3CR1,T / NK cell,T / NK cell,0.02638973044110583,462,0.8777015727474997,0.9054726368159204,10,0,0.9699054550871957,0.0,False
SLIT_ROBO,guidance,Slit,Robo,Microglia,Erythrocyte (blood),0.021564233303070068,170,0.8794212899209745,0.8656716417910447,4,0,0.9699054550871957,0.0,False
CX3CL1_CX3CR1,neuron_glia,Fractalkine,CX3CR1,Astrocyte,Border macrophage,0.01278405041657677,516,0.8807127228247734,0.8756218905472637,8,0,0.9699054550871957,0.0,False
VIP_R,neuropeptide,VIP,VIP receptor,T / NK cell,Endothelial,0.003647163215833219,253,0.8790246695992819,0.9104477611940298,7,0,0.9699054550871957,0.0,False
GLU_MGLUR_III,neurotransmitter,Glutamate,Group III mGluR,Pericyte,Ependymal,0.03345061010784573,72,0.8810676402654667,0.8855721393034826,0,0,0.970003644424028,0.0,False
GLU_MGLUR_II,neurotransmitter,Glutamate,Group II mGluR,Fibroblast / VLMC,Microglia,0.3646281828051028,92,0.8832168111328942,0.9104477611940298,1,0,0.9714554441210183,0.0,False
GLU_KAINATE,neurotransmitter,Glutamate,Kainate receptor,Inhibitory neuron,T / NK cell,0.35244545340538025,28,0.8827536790379324,0.9104477611940298,0,0,0.9714554441210183,0.0,False
PACAP_R,neuropeptide,PACAP,PACAP receptor,Fibroblast / VLMC,Fibroblast / VLMC,0.017678976466882247,1242,0.8831893041004557,0.8756218905472637,9,0,0.9714554441210183,0.0,False
MDK_PTPRZ1,neuron_glia,Midkine,PTPRZ1,Excitatory neuron,Ependymal,0.005650105702616003,274,0.8831203259624711,0.8855721393034826,7,0,0.9714554441210183,0.0,False
GLU_AMPA,neurotransmitter,Glutamate,AMPA receptor,Oligodendrocyte,OPC,0.9525547251105309,48,0.8846733880628839,0.8557213930348259,0,0,0.9714852503405065,0.0,False
NRXN_NLGN,synaptic_adhesion,Neurexin,Neuroligin,Erythrocyte (blood),Endothelial,0.47665236875264333,594,0.8837262350137696,0.8855721393034826,12,0,0.9714852503405065,0.0,False
GLU_MGLUR_II,neurotransmitter,Glutamate,Group II mGluR,Astrocyte,Inhibitory neuron,0.20454900938531625,46,0.8841995673432457,0.8706467661691543,0,0,0.9714852503405065,0.0,False
GLU_NMDA_2A,neurotransmitter,Glutamate,NMDA receptor (GluN1/2A),Inhibitory neuron,Astrocyte,0.09294027349223262,46,0.8846972967943787,0.8955223880597015,0,0,0.9714852503405065,0.0,False
SST_SSTR,neuropeptide,Somatostatin,Somatostatin receptor,Inhibitory neuron,Border macrophage,0.08328897098325333,53,0.8844973701561325,0.8706467661691543,0,0,0.9714852503405065,0.0,False
GLU_MGLUR_II,neurotransmitter,Glutamate,Group II mGluR,Microglia,Choroid plexus,0.06569827099641164,24,0.8841145531237301,0.900497512437811,0,0,0.9714852503405065,0.0,False
MDK_PTPRZ1,neuron_glia,Midkine,PTPRZ1,Vascular smooth muscle,Choroid plexus,0.007999606796952545,61,0.8844081141302502,0.8606965174129353,0,0,0.9714852503405065,0.0,False
CX3CL1_CX3CR1,neuron_glia,Fractalkine,CX3CR1,Vascular smooth muscle,Border macrophage,0.01183902490429762,164,0.8857234205711495,0.900497512437811,1,0,0.9723838303267031,0.0,False
APOE_LRP1,neuron_glia,ApoE,LRP1,T / NK cell,T / NK cell,0.9462438194782703,462,0.8860149662283628,0.8905472636815921,10,0,0.972475727652477,0.0,False
GLU_KAINATE,neurotransmitter,Glutamate,Kainate receptor,Ependymal,Choroid plexus,0.33179594942780793,61,0.8863687254625305,0.8955223880597015,0,0,0.9726358504782319,0.0,False
CX3CL1_CX3CR1,neuron_glia,Fractalkine,CX3CR1,Ependymal,Excitatory neuron,0.005257327191150972,274,0.8870230196859007,0.9203980099502488,7,0,0.9731256058875333,0.0,False
GLU_NMDA_2B,neurotransmitter,Glutamate,NMDA receptor (GluN1/2B),Microglia,Oligodendrocyte,0.1046762466430664,103,0.8878593104816431,0.900497512437811,2,0,0.9733591124521975,0.0,False
GLU_NMDA_2B,neurotransmitter,Glutamate,NMDA receptor (GluN1/2B),Inhibitory neuron,Border macrophage,0.10355993261877096,53,0.8880679741522615,0.8855721393034826,0,0,0.9733591124521975,0.0,False
CX3CL1_CX3CR1,neuron_glia,Fractalkine,CX3CR1,Fibroblast / VLMC,T / NK cell,0.008914316671466397,221,0.8879241078717692,0.9253731343283582,4,0,0.9733591124521975,0.0,False
VEGFA_R,neurovascular,VEGF-A,VEGF receptor,Oligodendrocyte,Excitatory neuron,0.0013986526432132563,601,0.8880036318426074,0.9054726368159204,12,0,0.9733591124521975,0.0,False
BDNF_TRKB,neurotrophin,BDNF,TrkB,Fibroblast / VLMC,Microglia,0.05421578430611154,92,0.888369038771905,0.8855721393034826,1,0,0.9734610614552093,0.0,False
CCK_R,neuropeptide,Cholecystokinin,CCK receptor,Vascular smooth muscle,T / NK cell,0.17443660345483333,94,0.8893746759732035,0.9203980099502488,0,0,0.9743043666670064,0.0,False
MDK_PTPRZ1,neuron_glia,Midkine,PTPRZ1,Border macrophage,T / NK cell,0.03551486223936081,400,0.8895550874976386,0.8955223880597015,11,1,0.9743043666670064,0.09090909090909091,False
GLU_NMDA_2A,neurotransmitter,Glutamate,NMDA receptor (GluN1/2A),Endothelial,Microglia,0.24226722630058847,82,0.8899539053287944,0.8756218905472637,0,0,0.9743850674566386,0.0,False
GLU_NMDA_2B,neurotransmitter,Glutamate,NMDA receptor (GluN1/2B),Inhibitory neuron,Erythrocyte (blood),0.12452650286934593,55,0.8900452614468205,0.9203980099502488,0,0,0.9743850674566386,0.0,False
GLU_AMPA,neurotransmitter,Glutamate,AMPA receptor,Astrocyte,Ependymal,0.9599288320113085,334,0.8903529501528402,0.8905472636815921,5,0,0.974493907313483,0.0,False
NRXN_NLGN,synaptic_adhesion,Neurexin,Neuroligin,Erythrocyte (blood),Pericyte,0.45584237337112427,225,0.8919220684897227,0.8905472636815921,5,0,0.9748108509592217,0.0,False
GLU_MGLUR_II,neurotransmitter,Glutamate,Group II mGluR,Microglia,Pericyte,0.42598081357551343,33,0.892056300726404,0.9303482587064676,0,0,0.9748108509592217,0.0,False
GLU_MGLUR_II,neurotransmitter,Glutamate,Group II mGluR,Fibroblast / VLMC,Vascular smooth muscle,0.42207726487865693,154,0.8926837228928901,0.8656716417910447,2,0,0.9748108509592217,0.0,False
GLU_MGLUR_II,neurotransmitter,Glutamate,Group II mGluR,Fibroblast / VLMC,Ependymal,0.3368443742090342,245,0.8912593526670733,0.8955223880597015,6,1,0.9748108509592217,0.16666666666666666,False
GLU_MGLUR_I,neurotransmitter,Glutamate,Group I mGluR,Pericyte,Border macrophage,0.20717624500393866,160,0.8928920665559743,0.900497512437811,3,0,0.9748108509592217,0.0,False
PTN_PTPRZ1,neuron_glia,Pleiotrophin,PTPRZ1,Excitatory neuron,Vascular smooth muscle,0.17710355970594618,225,0.8924785251960707,0.9104477611940298,4,0,0.9748108509592217,0.0,False
PTN_PTPRZ1,neuron_glia,Pleiotrophin,PTPRZ1,Fibroblast / VLMC,Oligodendrocyte,0.127034845774854,722,0.8930325213325954,0.8955223880597015,10,0,0.9748108509592217,0.0,False
BDNF_TRKB,neurotrophin,BDNF,TrkB,Vascular smooth muscle,Fibroblast / VLMC,0.060272322072611226,154,0.8909674694512518,0.8955223880597015,2,0,0.9748108509592217,0.0,False
GLU_MGLUR_III,neurotransmitter,Glutamate,Group III mGluR,Fibroblast / VLMC,Vascular smooth muscle,0.03325372856932801,154,0.8915351649934442,0.9104477611940298,2,0,0.9748108509592217,0.0,False
MDK_PTPRZ1,neuron_glia,Midkine,PTPRZ1,Border macrophage,Ependymal,0.02068796147944027,241,0.8931425770596673,0.8706467661691543,5,0,0.9748108509592217,0.0,False
PACAP_R,neuropeptide,PACAP,PACAP receptor,Microglia,Erythrocyte (blood),0.017333475281210507,170,0.8921265679756749,0.9203980099502488,4,0,0.9748108509592217,0.0,False
NPY_R,neuropeptide,Neuropeptide Y,NPY receptor,Fibroblast / VLMC,Oligodendrocyte,0.007050480373678445,722,0.8929248859573872,0.9353233830845771,10,0,0.9748108509592217,0.0,False
GABA_B,neurotransmitter,GABA,GABA-B receptor,Inhibitory neuron,Astrocyte,0.21830427905787592,46,0.8936587615845148,0.900497512437811,0,0,0.9749194090589752,0.0,False
CX3CL1_CX3CR1,neuron_glia,Fractalkine,CX3CR1,Erythrocyte (blood),Oligodendrocyte,0.02716223369234543,1342,0.89359808574878,0.8955223880597015,10,0,0.9749194090589752,0.0,False
GLU_MGLUR_II,neurotransmitter,Glutamate,Group II mGluR,Endothelial,T / NK cell,0.6286074399005754,253,0.8949473282093234,0.8805970149253731,7,0,0.9756463401481706,0.0,False
SST_SSTR,neuropeptide,Somatostatin,Somatostatin receptor,Fibroblast / VLMC,Astrocyte,0.08325375936418304,382,0.8950571479003292,0.8756218905472637,7,0,0.9756463401481706,0.0,False
SLIT_ROBO,guidance,Slit,Robo,Choroid plexus,Oligodendrocyte,0.054029672560484514,230,0.8950510459191809,0.900497512437811,6,0,0.9756463401481706,0.0,False
SST_SSTR,neuropeptide,Somatostatin,Somatostatin receptor,Inhibitory neuron,Endothelial,0.02872309514454433,42,0.8951591661158573,0.9253731343283582,0,0,0.9756463401481706,0.0,False
GLU_MGLUR_II,neurotransmitter,Glutamate,Group II mGluR,Astrocyte,Fibroblast / VLMC,0.396304998722376,382,0.8958560899180328,0.9253731343283582,7,0,0.9759057591843071,0.0,False
RELN_R,guidance,Reelin,Reelin receptor,Astrocyte,Astrocyte,0.055528467696952605,1758,0.8957005346531606,0.8955223880597015,11,0,0.9759057591843071,0.0,False
CX3CL1_CX3CR1,neuron_glia,Fractalkine,CX3CR1,Excitatory neuron,Excitatory neuron,0.04280515271177115,2258,0.8960228983662712,0.9104477611940298,12,1,0.9759057591843071,0.08333333333333333,False
APOE_LRP1,neuron_glia,ApoE,LRP1,Astrocyte,Erythrocyte (blood),1.0742819200458917,537,0.8972791109202053,0.9054726368159204,11,1,0.9761735641141771,0.09090909090909091,False
APOE_LRP1,neuron_glia,ApoE,LRP1,Ependymal,Ependymal,0.5928708506726671,174,0.8965225265614557,0.8905472636815921,4,0,0.9761735641141771,0.0,False
NRXN_NLGN,synaptic_adhesion,Neurexin,Neuroligin,Choroid plexus,T / NK cell,0.5208212204020599,116,0.8977078155819342,0.8855721393034826,2,0,0.9761735641141771,0.0,False
GLU_MGLUR_II,neurotransmitter,Glutamate,Group II mGluR,Oligodendrocyte,Microglia,0.36056701650897277,103,0.8978657347403343,0.9154228855721394,2,0,0.9761735641141771,0.0,False
PTN_PTPRZ1,neuron_glia,Pleiotrophin,PTPRZ1,Endothelial,Fibroblast / VLMC,0.16252573830129854,223,0.8979328722375177,0.9104477611940298,5,0,0.9761735641141771,0.0,False
GLU_MGLUR_I,neurotransmitter,Glutamate,Group I mGluR,Inhibitory neuron,Fibroblast / VLMC,0.049692167685582087,26,0.8969590461003076,0.9253731343283582,0,0,0.9761735641141771,0.0,False
SST_SSTR,neuropeptide,Somatostatin,Somatostatin receptor,Pericyte,Ependymal,0.029328061474694148,72,0.8979378114869455,0.8855721393034826,0,0,0.9761735641141771,0.0,False
MDK_PTPRZ1,neuron_glia,Midkine,PTPRZ1,Erythrocyte (blood),Vascular smooth muscle,0.019358803954305528,237,0.8968466519924753,0.9154228855721394,5,0,0.9761735641141771,0.0,False
RELN_R,guidance,Reelin,Reelin receptor,Astrocyte,Vascular smooth muscle,0.021066669673356325,237,0.898406504306082,0.9353233830845771,7,0,0.9764562215210587,0.0,False
NRXN_NLGN,synaptic_adhesion,Neurexin,Neuroligin,Vascular smooth muscle,Fibroblast / VLMC,0.34201563991509476,154,0.8990217167759207,0.8756218905472637,2,0,0.9768979593113174,0.0,False
GLU_MGLUR_II,neurotransmitter,Glutamate,Group II mGluR,Border macrophage,Vascular smooth muscle,0.5493929815001604,164,0.9009115115015569,0.9154228855721394,1,0,0.9778160432186929,0.0,False
PTN_PTPRZ1,neuron_glia,Pleiotrophin,PTPRZ1,Border macrophage,Erythrocyte (blood),0.26391284111535773,848,0.9000848244724615,0.8855721393034826,12,1,0.9778160432186929,0.08333333333333333,False
GLU_NMDA_2B,neurotransmitter,Glutamate,NMDA receptor (GluN1/2B),Choroid plexus,Vascular smooth muscle,0.1997084050882058,61,0.9008262735266996,0.9154228855721394,0,0,0.9778160432186929,0.0,False
GLU_NMDA_2B,neurotransmitter,Glutamate,NMDA receptor (GluN1/2B),Fibroblast / VLMC,Vascular smooth muscle,0.12155617134911674,154,0.9005929354167224,0.9104477611940298,2,0,0.9778160432186929,0.0,False
GLU_MGLUR_III,neurotransmitter,Glutamate,Group III mGluR,Astrocyte,Microglia,0.010772934196688604,141,0.9008571553780479,0.9402985074626866,4,0,0.9778160432186929,0.0,False
BDNF_TRKB,neurotrophin,BDNF,TrkB,Fibroblast / VLMC,Oligodendrocyte,0.023696345140399033,722,0.9013155747057233,0.8905472636815921,10,0,0.9780277305306306,0.0,False
GLU_MGLUR_II,neurotransmitter,Glutamate,Group II mGluR,Endothelial,Endothelial,0.5500527950043373,282,0.9017782233542391,0.900497512437811,7,0,0.9782902956336469,0.0,False
NRXN_NLGN,synaptic_adhesion,Neurexin,Neuroligin,Erythrocyte (blood),Vascular smooth muscle,0.4171666291695607,237,0.9023275913793586,0.900497512437811,5,0,0.9782902956336469,0.0,False
GLU_MGLUR_II,neurotransmitter,Glutamate,Group II mGluR,Astrocyte,Pericyte,0.3484636217355728,120,0.9028120317474007,0.900497512437811,1,0,0.9782902956336469,0.0,False
GLU_MGLUR_I,neurotransmitter,Glutamate,Group I mGluR,T / NK cell,Vascular smooth muscle,0.22699739197467236,94,0.9025321242430366,0.9303482587064676,0,0,0.9782902956336469,0.0,False
SLIT_ROBO,guidance,Slit,Robo,Endothelial,Oligodendrocyte,0.03182703798467463,220,0.9027289989386422,0.9104477611940298,4,0,0.9782902956336469,0.0,False
NRG1_ERBB4,guidance,Neuregulin-1,ErbB4,Erythrocyte (blood),Excitatory neuron,0.0020892670177869764,1535,0.9025230920227989,0.9054726368159204,12,0,0.9782902956336469,0.0,False
GLU_KAINATE,neurotransmitter,Glutamate,Kainate receptor,Erythrocyte (blood),Oligodendrocyte,0.6711813042664848,1342,0.9033961556074221,0.9303482587064676,10,0,0.978696599232954,0.0,False
GLU_MGLUR_II,neurotransmitter,Glutamate,Group II mGluR,Fibroblast / VLMC,Choroid plexus,0.5844137102797411,138,0.9106959929338929,0.9154228855721394,2,0,0.9787158720218949,0.0,False
GLU_MGLUR_II,neurotransmitter,Glutamate,Group II mGluR,Erythrocyte (blood),Astrocyte,0.5469936813944101,537,0.9111672830267141,0.9054726368159204,11,0,0.9787158720218949,0.0,False
APOE_LRP1,neuron_glia,ApoE,LRP1,Inhibitory neuron,T / NK cell,0.508767728294645,28,0.908825676616366,0.9054726368159204,0,0,0.9787158720218949,0.0,False
GLU_NMDA_2A,neurotransmitter,Glutamate,NMDA receptor (GluN1/2A),Erythrocyte (blood),Fibroblast / VLMC,0.49919116372082467,477,0.9071327959636315,0.900497512437811,8,0,0.9787158720218949,0.0,False
GLU_NMDA_2A,neurotransmitter,Glutamate,NMDA receptor (GluN1/2A),Oligodendrocyte,Astrocyte,0.4245461706529584,342,0.9049836307932664,0.9402985074626866,6,1,0.9787158720218949,0.16666666666666666,False
GLU_MGLUR_II,neurotransmitter,Glutamate,Group II mGluR,Vascular smooth muscle,Pericyte,0.37257221189595885,59,0.9108215346732906,0.9203980099502488,0,0,0.9787158720218949,0.0,False
GLU_KAINATE,neurotransmitter,Glutamate,Kainate receptor,Inhibitory neuron,Oligodendrocyte,0.34824024736881254,40,0.9112576852518721,0.9402985074626866,0,0,0.9787158720218949,0.0,False
PTN_PTPRZ1,neuron_glia,Pleiotrophin,PTPRZ1,Astrocyte,Excitatory neuron,0.30563717158067794,336,0.9070079324063745,0.9203980099502488,9,1,0.9787158720218949,0.1111111111111111,False
CCK_R,neuropeptide,Cholecystokinin,CCK receptor,Fibroblast / VLMC,Border macrophage,0.21261326734926186,408,0.9040818437053703,0.9353233830845771,7,0,0.9787158720218949,0.0,False
PTN_PTPRZ1,neuron_glia,Pleiotrophin,PTPRZ1,Excitatory neuron,Border macrophage,0.20404510015345115,1057,0.908667554408345,0.9154228855721394,12,0,0.9787158720218949,0.0,False
GLU_MGLUR_I,neurotransmitter,Glutamate,Group I mGluR,Oligodendrocyte,Ependymal,0.17518041144668786,221,0.9103994089314509,0.9402985074626866,3,0,0.9787158720218949,0.0,False
PTN_PTPRZ1,neuron_glia,Pleiotrophin,PTPRZ1,Fibroblast / VLMC,Vascular smooth muscle,0.14385566695944055,154,0.9079705718117467,0.9253731343283582,2,0,0.9787158720218949,0.0,False
GLU_MGLUR_I,neurotransmitter,Glutamate,Group I mGluR,Ependymal,Endothelial,0.1408574498932937,203,0.9080214297431122,0.9154228855721394,3,0,0.9787158720218949,0.0,False
PTN_PTPRZ1,neuron_glia,Pleiotrophin,PTPRZ1,T / NK cell,Ependymal,0.13279493215705165,119,0.9071294622378827,0.9203980099502488,1,0,0.9787158720218949,0.0,False
GLU_MGLUR_III,neurotransmitter,Glutamate,Group III mGluR,Oligodendrocyte,Erythrocyte (blood),0.1214331331178435,1342,0.9114172742969104,0.9104477611940298,10,0,0.9787158720218949,0.0,False
GLU_MGLUR_I,neurotransmitter,Glutamate,Group I mGluR,Ependymal,Microglia,0.10317635157751659,63,0.9074373761899246,0.9154228855721394,1,0,0.9787158720218949,0.0,False
PTN_PTPRZ1,neuron_glia,Pleiotrophin,PTPRZ1,Ependymal,Pericyte,0.08735836214489406,72,0.9084054641657133,0.9353233830845771,0,0,0.9787158720218949,0.0,False
SLIT_ROBO,guidance,Slit,Robo,T / NK cell,Erythrocyte (blood),0.07231721565297348,526,0.9097766505074576,0.9054726368159204,12,0,0.9787158720218949,0.0,False
PACAP_R,neuropeptide,PACAP,PACAP receptor,Border macrophage,Erythrocyte (blood),0.051587351720850425,848,0.9049107139495018,0.900497512437811,12,2,0.9787158720218949,0.16666666666666666,False
SLIT_ROBO,guidance,Slit,Robo,Pericyte,T / NK cell,0.04641822159290314,100,0.9093565202111364,0.9154228855721394,0,0,0.9787158720218949,0.0,False
GLU_NMDA_2A,neurotransmitter,Glutamate,NMDA receptor (GluN1/2A),Vascular smooth muscle,Microglia,0.036981030872889925,35,0.9116976450249241,0.9154228855721394,0,0,0.9787158720218949,0.0,False
BDNF_TRKB,neurotrophin,BDNF,TrkB,Erythrocyte (blood),Vascular smooth muscle,0.036430601329240114,237,0.9052611752325621,0.8855721393034826,5,0,0.9787158720218949,0.0,False
BDNF_TRKB,neurotrophin,BDNF,TrkB,Oligodendrocyte,Endothelial,0.03174699978394942,220,0.9049972503816137,0.9054726368159204,4,0,0.9787158720218949,0.0,False
CX3CL1_CX3CR1,neuron_glia,Fractalkine,CX3CR1,Endothelial,Excitatory neuron,0.025155945785907137,595,0.9071613802513238,0.9253731343283582,12,0,0.9787158720218949,0.0,False
SST_SSTR,neuropeptide,Somatostatin,Somatostatin receptor,Ependymal,Choroid plexus,0.02373731918022281,61,0.9117808262755802,0.9402985074626866,0,0,0.9787158720218949,0.0,False
BDNF_TRKB,neurotrophin,BDNF,TrkB,Oligodendrocyte,Oligodendrocyte,0.02003915482461756,19620,0.9095787844088085,0.900497512437811,12,0,0.9787158720218949,0.0,False
MDK_PTPRZ1,neuron_glia,Midkine,PTPRZ1,Pericyte,Oligodendrocyte,0.015918595993772468,141,0.9080767061473793,0.9203980099502488,1,0,0.9787158720218949,0.0,False
CX3CL1_CX3CR1,neuron_glia,Fractalkine,CX3CR1,Erythrocyte (blood),Pericyte,0.013179429637061224,225,0.9105865573259285,0.9353233830845771,5,0,0.9787158720218949,0.0,False
CX3CL1_CX3CR1,neuron_glia,Fractalkine,CX3CR1,Endothelial,Astrocyte,0.010124216834418208,417,0.9096207927116498,0.9353233830845771,6,0,0.9787158720218949,0.0,False
SLIT_ROBO,guidance,Slit,Robo,Vascular smooth muscle,Oligodendrocyte,0.010090783990994848,99,0.9076101491543762,0.900497512437811,0,0,0.9787158720218949,0.0,False
SLIT_ROBO,guidance,Slit,Robo,Ependymal,T / NK cell,0.00929847384701256,119,0.9071025556450025,0.9552238805970149,1,0,0.9787158720218949,0.0,False
CORT_SSTR,neuropeptide,Cortistatin,Somatostatin receptor,Erythrocyte (blood),Astrocyte,0.008568778606322446,537,0.9055032320197476,0.9203980099502488,11,0,0.9787158720218949,0.0,False
SLIT_ROBO,guidance,Slit,Robo,Astrocyte,Vascular smooth muscle,0.007021536806967691,237,0.9077341958570477,0.9353233830845771,7,0,0.9787158720218949,0.0,False
GABA_A,neurotransmitter,GABA,GABA-A receptor,Border macrophage,Astrocyte,0.006580675526182781,516,0.9036610205414684,0.9054726368159204,8,0,0.9787158720218949,0.0,False
VEGFA_R,neurovascular,VEGF-A,VEGF receptor,Excitatory neuron,Excitatory neuron,0.005268803019772809,2258,0.9112110348224299,0.9253731343283582,12,0,0.9787158720218949,0.0,False
CX3CL1_CX3CR1,neuron_glia,Fractalkine,CX3CR1,Fibroblast / VLMC,Astrocyte,0.00430166393674481,382,0.910136200103774,0.9552238805970149,7,0,0.9787158720218949,0.0,False
IL34_CSF1R,neuron_glia,IL-34,CSF1R,T / NK cell,Excitatory neuron,0.002266578227510467,651,0.9094550789343656,0.9253731343283582,12,0,0.9787158720218949,0.0,False
IL34_CSF1R,neuron_glia,IL-34,CSF1R,Excitatory neuron,Choroid plexus,0.0019834710058764878,321,0.9063724861972773,0.9353233830845771,7,0,0.9787158720218949,0.0,False
NRG1_ERBB4,guidance,Neuregulin-1,ErbB4,Oligodendrocyte,Oligodendrocyte,0.0018823101524183875,19620,0.9042845194235443,0.9154228855721394,12,0,0.9787158720218949,0.0,False
VEGFA_R,neurovascular,VEGF-A,VEGF receptor,Oligodendrocyte,Fibroblast / VLMC,0.0015378982406573942,722,0.9100371734263752,0.9353233830845771,10,0,0.9787158720218949,0.0,False
GLU_MGLUR_II,neurotransmitter,Glutamate,Group II mGluR,Excitatory neuron,Ependymal,0.8643825437030653,274,0.912394499947081,0.9203980099502488,7,0,0.9788402590904575,0.0,False
GLU_MGLUR_II,neurotransmitter,Glutamate,Group II mGluR,Vascular smooth muscle,Vascular smooth muscle,0.6289342919401094,408,0.9132670507713572,0.9154228855721394,7,0,0.9788402590904575,0.0,False
PTN_PTPRZ1,neuron_glia,Pleiotrophin,PTPRZ1,Border macrophage,Excitatory neuron,0.24479409953616313,1057,0.9126491671266577,0.9154228855721394,12,1,0.9788402590904575,0.08333333333333333,False
CCK_R,neuropeptide,Cholecystokinin,CCK receptor,Ependymal,Astrocyte,0.18618977212620352,334,0.9133610966422179,0.9402985074626866,5,0,0.9788402590904575,0.0,False
SLIT_ROBO,guidance,Slit,Robo,Border macrophage,Oligodendrocyte,0.05217100342948398,429,0.9131053501859483,0.9154228855721394,9,0,0.9788402590904575,0.0,False
PACAP_R,neuropeptide,PACAP,PACAP receptor,Pericyte,Excitatory neuron,0.032014715905283014,255,0.9131753285570887,0.9104477611940298,7,0,0.9788402590904575,0.0,False
RELN_R,guidance,Reelin,Reelin receptor,Oligodendrocyte,Border macrophage,0.0034021069675614505,429,0.912833047293562,0.9303482587064676,9,0,0.9788402590904575,0.0,False
MDK_PTPRZ1,neuron_glia,Midkine,PTPRZ1,Vascular smooth muscle,Border macrophage,0.015715821123704676,164,0.9136190271217102,0.9402985074626866,1,0,0.9788924726133459,0.0,False
GLU_AMPA,neurotransmitter,Glutamate,AMPA receptor,Ependymal,Pericyte,1.1322817454735439,72,0.9140097648594139,0.8955223880597015,0,0,0.9790869253152925,0.0,False
CCK_R,neuropeptide,Cholecystokinin,CCK receptor,Choroid plexus,Astrocyte,0.1828969309204503,152,0.9142749251339044,0.9203980099502488,2,0,0.9791468012592215,0.0,False
PTN_PTPRZ1,neuron_glia,Pleiotrophin,PTPRZ1,Microglia,Endothelial,0.08573970562074243,82,0.915260757159541,0.9353233830845771,0,0,0.979948617902431,0.0,False
MDK_PTPRZ1,neuron_glia,Midkine,PTPRZ1,Erythrocyte (blood),T / NK cell,0.022514008013921092,526,0.9154424896028053,0.9303482587064676,12,0,0.979948617902431,0.0,False
NRXN_NLGN,synaptic_adhesion,Neurexin,Neuroligin,T / NK cell,Vascular smooth muscle,0.45008527218027317,94,0.9160450333466088,0.9253731343283582,0,0,0.9801451431577367,0.0,False
GLU_MGLUR_II,neurotransmitter,Glutamate,Group II mGluR,Astrocyte,Vascular smooth muscle,0.4172680478558762,237,0.9158671347190369,0.9154228855721394,7,1,0.9801451431577367,0.14285714285714285,False
CCK_R,neuropeptide,Cholecystokinin,CCK receptor,Border macrophage,Astrocyte,0.23573167933974154,516,0.916721431868543,0.9054726368159204,8,0,0.9804204753629515,0.0,False
CCK_R,neuropeptide,Cholecystokinin,CCK receptor,Pericyte,Astrocyte,0.13996817668279013,120,0.9165251637581582,0.9203980099502488,1,0,0.9804204753629515,0.0,False
GLU_MGLUR_II,neurotransmitter,Glutamate,Group II mGluR,Border macrophage,T / NK cell,0.6886337171494961,400,0.9181424865144436,0.9154228855721394,11,0,0.9812674039289817,0.0,False
PTN_PTPRZ1,neuron_glia,Pleiotrophin,PTPRZ1,Microglia,Erythrocyte (blood),0.17761048499275656,170,0.9178180400278932,0.9353233830845771,4,0,0.9812674039289817,0.0,False
GLU_NMDA_2A,neurotransmitter,Glutamate,NMDA receptor (GluN1/2A),Microglia,Astrocyte,0.1512173524139621,141,0.9181203382001961,0.9253731343283582,4,1,0.9812674039289817,0.25,False
CCK_R,neuropeptide,Cholecystokinin,CCK receptor,Fibroblast / VLMC,Astrocyte,0.1787704809797996,382,0.9186497979721501,0.9303482587064676,7,0,0.9815853858670222,0.0,False
APOE_LRP1,neuron_glia,ApoE,LRP1,Oligodendrocyte,Fibroblast / VLMC,0.7254424595436562,722,0.919168336769468,0.9353233830845771,10,0,0.9817639699019176,0.0,False
CCK_R,neuropeptide,Cholecystokinin,CCK receptor,Endothelial,Vascular smooth muscle,0.1371788250580999,131,0.9192365787861297,0.9502487562189055,1,0,0.9817639699019176,0.0,False
CX3CL1_CX3CR1,neuron_glia,Fractalkine,CX3CR1,Erythrocyte (blood),Choroid plexus,0.012206416830794358,279,0.9198184351263224,0.9502487562189055,7,0,0.9821612181551945,0.0,False
CCK_R,neuropeptide,Cholecystokinin,CCK receptor,Choroid plexus,Oligodendrocyte,0.17555943520172781,230,0.9202510105509892,0.9502487562189055,6,0,0.982398922739694,0.0,False
GLU_MGLUR_II,neurotransmitter,Glutamate,Group II mGluR,Ependymal,Ependymal,0.3161424905404277,174,0.9207322242778255,0.9303482587064676,4,0,0.9826884300629438,0.0,False
VIP_R,neuropeptide,VIP,VIP receptor,Fibroblast / VLMC,Fibroblast / VLMC,0.005575568995613983,1242,0.9215228237077027,0.945273631840796,9,0,0.9830837419353262,0.0,False
VEGFA_R,neurovascular,VEGF-A,VEGF receptor,Fibroblast / VLMC,Fibroblast / VLMC,0.0025751178247341213,1242,0.921473881925426,0.9701492537313433,9,0,0.9830837419353262,0.0,False
GLU_NMDA_2A,neurotransmitter,Glutamate,NMDA receptor (GluN1/2A),Pericyte,Endothelial,0.35538453857103985,108,0.9221153139037801,0.9253731343283582,0,0,0.9832717676694559,0.0,False
GLU_NMDA_2B,neurotransmitter,Glutamate,NMDA receptor (GluN1/2B),Fibroblast / VLMC,Endothelial,0.15106603703691285,223,0.9221193666453457,0.9502487562189055,5,0,0.9832717676694559,0.0,False
CCK_R,neuropeptide,Cholecystokinin,CCK receptor,Fibroblast / VLMC,Oligodendrocyte,0.18443054852393195,722,0.922576636454336,0.9203980099502488,10,0,0.983535220316664,0.0,False
GLU_AMPA,neurotransmitter,Glutamate,AMPA receptor,Border macrophage,Ependymal,1.49527416585392,241,0.9236048584933351,0.9154228855721394,5,0,0.9839243971380425,0.0,False
PTN_PTPRZ1,neuron_glia,Pleiotrophin,PTPRZ1,Border macrophage,Fibroblast / VLMC,0.19183849718640833,408,0.9237828332180852,0.9203980099502488,7,0,0.9839243971380425,0.0,False
PTN_PTPRZ1,neuron_glia,Pleiotrophin,PTPRZ1,Oligodendrocyte,Vascular smooth muscle,0.07897162196612117,99,0.9236558320922605,0.9402985074626866,0,0,0.9839243971380425,0.0,False
PTN_PTPRZ1,neuron_glia,Pleiotrophin,PTPRZ1,Inhibitory neuron,Oligodendrocyte,0.02948307991027832,40,0.9236647044170991,0.9502487562189055,0,0,0.9839243971380425,0.0,False
RELN_R,guidance,Reelin,Reelin receptor,Vascular smooth muscle,Erythrocyte (blood),0.0076648218219290305,237,0.9245229771194209,0.945273631840796,5,0,0.9844886231091876,0.0,False
CX3CL1_CX3CR1,neuron_glia,Fractalkine,CX3CR1,Erythrocyte (blood),Excitatory neuron,0.03217396097385145,1535,0.9249119010926136,0.9104477611940298,12,0,0.9846786769538882,0.0,False
GLU_MGLUR_II,neurotransmitter,Glutamate,Group II mGluR,Vascular smooth muscle,Fibroblast / VLMC,0.5730054088227161,154,0.9258965710952999,0.9353233830845771,2,0,0.9846812979912157,0.0,False
NRXN_NLGN,synaptic_adhesion,Neurexin,Neuroligin,Choroid plexus,Fibroblast / VLMC,0.48369854299918463,138,0.9259665978117865,0.9353233830845771,2,0,0.9846812979912157,0.0,False
PTN_PTPRZ1,neuron_glia,Pleiotrophin,PTPRZ1,Excitatory neuron,T / NK cell,0.2004037226125392,651,0.9259547987513728,0.9253731343283582,12,1,0.9846812979912157,0.08333333333333333,False
PTN_PTPRZ1,neuron_glia,Pleiotrophin,PTPRZ1,Vascular smooth muscle,Fibroblast / VLMC,0.15088131481950934,154,0.925939968983553,0.945273631840796,2,0,0.9846812979912157,0.0,False
SST_SSTR,neuropeptide,Somatostatin,Somatostatin receptor,Astrocyte,Fibroblast / VLMC,0.04668020203475553,382,0.9257680196456726,0.9502487562189055,7,0,0.9846812979912157,0.0,False
GLU_MGLUR_II,neurotransmitter,Glutamate,Group II mGluR,Fibroblast / VLMC,Pericyte,0.3776219124379365,92,0.9271981623778983,0.9154228855721394,1,0,0.9846890954070554,0.0,False
GLU_KAINATE,neurotransmitter,Glutamate,Kainate receptor,Vascular smooth muscle,Astrocyte,0.35005098354967334,237,0.9274470706259657,0.9104477611940298,7,0,0.9846890954070554,0.0,False
PTN_PTPRZ1,neuron_glia,Pleiotrophin,PTPRZ1,Border macrophage,Vascular smooth muscle,0.07233365279872243,164,0.9266239597412622,0.9402985074626866,1,0,0.9846890954070554,0.0,False
BDNF_TRKB,neurotrophin,BDNF,TrkB,Endothelial,Choroid plexus,0.022873944824650175,84,0.9268600435508642,0.9303482587064676,0,0,0.9846890954070554,0.0,False
SST_SSTR,neuropeptide,Somatostatin,Somatostatin receptor,Microglia,Ependymal,0.016093312747894772,63,0.9265627690737819,0.9402985074626866,1,0,0.9846890954070554,0.0,False
SLIT_ROBO,guidance,Slit,Robo,Vascular smooth muscle,Endothelial,0.014549659408685816,131,0.9272585737836382,0.9303482587064676,1,0,0.9846890954070554,0.0,False
IL34_CSF1R,neuron_glia,IL-34,CSF1R,Excitatory neuron,Erythrocyte (blood),0.0075444622226180785,1535,0.9265117401599695,0.9601990049751243,12,0,0.9846890954070554,0.0,False
GLU_AMPA,neurotransmitter,Glutamate,AMPA receptor,Astrocyte,Vascular smooth muscle,1.0279239350733376,237,0.9277271515607599,0.9253731343283582,7,1,0.9847630086553528,0.14285714285714285,False
MDK_PTPRZ1,neuron_glia,Midkine,PTPRZ1,Endothelial,Fibroblast / VLMC,0.003785366701972859,223,0.9279933300354014,0.9601990049751243,5,0,0.9848221345510645,0.0,False
APOE_LRP1,neuron_glia,ApoE,LRP1,Microglia,Choroid plexus,0.38770991563796997,24,0.9285487608806421,0.9303482587064676,0,0,0.9851881297416155,0.0,False
NRXN_NLGN,synaptic_adhesion,Neurexin,Neuroligin,Fibroblast / VLMC,Endothelial,0.3453292590085701,223,0.9294062367705348,0.9402985074626866,5,0,0.9852415652965001,0.0,False
GLU_KAINATE,neurotransmitter,Glutamate,Kainate receptor,Microglia,Fibroblast / VLMC,0.341749528179998,92,0.9288870303695062,0.945273631840796,1,0,0.9852415652965001,0.0,False
PTN_PTPRZ1,neuron_glia,Pleiotrophin,PTPRZ1,Erythrocyte (blood),T / NK cell,0.18440783001170866,526,0.929109944511557,0.9402985074626866,12,0,0.9852415652965001,0.0,False
IL34_CSF1R,neuron_glia,IL-34,CSF1R,Border macrophage,Erythrocyte (blood),0.0018265002741003936,848,0.929441391155963,0.9601990049751243,12,0,0.9852415652965001,0.0,False
APOE_LRP1,neuron_glia,ApoE,LRP1,Vascular smooth muscle,Fibroblast / VLMC,0.7479330990221593,154,0.930024233761324,0.9253731343283582,2,0,0.9856361018729864,0.0,False
GLU_MGLUR_II,neurotransmitter,Glutamate,Group II mGluR,Excitatory neuron,Pericyte,0.8907252124711579,255,0.9303725582058726,0.9502487562189055,7,0,0.9857819746026444,0.0,False
GLU_MGLUR_II,neurotransmitter,Glutamate,Group II mGluR,Border macrophage,Choroid plexus,0.55744693451321,194,0.9326670080979239,0.9353233830845771,3,0,0.9870532385684712,0.0,False
NRXN_NLGN,synaptic_adhesion,Neurexin,Neuroligin,Pericyte,Ependymal,0.2949872248702579,72,0.9323696671434704,0.9601990049751243,0,0,0.9870532385684712,0.0,False
GLU_NMDA_2A,neurotransmitter,Glutamate,NMDA receptor (GluN1/2A),Pericyte,Astrocyte,0.23181285659472148,120,0.9321298506972929,0.9402985074626866,1,0,0.9870532385684712,0.0,False
PTN_PTPRZ1,neuron_glia,Pleiotrophin,PTPRZ1,Erythrocyte (blood),Vascular smooth muscle,0.1699721757872698,237,0.9327963635159778,0.9402985074626866,5,0,0.9870532385684712,0.0,False
GLU_NMDA_2A,neurotransmitter,Glutamate,NMDA receptor (GluN1/2A),Oligodendrocyte,Microglia,0.09291744000703386,103,0.9328380895383158,0.9651741293532339,2,0,0.9870532385684712,0.0,False
NPY_R,neuropeptide,Neuropeptide Y,NPY receptor,Border macrophage,Erythrocyte (blood),0.008892323294619345,848,0.9318228722565864,0.9502487562189055,12,0,0.9870532385684712,0.0,False
CORT_SSTR,neuropeptide,Cortistatin,Somatostatin receptor,Erythrocyte (blood),Endothelial,0.0058138686097430866,594,0.9332307268770508,0.945273631840796,12,0,0.9872454377250104,0.0,False
MDK_PTPRZ1,neuron_glia,Midkine,PTPRZ1,Border macrophage,Border macrophage,0.03270910932539399,638,0.9336632460748944,0.9353233830845771,12,0,0.9874797306474753,0.0,False
GABA_A,neurotransmitter,GABA,GABA-A receptor,Endothelial,Fibroblast / VLMC,0.005278563820193167,223,0.933894623912559,0.9502487562189055,5,0,0.9875012305733024,0.0,False
GLU_NMDA_2B,neurotransmitter,Glutamate,NMDA receptor (GluN1/2B),Oligodendrocyte,Ependymal,0.12997497422662796,221,0.9347114129316869,0.9552238805970149,3,0,0.9876952802862157,0.0,False
SLIT_ROBO,guidance,Slit,Robo,Astrocyte,Astrocyte,0.016029956804607507,1758,0.9345663598115689,0.9402985074626866,11,0,0.9876952802862157,0.0,False
CX3CL1_CX3CR1,neuron_glia,Fractalkine,CX3CR1,Pericyte,Excitatory neuron,0.012993745242848116,255,0.9345578741861484,0.945273631840796,7,0,0.9876952802862157,0.0,False
SLIT_ROBO,guidance,Slit,Robo,Oligodendrocyte,Ependymal,0.019880391893343688,221,0.9350672016756691,0.9751243781094527,3,0,0.9878481455498885,0.0,False
GLU_MGLUR_II,neurotransmitter,Glutamate,Group II mGluR,Endothelial,Inhibitory neuron,0.2829295141356332,42,0.9358909391140356,0.9303482587064676,0,0,0.9880491209644795,0.0,False
CCK_R,neuropeptide,Cholecystokinin,CCK receptor,Oligodendrocyte,Choroid plexus,0.12639626420062522,230,0.935743333236013,0.9601990049751243,6,0,0.9880491209644795,0.0,False
IL34_CSF1R,neuron_glia,IL-34,CSF1R,Border macrophage,Excitatory neuron,0.0021416076310084692,1057,0.935563222526127,0.9502487562189055,12,0,0.9880491209644795,0.0,False
VEGFA_R,neurovascular,VEGF-A,VEGF receptor,Oligodendrocyte,Oligodendrocyte,0.009270988998670704,19620,0.9362046135601324,0.9353233830845771,12,0,0.9881573171323843,0.0,False
GLU_MGLUR_II,neurotransmitter,Glutamate,Group II mGluR,Excitatory neuron,T / NK cell,1.0006663755337764,651,0.9366831744962507,0.9253731343283582,12,0,0.9882165892825158,0.0,False
PTN_PTPRZ1,neuron_glia,Pleiotrophin,PTPRZ1,Choroid plexus,T / NK cell,0.2155070150720662,116,0.9366149513935654,0.9552238805970149,2,0,0.9882165892825158,0.0,False
NRXN_NLGN,synaptic_adhesion,Neurexin,Neuroligin,Pericyte,Vascular smooth muscle,0.33432778059426,59,0.9377213967123924,0.9502487562189055,0,0,0.9884459599980423,0.0,False
SST_SSTR,neuropeptide,Somatostatin,Somatostatin receptor,Border macrophage,Microglia,0.02937522277333378,153,0.9371478410581677,0.9601990049751243,3,0,0.9884459599980423,0.0,False
GLU_MGLUR_III,neurotransmitter,Glutamate,Group III mGluR,Fibroblast / VLMC,Ependymal,0.018117771343309053,245,0.937745590175531,0.9651741293532339,6,0,0.9884459599980423,0.0,False
BDNF_TRKB,neurotrophin,BDNF,TrkB,Astrocyte,Choroid plexus,0.006239500877104308,152,0.9374647078010709,0.945273631840796,2,0,0.9884459599980423,0.0,False
GLU_KAINATE,neurotransmitter,Glutamate,Kainate receptor,Vascular smooth muscle,Fibroblast / VLMC,0.4540703683704525,154,0.9393793329672452,0.9502487562189055,2,0,0.9897221119013151,0.0,False
CSF1_CSF1R,neuron_glia,CSF-1,CSF1R,Oligodendrocyte,Erythrocyte (blood),0.0015786689013553626,1342,0.9391933223669443,0.9800995024875622,10,0,0.9897221119013151,0.0,False
GLU_AMPA,neurotransmitter,Glutamate,AMPA receptor,Ependymal,Ependymal,0.9861585778751593,174,0.9401207949978941,0.9353233830845771,4,0,0.9898346534192499,0.0,False
APOE_LRP1,neuron_glia,ApoE,LRP1,Vascular smooth muscle,Vascular smooth muscle,0.8803212166416878,408,0.9399221427940081,0.9552238805970149,7,0,0.9898346534192499,0.0,False
CX3CL1_CX3CR1,neuron_glia,Fractalkine,CX3CR1,Astrocyte,Excitatory neuron,0.00857811811424437,336,0.9399140816337452,0.9701492537313433,9,0,0.9898346534192499,0.0,False
GLU_NMDA_2B,neurotransmitter,Glutamate,NMDA receptor (GluN1/2B),Astrocyte,Oligodendrocyte,0.18621115552054512,342,0.9418722750135633,0.9552238805970149,6,0,0.991062597890504,0.0,False
SLIT_ROBO,guidance,Slit,Robo,Choroid plexus,Vascular smooth muscle,0.01806115713275847,61,0.9419224989995878,0.9651741293532339,0,0,0.991062597890504,0.0,False
CORT_SSTR,neuropeptide,Cortistatin,Somatostatin receptor,Astrocyte,Astrocyte,0.010953791651438257,1758,0.9415473594749363,0.945273631840796,11,1,0.991062597890504,0.09090909090909091,False
GLU_MGLUR_III,neurotransmitter,Glutamate,Group III mGluR,Fibroblast / VLMC,Endothelial,0.04576136873441961,223,0.9422865870685595,0.9552238805970149,5,0,0.9912227834743232,0.0,False
GLU_MGLUR_III,neurotransmitter,Glutamate,Group III mGluR,Vascular smooth muscle,Fibroblast / VLMC,0.055698820522853305,154,0.9427766570575292,0.9601990049751243,2,0,0.9915153918570868,0.0,False
GABA_A,neurotransmitter,GABA,GABA-A receptor,Inhibitory neuron,Astrocyte,0.07084208467732304,46,0.9431850350684332,0.9353233830845771,0,0,0.9917219728281346,0.0,False
SST_SSTR,neuropeptide,Somatostatin,Somatostatin receptor,Endothelial,Ependymal,0.022673964500427246,203,0.9440254517542862,0.9552238805970149,3,0,0.9923826305904977,0.0,False
APOE_LRP1,neuron_glia,ApoE,LRP1,Astrocyte,Ependymal,0.8380211363295595,334,0.9469888522757983,0.9502487562189055,5,0,0.9927864298641155,0.0,False
GLU_MGLUR_II,neurotransmitter,Glutamate,Group II mGluR,Pericyte,T / NK cell,0.6077598893642425,100,0.9469561141882233,0.9651741293532339,0,0,0.9927864298641155,0.0,False
GLU_NMDA_2A,neurotransmitter,Glutamate,NMDA receptor (GluN1/2A),Border macrophage,Astrocyte,0.30670037750125856,516,0.9463876168658941,0.9552238805970149,8,0,0.9927864298641155,0.0,False
NRXN_NLGN,synaptic_adhesion,Neurexin,Neuroligin,Fibroblast / VLMC,Oligodendrocyte,0.2128248217198327,722,0.9452628625627776,0.9402985074626866,10,0,0.9927864298641155,0.0,False
GLU_NMDA_2B,neurotransmitter,Glutamate,NMDA receptor (GluN1/2B),Vascular smooth muscle,Endothelial,0.10430257193004812,131,0.9447675732031862,0.9800995024875622,1,0,0.9927864298641155,0.0,False
GLU_MGLUR_I,neurotransmitter,Glutamate,Group I mGluR,Astrocyte,Ependymal,0.10282295335552649,334,0.9475215047369243,0.9601990049751243,5,0,0.9927864298641155,0.0,False
PTN_PTPRZ1,neuron_glia,Pleiotrophin,PTPRZ1,Pericyte,Fibroblast / VLMC,0.06575748777907828,92,0.9475922624007566,0.9502487562189055,1,0,0.9927864298641155,0.0,False
SST_SSTR,neuropeptide,Somatostatin,Somatostatin receptor,Choroid plexus,Vascular smooth muscle,0.06466562142137622,61,0.9452465872084462,0.9701492537313433,0,0,0.9927864298641155,0.0,False
SLIT_ROBO,guidance,Slit,Robo,Excitatory neuron,Border macrophage,0.0629648549892819,1057,0.9465452887657917,0.9601990049751243,12,0,0.9927864298641155,0.0,False
GLU_MGLUR_III,neurotransmitter,Glutamate,Group III mGluR,Vascular smooth muscle,Erythrocyte (blood),0.0558186316791969,237,0.9456876925260242,0.9850746268656716,5,0,0.9927864298641155,0.0,False
MDK_PTPRZ1,neuron_glia,Midkine,PTPRZ1,Vascular smooth muscle,Excitatory neuron,0.023896862930721706,225,0.9473024716141303,0.945273631840796,4,0,0.9927864298641155,0.0,False
PACAP_R,neuropeptide,PACAP,PACAP receptor,Endothelial,Erythrocyte (blood),0.01578363480190637,594,0.9455958719803196,0.9552238805970149,12,0,0.9927864298641155,0.0,False
PACAP_R,neuropeptide,PACAP,PACAP receptor,Endothelial,Ependymal,0.008229556929301746,203,0.9461921677713905,0.9651741293532339,3,0,0.9927864298641155,0.0,False
VEGFA_R,neurovascular,VEGF-A,VEGF receptor,Excitatory neuron,Erythrocyte (blood),0.005012903034881194,1535,0.9452362421015765,0.9651741293532339,12,0,0.9927864298641155,0.0,False
VEGFA_R,neurovascular,VEGF-A,VEGF receptor,Excitatory neuron,Oligodendrocyte,0.002326336755927113,601,0.9466933455556991,0.945273631840796,12,0,0.9927864298641155,0.0,False
GLU_MGLUR_II,neurotransmitter,Glutamate,Group II mGluR,Excitatory neuron,Endothelial,0.9791358422832329,595,0.9490139383717991,0.9601990049751243,12,0,0.9929246312853188,0.0,False
GLU_MGLUR_II,neurotransmitter,Glutamate,Group II mGluR,T / NK cell,Endothelial,0.6598143219476632,253,0.9490462945147822,0.9601990049751243,7,1,0.9929246312853188,0.14285714285714285,False
GLU_MGLUR_II,neurotransmitter,Glutamate,Group II mGluR,Astrocyte,Endothelial,0.314795165610828,417,0.9495462058928033,0.9552238805970149,6,0,0.9929246312853188,0.0,False
GLU_MGLUR_II,neurotransmitter,Glutamate,Group II mGluR,Ependymal,Pericyte,0.2985158744785521,72,0.9484526475379637,0.9552238805970149,0,0,0.9929246312853188,0.0,False
APOE_LRP1,neuron_glia,ApoE,LRP1,Choroid plexus,Microglia,0.229429692029953,24,0.9482012939725921,0.9651741293532339,0,0,0.9929246312853188,0.0,False
CCK_R,neuropeptide,Cholecystokinin,CCK receptor,Erythrocyte (blood),Astrocyte,0.20019279645141944,537,0.9493013813732379,0.9552238805970149,11,0,0.9929246312853188,0.0,False
GLU_MGLUR_I,neurotransmitter,Glutamate,Group I mGluR,Fibroblast / VLMC,Ependymal,0.09955472946166992,245,0.948297016279442,0.9751243781094527,6,0,0.9929246312853188,0.0,False
GLU_MGLUR_III,neurotransmitter,Glutamate,Group III mGluR,T / NK cell,Astrocyte,0.04224591316847966,232,0.9489759648705768,0.9651741293532339,4,0,0.9929246312853188,0.0,False
SLIT_ROBO,guidance,Slit,Robo,T / NK cell,Astrocyte,0.026572671686780864,232,0.9496340510796755,0.9552238805970149,4,0,0.9929246312853188,0.0,False
NPY_R,neuropeptide,Neuropeptide Y,NPY receptor,Oligodendrocyte,Fibroblast / VLMC,0.005479807833885552,722,0.9498674401923891,0.9651741293532339,10,0,0.9929467722654577,0.0,False
GLU_AMPA,neurotransmitter,Glutamate,AMPA receptor,Oligodendrocyte,Astrocyte,1.5551526253683525,342,0.9524495342941499,0.9651741293532339,6,0,0.9937566780723789,0.0,False
GLU_AMPA,neurotransmitter,Glutamate,AMPA receptor,Ependymal,Fibroblast / VLMC,1.0848320209250157,245,0.9520703213067447,0.9601990049751243,6,0,0.9937566780723789,0.0,False
GLU_AMPA,neurotransmitter,Glutamate,AMPA receptor,Fibroblast / VLMC,Ependymal,0.93779748313281,245,0.9548670476419727,0.9552238805970149,6,0,0.9937566780723789,0.0,False
APOE_LRP1,neuron_glia,ApoE,LRP1,T / NK cell,Microglia,0.6657080203294754,80,0.9557394852160088,0.9651741293532339,0,0,0.9937566780723789,0.0,False
GLU_MGLUR_II,neurotransmitter,Glutamate,Group II mGluR,Oligodendrocyte,Border macrophage,0.6618550768543234,429,0.9548880073645194,0.945273631840796,9,0,0.9937566780723789,0.0,False
GLU_MGLUR_II,neurotransmitter,Glutamate,Group II mGluR,Excitatory neuron,Microglia,0.6603703922695584,225,0.9549928285352727,0.9651741293532339,5,0,0.9937566780723789,0.0,False
GLU_MGLUR_II,neurotransmitter,Glutamate,Group II mGluR,Vascular smooth muscle,T / NK cell,0.4580593502267878,94,0.9546347798831463,0.9601990049751243,0,0,0.9937566780723789,0.0,False
APOE_LRP1,neuron_glia,ApoE,LRP1,Oligodendrocyte,Vascular smooth muscle,0.4347624598127423,99,0.9549726261631477,0.9502487562189055,0,0,0.9937566780723789,0.0,False
NRXN_NLGN,synaptic_adhesion,Neurexin,Neuroligin,Oligodendrocyte,Oligodendrocyte,0.4199826644708865,19620,0.9556909559281564,0.9502487562189055,12,0,0.9937566780723789,0.0,False
NRXN_NLGN,synaptic_adhesion,Neurexin,Neuroligin,Ependymal,Microglia,0.21454505314902653,63,0.9515463018676218,0.9751243781094527,1,0,0.9937566780723789,0.0,False
CCK_R,neuropeptide,Cholecystokinin,CCK receptor,Oligodendrocyte,Erythrocyte (blood),0.21356494886864494,1342,0.9553136942026925,0.9701492537313433,10,0,0.9937566780723789,0.0,False
GLU_MGLUR_I,neurotransmitter,Glutamate,Group I mGluR,T / NK cell,Astrocyte,0.1617320765709055,232,0.9533740647331268,0.9601990049751243,4,0,0.9937566780723789,0.0,False
PTN_PTPRZ1,neuron_glia,Pleiotrophin,PTPRZ1,Pericyte,Oligodendrocyte,0.1525418259573321,141,0.9553415495951229,0.9502487562189055,1,0,0.9937566780723789,0.0,False
GLU_MGLUR_III,neurotransmitter,Glutamate,Group III mGluR,Erythrocyte (blood),Oligodendrocyte,0.12336218454798714,1342,0.9553993434119155,0.9701492537313433,10,0,0.9937566780723789,0.0,False
PTN_PTPRZ1,neuron_glia,Pleiotrophin,PTPRZ1,Border macrophage,Pericyte,0.11593265980482101,160,0.9552809933688732,0.9800995024875622,3,0,0.9937566780723789,0.0,False
GLU_NMDA_2A,neurotransmitter,Glutamate,NMDA receptor (GluN1/2A),Astrocyte,Microglia,0.10119324373015275,141,0.9526421555575291,0.9751243781094527,4,0,0.9937566780723789,0.0,False
PTN_PTPRZ1,neuron_glia,Pleiotrophin,PTPRZ1,Inhibitory neuron,Border macrophage,0.0804228535238302,53,0.952056182932041,0.9850746268656716,0,0,0.9937566780723789,0.0,False
GLU_MGLUR_III,neurotransmitter,Glutamate,Group III mGluR,Fibroblast / VLMC,Oligodendrocyte,0.07512153631432235,722,0.9539905048095213,0.9502487562189055,10,0,0.9937566780723789,0.0,False
GLU_MGLUR_III,neurotransmitter,Glutamate,Group III mGluR,Oligodendrocyte,Border macrophage,0.06278251212237876,429,0.9542772836146876,0.9601990049751243,9,0,0.9937566780723789,0.0,False
GLU_MGLUR_III,neurotransmitter,Glutamate,Group III mGluR,Choroid plexus,Astrocyte,0.05764611457523547,152,0.953645687137723,0.9850746268656716,2,0,0.9937566780723789,0.0,False
RELN_R,guidance,Reelin,Reelin receptor,Vascular smooth muscle,Astrocyte,0.030564168334510255,237,0.9534560095882558,0.9552238805970149,7,0,0.9937566780723789,0.0,False
GLU_MGLUR_III,neurotransmitter,Glutamate,Group III mGluR,Endothelial,Ependymal,0.02509728558545042,203,0.9525040612888747,0.9800995024875622,3,0,0.9937566780723789,0.0,False
CX3CL1_CX3CR1,neuron_glia,Fractalkine,CX3CR1,Border macrophage,Oligodendrocyte,0.024690320997527153,429,0.9513507236320806,0.9850746268656716,9,0,0.9937566780723789,0.0,False
BDNF_TRKB,neurotrophin,BDNF,TrkB,Oligodendrocyte,Fibroblast / VLMC,0.007547136489043936,722,0.9552708353133772,0.9601990049751243,10,0,0.9937566780723789,0.0,False
VIP_R,neuropeptide,VIP,VIP receptor,Oligodendrocyte,Oligodendrocyte,0.006097086477231056,19620,0.9561035038578293,0.9651741293532339,12,0,0.9937783817437881,0.0,False
CX3CL1_CX3CR1,neuron_glia,Fractalkine,CX3CR1,T / NK cell,Endothelial,0.0038185317525750565,253,0.9561851409725441,0.9701492537313433,7,0,0.9937783817437881,0.0,False
CCK_R,neuropeptide,Cholecystokinin,CCK receptor,Astrocyte,Ependymal,0.11275396232833405,334,0.956682827467594,0.9651741293532339,5,0,0.994074827830529,0.0,False
GLU_MGLUR_II,neurotransmitter,Glutamate,Group II mGluR,Border macrophage,Ependymal,0.5046889418388303,241,0.9586817842384956,0.9701492537313433,5,0,0.995640828929657,0.0,False
GLU_NMDA_2A,neurotransmitter,Glutamate,NMDA receptor (GluN1/2A),Choroid plexus,Astrocyte,0.3053638119446604,152,0.9588282913351217,0.9751243781094527,2,0,0.995640828929657,0.0,False
GLU_MGLUR_I,neurotransmitter,Glutamate,Group I mGluR,Endothelial,Ependymal,0.09469974393327835,203,0.958743837884996,0.9651741293532339,3,0,0.995640828929657,0.0,False
GLU_NMDA_2B,neurotransmitter,Glutamate,NMDA receptor (GluN1/2B),Oligodendrocyte,Fibroblast / VLMC,0.18490226298488077,722,0.959138249091644,0.9601990049751243,10,0,0.9957417056800094,0.0,False
GLU_MGLUR_II,neurotransmitter,Glutamate,Group II mGluR,Ependymal,Astrocyte,0.2697641207072549,334,0.9594702724291468,0.9651741293532339,5,0,0.9957567172895343,0.0,False
PACAP_R,neuropeptide,PACAP,PACAP receptor,Excitatory neuron,Fibroblast / VLMC,0.03927174795844512,499,0.959787995398083,0.9850746268656716,7,0,0.9957567172895343,0.0,False
SLIT_ROBO,guidance,Slit,Robo,Choroid plexus,Border macrophage,0.022696134970360195,194,0.9597911508817695,0.9800995024875622,3,0,0.9957567172895343,0.0,False
GLU_KAINATE,neurotransmitter,Glutamate,Kainate receptor,Vascular smooth muscle,Choroid plexus,0.3218659826966583,61,0.960984181449868,0.9800995024875622,0,0,0.9961147243622414,0.0,False
GLU_KAINATE,neurotransmitter,Glutamate,Kainate receptor,Inhibitory neuron,Choroid plexus,0.1098704993724823,20,0.9612096258226622,0.9651741293532339,0,0,0.9961147243622414,0.0,False
GLU_MGLUR_III,neurotransmitter,Glutamate,Group III mGluR,Erythrocyte (blood),Ependymal,0.03199986798140023,241,0.9604555618132435,0.9601990049751243,6,0,0.9961147243622414,0.0,False
BDNF_TRKB,neurotrophin,BDNF,TrkB,Endothelial,Ependymal,0.02120071209122982,203,0.9614135702543026,0.9601990049751243,3,0,0.9961147243622414,0.0,False
MDK_PTPRZ1,neuron_glia,Midkine,PTPRZ1,Border macrophage,Endothelial,0.011501965794976301,381,0.9611220454243802,0.9800995024875622,10,0,0.9961147243622414,0.0,False
GABA_A,neurotransmitter,GABA,GABA-A receptor,Astrocyte,Astrocyte,0.0025611178053117044,1758,0.9609089233306023,0.9900497512437811,11,0,0.9961147243622414,0.0,False
CCK_R,neuropeptide,Cholecystokinin,CCK receptor,Border macrophage,Ependymal,0.13799854878073411,241,0.9617544873174194,0.9850746268656716,5,0,0.996247342518974,0.0,False
NPY_R,neuropeptide,Neuropeptide Y,NPY receptor,Oligodendrocyte,Oligodendrocyte,0.03138829514642496,19620,0.9624779412386404,0.9651741293532339,12,2,0.9967760706187689,0.16666666666666666,False
GLU_AMPA,neurotransmitter,Glutamate,AMPA receptor,Choroid plexus,Astrocyte,1.4617173750149577,152,0.9642843853273405,0.9552238805970149,2,0,0.9969988420206904,0.0,False
GLU_AMPA,neurotransmitter,Glutamate,AMPA receptor,Fibroblast / VLMC,Pericyte,1.0000764610974684,92,0.9644139588927492,0.9751243781094527,1,0,0.9969988420206904,0.0,False
GLU_MGLUR_II,neurotransmitter,Glutamate,Group II mGluR,Choroid plexus,Fibroblast / VLMC,0.591171808000924,138,0.9631519321278288,0.9800995024875622,2,0,0.9969988420206904,0.0,False
APOE_LRP1,neuron_glia,ApoE,LRP1,Pericyte,Vascular smooth muscle,0.3852846420417398,59,0.9642435056369786,0.9751243781094527,0,0,0.9969988420206904,0.0,False
GLU_MGLUR_II,neurotransmitter,Glutamate,Group II mGluR,Vascular smooth muscle,Ependymal,0.29104297811334784,88,0.9645305049270615,0.9900497512437811,0,0,0.9969988420206904,0.0,False
GLU_MGLUR_I,neurotransmitter,Glutamate,Group I mGluR,T / NK cell,Oligodendrocyte,0.26901610218662825,453,0.9643014759806966,0.9701492537313433,9,0,0.9969988420206904,0.0,False
GLU_MGLUR_I,neurotransmitter,Glutamate,Group I mGluR,Choroid plexus,Astrocyte,0.18471370009999527,152,0.9639453904679638,0.9800995024875622,2,0,0.9969988420206904,0.0,False
SST_SSTR,neuropeptide,Somatostatin,Somatostatin receptor,Astrocyte,Astrocyte,0.070110000576718,1758,0.9646107625192702,0.9701492537313433,11,0,0.9969988420206904,0.0,False
CX3CL1_CX3CR1,neuron_glia,Fractalkine,CX3CR1,Pericyte,Erythrocyte (blood),0.0042926314142015245,225,0.9638911105471808,0.9950248756218906,5,0,0.9969988420206904,0.0,False
GLU_MGLUR_II,neurotransmitter,Glutamate,Group II mGluR,Oligodendrocyte,Erythrocyte (blood),0.835468263411131,1342,0.9661084804444955,0.9751243781094527,10,1,0.9973529394144448,0.1,False
GLU_AMPA,neurotransmitter,Glutamate,AMPA receptor,Inhibitory neuron,Astrocyte,0.5154534707898679,46,0.9661968980107182,0.9651741293532339,0,0,0.9973529394144448,0.0,False
GLU_MGLUR_II,neurotransmitter,Glutamate,Group II mGluR,Fibroblast / VLMC,Border macrophage,0.4932948529135947,408,0.9672227987884673,0.9601990049751243,7,0,0.9973529394144448,0.0,False
GLU_NMDA_2A,neurotransmitter,Glutamate,NMDA receptor (GluN1/2A),Endothelial,Vascular smooth muscle,0.27623137717938606,131,0.9679375289337453,0.9651741293532339,1,0,0.9973529394144448,0.0,False
GLU_KAINATE,neurotransmitter,Glutamate,Kainate receptor,Ependymal,Astrocyte,0.2263690568729789,334,0.966879636330689,0.9701492537313433,5,0,0.9973529394144448,0.0,False
NRXN_NLGN,synaptic_adhesion,Neurexin,Neuroligin,Astrocyte,Microglia,0.20201529298268311,141,0.9665185150227485,0.9850746268656716,4,0,0.9973529394144448,0.0,False
GLU_MGLUR_II,neurotransmitter,Glutamate,Group II mGluR,Choroid plexus,Microglia,0.06569827099641164,24,0.9678045845841279,0.9850746268656716,0,0,0.9973529394144448,0.0,False
MDK_PTPRZ1,neuron_glia,Midkine,PTPRZ1,T / NK cell,T / NK cell,0.046879953378206725,462,0.9653971319914916,0.9701492537313433,10,0,0.9973529394144448,0.0,False
SST_SSTR,neuropeptide,Somatostatin,Somatostatin receptor,Oligodendrocyte,Astrocyte,0.04346541354530736,342,0.9678417312188644,0.9800995024875622,6,0,0.9973529394144448,0.0,False
SST_SSTR,neuropeptide,Somatostatin,Somatostatin receptor,Inhibitory neuron,Astrocyte,0.03027145758919094,46,0.9662283170378672,0.9800995024875622,0,0,0.9973529394144448,0.0,False
SST_SSTR,neuropeptide,Somatostatin,Somatostatin receptor,Astrocyte,Microglia,0.02423103819502161,141,0.9656085655157021,0.9800995024875622,4,0,0.9973529394144448,0.0,False
SLIT_ROBO,guidance,Slit,Robo,Astrocyte,Border macrophage,0.016516991479452268,516,0.9666844755207068,0.9751243781094527,8,0,0.9973529394144448,0.0,False
GLU_MGLUR_III,neurotransmitter,Glutamate,Group III mGluR,T / NK cell,Vascular smooth muscle,0.01633483425099799,94,0.9675912936982431,0.9950248756218906,0,0,0.9973529394144448,0.0,False
VEGFA_R,neurovascular,VEGF-A,VEGF receptor,Erythrocyte (blood),Erythrocyte (blood),0.005629573878861746,6296,0.9675319274061911,0.9850746268656716,12,0,0.9973529394144448,0.0,False
APOE_LRP1,neuron_glia,ApoE,LRP1,Fibroblast / VLMC,Oligodendrocyte,0.6755343791190277,722,0.9687896743149939,0.9701492537313433,10,0,0.9975517214058738,0.0,False
NRXN_NLGN,synaptic_adhesion,Neurexin,Neuroligin,Astrocyte,Endothelial,0.2864475727653046,417,0.968487768362922,0.9751243781094527,6,0,0.9975517214058738,0.0,False
GLU_NMDA_2B,neurotransmitter,Glutamate,NMDA receptor (GluN1/2B),Ependymal,Fibroblast / VLMC,0.10457767759050642,245,0.9689832386812772,0.9751243781094527,6,0,0.9975517214058738,0.0,False
PACAP_R,neuropeptide,PACAP,PACAP receptor,Endothelial,Astrocyte,0.004771054791603729,417,0.9687527006817948,0.9751243781094527,6,0,0.9975517214058738,0.0,False
APOE_LRP1,neuron_glia,ApoE,LRP1,Microglia,Ependymal,0.48865817085145014,63,0.9706330895872347,0.9900497512437811,1,0,0.9988021424804522,0.0,False
GLU_MGLUR_II,neurotransmitter,Glutamate,Group II mGluR,Oligodendrocyte,Ependymal,0.4314016707882083,221,0.9712651738162124,0.9701492537313433,3,0,0.9988021424804522,0.0,False
GLU_MGLUR_II,neurotransmitter,Glutamate,Group II mGluR,Inhibitory neuron,Erythrocyte (blood),0.4091960972005671,55,0.9711814106168576,0.9850746268656716,0,0,0.9988021424804522,0.0,False
GLU_NMDA_2A,neurotransmitter,Glutamate,NMDA receptor (GluN1/2A),Fibroblast / VLMC,Vascular smooth muscle,0.23468108068812976,154,0.9707627583584809,0.9701492537313433,2,0,0.9988021424804522,0.0,False
GLU_MGLUR_II,neurotransmitter,Glutamate,Group II mGluR,Inhibitory neuron,Endothelial,0.23275249061130343,42,0.9708923682164351,0.9800995024875622,0,0,0.9988021424804522,0.0,False
PTN_PTPRZ1,neuron_glia,Pleiotrophin,PTPRZ1,Endothelial,Excitatory neuron,0.23983215619536008,595,0.9715290748953926,0.9651741293532339,12,0,0.9988539972391874,0.0,False
SST_SSTR,neuropeptide,Somatostatin,Somatostatin receptor,Endothelial,T / NK cell,0.05322233737693002,253,0.9726042344262155,0.9850746268656716,7,0,0.999739721634504,0.0,False
GLU_AMPA,neurotransmitter,Glutamate,AMPA receptor,Erythrocyte (blood),Astrocyte,1.32525289547066,537,0.9753256933056853,0.9751243781094527,11,1,1.0,0.09090909090909091,False
GLU_AMPA,neurotransmitter,Glutamate,AMPA receptor,Oligodendrocyte,Oligodendrocyte,1.2360259840430106,19620,1.0,1.0,12,0,1.0,0.0,False
GLU_AMPA,neurotransmitter,Glutamate,AMPA receptor,Oligodendrocyte,Fibroblast / VLMC,1.187320758266132,722,0.9991787355070111,1.0,10,0,1.0,0.0,False
GLU_AMPA,neurotransmitter,Glutamate,AMPA receptor,Oligodendrocyte,Ependymal,1.1815584919571338,221,0.9952858523948805,1.0,3,0,1.0,0.0,False
GLU_AMPA,neurotransmitter,Glutamate,AMPA receptor,Fibroblast / VLMC,Fibroblast / VLMC,1.0613635215014459,1242,0.9884019419253592,1.0,9,0,1.0,0.0,False
GLU_AMPA,neurotransmitter,Glutamate,AMPA receptor,Vascular smooth muscle,Astrocyte,1.0554886628806843,237,0.9777906820938865,0.9751243781094527,7,0,1.0,0.0,False
APOE_LRP1,neuron_glia,ApoE,LRP1,Oligodendrocyte,Oligodendrocyte,0.9866484780681,19620,0.9999999999996415,1.0,12,0,1.0,0.0,False
GLU_AMPA,neurotransmitter,Glutamate,AMPA receptor,Fibroblast / VLMC,Astrocyte,0.8705396567963805,382,0.9818053533735043,0.9800995024875622,7,0,1.0,0.0,False
GLU_AMPA,neurotransmitter,Glutamate,AMPA receptor,Endothelial,Astrocyte,0.8663961941675602,417,0.9990791061947193,1.0,6,0,1.0,0.0,False
APOE_LRP1,neuron_glia,ApoE,LRP1,Astrocyte,Vascular smooth muscle,0.8239970835955334,237,0.980838341270347,0.9900497512437811,7,0,1.0,0.0,False
GLU_AMPA,neurotransmitter,Glutamate,AMPA receptor,Astrocyte,Astrocyte,0.7871687747919519,1758,0.9998462289882464,1.0,11,0,1.0,0.0,False
GLU_AMPA,neurotransmitter,Glutamate,AMPA receptor,Ependymal,Astrocyte,0.6900053359791191,334,0.9992004643341797,1.0,5,0,1.0,0.0,False
GLU_MGLUR_II,neurotransmitter,Glutamate,Group II mGluR,Erythrocyte (blood),Endothelial,0.6610844159367109,594,0.973538955089635,0.9800995024875622,12,0,1.0,0.0,False
GLU_AMPA,neurotransmitter,Glutamate,AMPA receptor,Astrocyte,Microglia,0.6584117268839627,141,0.9937160440984067,0.9950248756218906,4,0,1.0,0.0,False
GLU_MGLUR_II,neurotransmitter,Glutamate,Group II mGluR,Erythrocyte (blood),Fibroblast / VLMC,0.5796114836099013,477,0.9931375684768827,0.9900497512437811,8,0,1.0,0.0,False
GLU_NMDA_2A,neurotransmitter,Glutamate,NMDA receptor (GluN1/2A),Erythrocyte (blood),Oligodendrocyte,0.5382138317459209,1342,0.9943276048711466,0.9950248756218906,10,0,1.0,0.0,False
APOE_LRP1,neuron_glia,ApoE,LRP1,Oligodendrocyte,Endothelial,0.4904218592426994,220,0.9934296974659437,0.9950248756218906,4,0,1.0,0.0,False
GLU_KAINATE,neurotransmitter,Glutamate,Kainate receptor,Oligodendrocyte,Oligodendrocyte,0.47326288452328286,19620,0.999999999334636,1.0,12,0,1.0,0.0,False
GLU_MGLUR_II,neurotransmitter,Glutamate,Group II mGluR,Oligodendrocyte,Fibroblast / VLMC,0.4555678973567783,722,0.99537315927434,1.0,10,0,1.0,0.0,False
APOE_LRP1,neuron_glia,ApoE,LRP1,Ependymal,Oligodendrocyte,0.44896537577944107,221,0.991143088274391,0.9900497512437811,3,0,1.0,0.0,False
GLU_MGLUR_II,neurotransmitter,Glutamate,Group II mGluR,Astrocyte,Erythrocyte (blood),0.44754401554164497,537,0.9956204703867377,0.9900497512437811,11,0,1.0,0.0,False
NRXN_NLGN,synaptic_adhesion,Neurexin,Neuroligin,Vascular smooth muscle,Vascular smooth muscle,0.4299955461539474,408,0.9922020448838236,0.9950248756218906,7,0,1.0,0.0,False
GLU_KAINATE,neurotransmitter,Glutamate,Kainate receptor,Oligodendrocyte,Fibroblast / VLMC,0.39550490425564244,722,0.9921530531533129,1.0,10,0,1.0,0.0,False
GLU_KAINATE,neurotransmitter,Glutamate,Kainate receptor,Fibroblast / VLMC,Oligodendrocyte,0.39401664826348215,722,0.9915005140875521,0.9950248756218906,10,0,1.0,0.0,False
NRXN_NLGN,synaptic_adhesion,Neurexin,Neuroligin,Border macrophage,Oligodendrocyte,0.38944911345457417,429,0.9923630162772454,1.0,9,0,1.0,0.0,False
GLU_KAINATE,neurotransmitter,Glutamate,Kainate receptor,Vascular smooth muscle,Vascular smooth muscle,0.3892741767214794,408,0.9817728377031102,0.9751243781094527,7,0,1.0,0.0,False
GLU_MGLUR_II,neurotransmitter,Glutamate,Group II mGluR,Border macrophage,Microglia,0.3708820491055258,153,0.9772771104614014,0.9701492537313433,3,0,1.0,0.0,False
GLU_MGLUR_II,neurotransmitter,Glutamate,Group II mGluR,Fibroblast / VLMC,Fibroblast / VLMC,0.3676849577737891,1242,0.9970799767062692,0.9950248756218906,9,0,1.0,0.0,False
NRXN_NLGN,synaptic_adhesion,Neurexin,Neuroligin,Endothelial,Oligodendrocyte,0.357380578734658,220,0.9940345795375438,0.9950248756218906,4,0,1.0,0.0,False
APOE_LRP1,neuron_glia,ApoE,LRP1,Astrocyte,Microglia,0.34258270094580684,141,0.9982409143186213,1.0,4,0,1.0,0.0,False
GLU_NMDA_2A,neurotransmitter,Glutamate,NMDA receptor (GluN1/2A),Astrocyte,Oligodendrocyte,0.3341727894649171,342,0.9878954745164549,0.9850746268656716,6,0,1.0,0.0,False
GLU_NMDA_2A,neurotransmitter,Glutamate,NMDA receptor (GluN1/2A),Fibroblast / VLMC,Oligodendrocyte,0.3176350121352811,722,0.994295607384278,1.0,10,0,1.0,0.0,False
GLU_NMDA_2A,neurotransmitter,Glutamate,NMDA receptor (GluN1/2A),Ependymal,Oligodendrocyte,0.3134947669991541,221,0.9786622714595867,0.9751243781094527,3,0,1.0,0.0,False
GLU_MGLUR_II,neurotransmitter,Glutamate,Group II mGluR,Vascular smooth muscle,Astrocyte,0.29625209776158073,237,0.9990109589602495,1.0,7,0,1.0,0.0,False
GLU_NMDA_2A,neurotransmitter,Glutamate,NMDA receptor (GluN1/2A),Fibroblast / VLMC,Fibroblast / VLMC,0.29503127783776867,1242,0.9792116227956504,0.9900497512437811,9,1,1.0,0.1111111111111111,False
GLU_MGLUR_II,neurotransmitter,Glutamate,Group II mGluR,Astrocyte,Astrocyte,0.28805888268727897,1758,0.999524508808447,1.0,11,0,1.0,0.0,False
GLU_NMDA_2A,neurotransmitter,Glutamate,NMDA receptor (GluN1/2A),Oligodendrocyte,Oligodendrocyte,0.28713964586593327,19620,1.0,1.0,12,0,1.0,0.0,False
NRXN_NLGN,synaptic_adhesion,Neurexin,Neuroligin,Oligodendrocyte,Fibroblast / VLMC,0.2860317569525288,722,0.980072461436289,0.9850746268656716,10,0,1.0,0.0,False
NRXN_NLGN,synaptic_adhesion,Neurexin,Neuroligin,Fibroblast / VLMC,Fibroblast / VLMC,0.2831845341577238,1242,0.9888837647774262,0.9900497512437811,9,1,1.0,0.1111111111111111,False
GLU_KAINATE,neurotransmitter,Glutamate,Kainate receptor,Astrocyte,Fibroblast / VLMC,0.2781648773173387,382,0.9875288755838081,0.9950248756218906,7,0,1.0,0.0,False
GLU_NMDA_2B,neurotransmitter,Glutamate,NMDA receptor (GluN1/2B),Erythrocyte (blood),Oligodendrocyte,0.2756906298340344,1342,0.9904242353718077,1.0,10,0,1.0,0.0,False
GLU_MGLUR_II,neurotransmitter,Glutamate,Group II mGluR,Endothelial,Astrocyte,0.27241971309808233,417,0.9987093622469337,1.0,6,0,1.0,0.0,False
GLU_MGLUR_II,neurotransmitter,Glutamate,Group II mGluR,Endothelial,Ependymal,0.26042660175285903,203,0.9841582888655427,0.9900497512437811,3,0,1.0,0.0,False
NRXN_NLGN,synaptic_adhesion,Neurexin,Neuroligin,Astrocyte,Border macrophage,0.2598305806633114,516,0.9998816736197458,1.0,8,0,1.0,0.0,False
GLU_MGLUR_II,neurotransmitter,Glutamate,Group II mGluR,T / NK cell,Microglia,0.25859809666872025,80,0.9954676152890904,1.0,0,0,1.0,0.0,False
NRXN_NLGN,synaptic_adhesion,Neurexin,Neuroligin,Ependymal,Endothelial,0.2553635471560098,203,0.9800486739224976,0.9950248756218906,3,0,1.0,0.0,False
GLU_MGLUR_II,neurotransmitter,Glutamate,Group II mGluR,Astrocyte,Ependymal,0.2517874704863497,334,0.9810624411883273,0.9950248756218906,5,0,1.0,0.0,False
GLU_NMDA_2A,neurotransmitter,Glutamate,NMDA receptor (GluN1/2A),Oligodendrocyte,Fibroblast / VLMC,0.23830983480258,722,0.9997496737457701,1.0,10,0,1.0,0.0,False
GLU_NMDA_2A,neurotransmitter,Glutamate,NMDA receptor (GluN1/2A),Oligodendrocyte,Ependymal,0.2343873902143936,221,0.9783530537076293,0.9950248756218906,3,0,1.0,0.0,False
GLU_NMDA_2A,neurotransmitter,Glutamate,NMDA receptor (GluN1/2A),Ependymal,Fibroblast / VLMC,0.2323612402896492,245,0.9779336077524102,0.9800995024875622,6,1,1.0,0.16666666666666666,False
NRXN_NLGN,synaptic_adhesion,Neurexin,Neuroligin,Vascular smooth muscle,Endothelial,0.22894548004820148,131,0.9909643285164859,0.9900497512437811,1,0,1.0,0.0,False
GLU_NMDA_2B,neurotransmitter,Glutamate,NMDA receptor (GluN1/2B),Border macrophage,Oligodendrocyte,0.22315161433809008,429,0.9756398816070625,0.9751243781094527,9,0,1.0,0.0,False
GLU_MGLUR_II,neurotransmitter,Glutamate,Group II mGluR,Ependymal,Fibroblast / VLMC,0.2181400138504651,245,0.9995228104880591,1.0,6,0,1.0,0.0,False
GLU_KAINATE,neurotransmitter,Glutamate,Kainate receptor,Oligodendrocyte,Ependymal,0.20663568822506867,221,0.998047800928782,1.0,3,0,1.0,0.0,False
PTN_PTPRZ1,neuron_glia,Pleiotrophin,PTPRZ1,T / NK cell,T / NK cell,0.19659966694844233,462,0.9769674084555326,0.9751243781094527,10,0,1.0,0.0,False
PTN_PTPRZ1,neuron_glia,Pleiotrophin,PTPRZ1,Excitatory neuron,Excitatory neuron,0.1957144946440645,2258,0.9942590172861698,1.0,12,0,1.0,0.0,False
GLU_MGLUR_I,neurotransmitter,Glutamate,Group I mGluR,Oligodendrocyte,Oligodendrocyte,0.19509967949533802,19620,0.9999999999999999,1.0,12,0,1.0,0.0,False
GLU_NMDA_2A,neurotransmitter,Glutamate,NMDA receptor (GluN1/2A),Fibroblast / VLMC,Astrocyte,0.18191068709208702,382,0.9897022804980232,1.0,7,0,1.0,0.0,False
PTN_PTPRZ1,neuron_glia,Pleiotrophin,PTPRZ1,Border macrophage,Border macrophage,0.18093967746044026,638,0.9856329587667484,0.9900497512437811,12,0,1.0,0.0,False
CCK_R,neuropeptide,Cholecystokinin,CCK receptor,Astrocyte,Oligodendrocyte,0.17510003304620933,342,0.978076407915804,0.9800995024875622,6,0,1.0,0.0,False
NRXN_NLGN,synaptic_adhesion,Neurexin,Neuroligin,Ependymal,Oligodendrocyte,0.17185694977169122,221,0.9985582593879607,1.0,3,0,1.0,0.0,False
GLU_MGLUR_II,neurotransmitter,Glutamate,Group II mGluR,Astrocyte,Microglia,0.16192571829396782,141,0.9919790636119155,1.0,4,0,1.0,0.0,False
GLU_NMDA_2B,neurotransmitter,Glutamate,NMDA receptor (GluN1/2B),Oligodendrocyte,Oligodendrocyte,0.1500351436246304,19620,1.0,1.0,12,0,1.0,0.0,False
PTN_PTPRZ1,neuron_glia,Pleiotrophin,PTPRZ1,Endothelial,Oligodendrocyte,0.14528219510208476,220,0.9953521404259834,0.9950248756218906,4,0,1.0,0.0,False
GLU_NMDA_2A,neurotransmitter,Glutamate,NMDA receptor (GluN1/2A),Ependymal,Astrocyte,0.14349225431145307,334,0.9872810601593955,0.9850746268656716,5,0,1.0,0.0,False
GLU_NMDA_2B,neurotransmitter,Glutamate,NMDA receptor (GluN1/2B),Fibroblast / VLMC,Oligodendrocyte,0.1390147930697391,722,0.995379046290032,0.9950248756218906,10,0,1.0,0.0,False
CCK_R,neuropeptide,Cholecystokinin,CCK receptor,Oligodendrocyte,Oligodendrocyte,0.13724955878126513,19620,0.9999999999605572,1.0,12,0,1.0,0.0,False
GLU_MGLUR_I,neurotransmitter,Glutamate,Group I mGluR,Vascular smooth muscle,Vascular smooth muscle,0.13217260907678044,408,0.9877746093807706,0.9950248756218906,7,0,1.0,0.0,False
PTN_PTPRZ1,neuron_glia,Pleiotrophin,PTPRZ1,Endothelial,Vascular smooth muscle,0.126534667633872,131,0.9774278179540872,0.9701492537313433,1,0,1.0,0.0,False
CCK_R,neuropeptide,Cholecystokinin,CCK receptor,Endothelial,Astrocyte,0.12634252930144899,417,0.9961521718668322,1.0,6,0,1.0,0.0,False
PTN_PTPRZ1,neuron_glia,Pleiotrophin,PTPRZ1,Excitatory neuron,Pericyte,0.12595341065350701,255,0.9778474642712255,0.9800995024875622,7,0,1.0,0.0,False
GLU_NMDA_2A,neurotransmitter,Glutamate,NMDA receptor (GluN1/2A),Astrocyte,Fibroblast / VLMC,0.12339883886706766,382,0.9990257274471547,1.0,7,0,1.0,0.0,False
PTN_PTPRZ1,neuron_glia,Pleiotrophin,PTPRZ1,T / NK cell,Fibroblast / VLMC,0.12335824696726388,221,0.9904793048290097,1.0,4,0,1.0,0.0,False
CCK_R,neuropeptide,Cholecystokinin,CCK receptor,Astrocyte,Astrocyte,0.12179353714531735,1758,0.9996275974760263,1.0,11,0,1.0,0.0,False
PTN_PTPRZ1,neuron_glia,Pleiotrophin,PTPRZ1,Ependymal,Oligodendrocyte,0.12046378392439622,221,0.9918460762603875,0.9950248756218906,3,0,1.0,0.0,False
CCK_R,neuropeptide,Cholecystokinin,CCK receptor,Oligodendrocyte,Fibroblast / VLMC,0.11650577195793638,722,0.9976891579647972,1.0,10,0,1.0,0.0,False
PTN_PTPRZ1,neuron_glia,Pleiotrophin,PTPRZ1,Oligodendrocyte,Fibroblast / VLMC,0.11355629802740842,722,0.9875920662594225,0.9900497512437811,10,0,1.0,0.0,False
GLU_NMDA_2A,neurotransmitter,Glutamate,NMDA receptor (GluN1/2A),Astrocyte,Astrocyte,0.11177938288253593,1758,0.9999998022824986,1.0,11,0,1.0,0.0,False
GLU_NMDA_2A,neurotransmitter,Glutamate,NMDA receptor (GluN1/2A),Astrocyte,Ependymal,0.11097002386332985,334,0.9952003266455983,1.0,5,0,1.0,0.0,False
CCK_R,neuropeptide,Cholecystokinin,CCK receptor,Vascular smooth muscle,Astrocyte,0.10957277475027093,237,0.9753182905468055,0.9950248756218906,7,0,1.0,0.0,False
CCK_R,neuropeptide,Cholecystokinin,CCK receptor,T / NK cell,Astrocyte,0.09697138749319932,232,0.9960450040331731,0.9950248756218906,4,0,1.0,0.0,False
GLU_NMDA_2B,neurotransmitter,Glutamate,NMDA receptor (GluN1/2B),Ependymal,Oligodendrocyte,0.09600155709555785,221,0.993728044396644,1.0,3,0,1.0,0.0,False
GLU_MGLUR_I,neurotransmitter,Glutamate,Group I mGluR,Astrocyte,Astrocyte,0.09585731238364088,1758,0.9996580418186113,1.0,11,0,1.0,0.0,False
GLU_MGLUR_III,neurotransmitter,Glutamate,Group III mGluR,Oligodendrocyte,Oligodendrocyte,0.09440931804197158,19620,0.9999999971156724,1.0,12,0,1.0,0.0,False
GLU_MGLUR_II,neurotransmitter,Glutamate,Group II mGluR,Inhibitory neuron,Ependymal,0.09357463902440565,29,0.9741720462283132,0.9800995024875622,0,0,1.0,0.0,False
GABA_B,neurotransmitter,GABA,GABA-B receptor,Inhibitory neuron,Endothelial,0.09179929324558803,42,0.9932277197794593,1.0,0,0,1.0,0.0,False
GLU_MGLUR_I,neurotransmitter,Glutamate,Group I mGluR,Ependymal,Astrocyte,0.08627614789380285,334,0.9767756196770926,0.9900497512437811,5,0,1.0,0.0,False
GLU_MGLUR_I,neurotransmitter,Glutamate,Group I mGluR,Microglia,Fibroblast / VLMC,0.08319685381391774,92,0.9790555993701912,0.9800995024875622,1,0,1.0,0.0,False
PTN_PTPRZ1,neuron_glia,Pleiotrophin,PTPRZ1,Vascular smooth muscle,Ependymal,0.0748597498644482,88,0.9896694302172054,0.9950248756218906,0,0,1.0,0.0,False
GLU_NMDA_2B,neurotransmitter,Glutamate,NMDA receptor (GluN1/2B),Vascular smooth muscle,Astrocyte,0.07452466316866975,237,0.9826346615913708,0.9950248756218906,7,0,1.0,0.0,False
GLU_NMDA_2A,neurotransmitter,Glutamate,NMDA receptor (GluN1/2A),Vascular smooth muscle,Ependymal,0.0738547606901689,88,0.9963636075984514,1.0,0,0,1.0,0.0,False
GLU_NMDA_2B,neurotransmitter,Glutamate,NMDA receptor (GluN1/2B),Astrocyte,Astrocyte,0.06778904148064918,1758,0.9997023053869093,1.0,11,0,1.0,0.0,False
GLU_MGLUR_I,neurotransmitter,Glutamate,Group I mGluR,Vascular smooth muscle,Ependymal,0.06064176017587835,88,0.9846934450730296,0.9850746268656716,0,0,1.0,0.0,False
GLU_MGLUR_III,neurotransmitter,Glutamate,Group III mGluR,Astrocyte,Oligodendrocyte,0.05739048210500974,342,0.9799792559245946,0.9850746268656716,6,0,1.0,0.0,False
SST_SSTR,neuropeptide,Somatostatin,Somatostatin receptor,Oligodendrocyte,Oligodendrocyte,0.04994521471581571,19620,0.9999999958145483,1.0,12,0,1.0,0.0,False
GLU_MGLUR_III,neurotransmitter,Glutamate,Group III mGluR,Excitatory neuron,Ependymal,0.048113802923773326,274,0.9779063187348322,0.9900497512437811,7,0,1.0,0.0,False
GLU_NMDA_2B,neurotransmitter,Glutamate,NMDA receptor (GluN1/2B),Vascular smooth muscle,Oligodendrocyte,0.044397130157008316,99,0.9939708413364237,1.0,0,0,1.0,0.0,False
SST_SSTR,neuropeptide,Somatostatin,Somatostatin receptor,Border macrophage,Astrocyte,0.041165700716565744,516,0.9937072449013465,0.9950248756218906,8,1,1.0,0.125,False
GLU_NMDA_2B,neurotransmitter,Glutamate,NMDA receptor (GluN1/2B),Ependymal,Astrocyte,0.03993109457507105,334,0.9938089567680081,0.9950248756218906,5,0,1.0,0.0,False
GLU_MGLUR_III,neurotransmitter,Glutamate,Group III mGluR,Ependymal,Oligodendrocyte,0.03871433875140022,221,0.9739884874937096,0.9800995024875622,3,0,1.0,0.0,False
BDNF_TRKB,neurotrophin,BDNF,TrkB,Fibroblast / VLMC,Fibroblast / VLMC,0.03702247329956092,1242,0.9987977653267147,1.0,9,0,1.0,0.0,False
GLU_MGLUR_III,neurotransmitter,Glutamate,Group III mGluR,Astrocyte,Astrocyte,0.03581428873661028,1758,0.9954487593341551,1.0,11,1,1.0,0.09090909090909091,False
MDK_PTPRZ1,neuron_glia,Midkine,PTPRZ1,Erythrocyte (blood),Erythrocyte (blood),0.03235584766316444,6296,0.9776331260689114,0.9950248756218906,12,0,1.0,0.0,False
SLIT_ROBO,guidance,Slit,Robo,Erythrocyte (blood),Endothelial,0.03155291833058752,594,0.9861259104383477,1.0,12,0,1.0,0.0,False
GLU_MGLUR_III,neurotransmitter,Glutamate,Group III mGluR,Endothelial,Astrocyte,0.031414292413267875,417,0.9764185414103382,0.9900497512437811,6,0,1.0,0.0,False
CX3CL1_CX3CR1,neuron_glia,Fractalkine,CX3CR1,Erythrocyte (blood),Erythrocyte (blood),0.031231911159493267,6296,0.9765877516605207,0.9800995024875622,12,0,1.0,0.0,False
BDNF_TRKB,neurotrophin,BDNF,TrkB,Vascular smooth muscle,Vascular smooth muscle,0.021507856892604454,408,0.9785464446200073,0.9651741293532339,7,0,1.0,0.0,False
MDK_PTPRZ1,neuron_glia,Midkine,PTPRZ1,Excitatory neuron,Excitatory neuron,0.020779601497075747,2258,0.9897202693339964,0.9850746268656716,12,0,1.0,0.0,False
SST_SSTR,neuropeptide,Somatostatin,Somatostatin receptor,Astrocyte,Ependymal,0.018946362826638592,334,0.9924284759094181,1.0,5,0,1.0,0.0,False
GLU_NMDA_2B,neurotransmitter,Glutamate,NMDA receptor (GluN1/2B),Astrocyte,Ependymal,0.014623190114598074,334,0.9973942303365259,1.0,5,0,1.0,0.0,False
PACAP_R,neuropeptide,PACAP,PACAP receptor,Oligodendrocyte,Oligodendrocyte,0.012770675030080307,19620,0.9973675925697154,1.0,12,0,1.0,0.0,False
MDK_PTPRZ1,neuron_glia,Midkine,PTPRZ1,Excitatory neuron,Vascular smooth muscle,0.011542880800035266,225,0.9828942971224839,0.9800995024875622,4,0,1.0,0.0,False
SST_SSTR,neuropeptide,Somatostatin,Somatostatin receptor,Vascular smooth muscle,Astrocyte,0.011528316932388498,237,0.9817258933099133,0.9850746268656716,7,0,1.0,0.0,False
RELN_R,guidance,Reelin,Reelin receptor,Vascular smooth muscle,Vascular smooth muscle,0.011389491604823693,408,0.9951888416766705,1.0,7,0,1.0,0.0,False
SLIT_ROBO,guidance,Slit,Robo,Fibroblast / VLMC,Oligodendrocyte,0.010338572006146332,722,0.997508211487819,1.0,10,0,1.0,0.0,False
BDNF_TRKB,neurotrophin,BDNF,TrkB,Erythrocyte (blood),Oligodendrocyte,0.010162396908872351,1342,0.9965092752405109,0.9950248756218906,10,0,1.0,0.0,False
SLIT_ROBO,guidance,Slit,Robo,Vascular smooth muscle,Fibroblast / VLMC,0.010128892861403428,154,0.9818623283062593,0.9900497512437811,2,0,1.0,0.0,False
MDK_PTPRZ1,neuron_glia,Midkine,PTPRZ1,Fibroblast / VLMC,Border macrophage,0.008870110573137508,408,0.9888316574874008,1.0,7,0,1.0,0.0,False
CORT_SSTR,neuropeptide,Cortistatin,Somatostatin receptor,Oligodendrocyte,Oligodendrocyte,0.007123994690562607,19620,0.9988072066093825,1.0,12,0,1.0,0.0,False
IL34_CSF1R,neuron_glia,IL-34,CSF1R,Erythrocyte (blood),Erythrocyte (blood),0.006630735781891071,6296,0.9892878192078252,0.9950248756218906,12,0,1.0,0.0,False
MDK_PTPRZ1,neuron_glia,Midkine,PTPRZ1,T / NK cell,Fibroblast / VLMC,0.0065145600435420935,221,0.9982851468173588,1.0,4,0,1.0,0.0,False
GABA_B,neurotransmitter,GABA,GABA-B receptor,Oligodendrocyte,Oligodendrocyte,0.005874563375379696,19620,0.9999995919237443,1.0,12,0,1.0,0.0,False
SST_SSTR,neuropeptide,Somatostatin,Somatostatin receptor,Fibroblast / VLMC,Ependymal,0.005559357331723583,245,0.9912420299820632,0.9950248756218906,6,0,1.0,0.0,False
IL34_CSF1R,neuron_glia,IL-34,CSF1R,Excitatory neuron,Excitatory neuron,0.00415317145356887,2258,0.9975336368851285,1.0,12,0,1.0,0.0,False
GABA_B,neurotransmitter,GABA,GABA-B receptor,Astrocyte,Astrocyte,0.0037271638779103147,1758,0.9952955713991561,1.0,11,0,1.0,0.0,False
GABA_A,neurotransmitter,GABA,GABA-A receptor,Oligodendrocyte,Oligodendrocyte,0.0031191004009178775,19620,0.999994489886748,1.0,12,0,1.0,0.0,False
PDGFB_PDGFRB,neurovascular,PDGF-B,PDGFRB,Erythrocyte (blood),Erythrocyte (blood),0.002320834597646054,6296,0.9775400339522472,0.9751243781094527,12,0,1.0,0.0,False
