interaction,category,ligand,receptor,sender,receiver,mean_score,n_edges,pval,pval_empirical,n_replicates_tested,n_replicates_supporting,padj,replicate_fraction,significant
MIF_CD74,generic,MIF,CD74,Oligodendrocyte,Oligodendrocyte,0.893557914280381,19620,5.703741963466843e-52,0.004975124378109453,12,8,3.652296103939935e-49,0.6666666666666666,True
VEGFB_FLT1,generic,VEGFB,FLT1,Erythrocyte (blood),Endothelial,0.23704083148477856,594,1.3570567975997672e-49,0.004975124378109453,12,9,6.517265270472882e-47,0.75,True
VEGFB_FLT1,generic,VEGFB,FLT1,Excitatory neuron,Endothelial,0.24629893643515452,595,7.929447502682467e-46,0.004975124378109453,12,10,3.0464937305306036e-43,0.8333333333333334,True
VEGFB_FLT1,generic,VEGFB,FLT1,Border macrophage,Endothelial,0.242013565198643,381,1.1264536931636489e-40,0.004975124378109453,10,7,3.606529240945616e-38,0.7,True
VEGFA_FLT1,generic,VEGFA,FLT1,Border macrophage,Endothelial,0.08458709669864084,381,3.8234950024705436e-35,0.004975124378109453,10,6,1.0492762713922735e-32,0.6,True
VEGFB_FLT1,generic,VEGFB,FLT1,Fibroblast / VLMC,Endothelial,0.29998465637455074,223,1.8495485513066466e-34,0.004975124378109453,5,4,4.4412284588250854e-32,0.8,True
ANGPT1_TEK,generic,ANGPT1,TEK,Astrocyte,Pericyte,0.03549196720123291,120,5.0004482543135106e-33,0.004975124378109453,1,1,1.0673178996151394e-30,1.0,True
FGF7_FGFR2,generic,FGF7,FGFR2,Oligodendrocyte,Oligodendrocyte,0.04130069945201232,19620,1.1888159858837327e-30,0.004975124378109453,12,7,2.2837155088826506e-28,0.5833333333333334,True
VEGFB_FLT1,generic,VEGFB,FLT1,T / NK cell,Endothelial,0.2964168803493967,253,2.244872622804184e-30,0.004975124378109453,7,5,3.5936669236723646e-28,0.7142857142857143,True
VEGFB_FLT1,generic,VEGFB,FLT1,Astrocyte,Endothelial,0.2546470499724793,417,1.2883190942051313e-25,0.004975124378109453,6,5,1.6499073199787046e-23,0.8333333333333334,True
PDGFB_PDGFRB,generic,PDGFB,PDGFRB,Excitatory neuron,Pericyte,0.08039697478799258,255,8.503644422906467e-24,0.004975124378109453,7,5,1.0209688085252078e-21,0.7142857142857143,True
VEGFB_FLT1,generic,VEGFB,FLT1,Endothelial,Endothelial,0.22281227900204084,282,8.048958114990776e-21,0.004975124378109453,7,4,9.095322669939578e-19,0.5714285714285714,True
VEGFB_FLT1,generic,VEGFB,FLT1,Oligodendrocyte,Endothelial,0.16183413483879783,220,3.841643418967006e-12,0.004975124378109453,4,2,2.635641788512721e-10,0.5,True
VEGFA_FLT1,generic,VEGFA,FLT1,Vascular smooth muscle,Endothelial,0.11794823999623306,131,2.286861273039224e-11,0.004975124378109453,1,1,1.4643535018361165e-09,1.0,True
CSF1_CSF1R,generic,CSF1,CSF1R,Astrocyte,Microglia,0.09102637040699628,141,8.298632266273893e-11,0.004975124378109453,4,2,4.83080987379156e-09,0.5,True
PDGFA_PDGFRA,generic,PDGFA,PDGFRA,Oligodendrocyte,Microglia,0.21156736253534705,103,8.12200604660119e-09,0.004975124378109453,2,2,3.9005934038802217e-07,1.0,True
CSF1_CSF1R,generic,CSF1,CSF1R,Oligodendrocyte,Microglia,0.06270985927396608,103,6.177478218675284e-08,0.004975124378109453,2,1,2.3268501290343573e-06,0.5,True
HBEGF_EGFR,generic,HBEGF,EGFR,Oligodendrocyte,Microglia,0.05702886535126029,103,3.743538297326927e-06,0.01990049751243781,2,1,0.00010575495689948569,0.5,True
CCL2_CCR2,generic,CCL2,CCR2,Choroid plexus,T / NK cell,0.004675342091198625,116,0.0023591922833182087,0.014925373134328358,2,1,0.0269762403348469,0.5,True
VEGFA_FLT1,generic,VEGFA,FLT1,Vascular smooth muscle,Fibroblast / VLMC,0.03413555838844993,154,0.002479473894694627,0.024875621890547265,2,1,0.02772458620594906,0.5,True
FGF7_FGFR2,generic,FGF7,FGFR2,Oligodendrocyte,Microglia,0.07776670085573659,103,0.003021522379020349,0.029850746268656716,2,1,0.03242650553127425,0.5,True
JAG1_NOTCH2,generic,JAG1,NOTCH2,Fibroblast / VLMC,Pericyte,0.0525495954181837,92,0.0038006159366717846,0.03482587064676617,1,1,0.03925259792659408,1.0,True
SPP1_CD44,generic,SPP1,CD44,Microglia,Fibroblast / VLMC,0.0740778809008391,92,0.003839558716320092,0.04975124378109453,1,1,0.03941798787171045,1.0,True
GAS6_AXL,generic,GAS6,AXL,Choroid plexus,Astrocyte,0.08341885162027259,152,0.004994936766865705,0.01990049751243781,2,1,0.04846097741994454,0.5,True
VEGFA_KDR,generic,VEGFA,KDR,Inhibitory neuron,Fibroblast / VLMC,0.07518832500164326,26,0.0,0.004975124378109453,0,0,0.0,0.0,False
CCL5_CCR5,generic,CCL5,CCR5,Erythrocyte (blood),Pericyte,0.005810718536376953,225,0.0,0.004975124378109453,5,0,0.0,0.0,False
CCL5_CCR5,generic,CCL5,CCR5,T / NK cell,Excitatory neuron,0.013264019551548174,651,2.0413491018869165e-30,0.004975124378109453,12,2,3.564937840658879e-28,0.16666666666666666,False
VEGFB_FLT1,generic,VEGFB,FLT1,Pericyte,Endothelial,0.3279244171248542,108,5.353369074156153e-27,0.004975124378109453,0,0,7.910632301118438e-25,0.0,False
SPP1_CD44,generic,SPP1,CD44,Oligodendrocyte,Oligodendrocyte,0.3451815842032797,19620,1.0451104695798444e-26,0.004975124378109453,12,5,1.4340408657592008e-24,0.4166666666666667,False
HGF_MET,generic,HGF,MET,Border macrophage,T / NK cell,0.0035493484139442442,400,1.3952819574376762e-18,0.004975124378109453,11,1,1.4890759112432088e-16,0.09090909090909091,False
VEGFA_FLT1,generic,VEGFA,FLT1,Excitatory neuron,Endothelial,0.04321934445565488,595,4.0405388103404875e-15,0.004975124378109453,12,5,4.085197397191619e-13,0.4166666666666667,False
VEGFA_FLT1,generic,VEGFA,FLT1,T / NK cell,Endothelial,0.09111721902025546,253,1.3588488585549571e-14,0.004975124378109453,7,1,1.3051743286420363e-12,0.14285714285714285,False
TGFB1_TGFBR2,generic,TGFB1,TGFBR2,Microglia,Erythrocyte (blood),0.03612527847290039,170,1.5553624212565113e-14,0.004975124378109453,4,1,1.4227862910636945e-12,0.25,False
VEGFA_FLT1,generic,VEGFA,FLT1,Astrocyte,Endothelial,0.07409866650899251,417,8.5369786043078e-14,0.004975124378109453,6,2,7.1302329995109926e-12,0.3333333333333333,False
TGFB1_TGFBR1,generic,TGFB1,TGFBR1,Excitatory neuron,Fibroblast / VLMC,0.007624507667067533,499,8.191297941474121e-14,0.004975124378109453,7,1,7.1302329995109926e-12,0.14285714285714285,False
AREG_EGFR,generic,AREG,EGFR,Endothelial,Fibroblast / VLMC,0.02749377195076023,223,1.0980601154202553e-13,0.014925373134328358,5,1,8.78905617384296e-12,0.2,False
HBEGF_EGFR,generic,HBEGF,EGFR,Choroid plexus,Choroid plexus,0.05285977323849996,96,2.4400545533897863e-13,0.004975124378109453,1,0,1.8028249219468383e-11,0.0,False
ICAM1_ITGAL,generic,ICAM1,ITGAL,Oligodendrocyte,Ependymal,0.0061404176427228415,221,2.3799999641273543e-13,0.014925373134328358,3,1,1.8028249219468383e-11,0.3333333333333333,False
VEGFB_FLT1,generic,VEGFB,FLT1,Choroid plexus,Endothelial,0.20564004956256776,84,1.5047692764067418e-12,0.004975124378109453,0,0,1.0706154740656856e-10,0.0,False
VEGFA_FLT1,generic,VEGFA,FLT1,Endothelial,Endothelial,0.059689082575182545,282,1.961634997226721e-11,0.004975124378109453,7,3,1.2994140791974246e-09,0.42857142857142855,False
PDGFA_PDGFRA,generic,PDGFA,PDGFRA,Oligodendrocyte,OPC,0.1878999024629593,48,4.198164583630592e-11,0.004975124378109453,0,0,2.6015077952110864e-09,0.0,False
CCL2_CCR2,generic,CCL2,CCR2,Erythrocyte (blood),T / NK cell,0.0014122772126143423,526,6.256229659999641e-11,0.01990049751243781,12,1,3.755692867768535e-09,0.08333333333333333,False
HBEGF_EGFR,generic,HBEGF,EGFR,Ependymal,Ependymal,0.02161174944077415,174,1.4977832765125622e-10,0.009950248756218905,4,0,8.462475512295976e-09,0.0,False
ANGPT1_TEK,generic,ANGPT1,TEK,Fibroblast / VLMC,Pericyte,0.026249434636986774,92,2.2189265987121388e-10,0.004975124378109453,1,0,1.2178737131788625e-08,0.0,False
FGF2_FGFR1,generic,FGF2,FGFR1,Excitatory neuron,Astrocyte,0.04703031267438616,336,6.924480172477627e-10,0.004975124378109453,9,1,3.694979558702645e-08,0.1111111111111111,False
JAG1_NOTCH2,generic,JAG1,NOTCH2,Astrocyte,Vascular smooth muscle,0.04171894069462386,237,7.251445750263506e-10,0.004975124378109453,7,1,3.7648722395287015e-08,0.14285714285714285,False
ICAM1_ITGAL,generic,ICAM1,ITGAL,Endothelial,T / NK cell,0.003432417339958221,253,1.4038958518509146e-09,0.014925373134328358,7,1,7.097062977383176e-08,0.14285714285714285,False
CCL5_CCR5,generic,CCL5,CCR5,Excitatory neuron,Vascular smooth muscle,0.00811465687221951,225,4.218430282494983e-09,0.014925373134328358,4,0,2.077847326326375e-07,0.0,False
TGFB1_TGFBR1,generic,TGFB1,TGFBR1,Endothelial,Inhibitory neuron,0.06390143576122466,42,1.359728726387191e-08,0.01990049751243781,0,0,6.370826544853157e-07,0.0,False
CCL2_CCR2,generic,CCL2,CCR2,Oligodendrocyte,Erythrocyte (blood),0.0007691737791820361,1342,1.8682418164167226e-08,0.029850746268656716,10,1,8.54498221270601e-07,0.1,False
CSF1_CSF1R,generic,CSF1,CSF1R,Choroid plexus,Microglia,0.3700086673100789,24,2.4007655949978868e-08,0.004975124378109453,0,0,1.0725280716258002e-06,0.0,False
CXCL12_CXCR4,generic,CXCL12,CXCR4,T / NK cell,Pericyte,0.04398704528808594,100,2.6531473116342615e-08,0.014925373134328358,0,0,1.1583399967385037e-06,0.0,False
JAG1_NOTCH2,generic,JAG1,NOTCH2,Ependymal,T / NK cell,0.03040221508811502,119,3.201877346864393e-08,0.009950248756218905,1,0,1.3668458629614441e-06,0.0,False
JAG1_NOTCH1,generic,JAG1,NOTCH1,Ependymal,Astrocyte,0.013627694752401935,334,3.638660589829318e-08,0.009950248756218905,5,1,1.5195363028395913e-06,0.2,False
JAG1_NOTCH2,generic,JAG1,NOTCH2,Fibroblast / VLMC,Inhibitory neuron,0.16496568459730881,26,3.954658682458638e-08,0.01990049751243781,0,0,1.5826873602089675e-06,0.0,False
PDGFB_PDGFRB,generic,PDGFB,PDGFRB,Oligodendrocyte,Pericyte,0.06071262663983284,141,3.914443700910295e-08,0.004975124378109453,1,0,1.5826873602089675e-06,0.0,False
CXCL12_CXCR4,generic,CXCL12,CXCR4,Ependymal,Erythrocyte (blood),0.024297683565448428,241,4.4229725471221834e-08,0.014925373134328358,6,2,1.7339857679636151e-06,0.3333333333333333,False
PDGFB_PDGFRB,generic,PDGFB,PDGFRB,Vascular smooth muscle,Pericyte,0.06711486840652207,59,4.99799023378131e-08,0.004975124378109453,0,0,1.9202278478187795e-06,0.0,False
TNF_TNFRSF1A,generic,TNF,TNFRSF1A,Oligodendrocyte,Border macrophage,0.010817313249850328,429,7.800078587235668e-08,0.024875621890547265,9,1,2.8815290319384073e-06,0.1111111111111111,False
CXCL12_CXCR4,generic,CXCL12,CXCR4,Choroid plexus,Endothelial,0.03642245488507407,84,1.1802011759414443e-07,0.009950248756218905,0,0,4.277672564119839e-06,0.0,False
ANGPT1_TEK,generic,ANGPT1,TEK,Ependymal,Excitatory neuron,0.009112470341424872,274,1.8366803141891969e-07,0.029850746268656716,7,0,6.533820154736013e-06,0.0,False
TGFB2_TGFBR2,generic,TGFB2,TGFBR2,Inhibitory neuron,Ependymal,0.1064005473564411,29,2.502957638027192e-07,0.014925373134328358,0,0,8.742148404818611e-06,0.0,False
SEMA3A_NRP1,generic,SEMA3A,NRP1,Endothelial,Endothelial,0.024440063652417337,282,2.60582450367487e-07,0.004975124378109453,7,1,8.93890869921326e-06,0.14285714285714285,False
TGFB2_TGFBR2,generic,TGFB2,TGFBR2,Astrocyte,Vascular smooth muscle,0.036998344373099415,237,2.6724576130718967e-07,0.004975124378109453,7,2,9.006651008265111e-06,0.2857142857142857,False
CSF1_CSF1R,generic,CSF1,CSF1R,Endothelial,T / NK cell,0.017252126701264515,253,3.4184584971148797e-07,0.009950248756218905,7,1,1.1322170298202904e-05,0.14285714285714285,False
VEGFA_FLT1,generic,VEGFA,FLT1,Oligodendrocyte,Endothelial,0.0507201303135265,220,3.6860057684973406e-07,0.004975124378109453,4,1,1.2001384883531171e-05,0.25,False
CSF1_CSF1R,generic,CSF1,CSF1R,Endothelial,Microglia,0.08362446180204065,82,3.9878395324213905e-07,0.004975124378109453,0,0,1.2767732902969152e-05,0.0,False
ICAM1_ITGAL,generic,ICAM1,ITGAL,Astrocyte,T / NK cell,0.0038332114445752113,232,4.1293016830060427e-07,0.029850746268656716,4,0,1.3003915627958374e-05,0.0,False
CXCL12_CXCR4,generic,CXCL12,CXCR4,Pericyte,Endothelial,0.031620548831091985,108,5.577450243058292e-07,0.009950248756218905,0,0,1.7281099865991903e-05,0.0,False
DLL1_NOTCH1,generic,DLL1,NOTCH1,Excitatory neuron,Ependymal,0.01713595425125456,274,9.997106805664147e-07,0.014925373134328358,7,1,3.048324154552512e-05,0.14285714285714285,False
SEMA3A_NRP1,generic,SEMA3A,NRP1,Choroid plexus,Endothelial,0.0070872824816476734,84,1.0908336674977657e-06,0.014925373134328358,0,0,3.274205430098762e-05,0.0,False
VEGFA_FLT1,generic,VEGFA,FLT1,Inhibitory neuron,T / NK cell,0.1520174060549055,28,1.2789343151972554e-06,0.014925373134328358,0,0,3.779742799221427e-05,0.0,False
TNF_TNFRSF1A,generic,TNF,TNFRSF1A,Fibroblast / VLMC,T / NK cell,0.012855905213507053,221,1.4348972204848051e-06,0.014925373134328358,4,1,4.176420546289865e-05,0.25,False
HGF_MET,generic,HGF,MET,Erythrocyte (blood),Endothelial,0.007842554086787933,594,3.26514359082984e-06,0.004975124378109453,12,2,9.361702743259884e-05,0.16666666666666666,False
SPP1_CD44,generic,SPP1,CD44,Astrocyte,OPC,0.5644935110340947,23,5.059611135515401e-06,0.014925373134328358,0,0,0.00014086250712065342,0.0,False
VEGFA_FLT1,generic,VEGFA,FLT1,Fibroblast / VLMC,Endothelial,0.06959487344117443,223,5.5426189124353776e-06,0.004975124378109453,5,2,0.0001521052990112623,0.4,False
VEGFB_FLT1,generic,VEGFB,FLT1,Ependymal,Endothelial,0.15187372891186493,203,8.857239451435099e-06,0.004975124378109453,3,1,0.00023307886282475103,0.3333333333333333,False
CSF1_CSF1R,generic,CSF1,CSF1R,Choroid plexus,T / NK cell,0.02423290959719954,116,8.834615313470966e-06,0.01990049751243781,2,0,0.00023307886282475103,0.0,False
HGF_MET,generic,HGF,MET,Oligodendrocyte,Erythrocyte (blood),0.003612095570599802,1342,8.772972344691836e-06,0.004975124378109453,10,2,0.00023307886282475103,0.2,False
HGF_MET,generic,HGF,MET,T / NK cell,Microglia,0.011918742209672928,80,1.1616856022557257e-05,0.024875621890547265,0,0,0.00030156730296395257,0.0,False
TGFB1_TGFBR1,generic,TGFB1,TGFBR1,Endothelial,Ependymal,0.015165357166910406,203,1.544591311920843e-05,0.03482587064676617,3,1,0.0003904157776578868,0.3333333333333333,False
HGF_MET,generic,HGF,MET,Border macrophage,Erythrocyte (blood),0.004590409544278991,848,1.5334904635928815e-05,0.004975124378109453,12,2,0.0003904157776578868,0.16666666666666666,False
TGFB1_TGFBR1,generic,TGFB1,TGFBR1,Pericyte,Fibroblast / VLMC,0.008266843531442724,92,1.5714245185048997e-05,0.029850746268656716,1,0,0.00039203980520102755,0.0,False
CXCL12_CXCR4,generic,CXCL12,CXCR4,Vascular smooth muscle,Erythrocyte (blood),0.03169658616625307,237,1.6542944200813342e-05,0.004975124378109453,5,1,0.0004074230232020824,0.2,False
HGF_MET,generic,HGF,MET,Oligodendrocyte,Border macrophage,0.008331779277685917,429,1.7975123036127524e-05,0.009950248756218905,9,2,0.0004370912829417845,0.2222222222222222,False
DLL4_NOTCH1,generic,DLL4,NOTCH1,Pericyte,Choroid plexus,0.1044377582829173,41,1.863181811201043e-05,0.01990049751243781,0,0,0.0004473965324146505,0.0,False
HGF_MET,generic,HGF,MET,Endothelial,Fibroblast / VLMC,0.014907662643980017,223,1.899640448583631e-05,0.014925373134328358,5,1,0.0004505196668801426,0.2,False
HBEGF_EGFR,generic,HBEGF,EGFR,Fibroblast / VLMC,Astrocyte,0.01074869095967078,382,2.2875780765792856e-05,0.01990049751243781,7,1,0.0005359070103791229,0.14285714285714285,False
HBEGF_EGFR,generic,HBEGF,EGFR,Vascular smooth muscle,Vascular smooth muscle,0.007087143028483671,408,2.7231589327200695e-05,0.01990049751243781,7,0,0.0006302636517777414,0.0,False
CSF1_CSF1R,generic,CSF1,CSF1R,Oligodendrocyte,Oligodendrocyte,0.020078304540612768,19620,2.8475021756302056e-05,0.004975124378109453,12,5,0.0006511966284982887,0.4166666666666667,False
VEGFA_FLT1,generic,VEGFA,FLT1,Choroid plexus,Endothelial,0.03904290000597636,84,2.982422740278666e-05,0.009950248756218905,0,0,0.0006725577186298567,0.0,False
SEMA3A_NRP1,generic,SEMA3A,NRP1,Endothelial,Choroid plexus,0.02364787601289295,84,3.01092992202851e-05,0.01990049751243781,0,0,0.0006725577186298567,0.0,False
PDGFB_PDGFRB,generic,PDGFB,PDGFRB,Ependymal,Pericyte,0.04834841357337104,72,3.257805572641635e-05,0.014925373134328358,0,0,0.0007111641483005207,0.0,False
HBEGF_EGFR,generic,HBEGF,EGFR,Ependymal,Oligodendrocyte,0.034820781034581805,221,3.243016683424524e-05,0.009950248756218905,3,0,0.0007111641483005207,0.0,False
HBEGF_EGFR,generic,HBEGF,EGFR,Choroid plexus,Erythrocyte (blood),0.011487809560632193,279,3.804178177976684e-05,0.009950248756218905,7,0,0.0008200375051408624,0.0,False
HBEGF_EGFR,generic,HBEGF,EGFR,Erythrocyte (blood),Microglia,0.00848768108031329,170,3.84192480284631e-05,0.029850746268656716,4,0,0.0008200375051408624,0.0,False
CSF1_CSF1R,generic,CSF1,CSF1R,Fibroblast / VLMC,Inhibitory neuron,0.11075210571289062,26,4.303455810571145e-05,0.03482587064676617,0,0,0.0008985802839246923,0.0,False
CSF1_CSF1R,generic,CSF1,CSF1R,Excitatory neuron,Inhibitory neuron,0.03597931157458912,88,4.3034529122256164e-05,0.03482587064676617,0,0,0.0008985802839246923,0.0,False
SEMA3A_NRP1,generic,SEMA3A,NRP1,Astrocyte,Endothelial,0.011111111663800063,417,4.3716519924496664e-05,0.024875621890547265,6,2,0.0009030046749995494,0.3333333333333333,False
PDGFB_PDGFRB,generic,PDGFB,PDGFRB,Excitatory neuron,Vascular smooth muscle,0.038833016819424096,225,4.4730977881690506e-05,0.004975124378109453,4,1,0.0009141298777736965,0.25,False
EGF_EGFR,generic,EGF,EGFR,Astrocyte,Astrocyte,0.003206439663796973,1758,4.670237968640214e-05,0.009950248756218905,11,1,0.0009443712776587212,0.09090909090909091,False
HGF_MET,generic,HGF,MET,Ependymal,Fibroblast / VLMC,0.014643132929899254,245,6.44943913937845e-05,0.024875621890547265,6,0,0.0012905596444527086,0.0,False
TNF_TNFRSF1A,generic,TNF,TNFRSF1A,Oligodendrocyte,Fibroblast / VLMC,0.00211462882086841,722,6.546130905529076e-05,0.009950248756218905,10,1,0.001296403862837253,0.1,False
DLL1_NOTCH1,generic,DLL1,NOTCH1,Oligodendrocyte,Oligodendrocyte,0.009407326445423985,19620,8.121942803847921e-05,0.004975124378109453,12,2,0.0015759850632517027,0.16666666666666666,False
CSF1_CSF1R,generic,CSF1,CSF1R,Microglia,Excitatory neuron,0.004699756834242079,225,8.063980362320884e-05,0.04477611940298507,5,1,0.0015759850632517027,0.2,False
CXCL12_CXCR4,generic,CXCL12,CXCR4,T / NK cell,Microglia,0.04618307799100876,80,8.46852392856457e-05,0.01990049751243781,0,0,0.0016268034466772538,0.0,False
SPP1_CD44,generic,SPP1,CD44,Erythrocyte (blood),Microglia,0.10229321928585276,170,9.821052196555868e-05,0.004975124378109453,4,1,0.001867944680156814,0.25,False
PDGFA_PDGFRA,generic,PDGFA,PDGFRA,Inhibitory neuron,Fibroblast / VLMC,0.06251568519152127,26,0.00010461636075230401,0.024875621890547265,0,0,0.0019702747941683922,0.0,False
VEGFA_FLT1,generic,VEGFA,FLT1,Ependymal,Endothelial,0.025880826517866162,203,0.00010760771406000901,0.014925373134328358,3,1,0.0020069361039735663,0.3333333333333333,False
VEGFA_FLT1,generic,VEGFA,FLT1,Pericyte,Endothelial,0.03575467069943746,108,0.00011902592108748755,0.014925373134328358,0,0,0.00219854610008715,0.0,False
CXCL12_CXCR4,generic,CXCL12,CXCR4,Ependymal,Oligodendrocyte,0.025890050430643075,221,0.00014765748216427816,0.014925373134328358,3,1,0.0027014287927388417,0.3333333333333333,False
MIF_CD74,generic,MIF,CD74,Oligodendrocyte,T / NK cell,0.8841207615587096,453,0.00016603039863904547,0.004975124378109453,9,2,0.003008909394203834,0.2222222222222222,False
TGFB1_TGFBR2,generic,TGFB1,TGFBR2,T / NK cell,Endothelial,0.017252126701264515,253,0.00019426114484134109,0.01990049751243781,7,1,0.003487622983553423,0.14285714285714285,False
VEGFA_FLT1,generic,VEGFA,FLT1,Pericyte,Choroid plexus,0.03447746358266691,41,0.00021076758602421805,0.03482587064676617,0,0,0.003748930858819656,0.0,False
VEGFA_FLT1,generic,VEGFA,FLT1,Erythrocyte (blood),Ependymal,0.038253556643284205,241,0.00022263160127466408,0.024875621890547265,6,1,0.0038572252007552333,0.16666666666666666,False
DLL1_NOTCH1,generic,DLL1,NOTCH1,Vascular smooth muscle,Astrocyte,0.012810536074738966,237,0.00022287974871620556,0.029850746268656716,7,1,0.0038572252007552333,0.14285714285714285,False
HGF_MET,generic,HGF,MET,Erythrocyte (blood),Erythrocyte (blood),0.0015805989996147882,6296,0.00022206644173611582,0.009950248756218905,12,3,0.0038572252007552333,0.25,False
CSF1_CSF1R,generic,CSF1,CSF1R,Border macrophage,Choroid plexus,0.03346132863428175,194,0.0002680900057345506,0.009950248756218905,3,1,0.004598222330500641,0.3333333333333333,False
JAG1_NOTCH1,generic,JAG1,NOTCH1,Pericyte,Ependymal,0.04826558960808648,72,0.00027743781071553356,0.009950248756218905,0,0,0.004675070477057368,0.0,False
VEGFA_FLT1,generic,VEGFA,FLT1,Pericyte,Vascular smooth muscle,0.036455873715675484,59,0.0002763126987349294,0.029850746268656716,0,0,0.004675070477057368,0.0,False
TGFB1_TGFBR1,generic,TGFB1,TGFBR1,Erythrocyte (blood),Endothelial,0.010938963103374649,594,0.00028169268323110694,0.009950248756218905,12,1,0.004705492560756143,0.08333333333333333,False
JAG1_NOTCH2,generic,JAG1,NOTCH2,Border macrophage,Microglia,0.044299586925631254,153,0.00029259670218965213,0.009950248756218905,3,0,0.004845502283675187,0.0,False
JAG1_NOTCH1,generic,JAG1,NOTCH1,Oligodendrocyte,Choroid plexus,0.014714269793551902,230,0.0003228555836810858,0.009950248756218905,6,1,0.005300902361122785,0.16666666666666666,False
MIF_CD74,generic,MIF,CD74,T / NK cell,T / NK cell,1.0176797689813557,462,0.0003261548208836442,0.004975124378109453,10,2,0.005309689923029496,0.2,False
PDGFB_PDGFRB,generic,PDGFB,PDGFRB,Erythrocyte (blood),Pericyte,0.023856234550476075,225,0.0003749326051777882,0.024875621890547265,5,1,0.00603985224143715,0.2,False
SEMA3A_NRP1,generic,SEMA3A,NRP1,Border macrophage,T / NK cell,0.008424032926559449,400,0.0003772942576639552,0.024875621890547265,11,1,0.00603985224143715,0.09090909090909091,False
SPP1_CD44,generic,SPP1,CD44,Inhibitory neuron,Endothelial,0.15650651568458193,42,0.00042771562885998623,0.014925373134328358,0,0,0.006741246662405107,0.0,False
FGF2_FGFR1,generic,FGF2,FGFR1,Vascular smooth muscle,Microglia,0.034717440605163574,35,0.00043444004331167637,0.024875621890547265,0,0,0.006741246662405107,0.0,False
ANGPT1_TEK,generic,ANGPT1,TEK,Vascular smooth muscle,Erythrocyte (blood),0.014293135469975854,237,0.00043514554197721664,0.029850746268656716,5,0,0.006741246662405107,0.0,False
TNF_TNFRSF1A,generic,TNF,TNFRSF1A,Erythrocyte (blood),Excitatory neuron,0.002858030368916763,1535,0.00042901598681096295,0.014925373134328358,12,1,0.006741246662405107,0.08333333333333333,False
GAS6_AXL,generic,GAS6,AXL,Border macrophage,Oligodendrocyte,0.055668791413029314,429,0.0004652044684203846,0.009950248756218905,9,1,0.0071492622706844705,0.1111111111111111,False
FGF2_FGFR1,generic,FGF2,FGFR1,Fibroblast / VLMC,Excitatory neuron,0.01479218288031752,499,0.0005061813853313413,0.01990049751243781,7,1,0.007717257470011958,0.14285714285714285,False
PDGFA_PDGFRA,generic,PDGFA,PDGFRA,Oligodendrocyte,Oligodendrocyte,0.03606888243850704,19620,0.0005238292785064476,0.004975124378109453,12,3,0.00792343341740855,0.25,False
HBEGF_EGFR,generic,HBEGF,EGFR,T / NK cell,Endothelial,0.023349443443207874,253,0.0005393174824050887,0.009950248756218905,7,1,0.00809397565390762,0.14285714285714285,False
VEGFB_FLT1,generic,VEGFB,FLT1,Erythrocyte (blood),Vascular smooth muscle,0.1177210128760036,237,0.0006043857131639904,0.009950248756218905,5,0,0.009000193449519578,0.0,False
VEGFB_FLT1,generic,VEGFB,FLT1,Excitatory neuron,Vascular smooth muscle,0.09567277404997084,225,0.0006353046088495698,0.004975124378109453,4,1,0.009387847335384796,0.25,False
PDGFB_PDGFRB,generic,PDGFB,PDGFRB,Endothelial,Vascular smooth muscle,0.04809127509138966,131,0.0006456265348183585,0.01990049751243781,1,0,0.009461391492778087,0.0,False
PDGFA_PDGFRA,generic,PDGFA,PDGFRA,Border macrophage,Astrocyte,0.02927208847777788,516,0.000650132054683346,0.009950248756218905,8,2,0.009461391492778087,0.25,False
KITLG_KIT,generic,KITLG,KIT,Excitatory neuron,Inhibitory neuron,0.06024323268370195,88,0.0006686808995720144,0.01990049751243781,0,0,0.00965816547426947,0.0,False
SEMA3A_NRP1,generic,SEMA3A,NRP1,Endothelial,Border macrophage,0.010314079094433722,381,0.0007183370004144475,0.029850746268656716,10,1,0.010297950580568312,0.1,False
FGF2_FGFR1,generic,FGF2,FGFR1,Oligodendrocyte,Ependymal,0.02800774466398075,221,0.0007246376401583743,0.014925373134328358,3,1,0.010311325235142497,0.3333333333333333,False
JAG1_NOTCH2,generic,JAG1,NOTCH2,Astrocyte,Pericyte,0.04489050457874934,120,0.0007373812797778114,0.014925373134328358,1,0,0.010415510576861587,0.0,False
EGF_EGFR,generic,EGF,EGFR,Choroid plexus,Excitatory neuron,0.0023372477831498854,321,0.00075227177243837,0.04477611940298507,7,1,0.01054827791864313,0.14285714285714285,False
HBEGF_EGFR,generic,HBEGF,EGFR,Endothelial,Excitatory neuron,0.007257396233181994,595,0.0007768640717757896,0.029850746268656716,12,2,0.01081417305711081,0.16666666666666666,False
TGFB1_TGFBR2,generic,TGFB1,TGFBR2,Vascular smooth muscle,Ependymal,0.017794992436062206,88,0.0008339157704591071,0.04477611940298507,0,0,0.011524835935625501,0.0,False
JAG1_NOTCH2,generic,JAG1,NOTCH2,Choroid plexus,Erythrocyte (blood),0.02845987517346618,279,0.0008541531780114085,0.024875621890547265,7,1,0.011720201821142256,0.14285714285714285,False
SEMA3A_NRP1,generic,SEMA3A,NRP1,Pericyte,Fibroblast / VLMC,0.020324695369471676,92,0.0008964736608109405,0.05970149253731343,1,0,0.012213658882395863,0.0,False
HGF_MET,generic,HGF,MET,Excitatory neuron,Erythrocyte (blood),0.0032973265803209733,1535,0.0009344907947806448,0.014925373134328358,12,2,0.012641949413898722,0.16666666666666666,False
SEMA3A_NRP1,generic,SEMA3A,NRP1,Erythrocyte (blood),Oligodendrocyte,0.0090072513870262,1342,0.0009485965717348452,0.009950248756218905,10,1,0.01274303506505341,0.1,False
PDGFB_PDGFRB,generic,PDGFB,PDGFRB,Ependymal,Endothelial,0.02117468453393194,203,0.0009673346336080934,0.024875621890547265,3,0,0.01285435435955443,0.0,False
ANGPT1_TEK,generic,ANGPT1,TEK,Choroid plexus,Choroid plexus,0.003269663080573082,96,0.0009702662062131142,0.029850746268656716,1,0,0.01285435435955443,0.0,False
VEGFA_FLT1,generic,VEGFA,FLT1,Erythrocyte (blood),Endothelial,0.02330692960357024,594,0.0009948812245141935,0.014925373134328358,12,2,0.013090183782820312,0.16666666666666666,False
SPP1_CD44,generic,SPP1,CD44,Microglia,Endothelial,0.13792107454160366,82,0.0010063143150129351,0.024875621890547265,0,0,0.013150542851291486,0.0,False
PDGFA_PDGFRA,generic,PDGFA,PDGFRA,Astrocyte,T / NK cell,0.030224679359074295,232,0.001024521916670829,0.009950248756218905,4,0,0.013298017580572042,0.0,False
ANGPT1_TEK,generic,ANGPT1,TEK,Vascular smooth muscle,Pericyte,0.04596131534899695,59,0.0010645276856428992,0.024875621890547265,0,0,0.013724548215570533,0.0,False
KITLG_KIT,generic,KITLG,KIT,Endothelial,Inhibitory neuron,0.028097941761925108,42,0.0010889679651268872,0.04975124378109453,0,0,0.013946049740058336,0.0,False
DLL4_NOTCH1,generic,DLL4,NOTCH1,Choroid plexus,Vascular smooth muscle,0.04311857653445885,61,0.0011231454476715664,0.024875621890547265,0,0,0.014288492748192575,0.0,False
JAG1_NOTCH2,generic,JAG1,NOTCH2,Border macrophage,Fibroblast / VLMC,0.030928951998551685,408,0.0012153778202671154,0.014925373134328358,7,2,0.015360136794296899,0.2857142857142857,False
TGFB1_TGFBR2,generic,TGFB1,TGFBR2,Pericyte,Fibroblast / VLMC,0.008266843531442724,92,0.0012378519325733496,0.05472636815920398,1,0,0.0155419187089765,0.0,False
JAG1_NOTCH1,generic,JAG1,NOTCH1,Astrocyte,Astrocyte,0.012694121898915852,1758,0.001257379161507349,0.014925373134328358,11,2,0.01568458031984167,0.18181818181818182,False
SPP1_CD44,generic,SPP1,CD44,Ependymal,Microglia,0.10865835916428339,63,0.0012822110355020884,0.03980099502487562,1,0,0.015891144510964593,0.0,False
PDGFB_PDGFRB,generic,PDGFB,PDGFRB,Microglia,Fibroblast / VLMC,0.03306186458338862,92,0.0013660199891932625,0.014925373134328358,1,0,0.01682131025154011,0.0,False
VEGFA_FLT1,generic,VEGFA,FLT1,Erythrocyte (blood),Vascular smooth muscle,0.033866651953524174,237,0.0014883242104972217,0.024875621890547265,5,1,0.018210642091497854,0.2,False
TGFB1_TGFBR2,generic,TGFB1,TGFBR2,Oligodendrocyte,Endothelial,0.008628346161408857,220,0.0015584164032002431,0.04477611940298507,4,0,0.018947581712327008,0.0,False
DLL4_NOTCH1,generic,DLL4,NOTCH1,Choroid plexus,Inhibitory neuron,0.03789249360561371,20,0.0016171855960172505,0.04975124378109453,0,0,0.01953844987389395,0.0,False
DLL1_NOTCH1,generic,DLL1,NOTCH1,Oligodendrocyte,Choroid plexus,0.014427048227061395,230,0.001669929196791544,0.024875621890547265,6,1,0.020049587418978474,0.16666666666666666,False
GAS6_AXL,generic,GAS6,AXL,Choroid plexus,Vascular smooth muscle,0.08709721877926686,61,0.0018059727748399523,0.024875621890547265,0,0,0.021548283853835705,0.0,False
FGF7_FGFR2,generic,FGF7,FGFR2,Vascular smooth muscle,Ependymal,0.060523818162354553,88,0.0018456048325174049,0.024875621890547265,0,0,0.02188522767448108,0.0,False
FGF2_FGFR1,generic,FGF2,FGFR1,Oligodendrocyte,Vascular smooth muscle,0.07323438952667545,99,0.002073172556072621,0.029850746268656716,0,0,0.024432910921567515,0.0,False
VEGFB_FLT1,generic,VEGFB,FLT1,Vascular smooth muscle,Endothelial,0.13470708322889022,131,0.002097389489112139,0.01990049751243781,1,0,0.024459793425398387,0.0,False
FGF10_FGFR2,generic,FGF10,FGFR2,T / NK cell,Oligodendrocyte,0.019729933333449544,453,0.0021009192687093878,0.009950248756218905,9,1,0.024459793425398387,0.1111111111111111,False
VEGFA_FLT1,generic,VEGFA,FLT1,Excitatory neuron,Astrocyte,0.028963570083890642,336,0.0022981497715698026,0.014925373134328358,9,1,0.02659485368184091,0.1111111111111111,False
VEGFB_FLT1,generic,VEGFB,FLT1,Ependymal,Border macrophage,0.10045405344349714,241,0.002314416344811722,0.009950248756218905,5,1,0.02662271735558873,0.2,False
TGFB1_TGFBR1,generic,TGFB1,TGFBR1,Astrocyte,Border macrophage,0.008286842080049737,516,0.0023861649833788945,0.029850746268656716,8,1,0.027123212621721043,0.125,False
VEGFA_KDR,generic,VEGFA,KDR,Pericyte,Erythrocyte (blood),0.008064188427395291,225,0.0024190763710575454,0.03482587064676617,5,0,0.027335562992950264,0.0,False
TGFB2_TGFBR2,generic,TGFB2,TGFBR2,Ependymal,Oligodendrocyte,0.00440745682737946,221,0.002482367947643539,0.05472636815920398,3,0,0.02772458620594906,0.0,False
VEGFB_FLT1,generic,VEGFB,FLT1,Inhibitory neuron,Endothelial,0.20389007670538767,42,0.0025869463324472517,0.024875621890547265,0,0,0.02872557170307035,0.0,False
DLL1_NOTCH1,generic,DLL1,NOTCH1,Microglia,Vascular smooth muscle,0.09021162986755371,35,0.0026082704416792286,0.05970149253731343,0,0,0.02879590527853907,0.0,False
EGF_EGFR,generic,EGF,EGFR,Excitatory neuron,Endothelial,0.0036861363579245173,595,0.0026799244195216307,0.04477611940298507,12,1,0.029417913199434587,0.08333333333333333,False
TGFB2_TGFBR2,generic,TGFB2,TGFBR2,Pericyte,Border macrophage,0.018120457231998444,160,0.002802335560947972,0.04477611940298507,3,1,0.030586855753301445,0.3333333333333333,False
DLL1_NOTCH1,generic,DLL1,NOTCH1,Inhibitory neuron,Border macrophage,0.020655080957232782,53,0.0028576902974407083,0.06467661691542288,0,0,0.031014819555839554,0.0,False
SPP1_CD44,generic,SPP1,CD44,Excitatory neuron,Fibroblast / VLMC,0.0706328981386158,499,0.0029362469196345755,0.009950248756218905,7,1,0.031688372655157414,0.14285714285714285,False
FGF7_FGFR2,generic,FGF7,FGFR2,Oligodendrocyte,Choroid plexus,0.06311425799908846,230,0.0031986390493155743,0.014925373134328358,6,1,0.03376145941612757,0.16666666666666666,False
KITLG_KIT,generic,KITLG,KIT,Inhibitory neuron,Excitatory neuron,0.04525685445828871,88,0.0031835777079526843,0.029850746268656716,0,0,0.03376145941612757,0.0,False
PDGFB_PDGFRB,generic,PDGFB,PDGFRB,Ependymal,Vascular smooth muscle,0.03898580236868425,88,0.0031898973624699054,0.03980099502487562,0,0,0.03376145941612757,0.0,False
FGF2_FGFR1,generic,FGF2,FGFR1,Fibroblast / VLMC,Astrocyte,0.019257664680480957,382,0.003360053478297426,0.01990049751243781,7,1,0.03527138104813855,0.14285714285714285,False
DLL4_NOTCH1,generic,DLL4,NOTCH1,Ependymal,Pericyte,0.02320026357968648,72,0.0033788176744549755,0.06965174129353234,0,0,0.03527559104689135,0.0,False
HGF_MET,generic,HGF,MET,Oligodendrocyte,Excitatory neuron,0.0038947523532810308,601,0.0036515809773123697,0.024875621890547265,12,1,0.037917227337389524,0.08333333333333333,False
VEGFB_FLT1,generic,VEGFB,FLT1,Oligodendrocyte,Pericyte,0.102062925379327,141,0.00385766877661716,0.014925373134328358,1,0,0.03941798787171045,0.0,False
TGFB1_TGFBR2,generic,TGFB1,TGFBR2,Excitatory neuron,Border macrophage,0.00504174701650975,1057,0.0038819414897820876,0.029850746268656716,12,1,0.039456135459636985,0.08333333333333333,False
GAS6_AXL,generic,GAS6,AXL,Inhibitory neuron,Border macrophage,0.1237895871108433,53,0.003972213337629958,0.029850746268656716,0,0,0.04016116748203763,0.0,False
TGFB1_TGFBR1,generic,TGFB1,TGFBR1,Oligodendrocyte,Border macrophage,0.006476124961337287,429,0.0040342197359791625,0.05472636815920398,9,1,0.040574534622073145,0.1111111111111111,False
TGFB1_TGFBR2,generic,TGFB1,TGFBR2,Vascular smooth muscle,Astrocyte,0.013257494455651391,237,0.0040851167916590506,0.029850746268656716,7,1,0.04087244456654707,0.14285714285714285,False
VEGFA_KDR,generic,VEGFA,KDR,Erythrocyte (blood),Oligodendrocyte,0.0060665612338019195,1342,0.00414563176957108,0.009950248756218905,10,3,0.04126299807951318,0.3,False
MIF_CD74,generic,MIF,CD74,Vascular smooth muscle,Microglia,1.258567646571568,35,0.004455437237813898,0.014925373134328358,0,0,0.04411801512288917,0.0,False
KITLG_KIT,generic,KITLG,KIT,Astrocyte,Choroid plexus,0.020676186210230776,152,0.0045826596120647906,0.04477611940298507,2,0,0.04514507238346904,0.0,False
PDGFA_PDGFRA,generic,PDGFA,PDGFRA,Choroid plexus,Fibroblast / VLMC,0.05341692506403163,138,0.004993004409340284,0.024875621890547265,2,0,0.04846097741994454,0.0,False
FGF2_FGFR1,generic,FGF2,FGFR1,Ependymal,Border macrophage,0.025584957535336128,241,0.004975192525441862,0.024875621890547265,5,1,0.04846097741994454,0.2,False
SEMA3A_NRP1,generic,SEMA3A,NRP1,Astrocyte,Fibroblast / VLMC,0.0039022221615177175,382,0.005022052691508579,0.04975124378109453,7,1,0.048479212162753665,0.14285714285714285,False
DLL1_NOTCH1,generic,DLL1,NOTCH1,Oligodendrocyte,T / NK cell,0.014986041629024952,453,0.0051364507788482176,0.01990049751243781,9,1,0.04933560973083713,0.1111111111111111,False
PDGFA_PDGFRA,generic,PDGFA,PDGFRA,Ependymal,T / NK cell,0.04868152762661461,119,0.005307168084450698,0.03482587064676617,1,0,0.0507217407474119,0.0,False
TGFB1_TGFBR1,generic,TGFB1,TGFBR1,Endothelial,Astrocyte,0.008490753974274194,417,0.005404919572480266,0.03980099502487562,6,1,0.051400249993735596,0.16666666666666666,False
PDGFB_PDGFRB,generic,PDGFB,PDGFRB,Endothelial,Pericyte,0.03629404527169687,108,0.005734697675391649,0.03980099502487562,0,0,0.054001736443271366,0.0,False
CCL5_CCR5,generic,CCL5,CCR5,Oligodendrocyte,Oligodendrocyte,0.00030177082490483555,19620,0.005709078427824926,0.01990049751243781,12,1,0.054001736443271366,0.08333333333333333,False
PDGFA_PDGFRA,generic,PDGFA,PDGFRA,Excitatory neuron,Astrocyte,0.0397690243664242,336,0.005984281515311957,0.014925373134328358,9,2,0.05607709654104522,0.2222222222222222,False
CSF1_CSF1R,generic,CSF1,CSF1R,T / NK cell,Choroid plexus,0.018294186427675444,116,0.006203097589081444,0.0845771144278607,2,0,0.05784539062439541,0.0,False
PDGFA_PDGFRA,generic,PDGFA,PDGFRA,Microglia,Vascular smooth muscle,0.07831141608101981,35,0.006448465098599291,0.024875621890547265,0,0,0.059843002195213706,0.0,False
VEGFB_FLT1,generic,VEGFB,FLT1,Oligodendrocyte,Vascular smooth muscle,0.09753960912877863,99,0.006661608880003146,0.029850746268656716,0,0,0.061229428987971506,0.0,False
VEGFA_FLT1,generic,VEGFA,FLT1,Choroid plexus,Border macrophage,0.0190675934565436,194,0.0066321092200502885,0.029850746268656716,3,1,0.061229428987971506,0.3333333333333333,False
CSF1_CSF1R,generic,CSF1,CSF1R,Erythrocyte (blood),Oligodendrocyte,0.01191238701432366,1342,0.006782715933189556,0.014925373134328358,10,1,0.062045701465033985,0.1,False
GAS6_AXL,generic,GAS6,AXL,Pericyte,Erythrocyte (blood),0.08132057189941407,225,0.007009754531768537,0.01990049751243781,5,1,0.06322484808073016,0.2,False
VEGFA_KDR,generic,VEGFA,KDR,Border macrophage,Pericyte,0.011254312843084336,160,0.006946914391477053,0.05970149253731343,3,1,0.06322484808073016,0.3333333333333333,False
PDGFB_PDGFRB,generic,PDGFB,PDGFRB,Fibroblast / VLMC,Pericyte,0.009430248452269512,92,0.0070103553572074566,0.05970149253731343,1,0,0.06322484808073016,0.0,False
PDGFA_PDGFRA,generic,PDGFA,PDGFRA,Astrocyte,Fibroblast / VLMC,0.04099199316264447,382,0.0072281776931464765,0.024875621890547265,7,0,0.06488471658193637,0.0,False
GAS6_AXL,generic,GAS6,AXL,Endothelial,Border macrophage,0.049503252340426906,381,0.007285306589337372,0.014925373134328358,10,3,0.06509336724705625,0.3,False
MIF_CD74,generic,MIF,CD74,T / NK cell,Microglia,1.1389854535460473,80,0.007433657979566438,0.014925373134328358,0,0,0.06611137490160707,0.0,False
SPP1_CD44,generic,SPP1,CD44,Erythrocyte (blood),Inhibitory neuron,0.09959572878750887,55,0.007544858790914034,0.04975124378109453,0,0,0.06679112321357539,0.0,False
VEGFA_FLT1,generic,VEGFA,FLT1,Astrocyte,Vascular smooth muscle,0.04361073528161029,237,0.007943639220049894,0.04477611940298507,7,2,0.06967913672016368,0.2857142857142857,False
HBEGF_EGFR,generic,HBEGF,EGFR,Oligodendrocyte,Pericyte,0.021747531620323234,141,0.007921323213289934,0.03980099502487562,1,1,0.06967913672016368,1.0,False
MIF_CD74,generic,MIF,CD74,Microglia,Vascular smooth muscle,0.9052070685795375,35,0.008082116654275311,0.01990049751243781,0,0,0.07057157314937669,0.0,False
DLL4_NOTCH1,generic,DLL4,NOTCH1,Astrocyte,Astrocyte,0.0036638765611746206,1758,0.008787602944691199,0.03980099502487562,11,1,0.07638454867308504,0.09090909090909091,False
VEGFB_FLT1,generic,VEGFB,FLT1,Ependymal,T / NK cell,0.08758883366063863,119,0.008927067316448574,0.024875621890547265,1,1,0.07724728069773744,1.0,False
FGF2_FGFR1,generic,FGF2,FGFR1,Oligodendrocyte,Microglia,0.042423573512475464,103,0.00900071826383566,0.029850746268656716,2,1,0.07753533535797445,0.5,False
EGF_EGFR,generic,EGF,EGFR,Vascular smooth muscle,Vascular smooth muscle,0.004215023096869974,408,0.009221823822644753,0.05472636815920398,7,1,0.07908537305044898,0.14285714285714285,False
KITLG_KIT,generic,KITLG,KIT,Border macrophage,Astrocyte,0.022388867629590886,516,0.009640009153239365,0.029850746268656716,8,2,0.08230425592610142,0.25,False
TGFB2_TGFBR2,generic,TGFB2,TGFBR2,Choroid plexus,Ependymal,0.027803245137949458,61,0.00992193765803359,0.03482587064676617,0,0,0.08433647009328551,0.0,False
PDGFA_PDGFRA,generic,PDGFA,PDGFRA,T / NK cell,Vascular smooth muscle,0.04686272144317627,94,0.010127821885249941,0.029850746268656716,0,0,0.08569003121862827,0.0,False
VEGFA_FLT1,generic,VEGFA,FLT1,Endothelial,T / NK cell,0.019269749109924076,253,0.01017039412693766,0.06965174129353234,7,1,0.08569003121862827,0.14285714285714285,False
FGF2_FGFR1,generic,FGF2,FGFR1,T / NK cell,Vascular smooth muscle,0.05064912552529193,94,0.010820880968918214,0.05472636815920398,0,0,0.09077254297507376,0.0,False
JAG1_NOTCH2,generic,JAG1,NOTCH2,Pericyte,Astrocyte,0.05923094948132833,120,0.010995520756107937,0.03980099502487562,1,0,0.0918365016194928,0.0,False
CXCL12_CXCR4,generic,CXCL12,CXCR4,Astrocyte,Astrocyte,0.005375198401146239,1758,0.011392893138690775,0.03980099502487562,11,1,0.09474349662088735,0.09090909090909091,False
FGF7_FGFR2,generic,FGF7,FGFR2,Oligodendrocyte,Astrocyte,0.015122776143034996,342,0.011855267126634974,0.029850746268656716,6,1,0.09816365582011115,0.16666666666666666,False
CXCL12_CXCR4,generic,CXCL12,CXCR4,Microglia,T / NK cell,0.024453553557395934,80,0.012135060678624124,0.06467661691542288,0,0,0.0991976662282423,0.0,False
CXCL12_CXCR4,generic,CXCL12,CXCR4,T / NK cell,Astrocyte,0.020908413262202823,232,0.012101842369917406,0.05970149253731343,4,1,0.0991976662282423,0.25,False
VEGFA_FLT1,generic,VEGFA,FLT1,Border macrophage,Erythrocyte (blood),0.019804855562605948,848,0.012062652343292303,0.029850746268656716,12,1,0.0991976662282423,0.08333333333333333,False
DLL1_NOTCH1,generic,DLL1,NOTCH1,Excitatory neuron,Fibroblast / VLMC,0.009202032146568527,499,0.012581519510623243,0.05472636815920398,7,1,0.10241143635553919,0.14285714285714285,False
JAG1_NOTCH2,generic,JAG1,NOTCH2,Excitatory neuron,Oligodendrocyte,0.008309742773630457,601,0.01340298510261768,0.029850746268656716,12,1,0.10818123689969984,0.08333333333333333,False
HGF_MET,generic,HGF,MET,Erythrocyte (blood),Fibroblast / VLMC,0.0032416427160458995,477,0.01336868273137496,0.04477611940298507,8,1,0.10818123689969984,0.125,False
GAS6_AXL,generic,GAS6,AXL,Border macrophage,Erythrocyte (blood),0.05205345572025146,848,0.013643705016337953,0.03482587064676617,12,3,0.10966341981751132,0.25,False
VEGFA_KDR,generic,VEGFA,KDR,Fibroblast / VLMC,Choroid plexus,0.023375229559082916,138,0.013923869275437218,0.03482587064676617,2,0,0.11136055878095434,0.0,False
JAG1_NOTCH1,generic,JAG1,NOTCH1,Astrocyte,Endothelial,0.01355661877053533,417,0.013970793683607496,0.03482587064676617,6,1,0.11136055878095434,0.16666666666666666,False
KITLG_KIT,generic,KITLG,KIT,Inhibitory neuron,Erythrocyte (blood),0.06857875477183949,55,0.014375459709155476,0.07960199004975124,0,0,0.11411263678218045,0.0,False
FGF2_FGFR1,generic,FGF2,FGFR1,Astrocyte,Oligodendrocyte,0.018347278673049302,342,0.01500578891894039,0.04477611940298507,6,0,0.11862601034273451,0.0,False
DLL1_NOTCH1,generic,DLL1,NOTCH1,Choroid plexus,Inhibitory neuron,0.12358001470565796,20,0.015713449699454603,0.07462686567164178,0,0,0.12348964632636314,0.0,False
CSF1_CSF1R,generic,CSF1,CSF1R,Pericyte,Endothelial,0.0224395924144321,108,0.01574959049971836,0.07960199004975124,0,0,0.12348964632636314,0.0,False
CXCL12_CXCR4,generic,CXCL12,CXCR4,Oligodendrocyte,Fibroblast / VLMC,0.0064742466089137704,722,0.015871444282968068,0.05970149253731343,10,1,0.12393920515277097,0.1,False
EGF_EGFR,generic,EGF,EGFR,Vascular smooth muscle,Ependymal,0.024565509774468162,88,0.01641526445167038,0.06965174129353234,0,0,0.12766689478404372,0.0,False
DLL1_NOTCH1,generic,DLL1,NOTCH1,Microglia,Endothelial,0.043768629795167505,82,0.016828422445998432,0.06965174129353234,0,0,0.1303524174143669,0.0,False
MIF_CD74,generic,MIF,CD74,OPC,Oligodendrocyte,1.254598431289196,48,0.017281465966417494,0.029850746268656716,0,0,0.13331344094159994,0.0,False
TNF_TNFRSF1A,generic,TNF,TNFRSF1A,Excitatory neuron,Erythrocyte (blood),0.001959759715325669,1535,0.017349484765955225,0.05472636815920398,12,0,0.13331344094159994,0.0,False
SPP1_CD44,generic,SPP1,CD44,Ependymal,Astrocyte,0.04494708455251362,334,0.01756176770139648,0.04477611940298507,5,1,0.13440699503738102,0.2,False
GAS6_AXL,generic,GAS6,AXL,Pericyte,Pericyte,0.15312935755803034,26,0.0181664466403343,0.03980099502487562,0,0,0.1375123584734498,0.0,False
VEGFB_FLT1,generic,VEGFB,FLT1,Excitatory neuron,Border macrophage,0.05817036182675141,1057,0.01830454544744526,0.024875621890547265,12,2,0.1375123584734498,0.16666666666666666,False
GAS6_AXL,generic,GAS6,AXL,Erythrocyte (blood),Astrocyte,0.05091453153549848,537,0.018231368987182594,0.03980099502487562,11,2,0.1375123584734498,0.18181818181818182,False
KITLG_KIT,generic,KITLG,KIT,Vascular smooth muscle,T / NK cell,0.015650907729534393,94,0.01832543663154771,0.0845771144278607,0,0,0.1375123584734498,0.0,False
TGFB1_TGFBR2,generic,TGFB1,TGFBR2,Erythrocyte (blood),Erythrocyte (blood),0.0030802290465356133,6296,0.018089716382215928,0.024875621890547265,12,2,0.1375123584734498,0.16666666666666666,False
PDGFB_PDGFRB,generic,PDGFB,PDGFRB,Choroid plexus,Erythrocyte (blood),0.012333274101270997,279,0.018895953445137875,0.03980099502487562,7,0,0.1412417376191045,0.0,False
JAG1_NOTCH1,generic,JAG1,NOTCH1,Microglia,Fibroblast / VLMC,0.0416407585144043,92,0.018972452558535458,0.06965174129353234,1,0,0.141263881259483,0.0,False
VEGFB_FLT1,generic,VEGFB,FLT1,Astrocyte,Microglia,0.10342327246429227,141,0.019048482135068965,0.06965174129353234,4,1,0.1412823713570173,0.25,False
MIF_CD74,generic,MIF,CD74,Fibroblast / VLMC,T / NK cell,0.9740171990782966,221,0.01928992749484441,0.01990049751243781,4,1,0.14245761034117102,0.25,False
JAG1_NOTCH1,generic,JAG1,NOTCH1,Erythrocyte (blood),Microglia,0.015648453375872444,170,0.019355250546093515,0.05970149253731343,4,1,0.14245761034117102,0.25,False
GAS6_AXL,generic,GAS6,AXL,Excitatory neuron,Astrocyte,0.07666317267077309,336,0.019811213158189008,0.029850746268656716,9,1,0.14525702472092017,0.1111111111111111,False
FGF7_FGFR2,generic,FGF7,FGFR2,T / NK cell,Vascular smooth muscle,0.019029537413982636,94,0.01998568050219888,0.09950248756218906,0,0,0.1459790579647302,0.0,False
TGFB1_TGFBR2,generic,TGFB1,TGFBR2,Border macrophage,Vascular smooth muscle,0.015351366706010772,164,0.020184385492477433,0.07960199004975124,1,0,0.14687198686003466,0.0,False
VEGFB_FLT1,generic,VEGFB,FLT1,Choroid plexus,Fibroblast / VLMC,0.08412832237672115,138,0.02032576128886804,0.05970149253731343,2,1,0.14734259409779432,0.5,False
VEGFB_FLT1,generic,VEGFB,FLT1,Endothelial,T / NK cell,0.06610312245108864,253,0.020632144420832953,0.05472636815920398,7,1,0.14900131365571467,0.14285714285714285,False
DLL1_NOTCH1,generic,DLL1,NOTCH1,Endothelial,Fibroblast / VLMC,0.020981455063071485,223,0.021115709020330706,0.06467661691542288,5,0,0.15192238587286622,0.0,False
VEGFB_FLT1,generic,VEGFB,FLT1,Astrocyte,Vascular smooth muscle,0.09958250059860164,237,0.021210021143133244,0.03980099502487562,7,2,0.15203153214910062,0.2857142857142857,False
HGF_MET,generic,HGF,MET,Excitatory neuron,Excitatory neuron,0.0027569666227690408,2258,0.021634231291017752,0.03980099502487562,12,1,0.15449575579942415,0.08333333333333333,False
CSF1_CSF1R,generic,CSF1,CSF1R,Excitatory neuron,Vascular smooth muscle,0.02151284800635444,225,0.022329444131645476,0.05472636815920398,4,1,0.15886985991441097,0.25,False
GAS6_AXL,generic,GAS6,AXL,Excitatory neuron,Vascular smooth muscle,0.07877116971545749,225,0.02242729514602899,0.03980099502487562,4,1,0.15897724714214645,0.25,False
KITLG_KIT,generic,KITLG,KIT,Erythrocyte (blood),Inhibitory neuron,0.040214547243985266,55,0.02252639951226859,0.06467661691542288,0,0,0.15909269655539693,0.0,False
PDGFB_PDGFRB,generic,PDGFB,PDGFRB,T / NK cell,Vascular smooth muscle,0.019365084932205526,94,0.023027993561284606,0.06467661691542288,0,0,0.16203947117665832,0.0,False
KITLG_KIT,generic,KITLG,KIT,Border macrophage,T / NK cell,0.0203343403339386,400,0.02334090533728053,0.05472636815920398,11,0,0.16364189471867116,0.0,False
HBEGF_EGFR,generic,HBEGF,EGFR,Excitatory neuron,Erythrocyte (blood),0.002765433135949051,1535,0.023624149545779988,0.04975124378109453,12,1,0.16502542282706673,0.08333333333333333,False
CSF1_CSF1R,generic,CSF1,CSF1R,Microglia,Erythrocyte (blood),0.011687562044929056,170,0.023821927441398577,0.05970149253731343,4,0,0.16580406744538648,0.0,False
KITLG_KIT,generic,KITLG,KIT,Astrocyte,T / NK cell,0.017022614849024807,232,0.024070057269676932,0.05472636815920398,4,1,0.16692628164277756,0.25,False
CXCL12_CXCR4,generic,CXCL12,CXCR4,Astrocyte,Fibroblast / VLMC,0.008431883382547588,382,0.024190302460746254,0.05472636815920398,7,1,0.16715673031328618,0.14285714285714285,False
GAS6_AXL,generic,GAS6,AXL,Border macrophage,Ependymal,0.0816109504442492,241,0.024453040886034665,0.029850746268656716,5,0,0.16729329855800465,0.0,False
VEGFA_FLT1,generic,VEGFA,FLT1,Fibroblast / VLMC,Vascular smooth muscle,0.028100654676363065,154,0.024313581001434638,0.06965174129353234,2,0,0.16729329855800465,0.0,False
JAG1_NOTCH2,generic,JAG1,NOTCH2,Border macrophage,Astrocyte,0.02174707946851272,516,0.024471325817178192,0.03980099502487562,8,1,0.16729329855800465,0.125,False
TGFB2_TGFBR2,generic,TGFB2,TGFBR2,Pericyte,Oligodendrocyte,0.012908882283149882,141,0.025227166270505273,0.07960199004975124,1,0,0.17184888796326464,0.0,False
MIF_CD74,generic,MIF,CD74,Endothelial,T / NK cell,0.9846735754503092,253,0.025681313074543785,0.03482587064676617,7,0,0.17332560602896788,0.0,False
JAG1_NOTCH2,generic,JAG1,NOTCH2,Vascular smooth muscle,Ependymal,0.07427482171492143,88,0.025729087358672315,0.05472636815920398,0,0,0.17332560602896788,0.0,False
VEGFA_FLT1,generic,VEGFA,FLT1,Microglia,Endothelial,0.06227543586637915,82,0.025895080130303897,0.05970149253731343,0,0,0.17332560602896788,0.0,False
FGF2_FGFR1,generic,FGF2,FGFR1,Oligodendrocyte,Excitatory neuron,0.023226961121582946,601,0.02589213825066715,0.05472636815920398,12,1,0.17332560602896788,0.08333333333333333,False
JAG1_NOTCH2,generic,JAG1,NOTCH2,Fibroblast / VLMC,Erythrocyte (blood),0.012785272778205152,477,0.02588086246983643,0.06467661691542288,8,1,0.17332560602896788,0.125,False
KITLG_KIT,generic,KITLG,KIT,Fibroblast / VLMC,Microglia,0.044059831163157585,92,0.026234959798605007,0.06965174129353234,1,0,0.1737839923211042,0.0,False
PDGFA_PDGFRA,generic,PDGFA,PDGFRA,Pericyte,Vascular smooth muscle,0.03845265760260113,59,0.026214042352640948,0.05472636815920398,0,0,0.1737839923211042,0.0,False
KITLG_KIT,generic,KITLG,KIT,Vascular smooth muscle,Erythrocyte (blood),0.007958311068860791,237,0.026194261974710604,0.07960199004975124,5,0,0.1737839923211042,0.0,False
GAS6_AXL,generic,GAS6,AXL,Microglia,Vascular smooth muscle,0.08277057920183455,35,0.02661754551276774,0.04477611940298507,0,0,0.17571238807569356,0.0,False
JAG1_NOTCH2,generic,JAG1,NOTCH2,Endothelial,Inhibitory neuron,0.029168608642759778,42,0.027304592439427584,0.08955223880597014,0,0,0.17901748148853375,0.0,False
JAG1_NOTCH2,generic,JAG1,NOTCH2,Fibroblast / VLMC,Endothelial,0.0191928944780153,223,0.027249040824214307,0.06467661691542288,5,0,0.17901748148853375,0.0,False
TGFB2_TGFBR2,generic,TGFB2,TGFBR2,Vascular smooth muscle,Fibroblast / VLMC,0.027159666086172127,154,0.02771598905044123,0.06467661691542288,2,1,0.1810966495438694,0.5,False
MIF_CD74,generic,MIF,CD74,Border macrophage,Oligodendrocyte,0.8516238306785797,429,0.02815568480400549,0.04477611940298507,9,2,0.18272658955572482,0.2222222222222222,False
PDGFB_PDGFRB,generic,PDGFB,PDGFRB,Fibroblast / VLMC,Vascular smooth muscle,0.020604100320246312,154,0.028113486023351477,0.08955223880597014,2,1,0.18272658955572482,0.5,False
JAG1_NOTCH2,generic,JAG1,NOTCH2,Pericyte,Endothelial,0.02896372918729429,108,0.028460511043665853,0.06467661691542288,0,0,0.18408296873697677,0.0,False
MIF_CD74,generic,MIF,CD74,T / NK cell,Oligodendrocyte,0.8774316574037733,453,0.029328708209435575,0.029850746268656716,9,1,0.18729670474294985,0.1111111111111111,False
PDGFB_PDGFRB,generic,PDGFB,PDGFRB,Fibroblast / VLMC,Ependymal,0.021061639883080307,245,0.029517382903140706,0.07462686567164178,6,1,0.18729670474294985,0.16666666666666666,False
ANGPT1_TEK,generic,ANGPT1,TEK,Vascular smooth muscle,Border macrophage,0.01183902490429762,164,0.029192250845314488,0.1044776119402985,1,0,0.18729670474294985,0.0,False
TGFB1_TGFBR2,generic,TGFB1,TGFBR2,T / NK cell,Choroid plexus,0.010722650536175432,116,0.02922575630465861,0.07960199004975124,2,1,0.18729670474294985,0.5,False
DLL4_NOTCH1,generic,DLL4,NOTCH1,Excitatory neuron,Oligodendrocyte,0.006175193532731093,601,0.02952894623995301,0.06965174129353234,12,0,0.18729670474294985,0.0,False
SEMA3A_NRP1,generic,SEMA3A,NRP1,T / NK cell,T / NK cell,0.0034406706368252313,462,0.029542374563828116,0.06965174129353234,10,0,0.18729670474294985,0.0,False
SPP1_CD44,generic,SPP1,CD44,Border macrophage,Astrocyte,0.03282043407129687,516,0.02973901781190825,0.029850746268656716,8,1,0.18744549675879,0.125,False
FGF10_FGFR2,generic,FGF10,FGFR2,Excitatory neuron,Astrocyte,0.00793580710887909,336,0.02976099766342059,0.07960199004975124,9,0,0.18744549675879,0.0,False
TGFB2_TGFBR2,generic,TGFB2,TGFBR2,Excitatory neuron,Vascular smooth muscle,0.011499966515435113,225,0.030544093703140093,0.0845771144278607,4,0,0.19174903269193502,0.0,False
PDGFA_PDGFRA,generic,PDGFA,PDGFRA,Fibroblast / VLMC,Excitatory neuron,0.034034874730693075,499,0.030831962060146947,0.04975124378109453,7,0,0.1929257300245677,0.0,False
JAG1_NOTCH1,generic,JAG1,NOTCH1,Excitatory neuron,Ependymal,0.020166391438811365,274,0.031126891192782745,0.05970149253731343,7,1,0.19413882461472615,0.14285714285714285,False
MIF_CD74,generic,MIF,CD74,Oligodendrocyte,Microglia,1.0052039380212432,103,0.031426089369999445,0.05970149253731343,2,0,0.19537060737789297,0.0,False
TGFB2_TGFBR2,generic,TGFB2,TGFBR2,Vascular smooth muscle,Vascular smooth muscle,0.018522012467477835,408,0.031768153515946224,0.05970149253731343,7,1,0.19622708329303115,0.14285714285714285,False
JAG1_NOTCH1,generic,JAG1,NOTCH1,Excitatory neuron,Oligodendrocyte,0.008043550611930758,601,0.03167961765077041,0.05970149253731343,12,1,0.19622708329303115,0.08333333333333333,False
GAS6_AXL,generic,GAS6,AXL,Oligodendrocyte,Astrocyte,0.051909170304125514,342,0.03221827939877058,0.03980099502487562,6,1,0.19836959847768681,0.16666666666666666,False
PDGFA_PDGFRA,generic,PDGFA,PDGFRA,T / NK cell,Inhibitory neuron,0.038965587105069845,28,0.03257338999771571,0.07462686567164178,0,0,0.19991527854828076,0.0,False
VEGFA_KDR,generic,VEGFA,KDR,Vascular smooth muscle,Choroid plexus,0.01715193811010142,61,0.03292549822485049,0.05970149253731343,0,0,0.20143274550935603,0.0,False
DLL1_NOTCH1,generic,DLL1,NOTCH1,Erythrocyte (blood),Oligodendrocyte,0.009462736491474772,1342,0.03303549775991347,0.06467661691542288,10,1,0.20146409903744053,0.1,False
HGF_MET,generic,HGF,MET,T / NK cell,Fibroblast / VLMC,0.0045521620711589834,221,0.03324479071358675,0.0845771144278607,4,0,0.20209887012911437,0.0,False
KITLG_KIT,generic,KITLG,KIT,Vascular smooth muscle,Border macrophage,0.024000077712826612,164,0.03345713609122123,0.08955223880597014,1,0,0.20274813385247942,0.0,False
VEGFA_KDR,generic,VEGFA,KDR,Oligodendrocyte,Choroid plexus,0.011111597392870032,230,0.033667870443670644,0.08955223880597014,6,0,0.20338358214557015,0.0,False
PDGFB_PDGFRB,generic,PDGFB,PDGFRB,T / NK cell,Microglia,0.023929005861282347,80,0.03417523980817753,0.0945273631840796,0,0,0.20580136574140762,0.0,False
GAS6_AXL,generic,GAS6,AXL,Border macrophage,Astrocyte,0.06097733581713004,516,0.03437728671287514,0.03980099502487562,8,1,0.20637114929822858,0.125,False
VEGFB_FLT1,generic,VEGFB,FLT1,Fibroblast / VLMC,Ependymal,0.04799552839629504,245,0.034759107645718657,0.06965174129353234,6,2,0.20672521915611622,0.3333333333333333,False
PDGFA_PDGFRA,generic,PDGFA,PDGFRA,Border macrophage,Vascular smooth muscle,0.03298585298584729,164,0.03468967875499219,0.06965174129353234,1,0,0.20672521915611622,0.0,False
SEMA3A_NRP1,generic,SEMA3A,NRP1,Excitatory neuron,Choroid plexus,0.008266644314442097,321,0.03459882245193498,0.07960199004975124,7,1,0.20672521915611622,0.14285714285714285,False
KITLG_KIT,generic,KITLG,KIT,Pericyte,T / NK cell,0.021842713356018065,100,0.03525710581292524,0.0845771144278607,0,0,0.209039815637745,0.0,False
SPP1_CD44,generic,SPP1,CD44,Ependymal,Border macrophage,0.04198313946545866,241,0.0355578322617192,0.04975124378109453,5,1,0.21017414084542332,0.2,False
SPP1_CD44,generic,SPP1,CD44,Oligodendrocyte,Border macrophage,0.2068526672594475,429,0.036461481239719346,0.06965174129353234,9,1,0.21485431123159773,0.1111111111111111,False
JAG1_NOTCH2,generic,JAG1,NOTCH2,Fibroblast / VLMC,Astrocyte,0.020580451525942817,382,0.03663442440988989,0.06965174129353234,7,1,0.21521323942323695,0.14285714285714285,False
MIF_CD74,generic,MIF,CD74,Microglia,Fibroblast / VLMC,1.2511452533628629,92,0.03723923569978466,0.04477611940298507,1,0,0.2180993042051413,0.0,False
TGFB2_TGFBR2,generic,TGFB2,TGFBR2,Border macrophage,Border macrophage,0.008536834982121625,638,0.03744765694585983,0.05970149253731343,12,0,0.2186533404042454,0.0,False
KITLG_KIT,generic,KITLG,KIT,Erythrocyte (blood),Fibroblast / VLMC,0.017115443320144398,477,0.03795645241264446,0.06965174129353234,8,2,0.22095256086269702,0.25,False
DLL1_NOTCH1,generic,DLL1,NOTCH1,Astrocyte,Endothelial,0.010443735465728979,417,0.03818967889674145,0.07462686567164178,6,1,0.22163858960918525,0.16666666666666666,False
GAS6_AXL,generic,GAS6,AXL,Border macrophage,Vascular smooth muscle,0.06517161610649853,164,0.03845938065009229,0.06467661691542288,1,0,0.22253153683381713,0.0,False
SPP1_CD44,generic,SPP1,CD44,Oligodendrocyte,Fibroblast / VLMC,0.14845457227276304,722,0.03887343667927151,0.05472636815920398,10,1,0.22398214023260798,0.1,False
HGF_MET,generic,HGF,MET,Border macrophage,Ependymal,0.0023955153726443216,241,0.038943276854602325,0.04477611940298507,5,0,0.22398214023260798,0.0,False
TGFB1_TGFBR1,generic,TGFB1,TGFBR1,Fibroblast / VLMC,Excitatory neuron,0.007605819998379938,499,0.03949077147685493,0.06965174129353234,7,1,0.22577908335428074,0.14285714285714285,False
ANGPT1_TEK,generic,ANGPT1,TEK,Erythrocyte (blood),Ependymal,0.004649203842606287,241,0.03938567924739256,0.06965174129353234,6,0,0.22577908335428074,0.0,False
PDGFA_PDGFRA,generic,PDGFA,PDGFRA,Astrocyte,Vascular smooth muscle,0.03668557742476966,237,0.04004489100633604,0.04975124378109453,7,0,0.2282677614930906,0.0,False
CXCL12_CXCR4,generic,CXCL12,CXCR4,Ependymal,Microglia,0.014776558156997438,63,0.040471632488978254,0.05472636815920398,1,0,0.23001776926428175,0.0,False
SPP1_CD44,generic,SPP1,CD44,Astrocyte,T / NK cell,0.04538763674168751,232,0.041938203527169385,0.06965174129353234,4,2,0.23734997467998828,0.5,False
TGFB2_TGFBR2,generic,TGFB2,TGFBR2,Border macrophage,Endothelial,0.015025190168165472,381,0.04200884507610412,0.07462686567164178,10,1,0.23734997467998828,0.1,False
PDGFB_PDGFRB,generic,PDGFB,PDGFRB,Erythrocyte (blood),Border macrophage,0.011732361086134641,848,0.042810337060072694,0.05970149253731343,12,1,0.24116908355542416,0.08333333333333333,False
HBEGF_EGFR,generic,HBEGF,EGFR,Pericyte,Oligodendrocyte,0.020285924698444122,141,0.04312075517697219,0.06965174129353234,1,0,0.2422075166519403,0.0,False
KITLG_KIT,generic,KITLG,KIT,Endothelial,Fibroblast / VLMC,0.010879880644280814,223,0.04342131617232566,0.06965174129353234,5,1,0.24318468911672766,0.2,False
VEGFB_FLT1,generic,VEGFB,FLT1,Oligodendrocyte,Inhibitory neuron,0.08140857219696045,40,0.04379150037541816,0.08955223880597014,0,0,0.24454497738714617,0.0,False
DLL4_NOTCH1,generic,DLL4,NOTCH1,Endothelial,T / NK cell,0.007570327977417957,253,0.044597419016756595,0.0945273631840796,7,0,0.24832359980054902,0.0,False
MIF_CD74,generic,MIF,CD74,Oligodendrocyte,OPC,1.2708255524436634,48,0.045236227111381457,0.04477611940298507,0,0,0.24990646221997123,0.0,False
PDGFB_PDGFRB,generic,PDGFB,PDGFRB,Microglia,Erythrocyte (blood),0.02261151776594274,170,0.04541449916085323,0.07960199004975124,4,1,0.24990646221997123,0.25,False
KITLG_KIT,generic,KITLG,KIT,Fibroblast / VLMC,T / NK cell,0.020085990698628837,221,0.04529930795645747,0.0845771144278607,4,1,0.24990646221997123,0.25,False
HBEGF_EGFR,generic,HBEGF,EGFR,Endothelial,Endothelial,0.018413897101760755,282,0.04506358210692805,0.06965174129353234,7,0,0.24990646221997123,0.0,False
VEGFA_KDR,generic,VEGFA,KDR,T / NK cell,Endothelial,0.01068955118005926,253,0.04553215084694947,0.06965174129353234,7,1,0.24990646221997123,0.14285714285714285,False
PDGFA_PDGFRA,generic,PDGFA,PDGFRA,Fibroblast / VLMC,Fibroblast / VLMC,0.015730379524246316,1242,0.04580257306039838,0.07462686567164178,9,2,0.2506744810513541,0.2222222222222222,False
FGF2_FGFR1,generic,FGF2,FGFR1,Choroid plexus,Choroid plexus,0.026509782299399376,96,0.046069194100712356,0.0945273631840796,1,0,0.25141739166894445,0.0,False
JAG1_NOTCH1,generic,JAG1,NOTCH1,Oligodendrocyte,Oligodendrocyte,0.006446851685141934,19620,0.046802199696951076,0.04975124378109453,12,2,0.2546941235632946,0.16666666666666666,False
PDGFB_PDGFRB,generic,PDGFB,PDGFRB,Choroid plexus,Border macrophage,0.01254288560336398,194,0.04764135634758234,0.10945273631840796,3,0,0.2585283772421064,0.0,False
MIF_CD74,generic,MIF,CD74,Ependymal,Vascular smooth muscle,0.8375444811853495,88,0.04792419586909957,0.05472636815920398,0,0,0.25915087549626736,0.0,False
VEGFB_FLT1,generic,VEGFB,FLT1,T / NK cell,Border macrophage,0.0596166530251503,400,0.04802587802013075,0.05472636815920398,11,1,0.25915087549626736,0.09090909090909091,False
SPP1_CD44,generic,SPP1,CD44,Choroid plexus,Astrocyte,0.07316739543488152,152,0.048435510334057304,0.07462686567164178,2,0,0.26023329804981277,0.0,False
GAS6_AXL,generic,GAS6,AXL,Erythrocyte (blood),Vascular smooth muscle,0.06316206676547538,237,0.04849740796555594,0.07462686567164178,5,1,0.26023329804981277,0.2,False
MIF_CD74,generic,MIF,CD74,Border macrophage,Vascular smooth muscle,0.924400245271078,164,0.048860415777260996,0.03980099502487562,1,0,0.26072460752255106,0.0,False
AREG_EGFR,generic,AREG,EGFR,Erythrocyte (blood),Astrocyte,0.004548772531292736,537,0.04876027872307982,0.11442786069651742,11,0,0.26072460752255106,0.0,False
SEMA3A_NRP1,generic,SEMA3A,NRP1,Astrocyte,Border macrophage,0.007383731908576433,516,0.049690499727361725,0.07462686567164178,8,1,0.264419529020116,0.125,False
CSF1_CSF1R,generic,CSF1,CSF1R,Oligodendrocyte,Choroid plexus,0.03643532032551973,230,0.05120018715182531,0.07462686567164178,6,1,0.2717004406592719,0.16666666666666666,False
CXCL12_CXCR4,generic,CXCL12,CXCR4,Erythrocyte (blood),Microglia,0.011037827239317052,170,0.05156002171202506,0.0845771144278607,4,1,0.27285620305454583,0.25,False
SEMA3A_NRP1,generic,SEMA3A,NRP1,Erythrocyte (blood),Astrocyte,0.003629200285373453,537,0.052706894996735455,0.0845771144278607,11,1,0.27815919035365055,0.09090909090909091,False
TNF_TNFRSF1A,generic,TNF,TNFRSF1A,Microglia,Excitatory neuron,0.010896258884006076,225,0.05310303177821079,0.12437810945273632,5,0,0.27948198368751487,0.0,False
PDGFA_PDGFRA,generic,PDGFA,PDGFRA,Fibroblast / VLMC,Border macrophage,0.034804432999853994,408,0.054203352154301665,0.09950248756218906,7,0,0.28449355051479097,0.0,False
TGFB2_TGFBR2,generic,TGFB2,TGFBR2,Ependymal,Endothelial,0.02621851296260439,203,0.05437129050827152,0.06467661691542288,3,1,0.2845974089002441,0.3333333333333333,False
PDGFB_PDGFRB,generic,PDGFB,PDGFRB,Fibroblast / VLMC,Microglia,0.026552223640939464,92,0.05461742666483316,0.11442786069651742,1,0,0.28510890386724047,0.0,False
GAS6_AXL,generic,GAS6,AXL,Erythrocyte (blood),Border macrophage,0.048534103440788554,848,0.05511494764654692,0.0845771144278607,12,2,0.2869263263658987,0.16666666666666666,False
SEMA3A_NRP1,generic,SEMA3A,NRP1,Fibroblast / VLMC,Pericyte,0.009893885125284609,92,0.055392636744889645,0.11442786069651742,1,0,0.2875925815863054,0.0,False
MIF_CD74,generic,MIF,CD74,Ependymal,Inhibitory neuron,0.9681696891784668,29,0.05558831876973537,0.06965174129353234,0,0,0.28783062090744377,0.0,False
MIF_CD74,generic,MIF,CD74,Vascular smooth muscle,Endothelial,0.8236098016491373,131,0.056133326069254856,0.06467661691542288,1,0,0.2883211748102636,0.0,False
GAS6_AXL,generic,GAS6,AXL,Choroid plexus,Excitatory neuron,0.060772141656400255,321,0.05599079169734725,0.05472636815920398,7,0,0.2883211748102636,0.0,False
JAG1_NOTCH1,generic,JAG1,NOTCH1,T / NK cell,Endothelial,0.018609179574039143,253,0.05608833508334597,0.0845771144278607,7,2,0.2883211748102636,0.2857142857142857,False
FGF7_FGFR2,generic,FGF7,FGFR2,Endothelial,Inhibitory neuron,0.16155147268658593,42,0.05673333828534387,0.06965174129353234,0,0,0.29062598092305486,0.0,False
PDGFB_PDGFRB,generic,PDGFB,PDGFRB,Microglia,Astrocyte,0.005762630743337861,141,0.057008923266840004,0.11442786069651742,4,0,0.29126101488191397,0.0,False
PDGFA_PDGFRA,generic,PDGFA,PDGFRA,Choroid plexus,Ependymal,0.05777930138541049,61,0.05782783509597315,0.08955223880597014,0,0,0.2944527116399287,0.0,False
GAS6_AXL,generic,GAS6,AXL,Astrocyte,Endothelial,0.04296092278094029,417,0.057981057496895,0.0945273631840796,6,0,0.2944527116399287,0.0,False
FGF2_FGFR1,generic,FGF2,FGFR1,Ependymal,Excitatory neuron,0.017724858365789818,274,0.05809348136987662,0.0845771144278607,7,1,0.2944527116399287,0.14285714285714285,False
HGF_MET,generic,HGF,MET,T / NK cell,T / NK cell,0.0027960131178686627,462,0.0589619613781909,0.11940298507462686,10,1,0.29806823107238084,0.1,False
TGFB2_TGFBR2,generic,TGFB2,TGFBR2,Erythrocyte (blood),Astrocyte,0.008162993070577555,537,0.05959347248797076,0.09950248756218906,11,1,0.30046997545772136,0.09090909090909091,False
KITLG_KIT,generic,KITLG,KIT,Erythrocyte (blood),Endothelial,0.01361111890185963,594,0.060057009442612025,0.07960199004975124,12,1,0.3020144375373238,0.08333333333333333,False
GAS6_AXL,generic,GAS6,AXL,Oligodendrocyte,Ependymal,0.04246312083162334,221,0.060566846433434775,0.07960199004975124,3,1,0.3037830600486376,0.3333333333333333,False
CSF1_CSF1R,generic,CSF1,CSF1R,Ependymal,Microglia,0.06494224639165969,63,0.061169639409559474,0.1044776119402985,1,0,0.3060074929837598,0.0,False
MIF_CD74,generic,MIF,CD74,Border macrophage,Microglia,1.0164017007241841,153,0.061803280998833865,0.06965174129353234,3,0,0.30832500924421635,0.0,False
VEGFB_FLT1,generic,VEGFB,FLT1,Pericyte,Vascular smooth muscle,0.09714394504741086,59,0.06243541311608546,0.1044776119402985,0,0,0.30832500924421635,0.0,False
GAS6_AXL,generic,GAS6,AXL,Vascular smooth muscle,T / NK cell,0.09637897636028046,94,0.06241126749350515,0.07462686567164178,0,0,0.30832500924421635,0.0,False
DLL1_NOTCH1,generic,DLL1,NOTCH1,Microglia,Pericyte,0.051096045609676476,33,0.0621626626051654,0.1044776119402985,0,0,0.30832500924421635,0.0,False
SPP1_CD44,generic,SPP1,CD44,Ependymal,T / NK cell,0.04756751180696888,119,0.062032265983539676,0.07462686567164178,1,0,0.30832500924421635,0.0,False
MIF_CD74,generic,MIF,CD74,Ependymal,T / NK cell,0.7432648434358484,119,0.06368529304268206,0.08955223880597014,1,0,0.3136908921410057,0.0,False
KITLG_KIT,generic,KITLG,KIT,Pericyte,Endothelial,0.0327356391482883,108,0.06441135784745661,0.09950248756218906,0,0,0.3164558015983738,0.0,False
VEGFA_KDR,generic,VEGFA,KDR,Vascular smooth muscle,T / NK cell,0.011854507821671505,94,0.06476699894830837,0.11940298507462686,0,0,0.31739133923392954,0.0,False
FGF2_FGFR1,generic,FGF2,FGFR1,Astrocyte,Border macrophage,0.017771613228228664,516,0.06500512285553324,0.07960199004975124,8,1,0.3176546845376797,0.125,False
WNT5A_FZD5,generic,WNT5A,FZD5,Fibroblast / VLMC,Erythrocyte (blood),0.0027481952303360594,477,0.06515145533984686,0.0845771144278607,8,1,0.3176546845376797,0.125,False
JAG1_NOTCH2,generic,JAG1,NOTCH2,Vascular smooth muscle,Endothelial,0.05219672381422902,131,0.06545872847493513,0.1044776119402985,1,0,0.31772675124731137,0.0,False
JAG1_NOTCH2,generic,JAG1,NOTCH2,Oligodendrocyte,Pericyte,0.01561203070566164,141,0.06562569942136416,0.11442786069651742,1,0,0.31772675124731137,0.0,False
JAG1_NOTCH1,generic,JAG1,NOTCH1,Erythrocyte (blood),Oligodendrocyte,0.012249142198022539,1342,0.06572142168690248,0.06467661691542288,10,0,0.31772675124731137,0.0,False
VEGFA_KDR,generic,VEGFA,KDR,Astrocyte,Vascular smooth muscle,0.01067050801047796,237,0.06599321902533953,0.08955223880597014,7,1,0.31772675124731137,0.14285714285714285,False
DLL4_NOTCH1,generic,DLL4,NOTCH1,T / NK cell,Endothelial,0.00723832445182348,253,0.06583301173700333,0.08955223880597014,7,1,0.31772675124731137,0.14285714285714285,False
PDGFA_PDGFRA,generic,PDGFA,PDGFRA,Choroid plexus,Choroid plexus,0.06005683417121569,96,0.06716414561033636,0.06965174129353234,1,0,0.32175143071684825,0.0,False
HBEGF_EGFR,generic,HBEGF,EGFR,Vascular smooth muscle,Endothelial,0.008886354570170396,131,0.06712338987671616,0.11940298507462686,1,0,0.32175143071684825,0.0,False
PDGFA_PDGFRA,generic,PDGFA,PDGFRA,Microglia,Erythrocyte (blood),0.028292996041914997,170,0.06779427018342132,0.0845771144278607,4,1,0.32396217169739394,0.25,False
DLL1_NOTCH1,generic,DLL1,NOTCH1,Astrocyte,Microglia,0.009765623309088091,141,0.06863360341551361,0.04477611940298507,4,0,0.32715918650422243,0.0,False
PDGFB_PDGFRB,generic,PDGFB,PDGFRB,Border macrophage,Pericyte,0.014111283421516418,160,0.07017758005592334,0.13432835820895522,3,0,0.33369091902828896,0.0,False
MIF_CD74,generic,MIF,CD74,Inhibitory neuron,Ependymal,1.097051003883625,29,0.07084280971612882,0.06467661691542288,0,0,0.33602231472761346,0.0,False
GAS6_AXL,generic,GAS6,AXL,T / NK cell,Astrocyte,0.04308325155027982,232,0.07130578771187567,0.08955223880597014,4,0,0.3373852664889487,0.0,False
JAG1_NOTCH2,generic,JAG1,NOTCH2,Excitatory neuron,Inhibitory neuron,0.010874562642791054,88,0.07181919440921399,0.11442786069651742,0,0,0.33897953921400503,0.0,False
MIF_CD74,generic,MIF,CD74,Oligodendrocyte,Border macrophage,0.7690269491333506,429,0.07235920883171773,0.08955223880597014,9,0,0.3406912749160043,0.0,False
DLL1_NOTCH1,generic,DLL1,NOTCH1,Choroid plexus,Astrocyte,0.006662582880572269,152,0.07324350547117255,0.06965174129353234,2,0,0.3440116723963874,0.0,False
TGFB1_TGFBR2,generic,TGFB1,TGFBR2,Choroid plexus,Oligodendrocyte,0.004655877921892249,230,0.07344413685888715,0.07462686567164178,6,1,0.34411265099005417,0.16666666666666666,False
VEGFA_FLT1,generic,VEGFA,FLT1,Erythrocyte (blood),Choroid plexus,0.011246437667518533,279,0.07392891058250627,0.09950248756218906,7,0,0.34488865993517936,0.0,False
DLL4_NOTCH1,generic,DLL4,NOTCH1,Oligodendrocyte,Oligodendrocyte,0.003427779957059691,19620,0.07396883284398433,0.08955223880597014,12,0,0.34488865993517936,0.0,False
JAG1_NOTCH1,generic,JAG1,NOTCH1,T / NK cell,Border macrophage,0.01684181213378906,400,0.07470339593635796,0.08955223880597014,11,1,0.3474702750453841,0.09090909090909091,False
FGF7_FGFR2,generic,FGF7,FGFR2,Pericyte,Pericyte,0.07802200317382812,26,0.07597504761857483,0.14427860696517414,0,0,0.3511177062309948,0.0,False
GAS6_AXL,generic,GAS6,AXL,Excitatory neuron,Pericyte,0.06729580397699393,255,0.07610147200251326,0.07960199004975124,7,2,0.3511177062309948,0.2857142857142857,False
PDGFA_PDGFRA,generic,PDGFA,PDGFRA,Astrocyte,Ependymal,0.019908835074144923,334,0.07621867959308945,0.10945273631840796,5,0,0.3511177062309948,0.0,False
TGFB2_TGFBR2,generic,TGFB2,TGFBR2,Inhibitory neuron,Excitatory neuron,0.017764243212613193,88,0.07580197891756581,0.13930348258706468,0,0,0.3511177062309948,0.0,False
JAG1_NOTCH1,generic,JAG1,NOTCH1,Erythrocyte (blood),Ependymal,0.008283684362514384,241,0.07650916072876254,0.07960199004975124,6,1,0.35161267406687285,0.16666666666666666,False
FGF7_FGFR2,generic,FGF7,FGFR2,Choroid plexus,Astrocyte,0.018089538342074343,152,0.07767336036801803,0.11442786069651742,2,0,0.35441929992152643,0.0,False
KITLG_KIT,generic,KITLG,KIT,Border macrophage,Endothelial,0.015273580557405166,381,0.077587214530129,0.11442786069651742,10,1,0.35441929992152643,0.1,False
SEMA3A_NRP1,generic,SEMA3A,NRP1,Excitatory neuron,Vascular smooth muscle,0.0068182796902126735,225,0.07741454799791916,0.11442786069651742,4,0,0.35441929992152643,0.0,False
JAG1_NOTCH2,generic,JAG1,NOTCH2,Oligodendrocyte,Erythrocyte (blood),0.009407310567563052,1342,0.07818961306275096,0.10945273631840796,10,1,0.3559294945344659,0.1,False
FGF2_FGFR1,generic,FGF2,FGFR1,Erythrocyte (blood),Astrocyte,0.013382338500777658,537,0.07839120288725594,0.06467661691542288,11,2,0.3560035478638739,0.18181818181818182,False
JAG1_NOTCH2,generic,JAG1,NOTCH2,Astrocyte,Ependymal,0.016647680077010285,334,0.0788982960018475,0.1044776119402985,5,0,0.3574613835366723,0.0,False
SPP1_CD44,generic,SPP1,CD44,Oligodendrocyte,Astrocyte,0.17975210237224198,342,0.0793483433306153,0.12437810945273632,6,1,0.35781259985472297,0.16666666666666666,False
SPP1_CD44,generic,SPP1,CD44,Endothelial,Inhibitory neuron,0.07648211433773949,42,0.07921851450647532,0.11940298507462686,0,0,0.35781259985472297,0.0,False
AREG_EGFR,generic,AREG,EGFR,Excitatory neuron,Excitatory neuron,0.00124564954303238,2258,0.08157226318964511,0.1044776119402985,12,0,0.3669796664808156,0.0,False
VEGFA_KDR,generic,VEGFA,KDR,Erythrocyte (blood),Border macrophage,0.0026831159825032613,848,0.08176994545588567,0.12437810945273632,12,1,0.3670094981793373,0.08333333333333333,False
JAG1_NOTCH2,generic,JAG1,NOTCH2,Choroid plexus,Border macrophage,0.016546740974347617,194,0.08322365630115097,0.0945273631840796,3,0,0.3726635052552704,0.0,False
PDGFA_PDGFRA,generic,PDGFA,PDGFRA,Excitatory neuron,Excitatory neuron,0.02240418749007638,2258,0.08372800177391354,0.08955223880597014,12,4,0.37404998001787887,0.3333333333333333,False
MIF_CD74,generic,MIF,CD74,Astrocyte,T / NK cell,0.9551428782528845,232,0.08412113138538191,0.0945273631840796,4,1,0.3743424203516858,0.25,False
DLL4_NOTCH1,generic,DLL4,NOTCH1,Excitatory neuron,Erythrocyte (blood),0.00520371272431911,1535,0.08418319916289863,0.10945273631840796,12,1,0.3743424203516858,0.08333333333333333,False
DLL1_NOTCH1,generic,DLL1,NOTCH1,Ependymal,Fibroblast / VLMC,0.016654240355199697,245,0.08475081923680833,0.15422885572139303,6,0,0.3759961287619141,0.0,False
VEGFB_FLT1,generic,VEGFB,FLT1,Astrocyte,Excitatory neuron,0.0591046018969445,336,0.08624228415389334,0.08955223880597014,9,1,0.38173140059822375,0.1111111111111111,False
TGFB1_TGFBR2,generic,TGFB1,TGFBR2,Vascular smooth muscle,Erythrocyte (blood),0.007006706064763451,237,0.08645325738168458,0.12935323383084577,5,1,0.3817855343223358,0.2,False
MIF_CD74,generic,MIF,CD74,Endothelial,Vascular smooth muscle,0.8805767798241768,131,0.0866658349598704,0.0945273631840796,1,0,0.3818464884355758,0.0,False
VEGFB_FLT1,generic,VEGFB,FLT1,Astrocyte,Erythrocyte (blood),0.05972104876179047,537,0.08730535466147549,0.1044776119402985,11,2,0.38378395035399177,0.18181818181818182,False
VEGFB_FLT1,generic,VEGFB,FLT1,Erythrocyte (blood),Fibroblast / VLMC,0.06124324237525588,477,0.08763133343872814,0.07960199004975124,8,1,0.3838377273022382,0.125,False
GAS6_AXL,generic,GAS6,AXL,T / NK cell,Endothelial,0.055497548207935135,253,0.088316645219984,0.08955223880597014,7,1,0.3838377273022382,0.14285714285714285,False
VEGFA_FLT1,generic,VEGFA,FLT1,Inhibitory neuron,Endothelial,0.02872309514454433,42,0.08809691077525655,0.12935323383084577,0,0,0.3838377273022382,0.0,False
TGFB1_TGFBR1,generic,TGFB1,TGFBR1,Vascular smooth muscle,Astrocyte,0.009981923968480105,237,0.08813488912058726,0.12437810945273632,7,0,0.3838377273022382,0.0,False
DLL1_NOTCH1,generic,DLL1,NOTCH1,Ependymal,Excitatory neuron,0.008273764248311955,274,0.08808666453579794,0.12437810945273632,7,0,0.3838377273022382,0.0,False
FGF7_FGFR2,generic,FGF7,FGFR2,Erythrocyte (blood),Oligodendrocyte,0.030930957477956166,1342,0.08885571590848107,0.0845771144278607,10,1,0.3844410591445769,0.1,False
FGF7_FGFR2,generic,FGF7,FGFR2,Border macrophage,Astrocyte,0.02044938239016274,516,0.08878048477884914,0.10945273631840796,8,0,0.3844410591445769,0.0,False
GAS6_AXL,generic,GAS6,AXL,Pericyte,Vascular smooth muscle,0.08882596937276549,59,0.08906805293592962,0.09950248756218906,0,0,0.3844937745840917,0.0,False
MIF_CD74,generic,MIF,CD74,T / NK cell,Fibroblast / VLMC,0.9568589391751526,221,0.09015457766120161,0.1044776119402985,4,1,0.3883115329308706,0.25,False
GAS6_AXL,generic,GAS6,AXL,Erythrocyte (blood),Inhibitory neuron,0.1040506362915039,55,0.09171597969785572,0.11940298507462686,0,0,0.3932732075883501,0.0,False
KITLG_KIT,generic,KITLG,KIT,Astrocyte,Oligodendrocyte,0.006906312808655856,342,0.0916778474005493,0.12437810945273632,6,0,0.3932732075883501,0.0,False
PDGFA_PDGFRA,generic,PDGFA,PDGFRA,Astrocyte,Microglia,0.0283904751987322,141,0.09215410672607655,0.12437810945273632,4,1,0.39354849456405744,0.25,False
EGF_EGFR,generic,EGF,EGFR,Astrocyte,Oligodendrocyte,0.0075088662710803295,342,0.09239477930681411,0.0845771144278607,6,1,0.39354849456405744,0.16666666666666666,False
HGF_MET,generic,HGF,MET,Choroid plexus,Border macrophage,0.006228411320558528,194,0.09224344044787325,0.06965174129353234,3,0,0.39354849456405744,0.0,False
MIF_CD74,generic,MIF,CD74,Astrocyte,Microglia,0.8135524548537342,141,0.0928112300653558,0.0945273631840796,4,0,0.39357698224182885,0.0,False
VEGFB_FLT1,generic,VEGFB,FLT1,Border macrophage,Fibroblast / VLMC,0.06105362229487475,408,0.0926601447575704,0.1044776119402985,7,1,0.39357698224182885,0.14285714285714285,False
JAG1_NOTCH1,generic,JAG1,NOTCH1,Vascular smooth muscle,Choroid plexus,0.08646721918074811,61,0.09349797802350795,0.0945273631840796,0,0,0.3949685822186407,0.0,False
JAG1_NOTCH1,generic,JAG1,NOTCH1,T / NK cell,Astrocyte,0.01769407453208134,232,0.0935506012022288,0.14925373134328357,4,0,0.3949685822186407,0.0,False
TGFB1_TGFBR2,generic,TGFB1,TGFBR2,Border macrophage,Choroid plexus,0.01123068996311463,194,0.09388150443984128,0.11940298507462686,3,0,0.39549642550205066,0.0,False
SPP1_CD44,generic,SPP1,CD44,Fibroblast / VLMC,Excitatory neuron,0.0647267640712027,499,0.0944662225207537,0.1044776119402985,7,1,0.3966443829877348,0.14285714285714285,False
VEGFA_KDR,generic,VEGFA,KDR,Oligodendrocyte,Oligodendrocyte,0.0026015082903958243,19620,0.09456695856761194,0.10945273631840796,12,0,0.3966443829877348,0.0,False
JAG1_NOTCH2,generic,JAG1,NOTCH2,Erythrocyte (blood),Astrocyte,0.014748734246863111,537,0.0956766725055741,0.12437810945273632,11,1,0.4004245923381434,0.09090909090909091,False
SPP1_CD44,generic,SPP1,CD44,Erythrocyte (blood),Oligodendrocyte,0.1491414810435072,1342,0.09596985122989199,0.0945273631840796,10,3,0.40077844394048373,0.3,False
FGF7_FGFR2,generic,FGF7,FGFR2,Oligodendrocyte,Inhibitory neuron,0.0665317177772522,40,0.09764769543674101,0.11940298507462686,0,0,0.40601996306056165,0.0,False
DLL4_NOTCH1,generic,DLL4,NOTCH1,Border macrophage,Vascular smooth muscle,0.004565900782259499,164,0.09747209076862628,0.1791044776119403,1,0,0.40601996306056165,0.0,False
CSF1_CSF1R,generic,CSF1,CSF1R,Astrocyte,Vascular smooth muscle,0.01379589390654101,237,0.09815900498824542,0.15422885572139303,7,0,0.40726446778060355,0.0,False
TGFB1_TGFBR1,generic,TGFB1,TGFBR1,Excitatory neuron,Erythrocyte (blood),0.0017282405194708112,1535,0.09937613476399076,0.11442786069651742,12,1,0.41142576483109106,0.08333333333333333,False
KITLG_KIT,generic,KITLG,KIT,T / NK cell,T / NK cell,0.012507597863416134,462,0.10028226889417396,0.09950248756218906,10,1,0.4142843839692649,0.1,False
VEGFB_FLT1,generic,VEGFB,FLT1,Pericyte,Fibroblast / VLMC,0.05196591693422069,92,0.10093407217684952,0.11442786069651742,1,0,0.41608230182774236,0.0,False
SEMA3A_NRP1,generic,SEMA3A,NRP1,Fibroblast / VLMC,Fibroblast / VLMC,0.0031648174576137376,1242,0.10182055641347432,0.1044776119402985,9,1,0.41883787766656133,0.1111111111111111,False
PDGFA_PDGFRA,generic,PDGFA,PDGFRA,Fibroblast / VLMC,Vascular smooth muscle,0.03289189896026215,154,0.10360239785347847,0.13432835820895522,2,1,0.4252568510182311,0.5,False
VEGFB_FLT1,generic,VEGFB,FLT1,Inhibitory neuron,Fibroblast / VLMC,0.0928275676874014,26,0.1043868438544498,0.11940298507462686,0,0,0.4268027246508378,0.0,False
PDGFA_PDGFRA,generic,PDGFA,PDGFRA,Microglia,Excitatory neuron,0.030417434374491372,225,0.10451562721981117,0.09950248756218906,5,0,0.4268027246508378,0.0,False
TGFB2_TGFBR2,generic,TGFB2,TGFBR2,Excitatory neuron,Microglia,0.009173489676581489,225,0.10464554050522884,0.14427860696517414,5,0,0.4268027246508378,0.0,False
HBEGF_EGFR,generic,HBEGF,EGFR,Excitatory neuron,T / NK cell,0.0026113954007900256,651,0.10511503297273489,0.13432835820895522,12,1,0.4278092761453893,0.08333333333333333,False
SPP1_CD44,generic,SPP1,CD44,T / NK cell,Fibroblast / VLMC,0.09533269373000477,221,0.1062327757606975,0.0945273631840796,4,1,0.4314443176243127,0.25,False
GAS6_AXL,generic,GAS6,AXL,T / NK cell,T / NK cell,0.054209523128740715,462,0.10689828255506251,0.11442786069651742,10,3,0.4332312252917196,0.3,False
DLL4_NOTCH1,generic,DLL4,NOTCH1,Vascular smooth muscle,Endothelial,0.025332924063879114,131,0.10718852583612654,0.11442786069651742,1,0,0.43349296448673486,0.0,False
FGF7_FGFR2,generic,FGF7,FGFR2,T / NK cell,Choroid plexus,0.013166795516836232,116,0.10803969062418672,0.1890547263681592,2,0,0.43601732287618217,0.0,False
SPP1_CD44,generic,SPP1,CD44,T / NK cell,Oligodendrocyte,0.1481760335021198,453,0.11020316248107148,0.12437810945273632,9,0,0.43765574441572713,0.0,False
GAS6_AXL,generic,GAS6,AXL,T / NK cell,Vascular smooth muscle,0.074977160768306,94,0.1090445173397856,0.11442786069651742,0,0,0.43765574441572713,0.0,False
GAS6_AXL,generic,GAS6,AXL,Ependymal,T / NK cell,0.06584147445294035,119,0.1099602786570244,0.10945273631840796,1,0,0.43765574441572713,0.0,False
JAG1_NOTCH1,generic,JAG1,NOTCH1,Pericyte,Fibroblast / VLMC,0.030556886092476223,92,0.11000408012551599,0.13930348258706468,1,0,0.43765574441572713,0.0,False
FGF7_FGFR2,generic,FGF7,FGFR2,Pericyte,Fibroblast / VLMC,0.02335311796354211,92,0.11012912143285669,0.21393034825870647,1,0,0.43765574441572713,0.0,False
HBEGF_EGFR,generic,HBEGF,EGFR,Vascular smooth muscle,T / NK cell,0.019365084932205526,94,0.11028762760756394,0.0945273631840796,0,0,0.43765574441572713,0.0,False
FGF2_FGFR1,generic,FGF2,FGFR1,Ependymal,Choroid plexus,0.018246107414120534,61,0.11072394158565507,0.14925373134328357,0,0,0.43765574441572713,0.0,False
JAG1_NOTCH1,generic,JAG1,NOTCH1,Excitatory neuron,Pericyte,0.013333997071958056,255,0.109390181315425,0.0945273631840796,7,1,0.43765574441572713,0.14285714285714285,False
PDGFB_PDGFRB,generic,PDGFB,PDGFRB,Vascular smooth muscle,Vascular smooth muscle,0.008671572395399505,408,0.11065683703610457,0.14427860696517414,7,1,0.43765574441572713,0.14285714285714285,False
SEMA3A_NRP1,generic,SEMA3A,NRP1,Choroid plexus,Fibroblast / VLMC,0.007589513840882674,138,0.10973055013125582,0.13432835820895522,2,0,0.43765574441572713,0.0,False
JAG1_NOTCH2,generic,JAG1,NOTCH2,Oligodendrocyte,Astrocyte,0.017167767237501536,342,0.11231836586917687,0.11442786069651742,6,0,0.4430463672170201,0.0,False
PDGFB_PDGFRB,generic,PDGFB,PDGFRB,Border macrophage,Fibroblast / VLMC,0.01412538263727637,408,0.11280845407030415,0.12935323383084577,7,1,0.4431595915522582,0.14285714285714285,False
TGFB1_TGFBR1,generic,TGFB1,TGFBR1,Oligodendrocyte,Astrocyte,0.006158434159574453,342,0.11262807168419176,0.13432835820895522,6,1,0.4431595915522582,0.16666666666666666,False
VEGFA_FLT1,generic,VEGFA,FLT1,Vascular smooth muscle,Vascular smooth muscle,0.028426194015671227,408,0.11514701160836188,0.12437810945273632,7,1,0.4502431701455392,0.14285714285714285,False
SEMA3A_NRP1,generic,SEMA3A,NRP1,Oligodendrocyte,Erythrocyte (blood),0.005824723382287515,1342,0.1153147525828242,0.1044776119402985,10,1,0.4502431701455392,0.1,False
VEGFA_KDR,generic,VEGFA,KDR,Ependymal,Oligodendrocyte,0.005761555956499609,221,0.11515100794857858,0.06467661691542288,3,1,0.4502431701455392,0.3333333333333333,False
PDGFB_PDGFRB,generic,PDGFB,PDGFRB,Microglia,Excitatory neuron,0.012251450220743814,225,0.11586957902052258,0.10945273631840796,5,1,0.45140404639216225,0.2,False
FGF2_FGFR1,generic,FGF2,FGFR1,Endothelial,Excitatory neuron,0.01159871005210556,595,0.11608204004046235,0.11940298507462686,12,0,0.45140404639216225,0.0,False
TGFB1_TGFBR2,generic,TGFB1,TGFBR2,Erythrocyte (blood),Pericyte,0.008647885322570801,225,0.11762147784452853,0.14427860696517414,5,0,0.456466381695635,0.0,False
TGFB1_TGFBR1,generic,TGFB1,TGFBR1,Excitatory neuron,Pericyte,0.0022106451146742877,255,0.11804510014837832,0.13930348258706468,7,0,0.45718676892144106,0.0,False
GAS6_AXL,generic,GAS6,AXL,Erythrocyte (blood),Erythrocyte (blood),0.040350058311277,6296,0.11843294533310456,0.11940298507462686,12,1,0.45776597180059125,0.08333333333333333,False
GAS6_AXL,generic,GAS6,AXL,Pericyte,Astrocyte,0.039792376756668094,120,0.11932488277605907,0.12935323383084577,1,0,0.45933610817932913,0.0,False
SPP1_CD44,generic,SPP1,CD44,Border macrophage,Microglia,0.03909936216142443,153,0.11955650915651461,0.13930348258706468,3,0,0.45933610817932913,0.0,False
KITLG_KIT,generic,KITLG,KIT,Endothelial,Choroid plexus,0.012885675543830508,84,0.11924593610360062,0.14925373134328357,0,0,0.45933610817932913,0.0,False
VEGFA_FLT1,generic,VEGFA,FLT1,Oligodendrocyte,Ependymal,0.015408629205971282,221,0.12016457668345648,0.15920398009950248,3,1,0.46075080201381213,0.3333333333333333,False
VEGFB_FLT1,generic,VEGFB,FLT1,Pericyte,Erythrocyte (blood),0.05114555252922906,225,0.12238998422532132,0.15920398009950248,5,2,0.4683489236988889,0.4,False
GAS6_AXL,generic,GAS6,AXL,Border macrophage,Border macrophage,0.04202886939422464,638,0.12358357986139573,0.12935323383084577,12,0,0.4691779780903976,0.0,False
PDGFA_PDGFRA,generic,PDGFA,PDGFRA,Excitatory neuron,Endothelial,0.024887207826646437,595,0.12353529185593143,0.12437810945273632,12,1,0.4691779780903976,0.08333333333333333,False
PDGFA_PDGFRA,generic,PDGFA,PDGFRA,Erythrocyte (blood),Vascular smooth muscle,0.022269882230316035,237,0.12310553324967888,0.12935323383084577,5,0,0.4691779780903976,0.0,False
CXCL12_CXCR4,generic,CXCL12,CXCR4,Choroid plexus,T / NK cell,0.010294026341931573,116,0.12298206022278424,0.17412935323383086,2,1,0.4691779780903976,0.5,False
SPP1_CD44,generic,SPP1,CD44,Oligodendrocyte,Erythrocyte (blood),0.1841022778196946,1342,0.12499192747570786,0.10945273631840796,10,0,0.4692973564052557,0.0,False
SPP1_CD44,generic,SPP1,CD44,Border macrophage,Fibroblast / VLMC,0.05591357587014928,408,0.1251514500457826,0.15422885572139303,7,1,0.4692973564052557,0.14285714285714285,False
KITLG_KIT,generic,KITLG,KIT,Excitatory neuron,Pericyte,0.01926074261758842,255,0.1249193291152712,0.13930348258706468,7,1,0.4692973564052557,0.14285714285714285,False
TGFB2_TGFBR2,generic,TGFB2,TGFBR2,Choroid plexus,Erythrocyte (blood),0.009806367231526255,279,0.12414035310688154,0.13432835820895522,7,0,0.4692973564052557,0.0,False
SEMA3A_NRP1,generic,SEMA3A,NRP1,Vascular smooth muscle,Vascular smooth muscle,0.0054569799526065004,408,0.12532511391769713,0.10945273631840796,7,1,0.4692973564052557,0.14285714285714285,False
SEMA3A_NRP1,generic,SEMA3A,NRP1,Border macrophage,Erythrocyte (blood),0.004075276507240422,848,0.12453743606993412,0.12437810945273632,12,1,0.4692973564052557,0.08333333333333333,False
VEGFA_KDR,generic,VEGFA,KDR,Excitatory neuron,Endothelial,0.0038974066742328037,595,0.12477511115731749,0.13930348258706468,12,1,0.4692973564052557,0.08333333333333333,False
FGF7_FGFR2,generic,FGF7,FGFR2,T / NK cell,Oligodendrocyte,0.030157955540200208,453,0.125805448339469,0.12437810945273632,9,1,0.4699311570895962,0.1111111111111111,False
VEGFA_KDR,generic,VEGFA,KDR,Excitatory neuron,Pericyte,0.0036876634055492924,255,0.12598362618487352,0.12935323383084577,7,0,0.4699311570895962,0.0,False
GAS6_AXL,generic,GAS6,AXL,Astrocyte,Excitatory neuron,0.029517219889731633,336,0.12687295408506982,0.12935323383084577,9,1,0.4723312883670913,0.1111111111111111,False
GAS6_AXL,generic,GAS6,AXL,Excitatory neuron,Erythrocyte (blood),0.052447535801399804,1535,0.12730256816879737,0.12935323383084577,12,1,0.47301399120359716,0.08333333333333333,False
CSF1_CSF1R,generic,CSF1,CSF1R,Excitatory neuron,Border macrophage,0.0051741194589699675,1057,0.12756465244698068,0.12935323383084577,12,1,0.47307277480820437,0.08333333333333333,False
PDGFA_PDGFRA,generic,PDGFA,PDGFRA,Endothelial,Erythrocyte (blood),0.02351100231059874,594,0.1281656501253351,0.14427860696517414,12,0,0.47347348825147834,0.0,False
VEGFA_FLT1,generic,VEGFA,FLT1,Erythrocyte (blood),T / NK cell,0.012258370113010189,526,0.1280509342203553,0.12437810945273632,12,0,0.47347348825147834,0.0,False
FGF7_FGFR2,generic,FGF7,FGFR2,Ependymal,Astrocyte,0.014854296952664495,334,0.12892683220973228,0.12935323383084577,5,0,0.4743617638848441,0.0,False
SEMA3A_NRP1,generic,SEMA3A,NRP1,Astrocyte,Erythrocyte (blood),0.004278683351626831,537,0.128919079046162,0.16417910447761194,11,0,0.4743617638848441,0.0,False
HGF_MET,generic,HGF,MET,Endothelial,T / NK cell,0.003432417339958221,253,0.12914690396240158,0.06965174129353234,7,1,0.4743617638848441,0.14285714285714285,False
VEGFA_FLT1,generic,VEGFA,FLT1,Pericyte,Fibroblast / VLMC,0.015105583097623743,92,0.12970815329590313,0.14925373134328357,1,0,0.47551405053708,0.0,False
PDGFA_PDGFRA,generic,PDGFA,PDGFRA,Endothelial,Microglia,0.0420763521659665,82,0.13310683882160623,0.13432835820895522,0,0,0.4797364166211131,0.0,False
FGF7_FGFR2,generic,FGF7,FGFR2,Inhibitory neuron,Erythrocyte (blood),0.02938848625529896,55,0.13273326142267539,0.17412935323383086,0,0,0.4797364166211131,0.0,False
TGFB2_TGFBR2,generic,TGFB2,TGFBR2,Ependymal,Choroid plexus,0.019874254211050567,61,0.13214813742423231,0.09950248756218906,0,0,0.4797364166211131,0.0,False
VEGFA_FLT1,generic,VEGFA,FLT1,Fibroblast / VLMC,Erythrocyte (blood),0.0197605945529178,477,0.132185168108154,0.14925373134328357,8,2,0.4797364166211131,0.25,False
JAG1_NOTCH2,generic,JAG1,NOTCH2,Astrocyte,Fibroblast / VLMC,0.011426839528907657,382,0.13191200145187432,0.14427860696517414,7,0,0.4797364166211131,0.0,False
FGF2_FGFR1,generic,FGF2,FGFR1,Endothelial,Ependymal,0.010990246176132428,203,0.13267378761095544,0.15920398009950248,3,1,0.4797364166211131,0.3333333333333333,False
KITLG_KIT,generic,KITLG,KIT,Oligodendrocyte,Choroid plexus,0.010310334226359491,230,0.13223658132082655,0.14427860696517414,6,0,0.4797364166211131,0.0,False
FGF7_FGFR2,generic,FGF7,FGFR2,Endothelial,Oligodendrocyte,0.009163588827306574,220,0.13310750133214644,0.18407960199004975,4,0,0.4797364166211131,0.0,False
FGF2_FGFR1,generic,FGF2,FGFR1,Excitatory neuron,Erythrocyte (blood),0.006410845444334446,1535,0.13151856328655176,0.14427860696517414,12,0,0.4797364166211131,0.0,False
HBEGF_EGFR,generic,HBEGF,EGFR,Border macrophage,Ependymal,0.006979829542864408,241,0.13340011671958296,0.1044776119402985,5,1,0.4798906820567769,0.2,False
GAS6_AXL,generic,GAS6,AXL,Pericyte,Border macrophage,0.04637623354792595,160,0.13400440692783216,0.15422885572139303,3,0,0.4811634873053563,0.0,False
FGF7_FGFR2,generic,FGF7,FGFR2,Choroid plexus,Oligodendrocyte,0.02605865753215292,230,0.13452279597161437,0.14925373134328357,6,0,0.4821236773534911,0.0,False
TGFB1_TGFBR2,generic,TGFB1,TGFBR2,T / NK cell,T / NK cell,0.007511120337944526,462,0.13867466617700785,0.16417910447761194,10,0,0.49607827509503183,0.0,False
JAG1_NOTCH1,generic,JAG1,NOTCH1,Endothelial,Oligodendrocyte,0.018246295777234165,220,0.13918810293245415,0.14427860696517414,4,0,0.4968243151574535,0.0,False
JAG1_NOTCH2,generic,JAG1,NOTCH2,Astrocyte,Endothelial,0.008775442910137222,417,0.1394004715616176,0.15422885572139303,6,1,0.4968243151574535,0.16666666666666666,False
VEGFB_FLT1,generic,VEGFB,FLT1,Microglia,Endothelial,0.0607853081168198,82,0.14026789551081426,0.15422885572139303,0,0,0.4980677029136306,0.0,False
TGFB2_TGFBR2,generic,TGFB2,TGFBR2,Endothelial,Erythrocyte (blood),0.0031897576168330027,594,0.14003822839838165,0.16417910447761194,12,1,0.4980677029136306,0.08333333333333333,False
MIF_CD74,generic,MIF,CD74,Fibroblast / VLMC,Microglia,0.711426651996115,92,0.1411247819093207,0.14427860696517414,1,0,0.4993649103105753,0.0,False
PDGFB_PDGFRB,generic,PDGFB,PDGFRB,Erythrocyte (blood),Vascular smooth muscle,0.009821404384661324,237,0.1411531214464562,0.1791044776119403,5,1,0.4993649103105753,0.2,False
VEGFB_FLT1,generic,VEGFB,FLT1,Border macrophage,T / NK cell,0.04891820341348648,400,0.14253775575462357,0.17412935323383086,11,1,0.5033364500085145,0.09090909090909091,False
SPP1_CD44,generic,SPP1,CD44,Endothelial,Border macrophage,0.04133104401936368,381,0.1431437595221104,0.15422885572139303,10,1,0.5043200468847838,0.1,False
JAG1_NOTCH2,generic,JAG1,NOTCH2,Excitatory neuron,Excitatory neuron,0.006944794098923331,2258,0.14334135637641437,0.16417910447761194,12,0,0.5043200468847838,0.0,False
DLL1_NOTCH1,generic,DLL1,NOTCH1,Pericyte,Oligodendrocyte,0.019236694836447424,141,0.1443385076069968,0.14427860696517414,1,0,0.5052203826073896,0.0,False
FGF2_FGFR1,generic,FGF2,FGFR1,Endothelial,Astrocyte,0.01069289174297159,417,0.14448061893823888,0.1691542288557214,6,0,0.5052203826073896,0.0,False
DLL1_NOTCH1,generic,DLL1,NOTCH1,Choroid plexus,Erythrocyte (blood),0.009282233467238778,279,0.14491224925386342,0.13930348258706468,7,0,0.5052203826073896,0.0,False
DLL1_NOTCH1,generic,DLL1,NOTCH1,Fibroblast / VLMC,T / NK cell,0.006669221960041857,221,0.14466998274548126,0.14427860696517414,4,0,0.5052203826073896,0.0,False
SEMA3A_NRP1,generic,SEMA3A,NRP1,Endothelial,Excitatory neuron,0.0033082146604521937,595,0.14438529746404538,0.17412935323383086,12,1,0.5052203826073896,0.08333333333333333,False
PDGFA_PDGFRA,generic,PDGFA,PDGFRA,Pericyte,Microglia,0.08566727421500465,33,0.1471487131459736,0.16417910447761194,0,0,0.5111621662810403,0.0,False
FGF2_FGFR1,generic,FGF2,FGFR1,Endothelial,Erythrocyte (blood),0.011484243452348292,594,0.14697823881962496,0.18407960199004975,12,0,0.5111621662810403,0.0,False
DLL1_NOTCH1,generic,DLL1,NOTCH1,Excitatory neuron,Endothelial,0.0038249321344519865,595,0.14805353301340413,0.16417910447761194,12,1,0.513376961947201,0.08333333333333333,False
GAS6_AXL,generic,GAS6,AXL,Fibroblast / VLMC,Fibroblast / VLMC,0.03075133012112788,1242,0.148666272622004,0.1691542288557214,9,1,0.5145728102826481,0.1111111111111111,False
TGFB1_TGFBR1,generic,TGFB1,TGFBR1,Vascular smooth muscle,Border macrophage,0.01271146535873413,164,0.14933364617573663,0.1691542288557214,1,0,0.5159531192510612,0.0,False
TGFB1_TGFBR2,generic,TGFB1,TGFBR2,Border macrophage,Border macrophage,0.0051193581105773356,638,0.15060795289382894,0.11940298507462686,12,1,0.5194216831401174,0.08333333333333333,False
VEGFB_FLT1,generic,VEGFB,FLT1,Pericyte,Oligodendrocyte,0.03636671972612963,141,0.15121282596070895,0.11940298507462686,1,0,0.5200130840055274,0.0,False
JAG1_NOTCH2,generic,JAG1,NOTCH2,Erythrocyte (blood),Excitatory neuron,0.008124817310793004,1535,0.15132082975486194,0.15920398009950248,12,1,0.5200130840055274,0.08333333333333333,False
VEGFA_KDR,generic,VEGFA,KDR,Erythrocyte (blood),T / NK cell,0.003443029896841303,526,0.15216161274823758,0.16417910447761194,12,1,0.5219686751595793,0.08333333333333333,False
FGF7_FGFR2,generic,FGF7,FGFR2,Microglia,T / NK cell,0.01900535114109516,80,0.15335121345714026,0.12935323383084577,0,0,0.5232463251352868,0.0,False
JAG1_NOTCH2,generic,JAG1,NOTCH2,Oligodendrocyte,Border macrophage,0.011219181380905472,429,0.15313741452856094,0.18407960199004975,9,0,0.5232463251352868,0.0,False
TGFB2_TGFBR2,generic,TGFB2,TGFBR2,T / NK cell,Endothelial,0.01018097984932157,253,0.15315148919159177,0.13432835820895522,7,0,0.5232463251352868,0.0,False
SPP1_CD44,generic,SPP1,CD44,T / NK cell,Astrocyte,0.036427742448346366,232,0.1549704538023492,0.16417910447761194,4,1,0.5259686250076198,0.25,False
SEMA3A_NRP1,generic,SEMA3A,NRP1,Excitatory neuron,Pericyte,0.005131362466251149,255,0.15489784580150684,0.15920398009950248,7,1,0.5259686250076198,0.14285714285714285,False
HBEGF_EGFR,generic,HBEGF,EGFR,Excitatory neuron,Endothelial,0.0027803909878770846,595,0.15450531284307256,0.14925373134328357,12,1,0.5259686250076198,0.08333333333333333,False
VEGFB_FLT1,generic,VEGFB,FLT1,Vascular smooth muscle,T / NK cell,0.043504841784213454,94,0.15690789778548925,0.14925373134328357,0,0,0.5292940636624026,0.0,False
JAG1_NOTCH2,generic,JAG1,NOTCH2,Astrocyte,Oligodendrocyte,0.00917982706549572,342,0.15664148718363768,0.1791044776119403,6,1,0.5292940636624026,0.16666666666666666,False
CSF1_CSF1R,generic,CSF1,CSF1R,Ependymal,Erythrocyte (blood),0.006439871807810677,241,0.15725758806209444,0.11940298507462686,6,1,0.5292940636624026,0.16666666666666666,False
EGF_EGFR,generic,EGF,EGFR,Excitatory neuron,Choroid plexus,0.0023256503161611587,321,0.1562345969197534,0.11442786069651742,7,0,0.5292940636624026,0.0,False
WNT5A_FZD5,generic,WNT5A,FZD5,Oligodendrocyte,Oligodendrocyte,0.0005934102212009566,19620,0.15732790752276515,0.15422885572139303,12,1,0.5292940636624026,0.08333333333333333,False
GAS6_AXL,generic,GAS6,AXL,Endothelial,T / NK cell,0.0647458673230273,253,0.1580625266822851,0.15422885572139303,7,1,0.5303646169798254,0.14285714285714285,False
PDGFB_PDGFRB,generic,PDGFB,PDGFRB,Border macrophage,Ependymal,0.0072408014313313975,241,0.1581982954343779,0.16417910447761194,5,0,0.5303646169798254,0.0,False
JAG1_NOTCH2,generic,JAG1,NOTCH2,Border macrophage,Vascular smooth muscle,0.014008869485157291,164,0.16058929159203816,0.16417910447761194,1,0,0.5374425594918211,0.0,False
FGF2_FGFR1,generic,FGF2,FGFR1,Endothelial,Vascular smooth muscle,0.01771995675472813,131,0.16114054994049126,0.1691542288557214,1,0,0.5383413794576286,0.0,False
FGF2_FGFR1,generic,FGF2,FGFR1,T / NK cell,Oligodendrocyte,0.010954362140849199,453,0.16141834178427594,0.17412935323383086,9,1,0.5383413794576286,0.1111111111111111,False
TGFB2_TGFBR2,generic,TGFB2,TGFBR2,Erythrocyte (blood),Choroid plexus,0.003199989650411845,279,0.16237848148722106,0.13432835820895522,7,0,0.5406049617624812,0.0,False
GAS6_AXL,generic,GAS6,AXL,Choroid plexus,Ependymal,0.09597580257009287,61,0.1635752788883557,0.15422885572139303,0,0,0.540840121763393,0.0,False
JAG1_NOTCH1,generic,JAG1,NOTCH1,Inhibitory neuron,Excitatory neuron,0.029110974886200645,88,0.1635599324064349,0.16417910447761194,0,0,0.540840121763393,0.0,False
JAG1_NOTCH2,generic,JAG1,NOTCH2,Oligodendrocyte,Excitatory neuron,0.007427071969640037,601,0.16279203962134364,0.15422885572139303,12,1,0.540840121763393,0.08333333333333333,False
TGFB2_TGFBR2,generic,TGFB2,TGFBR2,Excitatory neuron,Erythrocyte (blood),0.007123168943759284,1535,0.16355120997604705,0.15920398009950248,12,0,0.540840121763393,0.0,False
MIF_CD74,generic,MIF,CD74,Inhibitory neuron,T / NK cell,1.4150375596114568,28,0.1642956180392653,0.20398009950248755,0,0,0.541358288599363,0.0,False
HBEGF_EGFR,generic,HBEGF,EGFR,Erythrocyte (blood),Choroid plexus,0.002913652782371822,279,0.16415147305889827,0.16417910447761194,7,0,0.541358288599363,0.0,False
ANGPT1_TEK,generic,ANGPT1,TEK,Erythrocyte (blood),Excitatory neuron,0.0012629817285444527,1535,0.1646382230180875,0.15422885572139303,12,1,0.5415582644139488,0.08333333333333333,False
KITLG_KIT,generic,KITLG,KIT,Inhibitory neuron,Oligodendrocyte,0.06323872804641724,40,0.1659762908666323,0.15422885572139303,0,0,0.5427244194170684,0.0,False
KITLG_KIT,generic,KITLG,KIT,Pericyte,Erythrocyte (blood),0.02206469694773356,225,0.1657054173331856,0.14427860696517414,5,0,0.5427244194170684,0.0,False
JAG1_NOTCH2,generic,JAG1,NOTCH2,Excitatory neuron,Choroid plexus,0.007414312006157136,321,0.1661228311385925,0.17412935323383086,7,1,0.5427244194170684,0.14285714285714285,False
TGFB1_TGFBR1,generic,TGFB1,TGFBR1,Astrocyte,T / NK cell,0.006286549670942898,232,0.16536403710398556,0.1044776119402985,4,0,0.5427244194170684,0.0,False
JAG1_NOTCH1,generic,JAG1,NOTCH1,Endothelial,Ependymal,0.009936978664304236,203,0.1664982567526453,0.15920398009950248,3,0,0.5430274214292556,0.0,False
MIF_CD74,generic,MIF,CD74,Fibroblast / VLMC,Fibroblast / VLMC,0.5899080911504282,1242,0.16832270378163605,0.14925373134328357,9,2,0.5434418722092822,0.2222222222222222,False
SPP1_CD44,generic,SPP1,CD44,Ependymal,Ependymal,0.04421267153202802,174,0.1678260898591657,0.15422885572139303,4,1,0.5434418722092822,0.25,False
JAG1_NOTCH2,generic,JAG1,NOTCH2,Erythrocyte (blood),Inhibitory neuron,0.020966976339166814,55,0.1681956120211116,0.17412935323383086,0,0,0.5434418722092822,0.0,False
TGFB2_TGFBR2,generic,TGFB2,TGFBR2,Erythrocyte (blood),Fibroblast / VLMC,0.010285121464879258,477,0.16731229492050015,0.19900497512437812,8,0,0.5434418722092822,0.0,False
CXCL12_CXCR4,generic,CXCL12,CXCR4,Erythrocyte (blood),Endothelial,0.004787929130323006,594,0.16811795364652188,0.11442786069651742,12,1,0.5434418722092822,0.08333333333333333,False
HBEGF_EGFR,generic,HBEGF,EGFR,Erythrocyte (blood),Erythrocyte (blood),0.0016388886405824857,6296,0.16808307696717384,0.18407960199004975,12,2,0.5434418722092822,0.16666666666666666,False
MIF_CD74,generic,MIF,CD74,Erythrocyte (blood),Vascular smooth muscle,0.8369465447679351,237,0.16980402093253416,0.1890547263681592,5,1,0.5473045708244935,0.2,False
FGF2_FGFR1,generic,FGF2,FGFR1,Excitatory neuron,Ependymal,0.00884638824602113,274,0.17022797553239138,0.18407960199004975,7,1,0.5477519949710618,0.14285714285714285,False
MIF_CD74,generic,MIF,CD74,Choroid plexus,T / NK cell,1.0585977286100388,116,0.17278114600575795,0.18407960199004975,2,0,0.549524141518313,0.0,False
VEGFB_FLT1,generic,VEGFB,FLT1,Border macrophage,Vascular smooth muscle,0.06056662376334027,164,0.17231712048545506,0.18407960199004975,1,0,0.549524141518313,0.0,False
GAS6_AXL,generic,GAS6,AXL,Erythrocyte (blood),Microglia,0.04324839255389045,170,0.17264465227898546,0.1691542288557214,4,1,0.549524141518313,0.25,False
VEGFA_FLT1,generic,VEGFA,FLT1,Border macrophage,T / NK cell,0.015044907182455063,400,0.17234674608098383,0.13432835820895522,11,2,0.549524141518313,0.18181818181818182,False
JAG1_NOTCH1,generic,JAG1,NOTCH1,Border macrophage,Fibroblast / VLMC,0.012271682421366373,408,0.17187456834222448,0.1691542288557214,7,1,0.549524141518313,0.14285714285714285,False
FGF2_FGFR1,generic,FGF2,FGFR1,Border macrophage,Excitatory neuron,0.007957090661564073,1057,0.1720800577442853,0.18407960199004975,12,0,0.549524141518313,0.0,False
FGF10_FGFR2,generic,FGF10,FGFR2,Oligodendrocyte,Endothelial,0.0070299284024672075,220,0.1725406507139805,0.208955223880597,4,0,0.549524141518313,0.0,False
TGFB2_TGFBR2,generic,TGFB2,TGFBR2,Vascular smooth muscle,Pericyte,0.029541646019887118,59,0.17455643252587477,0.17412935323383086,0,0,0.5518767240591657,0.0,False
FGF2_FGFR1,generic,FGF2,FGFR1,Excitatory neuron,Pericyte,0.008513373019648534,255,0.17391186857826713,0.21393034825870647,7,0,0.5518767240591657,0.0,False
SEMA3A_NRP1,generic,SEMA3A,NRP1,Oligodendrocyte,Fibroblast / VLMC,0.006843920889983877,722,0.174957274831875,0.14925373134328357,10,0,0.5518767240591657,0.0,False
DLL4_NOTCH1,generic,DLL4,NOTCH1,Erythrocyte (blood),Choroid plexus,0.006405495400924409,279,0.1744516882214932,0.1890547263681592,7,0,0.5518767240591657,0.0,False
HBEGF_EGFR,generic,HBEGF,EGFR,Erythrocyte (blood),Excitatory neuron,0.00228045794396913,1535,0.17468324479050823,0.18407960199004975,12,0,0.5518767240591657,0.0,False
FGF2_FGFR1,generic,FGF2,FGFR1,Border macrophage,Vascular smooth muscle,0.015967078325225086,164,0.1752791084376507,0.17412935323383086,1,0,0.551985520178241,0.0,False
JAG1_NOTCH2,generic,JAG1,NOTCH2,T / NK cell,Astrocyte,0.017698682587722253,232,0.17639508837228274,0.17412935323383086,4,0,0.5545907770264406,0.0,False
GAS6_AXL,generic,GAS6,AXL,Border macrophage,Inhibitory neuron,0.07823925873018661,53,0.1779835699093828,0.1691542288557214,0,0,0.5586706499933405,0.0,False
VEGFB_FLT1,generic,VEGFB,FLT1,Pericyte,Astrocyte,0.0859015146891276,120,0.17883461725321081,0.18407960199004975,1,0,0.5595807988896516,0.0,False
FGF2_FGFR1,generic,FGF2,FGFR1,Oligodendrocyte,Endothelial,0.020250652594999835,220,0.17914741869710343,0.15920398009950248,4,1,0.5595807988896516,0.25,False
PDGFB_PDGFRB,generic,PDGFB,PDGFRB,Astrocyte,Oligodendrocyte,0.006440891857035676,342,0.17902524848902934,0.1890547263681592,6,0,0.5595807988896516,0.0,False
FGF2_FGFR1,generic,FGF2,FGFR1,Oligodendrocyte,Choroid plexus,0.017069383548653644,230,0.18032571491271815,0.1691542288557214,6,0,0.5620555500765798,0.0,False
JAG1_NOTCH2,generic,JAG1,NOTCH2,Erythrocyte (blood),Choroid plexus,0.013818589589929068,279,0.1805248695456792,0.20398009950248755,7,1,0.5620555500765798,0.14285714285714285,False
SEMA3A_NRP1,generic,SEMA3A,NRP1,Endothelial,Erythrocyte (blood),0.0031411944816409536,594,0.18116715290056074,0.208955223880597,12,0,0.5622327959967321,0.0,False
SEMA3A_NRP1,generic,SEMA3A,NRP1,Fibroblast / VLMC,Excitatory neuron,0.0023298316107006494,499,0.18094595992202422,0.14925373134328357,7,0,0.5622327959967321,0.0,False
PDGFA_PDGFRA,generic,PDGFA,PDGFRA,Border macrophage,Ependymal,0.02143294385854634,241,0.1818007167655677,0.20398009950248755,5,1,0.5632748381279513,0.2,False
PDGFB_PDGFRB,generic,PDGFB,PDGFRB,Pericyte,Choroid plexus,0.0188382675008076,41,0.18208936724490254,0.12437810945273632,0,0,0.5632748381279513,0.0,False
MIF_CD74,generic,MIF,CD74,T / NK cell,Inhibitory neuron,1.384300287280764,28,0.18325859119409937,0.19402985074626866,0,0,0.5641662719292707,0.0,False
MIF_CD74,generic,MIF,CD74,Choroid plexus,Oligodendrocyte,0.6666929859182109,230,0.1829103812277333,0.1890547263681592,6,1,0.5641662719292707,0.16666666666666666,False
CXCL12_CXCR4,generic,CXCL12,CXCR4,Vascular smooth muscle,Vascular smooth muscle,0.008330244936195075,408,0.18304162497485127,0.1890547263681592,7,0,0.5641662719292707,0.0,False
GAS6_AXL,generic,GAS6,AXL,Endothelial,Pericyte,0.03330675098631117,108,0.18453792835403177,0.18407960199004975,0,0,0.567195776588952,0.0,False
DLL1_NOTCH1,generic,DLL1,NOTCH1,Astrocyte,T / NK cell,0.009895323165531817,232,0.1856277757853032,0.16417910447761194,4,0,0.5696341170664017,0.0,False
KITLG_KIT,generic,KITLG,KIT,Border macrophage,Excitatory neuron,0.010143973856685064,1057,0.18757286859446243,0.15920398009950248,12,3,0.5746849769855858,0.25,False
JAG1_NOTCH2,generic,JAG1,NOTCH2,Ependymal,Astrocyte,0.004935842074319988,334,0.1888953060802605,0.23383084577114427,5,0,0.5778151002869115,0.0,False
GAS6_AXL,generic,GAS6,AXL,Oligodendrocyte,Fibroblast / VLMC,0.03130446097857404,722,0.19172727866165984,0.22885572139303484,10,1,0.5793284582840698,0.1,False
PDGFA_PDGFRA,generic,PDGFA,PDGFRA,Astrocyte,Border macrophage,0.016089259885078252,516,0.1914084869567757,0.1791044776119403,8,1,0.5793284582840698,0.125,False
FGF2_FGFR1,generic,FGF2,FGFR1,Oligodendrocyte,Erythrocyte (blood),0.014407755410084959,1342,0.1918075823775336,0.1691542288557214,10,1,0.5793284582840698,0.1,False
CSF1_CSF1R,generic,CSF1,CSF1R,Ependymal,Ependymal,0.014354076878777865,174,0.1921042310915942,0.22388059701492538,4,0,0.5793284582840698,0.0,False
JAG1_NOTCH2,generic,JAG1,NOTCH2,Erythrocyte (blood),Fibroblast / VLMC,0.01005350218878852,477,0.1907857745137554,0.1691542288557214,8,0,0.5793284582840698,0.0,False
KITLG_KIT,generic,KITLG,KIT,Endothelial,Endothelial,0.009651169392234045,282,0.19155567041125937,0.15422885572139303,7,0,0.5793284582840698,0.0,False
TGFB2_TGFBR2,generic,TGFB2,TGFBR2,Astrocyte,Endothelial,0.008793299146693388,417,0.19166766885023212,0.1691542288557214,6,1,0.5793284582840698,0.16666666666666666,False
PDGFB_PDGFRB,generic,PDGFB,PDGFRB,Oligodendrocyte,Erythrocyte (blood),0.007172864524511573,1342,0.19142278539235696,0.18407960199004975,10,1,0.5793284582840698,0.1,False
DLL1_NOTCH1,generic,DLL1,NOTCH1,Excitatory neuron,Border macrophage,0.0029816616224362926,1057,0.19122575997420688,0.18407960199004975,12,1,0.5793284582840698,0.08333333333333333,False
TGFB1_TGFBR2,generic,TGFB1,TGFBR2,Vascular smooth muscle,Excitatory neuron,0.010384527842203777,225,0.1926227700201803,0.16417910447761194,4,0,0.5799817260325492,0.0,False
JAG1_NOTCH1,generic,JAG1,NOTCH1,Endothelial,Astrocyte,0.006414379719064104,417,0.19313482954798272,0.20398009950248755,6,0,0.5806134703625584,0.0,False
FGF7_FGFR2,generic,FGF7,FGFR2,Choroid plexus,Vascular smooth muscle,0.012053000145271177,61,0.19364392103695893,0.1691542288557214,0,0,0.5812343317374971,0.0,False
GAS6_AXL,generic,GAS6,AXL,Vascular smooth muscle,Astrocyte,0.04145028621335573,237,0.19414221227070982,0.18407960199004975,7,1,0.5814950340943041,0.14285714285714285,False
FGF2_FGFR1,generic,FGF2,FGFR1,Astrocyte,Astrocyte,0.011029313855610609,1758,0.1943361852621256,0.208955223880597,11,0,0.5814950340943041,0.0,False
FGF7_FGFR2,generic,FGF7,FGFR2,Astrocyte,Astrocyte,0.007441154925896446,1758,0.1954999461268293,0.22388059701492538,11,1,0.5840674906837311,0.09090909090909091,False
FGF2_FGFR1,generic,FGF2,FGFR1,Ependymal,T / NK cell,0.014744820714998646,119,0.19590851791856967,0.18407960199004975,1,0,0.5843792902508887,0.0,False
MIF_CD74,generic,MIF,CD74,T / NK cell,Border macrophage,0.9446140322089195,400,0.19626965507115934,0.22388059701492538,11,2,0.5844604336748329,0.18181818181818182,False
KITLG_KIT,generic,KITLG,KIT,Excitatory neuron,Erythrocyte (blood),0.013438354544220219,1535,0.1965442166340146,0.19900497512437812,12,0,0.5844604336748329,0.0,False
DLL4_NOTCH1,generic,DLL4,NOTCH1,Vascular smooth muscle,T / NK cell,0.036220777542033095,94,0.19795617985347674,0.12935323383084577,0,0,0.586152879967354,0.0,False
KITLG_KIT,generic,KITLG,KIT,T / NK cell,Pericyte,0.013249001502990722,100,0.19828988211560067,0.1691542288557214,0,0,0.586152879967354,0.0,False
VEGFA_KDR,generic,VEGFA,KDR,Border macrophage,Oligodendrocyte,0.005259500516878141,429,0.1983338740128996,0.19402985074626866,9,1,0.586152879967354,0.1111111111111111,False
FGF10_FGFR2,generic,FGF10,FGFR2,Erythrocyte (blood),Erythrocyte (blood),0.00019768304564295457,6296,0.19829918277131603,0.263681592039801,12,0,0.586152879967354,0.0,False
SPP1_CD44,generic,SPP1,CD44,Pericyte,Astrocyte,0.039874267578125,120,0.19891129028603644,0.18407960199004975,1,0,0.586956357357106,0.0,False
TGFB1_TGFBR2,generic,TGFB1,TGFBR2,Border macrophage,Astrocyte,0.0064279986906421276,516,0.19960199550110774,0.21890547263681592,8,1,0.5880911554564846,0.125,False
GAS6_AXL,generic,GAS6,AXL,Ependymal,Pericyte,0.04053084386719598,72,0.2005031272577404,0.1890547263681592,0,0,0.5889396138564514,0.0,False
KITLG_KIT,generic,KITLG,KIT,Border macrophage,Border macrophage,0.010950885502895965,638,0.20044750287839558,0.19402985074626866,12,0,0.5889396138564514,0.0,False
VEGFB_FLT1,generic,VEGFB,FLT1,Endothelial,Excitatory neuron,0.04098015733125831,595,0.20081533616913166,0.19900497512437812,12,1,0.5889561233296213,0.08333333333333333,False
VEGFA_KDR,generic,VEGFA,KDR,T / NK cell,Erythrocyte (blood),0.003119522627768861,526,0.20191953548953995,0.1890547263681592,12,1,0.5912918104808021,0.08333333333333333,False
SPP1_CD44,generic,SPP1,CD44,Fibroblast / VLMC,Ependymal,0.038833197282285105,245,0.20232881461224478,0.20398009950248755,6,0,0.5915885127399121,0.0,False
MIF_CD74,generic,MIF,CD74,Pericyte,Oligodendrocyte,0.6915139454476377,141,0.2031899643762925,0.1791044776119403,1,0,0.5916632463297972,0.0,False
TGFB2_TGFBR2,generic,TGFB2,TGFBR2,Vascular smooth muscle,Endothelial,0.013760666810829221,131,0.20354524660194068,0.17412935323383086,1,0,0.5916632463297972,0.0,False
JAG1_NOTCH2,generic,JAG1,NOTCH2,Endothelial,Pericyte,0.013282577196756998,108,0.20358636430192395,0.11442786069651742,0,0,0.5916632463297972,0.0,False
TGFB2_TGFBR2,generic,TGFB2,TGFBR2,Excitatory neuron,Oligodendrocyte,0.005626245663685727,601,0.20287751551210154,0.19900497512437812,12,0,0.5916632463297972,0.0,False
VEGFA_FLT1,generic,VEGFA,FLT1,Vascular smooth muscle,Excitatory neuron,0.013685432540045844,225,0.20534414019804093,0.19900497512437812,4,0,0.5940754417476455,0.0,False
CXCL12_CXCR4,generic,CXCL12,CXCR4,Border macrophage,Microglia,0.00911909614513123,153,0.20531588340402873,0.18407960199004975,3,0,0.5940754417476455,0.0,False
HGF_MET,generic,HGF,MET,Excitatory neuron,Border macrophage,0.002316323055224026,1057,0.205023104359206,0.19402985074626866,12,1,0.5940754417476455,0.08333333333333333,False
FGF7_FGFR2,generic,FGF7,FGFR2,Inhibitory neuron,Excitatory neuron,0.02710065245628357,88,0.20575026947828873,0.24378109452736318,0,0,0.5943552897260039,0.0,False
DLL1_NOTCH1,generic,DLL1,NOTCH1,Astrocyte,Astrocyte,0.0026840434003879863,1758,0.20618814028530147,0.1890547263681592,11,1,0.5947258520841803,0.09090909090909091,False
FGF2_FGFR1,generic,FGF2,FGFR1,Choroid plexus,Erythrocyte (blood),0.01033357309184194,279,0.20679535881121014,0.1890547263681592,7,0,0.5952382665401437,0.0,False
HGF_MET,generic,HGF,MET,T / NK cell,Excitatory neuron,0.0026124790883100893,651,0.20698550861468817,0.21890547263681592,12,0,0.5952382665401437,0.0,False
FGF7_FGFR2,generic,FGF7,FGFR2,Border macrophage,Pericyte,0.012446548789739609,160,0.20766913032121043,0.23880597014925373,3,0,0.596311508739978,0.0,False
FGF2_FGFR1,generic,FGF2,FGFR1,Erythrocyte (blood),T / NK cell,0.01581989676326853,526,0.20844992187456246,0.19402985074626866,12,1,0.5976601491358723,0.08333333333333333,False
TGFB1_TGFBR2,generic,TGFB1,TGFBR2,Fibroblast / VLMC,Choroid plexus,0.011563242345616438,138,0.2091351285324115,0.17412935323383086,2,0,0.5978401516529204,0.0,False
HGF_MET,generic,HGF,MET,Excitatory neuron,T / NK cell,0.001844479008570611,651,0.20894591865116818,0.14925373134328357,12,1,0.5978401516529204,0.08333333333333333,False
KITLG_KIT,generic,KITLG,KIT,Ependymal,Choroid plexus,0.014101742720994794,61,0.20974466373374795,0.1890547263681592,0,0,0.5986916776114856,0.0,False
MIF_CD74,generic,MIF,CD74,Fibroblast / VLMC,Vascular smooth muscle,1.0496460741216487,154,0.21250557274027632,0.21890547263681592,2,0,0.5996203683556887,0.0,False
MIF_CD74,generic,MIF,CD74,Vascular smooth muscle,T / NK cell,0.7040952685031485,94,0.21227237314925834,0.21393034825870647,0,0,0.5996203683556887,0.0,False
PDGFA_PDGFRA,generic,PDGFA,PDGFRA,Border macrophage,Inhibitory neuron,0.0265956959634457,53,0.21256713735045496,0.17412935323383086,0,0,0.5996203683556887,0.0,False
JAG1_NOTCH2,generic,JAG1,NOTCH2,T / NK cell,Oligodendrocyte,0.010401386825191001,453,0.21234331790678823,0.208955223880597,9,0,0.5996203683556887,0.0,False
FGF2_FGFR1,generic,FGF2,FGFR1,Choroid plexus,Border macrophage,0.009940417771486892,194,0.21160916379313416,0.16417910447761194,3,0,0.5996203683556887,0.0,False
FGF2_FGFR1,generic,FGF2,FGFR1,Excitatory neuron,Excitatory neuron,0.00757598597143898,2258,0.21159517718421816,0.1890547263681592,12,0,0.5996203683556887,0.0,False
TGFB1_TGFBR1,generic,TGFB1,TGFBR1,Oligodendrocyte,Excitatory neuron,0.0036141939845537384,601,0.2120763326644014,0.19900497512437812,12,0,0.5996203683556887,0.0,False
SEMA3A_NRP1,generic,SEMA3A,NRP1,Border macrophage,Excitatory neuron,0.0018732831967587502,1057,0.21200621244057605,0.16417910447761194,12,1,0.5996203683556887,0.08333333333333333,False
PDGFA_PDGFRA,generic,PDGFA,PDGFRA,Excitatory neuron,Oligodendrocyte,0.021441819862200694,601,0.21313095987897562,0.1791044776119403,12,0,0.6003292872837421,0.0,False
VEGFB_FLT1,generic,VEGFB,FLT1,Erythrocyte (blood),Ependymal,0.043833928484145045,241,0.21390351407001768,0.20398009950248755,6,1,0.6008763583365618,0.16666666666666666,False
CCL5_CCR5,generic,CCL5,CCR5,T / NK cell,Oligodendrocyte,0.002146143786954564,453,0.21395076996471019,0.11940298507462686,9,1,0.6008763583365618,0.1111111111111111,False
SPP1_CD44,generic,SPP1,CD44,Fibroblast / VLMC,Fibroblast / VLMC,0.04390354569695422,1242,0.21456950676304914,0.22885572139303484,9,0,0.601734339404113,0.0,False
JAG1_NOTCH1,generic,JAG1,NOTCH1,Fibroblast / VLMC,Oligodendrocyte,0.005921295144881568,722,0.21528518215713766,0.19900497512437812,10,0,0.6028612753992149,0.0,False
KITLG_KIT,generic,KITLG,KIT,Border macrophage,Pericyte,0.01418987214565277,160,0.2170362648280147,0.1890547263681592,3,0,0.6051951516173364,0.0,False
DLL4_NOTCH1,generic,DLL4,NOTCH1,Border macrophage,Excitatory neuron,0.0027030683849482685,1057,0.21706374776904985,0.21393034825870647,12,0,0.6051951516173364,0.0,False
DLL4_NOTCH1,generic,DLL4,NOTCH1,Border macrophage,Oligodendrocyte,0.0019881441876604842,429,0.21663305187745757,0.17412935323383086,9,0,0.6051951516173364,0.0,False
HBEGF_EGFR,generic,HBEGF,EGFR,Endothelial,Border macrophage,0.005497606407626095,381,0.2185396354106549,0.19402985074626866,10,0,0.6084270139476349,0.0,False
CSF1_CSF1R,generic,CSF1,CSF1R,Excitatory neuron,Erythrocyte (blood),0.003924113686775929,1535,0.22015406961547912,0.24378109452736318,12,2,0.6111502423863229,0.16666666666666666,False
SEMA3A_NRP1,generic,SEMA3A,NRP1,Border macrophage,Endothelial,0.0033410465310564816,381,0.22000169092564703,0.1791044776119403,10,1,0.6111502423863229,0.1,False
VEGFB_FLT1,generic,VEGFB,FLT1,Border macrophage,Border macrophage,0.04277345594193868,638,0.22101606467546026,0.20398009950248755,12,0,0.6117750147572898,0.0,False
VEGFA_FLT1,generic,VEGFA,FLT1,Vascular smooth muscle,Border macrophage,0.011858072949618829,164,0.22075244765402663,0.1890547263681592,1,0,0.6117750147572898,0.0,False
SPP1_CD44,generic,SPP1,CD44,Fibroblast / VLMC,Microglia,0.07979761258415553,92,0.22176084968416926,0.1890547263681592,1,0,0.612953370134229,0.0,False
FGF7_FGFR2,generic,FGF7,FGFR2,Astrocyte,Oligodendrocyte,0.013930886112458525,342,0.22233706111558837,0.21890547263681592,6,1,0.6136630666710421,0.16666666666666666,False
GAS6_AXL,generic,GAS6,AXL,Microglia,Border macrophage,0.03408958631403306,153,0.22314256980197894,0.19402985074626866,3,1,0.6150026923810639,0.3333333333333333,False
JAG1_NOTCH2,generic,JAG1,NOTCH2,Border macrophage,Pericyte,0.007724316418170929,160,0.22448877629638803,0.23880597014925373,3,0,0.6178265605520936,0.0,False
MIF_CD74,generic,MIF,CD74,Excitatory neuron,T / NK cell,0.9838949706056334,651,0.2313786354861727,0.2537313432835821,12,1,0.6189184163516946,0.08333333333333333,False
MIF_CD74,generic,MIF,CD74,Fibroblast / VLMC,Astrocyte,0.6837893827423376,382,0.22894269004281675,0.24378109452736318,7,1,0.6189184163516946,0.14285714285714285,False
MIF_CD74,generic,MIF,CD74,Astrocyte,Fibroblast / VLMC,0.597961765465312,382,0.22831771564739006,0.24378109452736318,7,1,0.6189184163516946,0.14285714285714285,False
SPP1_CD44,generic,SPP1,CD44,Ependymal,Inhibitory neuron,0.09317780363148656,29,0.23165140101867177,0.15422885572139303,0,0,0.6189184163516946,0.0,False
GAS6_AXL,generic,GAS6,AXL,Vascular smooth muscle,Ependymal,0.08346451954408125,88,0.22839364947742125,0.1890547263681592,0,0,0.6189184163516946,0.0,False
VEGFB_FLT1,generic,VEGFB,FLT1,T / NK cell,Pericyte,0.07490367531776428,100,0.22557950424857703,0.23880597014925373,0,0,0.6189184163516946,0.0,False
GAS6_AXL,generic,GAS6,AXL,Excitatory neuron,Microglia,0.051248329480489095,225,0.23058098210177597,0.21890547263681592,5,0,0.6189184163516946,0.0,False
PDGFA_PDGFRA,generic,PDGFA,PDGFRA,Vascular smooth muscle,Endothelial,0.0359249051290614,131,0.2312261671297441,0.19900497512437812,1,0,0.6189184163516946,0.0,False
FGF2_FGFR1,generic,FGF2,FGFR1,Choroid plexus,Pericyte,0.028838811851129298,41,0.23035684691742309,0.22885572139303484,0,0,0.6189184163516946,0.0,False
GAS6_AXL,generic,GAS6,AXL,Astrocyte,Astrocyte,0.023723507971758186,1758,0.23103887080269742,0.22388059701492538,11,0,0.6189184163516946,0.0,False
FGF7_FGFR2,generic,FGF7,FGFR2,Astrocyte,Ependymal,0.023063739259799796,334,0.22950432404805315,0.21393034825870647,5,1,0.6189184163516946,0.2,False
PDGFA_PDGFRA,generic,PDGFA,PDGFRA,Erythrocyte (blood),Microglia,0.020536546496783985,170,0.22787947051635177,0.208955223880597,4,0,0.6189184163516946,0.0,False
FGF2_FGFR1,generic,FGF2,FGFR1,Pericyte,Erythrocyte (blood),0.01887293365266588,225,0.22525102459123725,0.21890547263681592,5,0,0.6189184163516946,0.0,False
FGF2_FGFR1,generic,FGF2,FGFR1,Vascular smooth muscle,Astrocyte,0.014144125870008508,237,0.2278606092915091,0.22388059701492538,7,1,0.6189184163516946,0.14285714285714285,False
PDGFB_PDGFRB,generic,PDGFB,PDGFRB,Erythrocyte (blood),Endothelial,0.011142342178909867,594,0.23070875731277457,0.21890547263681592,12,3,0.6189184163516946,0.25,False
CSF1_CSF1R,generic,CSF1,CSF1R,Vascular smooth muscle,T / NK cell,0.0093586654105085,94,0.23080424703528135,0.20398009950248755,0,0,0.6189184163516946,0.0,False
DLL1_NOTCH1,generic,DLL1,NOTCH1,T / NK cell,Oligodendrocyte,0.00810215383702293,453,0.2268696642668861,0.21393034825870647,9,0,0.6189184163516946,0.0,False
TGFB2_TGFBR2,generic,TGFB2,TGFBR2,Border macrophage,Astrocyte,0.00804513369419778,516,0.22696036639161982,0.21393034825870647,8,0,0.6189184163516946,0.0,False
KITLG_KIT,generic,KITLG,KIT,Fibroblast / VLMC,Oligodendrocyte,0.005926150529338382,722,0.2280403611881101,0.1691542288557214,10,0,0.6189184163516946,0.0,False
VEGFA_KDR,generic,VEGFA,KDR,Astrocyte,Microglia,0.005762630743337861,141,0.231227182539262,0.0945273631840796,4,0,0.6189184163516946,0.0,False
SEMA3A_NRP1,generic,SEMA3A,NRP1,Erythrocyte (blood),T / NK cell,0.003210316706066349,526,0.22691121944850956,0.17412935323383086,12,1,0.6189184163516946,0.08333333333333333,False
PDGFB_PDGFRB,generic,PDGFB,PDGFRB,Fibroblast / VLMC,Excitatory neuron,0.008643832975972392,499,0.23394096290320598,0.22388059701492538,7,1,0.6241674857459149,0.14285714285714285,False
TGFB2_TGFBR2,generic,TGFB2,TGFBR2,Fibroblast / VLMC,Excitatory neuron,0.008339556520114203,499,0.23443599387402048,0.20398009950248755,7,0,0.6246207270901433,0.0,False
ANGPT1_TEK,generic,ANGPT1,TEK,Fibroblast / VLMC,Astrocyte,0.004557212297829034,382,0.23493918240274947,0.14925373134328357,7,0,0.6250944174455425,0.0,False
SPP1_CD44,generic,SPP1,CD44,Erythrocyte (blood),Fibroblast / VLMC,0.05776069486666026,477,0.2362495084989754,0.24875621890547264,8,1,0.6266277340357802,0.125,False
GAS6_AXL,generic,GAS6,AXL,T / NK cell,Border macrophage,0.03957260653376579,400,0.2371024523384001,0.22388059701492538,11,1,0.6266277340357802,0.09090909090909091,False
FGF2_FGFR1,generic,FGF2,FGFR1,Astrocyte,Ependymal,0.015501876077252234,334,0.23584268593029617,0.16417910447761194,5,0,0.6266277340357802,0.0,False
KITLG_KIT,generic,KITLG,KIT,Erythrocyte (blood),Oligodendrocyte,0.007071367718956687,1342,0.23663799250707418,0.23880597014925373,10,1,0.6266277340357802,0.1,False
CXCL12_CXCR4,generic,CXCL12,CXCR4,Border macrophage,Oligodendrocyte,0.0026606510291288504,429,0.23714646675898604,0.13432835820895522,9,0,0.6266277340357802,0.0,False
JAG1_NOTCH2,generic,JAG1,NOTCH2,Astrocyte,Astrocyte,0.005871125455602444,1758,0.23785358080557867,0.24875621890547264,11,0,0.6276328691312042,0.0,False
GAS6_AXL,generic,GAS6,AXL,Excitatory neuron,Inhibitory neuron,0.05987454544414173,88,0.2386352945520604,0.21890547263681592,0,0,0.6288318255617393,0.0,False
SPP1_CD44,generic,SPP1,CD44,Oligodendrocyte,Inhibitory neuron,0.19779346883296967,40,0.240545583000582,0.11940298507462686,0,0,0.6295477724034305,0.0,False
PDGFA_PDGFRA,generic,PDGFA,PDGFRA,Erythrocyte (blood),Oligodendrocyte,0.02105099442463518,1342,0.24036774369737385,0.21890547263681592,10,1,0.6295477724034305,0.1,False
VEGFA_FLT1,generic,VEGFA,FLT1,Astrocyte,Oligodendrocyte,0.014750055402343035,342,0.23985419951749154,0.22388059701492538,6,1,0.6295477724034305,0.16666666666666666,False
KITLG_KIT,generic,KITLG,KIT,T / NK cell,Endothelial,0.007570327977417957,253,0.2400816603744959,0.20398009950248755,7,1,0.6295477724034305,0.14285714285714285,False
JAG1_NOTCH1,generic,JAG1,NOTCH1,Oligodendrocyte,Endothelial,0.00471278429031372,220,0.24007643280779317,0.18407960199004975,4,0,0.6295477724034305,0.0,False
PDGFB_PDGFRB,generic,PDGFB,PDGFRB,Oligodendrocyte,Endothelial,0.005996050617911599,220,0.24124838304932839,0.22885572139303484,4,0,0.630528086854095,0.0,False
SPP1_CD44,generic,SPP1,CD44,Microglia,Erythrocyte (blood),0.035104107856750486,170,0.24240159711894582,0.21890547263681592,4,1,0.6326813424802921,0.25,False
SPP1_CD44,generic,SPP1,CD44,Choroid plexus,Oligodendrocyte,0.16780574477237203,230,0.2447413280640754,0.263681592039801,6,0,0.6327732504832236,0.0,False
GAS6_AXL,generic,GAS6,AXL,T / NK cell,Fibroblast / VLMC,0.048316602253806,221,0.24373198431928078,0.23383084577114427,4,0,0.6327732504832236,0.0,False
SPP1_CD44,generic,SPP1,CD44,T / NK cell,Vascular smooth muscle,0.04626804970680399,94,0.24342768629447614,0.23383084577114427,0,0,0.6327732504832236,0.0,False
GAS6_AXL,generic,GAS6,AXL,Border macrophage,Excitatory neuron,0.038408682046347106,1057,0.24557314930130614,0.24378109452736318,12,0,0.6327732504832236,0.0,False
JAG1_NOTCH1,generic,JAG1,NOTCH1,Choroid plexus,Vascular smooth muscle,0.028165150861271093,61,0.2452261612902733,0.208955223880597,0,0,0.6327732504832236,0.0,False
VEGFA_FLT1,generic,VEGFA,FLT1,Inhibitory neuron,Border macrophage,0.022903979949231417,53,0.24587609199953636,0.21393034825870647,0,0,0.6327732504832236,0.0,False
TGFB2_TGFBR2,generic,TGFB2,TGFBR2,T / NK cell,Ependymal,0.011094192496868743,119,0.2449191703915497,0.19402985074626866,1,0,0.6327732504832236,0.0,False
TGFB2_TGFBR2,generic,TGFB2,TGFBR2,Border macrophage,Erythrocyte (blood),0.008191769485766033,848,0.24635061133825448,0.22885572139303484,12,1,0.6327732504832236,0.08333333333333333,False
TGFB1_TGFBR2,generic,TGFB1,TGFBR2,Fibroblast / VLMC,Fibroblast / VLMC,0.0040747666320555065,1242,0.24638958425895435,0.22885572139303484,9,1,0.6327732504832236,0.1111111111111111,False
HGF_MET,generic,HGF,MET,Excitatory neuron,Oligodendrocyte,0.002719840471835779,601,0.24494467946332682,0.19900497512437812,12,0,0.6327732504832236,0.0,False
SEMA3A_NRP1,generic,SEMA3A,NRP1,T / NK cell,Oligodendrocyte,0.002254328980351126,453,0.24360670298396686,0.21393034825870647,9,0,0.6327732504832236,0.0,False
TGFB2_TGFBR2,generic,TGFB2,TGFBR2,Border macrophage,Oligodendrocyte,0.0015348209923519676,429,0.24563366904347206,0.11442786069651742,9,1,0.6327732504832236,0.1111111111111111,False
GAS6_AXL,generic,GAS6,AXL,Choroid plexus,Erythrocyte (blood),0.04261400697479111,279,0.2482837006478144,0.25870646766169153,7,0,0.6367863670820447,0.0,False
FGF2_FGFR1,generic,FGF2,FGFR1,Excitatory neuron,Microglia,0.015394629372490778,225,0.2486569199549974,0.21890547263681592,5,0,0.6368932576447333,0.0,False
GAS6_AXL,generic,GAS6,AXL,Inhibitory neuron,Choroid plexus,0.08575989603996277,20,0.2494562602370946,0.23880597014925373,0,0,0.6380898480898253,0.0,False
MIF_CD74,generic,MIF,CD74,Border macrophage,Fibroblast / VLMC,0.7498665923873583,408,0.2502141589805007,0.263681592039801,7,1,0.638835525347547,0.14285714285714285,False
FGF2_FGFR1,generic,FGF2,FGFR1,Choroid plexus,Oligodendrocyte,0.012654299321381943,230,0.25041288422004315,0.25870646766169153,6,0,0.638835525347547,0.0,False
JAG1_NOTCH1,generic,JAG1,NOTCH1,Pericyte,Endothelial,0.015544776563291196,108,0.251735262529399,0.24875621890547264,0,0,0.6405078666476496,0.0,False
FGF10_FGFR2,generic,FGF10,FGFR2,Oligodendrocyte,T / NK cell,0.002554007187058068,453,0.2516607313010676,0.29850746268656714,9,0,0.6405078666476496,0.0,False
GAS6_AXL,generic,GAS6,AXL,Excitatory neuron,T / NK cell,0.04684180062487378,651,0.25273724798287067,0.25870646766169153,12,1,0.6422066843585907,0.08333333333333333,False
PDGFB_PDGFRB,generic,PDGFB,PDGFRB,Ependymal,Erythrocyte (blood),0.0082655729594567,241,0.2531952656904024,0.1890547263681592,6,0,0.6425206147837028,0.0,False
VEGFA_KDR,generic,VEGFA,KDR,T / NK cell,Excitatory neuron,0.0034308737507247338,651,0.2541219218958297,0.22388059701492538,12,1,0.6440213878125183,0.08333333333333333,False
MIF_CD74,generic,MIF,CD74,Pericyte,Endothelial,0.795762292764805,108,0.2552089629401546,0.26865671641791045,0,0,0.6446268173912402,0.0,False
VEGFB_FLT1,generic,VEGFB,FLT1,Microglia,Microglia,0.0750372466586885,42,0.255084792432758,0.20398009950248755,0,0,0.6446268173912402,0.0,False
PDGFB_PDGFRB,generic,PDGFB,PDGFRB,Astrocyte,T / NK cell,0.007850104364855537,232,0.25567092224368726,0.2736318407960199,4,0,0.6446268173912402,0.0,False
SEMA3A_NRP1,generic,SEMA3A,NRP1,Oligodendrocyte,Endothelial,0.007174844633449208,220,0.25570308945972153,0.13930348258706468,4,0,0.6446268173912402,0.0,False
TGFB1_TGFBR1,generic,TGFB1,TGFBR1,T / NK cell,T / NK cell,0.005756821983304375,462,0.2571401066332182,0.19402985074626866,10,1,0.6473999277095834,0.1,False
KITLG_KIT,generic,KITLG,KIT,Excitatory neuron,Microglia,0.019630883799658883,225,0.2580918901760785,0.22388059701492538,5,0,0.6475596080668189,0.0,False
CSF1_CSF1R,generic,CSF1,CSF1R,Astrocyte,Astrocyte,0.007220968993993071,1758,0.25816901317058283,0.25870646766169153,11,1,0.6475596080668189,0.09090909090909091,False
VEGFA_KDR,generic,VEGFA,KDR,Astrocyte,Astrocyte,0.002508875181786165,1758,0.2582148150854676,0.1890547263681592,11,0,0.6475596080668189,0.0,False
SPP1_CD44,generic,SPP1,CD44,Pericyte,Excitatory neuron,0.044649173231685865,255,0.25954885472435013,0.23880597014925373,7,0,0.6491823119342012,0.0,False
DLL1_NOTCH1,generic,DLL1,NOTCH1,Erythrocyte (blood),Vascular smooth muscle,0.014560542026149573,237,0.25929691281495826,0.20398009950248755,5,0,0.6491823119342012,0.0,False
KITLG_KIT,generic,KITLG,KIT,T / NK cell,Border macrophage,0.009434295743703842,400,0.25987568863997956,0.23880597014925373,11,1,0.6491823119342012,0.09090909090909091,False
CXCL12_CXCR4,generic,CXCL12,CXCR4,Fibroblast / VLMC,Fibroblast / VLMC,0.003297019935844409,1242,0.26035506491300353,0.22388059701492538,9,1,0.6494137196942917,0.1111111111111111,False
VEGFA_KDR,generic,VEGFA,KDR,Oligodendrocyte,T / NK cell,0.003185909841760631,453,0.2606444444998953,0.22388059701492538,9,1,0.6494137196942917,0.1111111111111111,False
GAS6_AXL,generic,GAS6,AXL,Border macrophage,Choroid plexus,0.05171482464701859,194,0.2623667287940561,0.23880597014925373,3,0,0.6503309496946862,0.0,False
FGF7_FGFR2,generic,FGF7,FGFR2,Vascular smooth muscle,Oligodendrocyte,0.029485524904848348,99,0.2619714762004458,0.22885572139303484,0,0,0.6503309496946862,0.0,False
VEGFA_FLT1,generic,VEGFA,FLT1,Ependymal,Border macrophage,0.009172455403814672,241,0.26236298033868644,0.19402985074626866,5,0,0.6503309496946862,0.0,False
TGFB1_TGFBR2,generic,TGFB1,TGFBR2,T / NK cell,Border macrophage,0.004924803972244263,400,0.2616417334590686,0.24875621890547264,11,0,0.6503309496946862,0.0,False
VEGFA_FLT1,generic,VEGFA,FLT1,Border macrophage,Astrocyte,0.006771377814832584,516,0.26329989812256716,0.23880597014925373,8,0,0.6518029694503241,0.0,False
CXCL12_CXCR4,generic,CXCL12,CXCR4,Endothelial,Astrocyte,0.006432362883496913,417,0.2642046977510273,0.21393034825870647,6,0,0.653201060977765,0.0,False
TGFB2_TGFBR2,generic,TGFB2,TGFBR2,Oligodendrocyte,T / NK cell,0.008733680179840156,453,0.26500313861833835,0.21890547263681592,9,0,0.6543329425267711,0.0,False
VEGFA_FLT1,generic,VEGFA,FLT1,Erythrocyte (blood),Border macrophage,0.007305967920231369,848,0.2668020097027488,0.23383084577114427,12,1,0.6569778156698745,0.08333333333333333,False
TGFB1_TGFBR1,generic,TGFB1,TGFBR1,Oligodendrocyte,Choroid plexus,0.0051682285640550696,230,0.2671002988225778,0.21393034825870647,6,0,0.6569778156698745,0.0,False
DLL4_NOTCH1,generic,DLL4,NOTCH1,Oligodendrocyte,T / NK cell,0.0033963855528673587,453,0.26689686248057387,0.263681592039801,9,0,0.6569778156698745,0.0,False
FGF2_FGFR1,generic,FGF2,FGFR1,Excitatory neuron,Border macrophage,0.007559277251179532,1057,0.2681317201820298,0.24378109452736318,12,0,0.6586713995775949,0.0,False
FGF7_FGFR2,generic,FGF7,FGFR2,Pericyte,Excitatory neuron,0.03594226416419534,255,0.27102950483382504,0.2736318407960199,7,1,0.6639536290214452,0.14285714285714285,False
PDGFA_PDGFRA,generic,PDGFA,PDGFRA,Choroid plexus,Excitatory neuron,0.025133122350567968,321,0.2709471024160849,0.26865671641791045,7,1,0.6639536290214452,0.14285714285714285,False
TGFB2_TGFBR2,generic,TGFB2,TGFBR2,Border macrophage,Pericyte,0.007322541624307633,160,0.27212329450888983,0.22388059701492538,3,0,0.6639536290214452,0.0,False
HBEGF_EGFR,generic,HBEGF,EGFR,Oligodendrocyte,Excitatory neuron,0.0033342041905826815,601,0.2719512101193014,0.23383084577114427,12,0,0.6639536290214452,0.0,False
TGFB1_TGFBR2,generic,TGFB1,TGFBR2,Excitatory neuron,Erythrocyte (blood),0.0015367353001324285,1535,0.2714644854094429,0.2537313432835821,12,1,0.6639536290214452,0.08333333333333333,False
AREG_EGFR,generic,AREG,EGFR,Oligodendrocyte,Oligodendrocyte,0.0008800681213355575,19620,0.27235578327376303,0.32338308457711445,12,1,0.6639536290214452,0.08333333333333333,False
CSF1_CSF1R,generic,CSF1,CSF1R,Astrocyte,Ependymal,0.010997304659403727,334,0.27293222420077906,0.208955223880597,5,0,0.6645136280845273,0.0,False
CSF1_CSF1R,generic,CSF1,CSF1R,Excitatory neuron,Microglia,0.005999804602728949,225,0.2732773379421013,0.208955223880597,5,1,0.6645136280845273,0.2,False
VEGFB_FLT1,generic,VEGFB,FLT1,Excitatory neuron,Ependymal,0.04913987121442809,274,0.27923442453101555,0.24875621890547264,7,0,0.668839562997607,0.0,False
PDGFA_PDGFRA,generic,PDGFA,PDGFRA,Excitatory neuron,Inhibitory neuron,0.03160507841543718,88,0.278238548272585,0.21393034825870647,0,0,0.668839562997607,0.0,False
CSF1_CSF1R,generic,CSF1,CSF1R,Inhibitory neuron,Excitatory neuron,0.025395748290148647,88,0.2791393804725487,0.2736318407960199,0,0,0.668839562997607,0.0,False
VEGFA_FLT1,generic,VEGFA,FLT1,T / NK cell,Choroid plexus,0.015083549351527774,116,0.27554781575150594,0.24378109452736318,2,0,0.668839562997607,0.0,False
PDGFA_PDGFRA,generic,PDGFA,PDGFRA,Border macrophage,Microglia,0.015025041461770052,153,0.27751039436098857,0.24378109452736318,3,0,0.668839562997607,0.0,False
JAG1_NOTCH1,generic,JAG1,NOTCH1,Astrocyte,Ependymal,0.010928097599280808,334,0.27643579427497567,0.23383084577114427,5,0,0.668839562997607,0.0,False
CSF1_CSF1R,generic,CSF1,CSF1R,Oligodendrocyte,Border macrophage,0.010727421664969348,429,0.27809831852867517,0.24378109452736318,9,0,0.668839562997607,0.0,False
FGF2_FGFR1,generic,FGF2,FGFR1,Pericyte,T / NK cell,0.010623072385787963,100,0.2786385489385601,0.25870646766169153,0,0,0.668839562997607,0.0,False
HBEGF_EGFR,generic,HBEGF,EGFR,Endothelial,T / NK cell,0.007994467090712234,253,0.2767170158840082,0.15920398009950248,7,0,0.668839562997607,0.0,False
FGF2_FGFR1,generic,FGF2,FGFR1,Excitatory neuron,Choroid plexus,0.007907894541541364,321,0.27771708631030545,0.263681592039801,7,0,0.668839562997607,0.0,False
CSF1_CSF1R,generic,CSF1,CSF1R,Border macrophage,Endothelial,0.006298891202671322,381,0.27690029189809745,0.25870646766169153,10,1,0.668839562997607,0.1,False
JAG1_NOTCH2,generic,JAG1,NOTCH2,Excitatory neuron,Erythrocyte (blood),0.002729043238326082,1535,0.2778936639782749,0.26865671641791045,12,1,0.668839562997607,0.08333333333333333,False
VEGFA_FLT1,generic,VEGFA,FLT1,Excitatory neuron,Border macrophage,0.012930423641610844,1057,0.2796118358700501,0.24875621890547264,12,1,0.6688927102676785,0.08333333333333333,False
VEGFA_FLT1,generic,VEGFA,FLT1,Pericyte,T / NK cell,0.006981560587882995,100,0.27995301356335944,0.21890547263681592,0,0,0.6688927102676785,0.0,False
SPP1_CD44,generic,SPP1,CD44,Endothelial,Fibroblast / VLMC,0.036482819527253976,223,0.2813159339288185,0.2736318407960199,5,1,0.6705636503705202,0.2,False
PDGFA_PDGFRA,generic,PDGFA,PDGFRA,Endothelial,Pericyte,0.02429804316273442,108,0.28135049567862536,0.23383084577114427,0,0,0.6705636503705202,0.0,False
KITLG_KIT,generic,KITLG,KIT,Erythrocyte (blood),Border macrophage,0.011178917128522441,848,0.2820043829044946,0.2537313432835821,12,0,0.671289243568196,0.0,False
GAS6_AXL,generic,GAS6,AXL,Oligodendrocyte,Inhibitory neuron,0.05569013953208923,40,0.2828772040655974,0.263681592039801,0,0,0.6725335507549661,0.0,False
MIF_CD74,generic,MIF,CD74,Border macrophage,T / NK cell,0.9159895934164524,400,0.28417757653338155,0.2935323383084577,11,0,0.6747900179488577,0.0,False
DLL1_NOTCH1,generic,DLL1,NOTCH1,Pericyte,Border macrophage,0.008503802865743638,160,0.28483195677854223,0.263681592039801,3,0,0.6755088752735551,0.0,False
VEGFA_KDR,generic,VEGFA,KDR,Astrocyte,Fibroblast / VLMC,0.002976360433388755,382,0.28604423642999743,0.09950248756218906,7,0,0.6775474453539151,0.0,False
GAS6_AXL,generic,GAS6,AXL,Astrocyte,T / NK cell,0.023946741531635153,232,0.28708847379759095,0.26865671641791045,4,0,0.6791834460162219,0.0,False
HBEGF_EGFR,generic,HBEGF,EGFR,Oligodendrocyte,Choroid plexus,0.004091444481974063,230,0.2877320779328356,0.23880597014925373,6,0,0.6798687843898858,0.0,False
VEGFA_FLT1,generic,VEGFA,FLT1,Pericyte,Oligodendrocyte,0.015783494245921466,141,0.2880944373526609,0.2935323383084577,1,0,0.6798887151774712,0.0,False
SPP1_CD44,generic,SPP1,CD44,Vascular smooth muscle,Fibroblast / VLMC,0.07243743035700415,154,0.29054335619821936,0.24875621890547264,2,0,0.6847839073155816,0.0,False
SEMA3A_NRP1,generic,SEMA3A,NRP1,Choroid plexus,Excitatory neuron,0.0025830987457917116,321,0.29088165974467184,0.24875621890547264,7,0,0.6847839073155816,0.0,False
TGFB1_TGFBR1,generic,TGFB1,TGFBR1,Erythrocyte (blood),Ependymal,0.004188192335896472,241,0.29157702670024355,0.208955223880597,6,1,0.6855807445424331,0.16666666666666666,False
CSF1_CSF1R,generic,CSF1,CSF1R,T / NK cell,Erythrocyte (blood),0.011785533944916816,526,0.29303759257500683,0.2885572139303483,12,0,0.6864941650446197,0.0,False
JAG1_NOTCH2,generic,JAG1,NOTCH2,Border macrophage,Erythrocyte (blood),0.005116882189264837,848,0.2929998884311815,0.23880597014925373,12,1,0.6864941650446197,0.08333333333333333,False
TGFB1_TGFBR2,generic,TGFB1,TGFBR2,Excitatory neuron,T / NK cell,0.002605660902922787,651,0.2924185252970466,0.2537313432835821,12,0,0.6864941650446197,0.0,False
PDGFB_PDGFRB,generic,PDGFB,PDGFRB,Oligodendrocyte,Excitatory neuron,0.006570859677382991,601,0.29363702501442107,0.2835820895522388,12,2,0.6870605664466539,0.16666666666666666,False
GAS6_AXL,generic,GAS6,AXL,Pericyte,T / NK cell,0.035055599212646484,100,0.2943903795453201,0.30845771144278605,0,0,0.6879853030493429,0.0,False
VEGFA_FLT1,generic,VEGFA,FLT1,Endothelial,Border macrophage,0.010250653807572492,381,0.29535397320130413,0.2537313432835821,10,0,0.6885967393744338,0.0,False
TGFB2_TGFBR2,generic,TGFB2,TGFBR2,Excitatory neuron,Border macrophage,0.005295330325499276,1057,0.2953689293308347,0.2835820895522388,12,1,0.6885967393744338,0.08333333333333333,False
VEGFB_FLT1,generic,VEGFB,FLT1,Microglia,Fibroblast / VLMC,0.05517605076665464,92,0.295759012781016,0.26865671641791045,1,0,0.6886703800634324,0.0,False
KITLG_KIT,generic,KITLG,KIT,Endothelial,Oligodendrocyte,0.010030232776295054,220,0.2963681173176295,0.22388059701492538,4,0,0.689253212308918,0.0,False
PDGFB_PDGFRB,generic,PDGFB,PDGFRB,Vascular smooth muscle,Fibroblast / VLMC,0.02064465702354134,154,0.2967782337060443,0.25870646766169153,2,0,0.6893724146908236,0.0,False
DLL1_NOTCH1,generic,DLL1,NOTCH1,Erythrocyte (blood),T / NK cell,0.005228589809439481,526,0.29820769733043784,0.263681592039801,12,0,0.691856263975569,0.0,False
FGF2_FGFR1,generic,FGF2,FGFR1,Fibroblast / VLMC,Choroid plexus,0.01914708942606829,138,0.2989451740893029,0.26865671641791045,2,0,0.6927306145060926,0.0,False
VEGFA_FLT1,generic,VEGFA,FLT1,Choroid plexus,Pericyte,0.016710290094701256,41,0.29987247060544603,0.1791044776119403,0,0,0.6940421879916407,0.0,False
DLL4_NOTCH1,generic,DLL4,NOTCH1,Endothelial,Vascular smooth muscle,0.005369291050743511,131,0.30142246760132774,0.14427860696517414,1,0,0.6967900845513244,0.0,False
AREG_EGFR,generic,AREG,EGFR,Erythrocyte (blood),Excitatory neuron,0.0011343713692034494,1535,0.3024492070594962,0.26865671641791045,12,0,0.6983232292803992,0.0,False
MIF_CD74,generic,MIF,CD74,Excitatory neuron,Vascular smooth muscle,1.080058609644572,225,0.30422687182893804,0.2935323383084577,4,1,0.7007431903877577,0.25,False
TNF_TNFRSF1A,generic,TNF,TNFRSF1A,Oligodendrocyte,T / NK cell,0.0022361623267201135,453,0.3040224920797174,0.26865671641791045,9,0,0.7007431903877577,0.0,False
SPP1_CD44,generic,SPP1,CD44,Excitatory neuron,Astrocyte,0.032916792446658724,336,0.30545798200928176,0.27860696517412936,9,2,0.7018956739710889,0.2222222222222222,False
SEMA3A_NRP1,generic,SEMA3A,NRP1,Border macrophage,Fibroblast / VLMC,0.0054356111030952605,408,0.30542318952043346,0.21890547263681592,7,0,0.7018956739710889,0.0,False
VEGFA_FLT1,generic,VEGFA,FLT1,Excitatory neuron,T / NK cell,0.011654698079632174,651,0.30622480834949595,0.27860696517412936,12,1,0.7019783494503361,0.08333333333333333,False
KITLG_KIT,generic,KITLG,KIT,Oligodendrocyte,Erythrocyte (blood),0.004236518359575115,1342,0.3060282303321992,0.29850746268656714,10,0,0.7019783494503361,0.0,False
MIF_CD74,generic,MIF,CD74,Oligodendrocyte,Vascular smooth muscle,0.6228481284295669,99,0.3086993196054355,0.30845771144278605,0,0,0.704931631797503,0.0,False
SPP1_CD44,generic,SPP1,CD44,Astrocyte,Fibroblast / VLMC,0.03432288250998053,382,0.3097148866408602,0.2885572139303483,7,0,0.704931631797503,0.0,False
TGFB1_TGFBR1,generic,TGFB1,TGFBR1,Choroid plexus,Pericyte,0.0188382675008076,41,0.30827839570571836,0.17412935323383086,0,0,0.704931631797503,0.0,False
KITLG_KIT,generic,KITLG,KIT,Erythrocyte (blood),T / NK cell,0.00829413238587035,526,0.3087146993629619,0.2885572139303483,12,1,0.704931631797503,0.08333333333333333,False
FGF2_FGFR1,generic,FGF2,FGFR1,Erythrocyte (blood),Erythrocyte (blood),0.007585679683857982,6296,0.3096710619083891,0.2885572139303483,12,1,0.704931631797503,0.08333333333333333,False
CXCL12_CXCR4,generic,CXCL12,CXCR4,Border macrophage,T / NK cell,0.005508677363395691,400,0.3091760858348322,0.2736318407960199,11,1,0.704931631797503,0.09090909090909091,False
VEGFB_FLT1,generic,VEGFB,FLT1,Ependymal,Choroid plexus,0.05722508664991035,61,0.31096587328992664,0.24875621890547264,0,0,0.7061057241015947,0.0,False
VEGFB_FLT1,generic,VEGFB,FLT1,Microglia,Border macrophage,0.04151707225375705,153,0.31090969040495053,0.2885572139303483,3,1,0.7061057241015947,0.3333333333333333,False
PDGFB_PDGFRB,generic,PDGFB,PDGFRB,Erythrocyte (blood),Fibroblast / VLMC,0.008846579295284342,477,0.3119434796784919,0.263681592039801,8,0,0.7074892850795549,0.0,False
TGFB1_TGFBR1,generic,TGFB1,TGFBR1,Oligodendrocyte,Oligodendrocyte,0.0031157527221452206,19620,0.3144203693393648,0.36318407960199006,12,2,0.7121464252170137,0.16666666666666666,False
VEGFA_KDR,generic,VEGFA,KDR,Border macrophage,Erythrocyte (blood),0.0023615871960262083,848,0.3147383211916942,0.3034825870646766,12,1,0.7121464252170137,0.08333333333333333,False
GAS6_AXL,generic,GAS6,AXL,Oligodendrocyte,Microglia,0.05686039600557494,103,0.3161565422646726,0.2935323383084577,2,0,0.71451378551816,0.0,False
MIF_CD74,generic,MIF,CD74,Choroid plexus,Vascular smooth muscle,0.8471195541444372,61,0.3180446807270122,0.35323383084577115,0,0,0.7164792829874345,0.0,False
SPP1_CD44,generic,SPP1,CD44,Oligodendrocyte,Pericyte,0.12130661974561975,141,0.31814514752122935,0.29850746268656714,1,0,0.7164792829874345,0.0,False
PDGFA_PDGFRA,generic,PDGFA,PDGFRA,Fibroblast / VLMC,Oligodendrocyte,0.01208030162095363,722,0.3175414896925334,0.2835820895522388,10,1,0.7164792829874345,0.1,False
PDGFA_PDGFRA,generic,PDGFA,PDGFRA,Astrocyte,Choroid plexus,0.021704401624830144,152,0.31899023368059,0.29850746268656714,2,0,0.7175412633494301,0.0,False
JAG1_NOTCH1,generic,JAG1,NOTCH1,Endothelial,Vascular smooth muscle,0.008294732516048519,131,0.32018196508350333,0.24875621890547264,1,0,0.7186591529225321,0.0,False
CXCL12_CXCR4,generic,CXCL12,CXCR4,Border macrophage,Astrocyte,0.004055906173794768,516,0.320235416398588,0.2537313432835821,8,0,0.7186591529225321,0.0,False
KITLG_KIT,generic,KITLG,KIT,Microglia,Fibroblast / VLMC,0.013189849646195122,92,0.32128048082601524,0.24378109452736318,1,0,0.7195434128469966,0.0,False
KITLG_KIT,generic,KITLG,KIT,Erythrocyte (blood),Erythrocyte (blood),0.007337410845515689,6296,0.3216844355551368,0.29850746268656714,12,1,0.7195434128469966,0.08333333333333333,False
CSF1_CSF1R,generic,CSF1,CSF1R,Erythrocyte (blood),Microglia,0.005865339671864229,170,0.32175314504714736,0.22388059701492538,4,0,0.7195434128469966,0.0,False
FGF7_FGFR2,generic,FGF7,FGFR2,Excitatory neuron,Pericyte,0.026077033024208218,255,0.32216835222643514,0.26865671641791045,7,0,0.7196341914267231,0.0,False
TGFB1_TGFBR1,generic,TGFB1,TGFBR1,Excitatory neuron,Endothelial,0.002159388325795406,595,0.3227092528963226,0.2736318407960199,12,1,0.7200051972286129,0.08333333333333333,False
VEGFA_FLT1,generic,VEGFA,FLT1,Excitatory neuron,Vascular smooth muscle,0.01575912634531657,225,0.32314702857035393,0.24875621890547264,4,1,0.720145524226972,0.25,False
JAG1_NOTCH1,generic,JAG1,NOTCH1,Border macrophage,Oligodendrocyte,0.005503254336910648,429,0.3238877819300412,0.263681592039801,9,1,0.7209599410053409,0.1111111111111111,False
FGF7_FGFR2,generic,FGF7,FGFR2,Fibroblast / VLMC,Choroid plexus,0.02197199455205945,138,0.3255718036607178,0.2736318407960199,2,0,0.7230525206079408,0.0,False
VEGFA_FLT1,generic,VEGFA,FLT1,Ependymal,T / NK cell,0.007383892516128155,119,0.32558065087239396,0.21890547263681592,1,0,0.7230525206079408,0.0,False
ANGPT1_TEK,generic,ANGPT1,TEK,Choroid plexus,Border macrophage,0.001991182872929524,194,0.32741617368023834,0.0945273631840796,3,0,0.7254515220758222,0.0,False
DLL4_NOTCH1,generic,DLL4,NOTCH1,Border macrophage,Erythrocyte (blood),0.0017468826669567036,848,0.32709877841447416,0.208955223880597,12,0,0.7254515220758222,0.0,False
GAS6_AXL,generic,GAS6,AXL,Microglia,Oligodendrocyte,0.02373316912975126,103,0.32853960608455746,0.2835820895522388,2,0,0.7271020544797637,0.0,False
CSF1_CSF1R,generic,CSF1,CSF1R,Excitatory neuron,Excitatory neuron,0.002889260610085446,2258,0.3293270078322924,0.31840796019900497,12,1,0.727169174765326,0.08333333333333333,False
HGF_MET,generic,HGF,MET,Endothelial,Endothelial,0.0022486332037770155,282,0.32920426679772385,0.13930348258706468,7,0,0.727169174765326,0.0,False
VEGFA_FLT1,generic,VEGFA,FLT1,Oligodendrocyte,Vascular smooth muscle,0.021698285232890736,99,0.3308392165003053,0.25870646766169153,0,0,0.7296695004558972,0.0,False
VEGFB_FLT1,generic,VEGFB,FLT1,Border macrophage,Erythrocyte (blood),0.04036645366335815,848,0.33280957428582425,0.30845771144278605,12,1,0.7298255618756488,0.08333333333333333,False
GAS6_AXL,generic,GAS6,AXL,Vascular smooth muscle,Oligodendrocyte,0.037578541221040665,99,0.33163066639343003,0.2736318407960199,0,0,0.7298255618756488,0.0,False
FGF2_FGFR1,generic,FGF2,FGFR1,Fibroblast / VLMC,T / NK cell,0.00948567492929519,221,0.3326993129980299,0.27860696517412936,4,0,0.7298255618756488,0.0,False
VEGFA_KDR,generic,VEGFA,KDR,Astrocyte,Endothelial,0.003754212416047387,417,0.3323047338127165,0.24378109452736318,6,1,0.7298255618756488,0.16666666666666666,False
DLL1_NOTCH1,generic,DLL1,NOTCH1,Excitatory neuron,Oligodendrocyte,0.002438552764410187,601,0.3324155096485313,0.3034825870646766,12,0,0.7298255618756488,0.0,False
VEGFB_FLT1,generic,VEGFB,FLT1,Astrocyte,Border macrophage,0.04436982555906902,516,0.33461314239721435,0.31840796019900497,8,0,0.7299874757467913,0.0,False
VEGFB_FLT1,generic,VEGFB,FLT1,Oligodendrocyte,Ependymal,0.032526169427379764,221,0.33563191239548784,0.27860696517412936,3,1,0.7299874757467913,0.3333333333333333,False
FGF7_FGFR2,generic,FGF7,FGFR2,Astrocyte,Pericyte,0.0264923890431722,120,0.33515566964335664,0.24875621890547264,1,0,0.7299874757467913,0.0,False
VEGFA_FLT1,generic,VEGFA,FLT1,T / NK cell,Pericyte,0.017022829055786132,100,0.3352028037703103,0.2935323383084577,0,0,0.7299874757467913,0.0,False
KITLG_KIT,generic,KITLG,KIT,T / NK cell,Excitatory neuron,0.005796176039495044,651,0.33592344016666503,0.2835820895522388,12,1,0.7299874757467913,0.08333333333333333,False
TGFB2_TGFBR2,generic,TGFB2,TGFBR2,Erythrocyte (blood),Excitatory neuron,0.0054393694532810675,1535,0.33387948311231974,0.3333333333333333,12,1,0.7299874757467913,0.08333333333333333,False
CXCL12_CXCR4,generic,CXCL12,CXCR4,T / NK cell,Oligodendrocyte,0.004321048065000286,453,0.3352097819298787,0.31343283582089554,9,0,0.7299874757467913,0.0,False
JAG1_NOTCH2,generic,JAG1,NOTCH2,Oligodendrocyte,Choroid plexus,0.0036850325439287267,230,0.33394954146457734,0.263681592039801,6,0,0.7299874757467913,0.0,False
FGF2_FGFR1,generic,FGF2,FGFR1,Fibroblast / VLMC,Oligodendrocyte,0.007007684156174805,722,0.33645354182984627,0.2935323383084577,10,1,0.7303132811922426,0.1,False
DLL4_NOTCH1,generic,DLL4,NOTCH1,Endothelial,Excitatory neuron,0.00485147408076695,595,0.3376256694323596,0.3034825870646766,12,1,0.7320303735660979,0.08333333333333333,False
VEGFB_FLT1,generic,VEGFB,FLT1,T / NK cell,Inhibitory neuron,0.06965675950050354,28,0.34020169136884076,0.25870646766169153,0,0,0.733008276754173,0.0,False
VEGFB_FLT1,generic,VEGFB,FLT1,Choroid plexus,Erythrocyte (blood),0.04400135208201665,279,0.33881704164224924,0.29850746268656714,7,0,0.733008276754173,0.0,False
VEGFA_FLT1,generic,VEGFA,FLT1,T / NK cell,Fibroblast / VLMC,0.014021555223076592,221,0.33927027265819265,0.32338308457711445,4,0,0.733008276754173,0.0,False
KITLG_KIT,generic,KITLG,KIT,T / NK cell,Fibroblast / VLMC,0.009268982378066394,221,0.3393750331591191,0.2537313432835821,4,0,0.733008276754173,0.0,False
TGFB2_TGFBR2,generic,TGFB2,TGFBR2,Erythrocyte (blood),Oligodendrocyte,0.0045049494318386485,1342,0.3403839468190713,0.3283582089552239,10,1,0.733008276754173,0.1,False
HBEGF_EGFR,generic,HBEGF,EGFR,T / NK cell,Excitatory neuron,0.0016862371916412026,651,0.3407477309429862,0.29850746268656714,12,0,0.733008276754173,0.0,False
DLL1_NOTCH1,generic,DLL1,NOTCH1,Border macrophage,Border macrophage,0.0016837151820383101,638,0.3400820025531693,0.2935323383084577,12,0,0.733008276754173,0.0,False
VEGFB_FLT1,generic,VEGFB,FLT1,Endothelial,Inhibitory neuron,0.060641657738458546,42,0.3411568250659932,0.2736318407960199,0,0,0.7330674059863231,0.0,False
VEGFB_FLT1,generic,VEGFB,FLT1,Fibroblast / VLMC,Microglia,0.055195260307063225,92,0.3416939879025346,0.2736318407960199,1,0,0.7334012857662223,0.0,False
FGF7_FGFR2,generic,FGF7,FGFR2,Erythrocyte (blood),Choroid plexus,0.018480847172412395,279,0.34214399063577633,0.35323383084577115,7,0,0.7335475513519267,0.0,False
MIF_CD74,generic,MIF,CD74,Astrocyte,Oligodendrocyte,0.6329722697274727,342,0.34336820033967164,0.3582089552238806,6,1,0.7345326423747318,0.16666666666666666,False
PDGFB_PDGFRB,generic,PDGFB,PDGFRB,T / NK cell,T / NK cell,0.00586804554059908,462,0.3433369950376554,0.29850746268656714,10,1,0.7345326423747318,0.1,False
FGF2_FGFR1,generic,FGF2,FGFR1,Oligodendrocyte,Fibroblast / VLMC,0.00680165277623734,722,0.343878366431425,0.2885572139303483,10,1,0.7348057195937346,0.1,False
TGFB1_TGFBR2,generic,TGFB1,TGFBR2,Erythrocyte (blood),T / NK cell,0.001874956794564715,526,0.3475684120657288,0.2736318407960199,12,0,0.7418654661980723,0.0,False
VEGFA_FLT1,generic,VEGFA,FLT1,Astrocyte,Fibroblast / VLMC,0.009499731488252809,382,0.3485939931361346,0.32338308457711445,7,1,0.743228702346853,0.14285714285714285,False
CSF1_CSF1R,generic,CSF1,CSF1R,Excitatory neuron,Endothelial,0.004001129825576013,595,0.3518714994172671,0.3333333333333333,12,1,0.7493848673842239,0.08333333333333333,False
CSF1_CSF1R,generic,CSF1,CSF1R,Oligodendrocyte,T / NK cell,0.009421336992950103,453,0.3528056372157433,0.3034825870646766,9,0,0.7505422249074672,0.0,False
JAG1_NOTCH2,generic,JAG1,NOTCH2,Choroid plexus,Excitatory neuron,0.007250593830120527,321,0.35491412764588454,0.3383084577114428,7,0,0.7541925212475047,0.0,False
MIF_CD74,generic,MIF,CD74,T / NK cell,Endothelial,0.8389596024991967,253,0.35693043901453453,0.36318407960199006,7,0,0.7559825139983919,0.0,False
FGF7_FGFR2,generic,FGF7,FGFR2,Vascular smooth muscle,Astrocyte,0.008519770223883134,237,0.3569370849539518,0.3283582089552239,7,0,0.7559825139983919,0.0,False
TGFB2_TGFBR2,generic,TGFB2,TGFBR2,T / NK cell,Excitatory neuron,0.00629082299231018,651,0.35641001881107526,0.31840796019900497,12,1,0.7559825139983919,0.08333333333333333,False
VEGFA_KDR,generic,VEGFA,KDR,T / NK cell,Oligodendrocyte,0.0027615629284587126,453,0.3583605511847102,0.36318407960199006,9,0,0.7573742491531186,0.0,False
HBEGF_EGFR,generic,HBEGF,EGFR,Erythrocyte (blood),Oligodendrocyte,0.0025056485092231308,1342,0.3583827134201899,0.3333333333333333,10,0,0.7573742491531186,0.0,False
TGFB2_TGFBR2,generic,TGFB2,TGFBR2,Excitatory neuron,Inhibitory neuron,0.018815583803436974,88,0.3602146437689616,0.29850746268656714,0,0,0.760406950872756,0.0,False
TGFB2_TGFBR2,generic,TGFB2,TGFBR2,Astrocyte,Ependymal,0.007590440932862059,334,0.36138715120572074,0.30845771144278605,5,0,0.760406950872756,0.0,False
JAG1_NOTCH1,generic,JAG1,NOTCH1,Border macrophage,Ependymal,0.0059288705532976205,241,0.361796956323633,0.1691542288557214,5,1,0.760406950872756,0.2,False
PDGFB_PDGFRB,generic,PDGFB,PDGFRB,T / NK cell,Oligodendrocyte,0.0043751501352844915,453,0.36141304864851087,0.31343283582089554,9,0,0.760406950872756,0.0,False
FGF10_FGFR2,generic,FGF10,FGFR2,Excitatory neuron,Border macrophage,0.0016464805873701227,1057,0.36072554944076407,0.31840796019900497,12,0,0.760406950872756,0.0,False
PDGFA_PDGFRA,generic,PDGFA,PDGFRA,T / NK cell,Erythrocyte (blood),0.020627423837610976,526,0.36395974678870396,0.32338308457711445,12,0,0.7632823947391925,0.0,False
PDGFB_PDGFRB,generic,PDGFB,PDGFRB,Erythrocyte (blood),Choroid plexus,0.008546057033709727,279,0.36387276389146284,0.2885572139303483,7,1,0.7632823947391925,0.14285714285714285,False
CXCL12_CXCR4,generic,CXCL12,CXCR4,Endothelial,Endothelial,0.006198089596227551,282,0.36437547824515765,0.2736318407960199,7,1,0.7633209309803138,0.14285714285714285,False
FGF2_FGFR1,generic,FGF2,FGFR1,Choroid plexus,Endothelial,0.028034124346006484,84,0.3651497887427061,0.2935323383084577,0,0,0.7641097431097368,0.0,False
KITLG_KIT,generic,KITLG,KIT,Endothelial,Excitatory neuron,0.0077782817247535,595,0.367025728269619,0.34328358208955223,12,1,0.7671995908660916,0.08333333333333333,False
VEGFA_FLT1,generic,VEGFA,FLT1,Inhibitory neuron,Excitatory neuron,0.011837416074492714,88,0.3689888350933176,0.373134328358209,0,0,0.7696281782999599,0.0,False
CXCL12_CXCR4,generic,CXCL12,CXCR4,Astrocyte,Excitatory neuron,0.004050743721780323,336,0.36892102919975195,0.24378109452736318,9,0,0.7696281782999599,0.0,False
MIF_CD74,generic,MIF,CD74,Border macrophage,Inhibitory neuron,0.5616565897779645,53,0.3715874777624818,0.3582089552238806,0,0,0.7715503337983854,0.0,False
SPP1_CD44,generic,SPP1,CD44,Vascular smooth muscle,Pericyte,0.06276908769445905,59,0.37191858880650963,0.263681592039801,0,0,0.7715503337983854,0.0,False
VEGFB_FLT1,generic,VEGFB,FLT1,Endothelial,Erythrocyte (blood),0.03405915607105602,594,0.37051838438536144,0.31343283582089554,12,1,0.7715503337983854,0.08333333333333333,False
GAS6_AXL,generic,GAS6,AXL,Microglia,T / NK cell,0.028945141285657883,80,0.3715560221704133,0.31840796019900497,0,0,0.7715503337983854,0.0,False
FGF7_FGFR2,generic,FGF7,FGFR2,Endothelial,Fibroblast / VLMC,0.008798920520217964,223,0.3713339340780699,0.3781094527363184,5,0,0.7715503337983854,0.0,False
SPP1_CD44,generic,SPP1,CD44,Pericyte,Choroid plexus,0.05026142771651105,41,0.3741479433539563,0.31840796019900497,0,0,0.7745275793852894,0.0,False
PDGFA_PDGFRA,generic,PDGFA,PDGFRA,Vascular smooth muscle,Vascular smooth muscle,0.013474755427416633,408,0.37416012163953594,0.32338308457711445,7,1,0.7745275793852894,0.14285714285714285,False
FGF2_FGFR1,generic,FGF2,FGFR1,Border macrophage,Endothelial,0.006630428194061039,381,0.37611630440455507,0.3333333333333333,10,0,0.7777388813360068,0.0,False
GAS6_AXL,generic,GAS6,AXL,Excitatory neuron,Border macrophage,0.04165424433313909,1057,0.378349801990186,0.3681592039800995,12,0,0.7780020564100975,0.0,False
GAS6_AXL,generic,GAS6,AXL,Microglia,Ependymal,0.03335843010554238,63,0.37781427823653546,0.29850746268656714,1,0,0.7780020564100975,0.0,False
SPP1_CD44,generic,SPP1,CD44,Ependymal,Endothelial,0.025576381260538336,203,0.37860216913438755,0.34328358208955223,3,0,0.7780020564100975,0.0,False
CXCL12_CXCR4,generic,CXCL12,CXCR4,Fibroblast / VLMC,Excitatory neuron,0.0049268535239424165,499,0.3785915854506716,0.3333333333333333,7,1,0.7780020564100975,0.14285714285714285,False
VEGFA_KDR,generic,VEGFA,KDR,Erythrocyte (blood),Excitatory neuron,0.0017984120775899981,1535,0.3780909538439847,0.3034825870646766,12,1,0.7780020564100975,0.08333333333333333,False
VEGFA_KDR,generic,VEGFA,KDR,Fibroblast / VLMC,Fibroblast / VLMC,0.0015536313471586807,1242,0.37867356727925094,0.25870646766169153,9,1,0.7780020564100975,0.1111111111111111,False
SPP1_CD44,generic,SPP1,CD44,Border macrophage,Oligodendrocyte,0.08007119946824365,429,0.3827307954630711,0.3681592039800995,9,0,0.7849423060854138,0.0,False
FGF2_FGFR1,generic,FGF2,FGFR1,Pericyte,Endothelial,0.015288645470583881,108,0.3828842753604218,0.3383084577114428,0,0,0.7849423060854138,0.0,False
TGFB2_TGFBR2,generic,TGFB2,TGFBR2,Fibroblast / VLMC,Erythrocyte (blood),0.005591397015553601,477,0.38368601010630066,0.32338308457711445,8,0,0.7849423060854138,0.0,False
PDGFB_PDGFRB,generic,PDGFB,PDGFRB,Pericyte,Erythrocyte (blood),0.0049087969462076825,225,0.38344381897170693,0.3034825870646766,5,0,0.7849423060854138,0.0,False
MIF_CD74,generic,MIF,CD74,Microglia,Border macrophage,0.8926239520116569,153,0.3850431709542834,0.36318407960199006,3,0,0.7866269591026817,0.0,False
MIF_CD74,generic,MIF,CD74,Fibroblast / VLMC,Erythrocyte (blood),0.8614276315181261,477,0.38639391130245154,0.3781094527363184,8,1,0.7866269591026817,0.125,False
SPP1_CD44,generic,SPP1,CD44,Astrocyte,Oligodendrocyte,0.06273814216691848,342,0.3873758996934601,0.3781094527363184,6,0,0.7866269591026817,0.0,False
SPP1_CD44,generic,SPP1,CD44,Fibroblast / VLMC,Border macrophage,0.04274774824871736,408,0.38645698121670163,0.4228855721393035,7,0,0.7866269591026817,0.0,False
FGF2_FGFR1,generic,FGF2,FGFR1,Erythrocyte (blood),Excitatory neuron,0.008665917595356993,1535,0.3867053223643981,0.31840796019900497,12,0,0.7866269591026817,0.0,False
JAG1_NOTCH1,generic,JAG1,NOTCH1,Astrocyte,Oligodendrocyte,0.006121843878985845,342,0.38722008048306233,0.31840796019900497,6,0,0.7866269591026817,0.0,False
VEGFA_KDR,generic,VEGFA,KDR,Vascular smooth muscle,Vascular smooth muscle,0.004541867796112509,408,0.38696485009893294,0.3283582089552239,7,0,0.7866269591026817,0.0,False
SPP1_CD44,generic,SPP1,CD44,Inhibitory neuron,Choroid plexus,0.06243345737457275,20,0.38812458936829675,0.3383084577114428,0,0,0.7873150329213285,0.0,False
MIF_CD74,generic,MIF,CD74,Endothelial,Oligodendrocyte,0.680023366483775,220,0.3895413286813927,0.39303482587064675,4,0,0.7876935709441635,0.0,False
TGFB1_TGFBR1,generic,TGFB1,TGFBR1,Inhibitory neuron,Excitatory neuron,0.007698081433773041,88,0.3890556939083343,0.263681592039801,0,0,0.7876935709441635,0.0,False
TGFB1_TGFBR1,generic,TGFB1,TGFBR1,T / NK cell,Excitatory neuron,0.0026469491593848725,651,0.3891503841202563,0.3283582089552239,12,1,0.7876935709441635,0.08333333333333333,False
CSF1_CSF1R,generic,CSF1,CSF1R,Fibroblast / VLMC,Erythrocyte (blood),0.006626060673775663,477,0.3919653383211058,0.3383084577114428,8,1,0.791761740183853,0.125,False
PDGFB_PDGFRB,generic,PDGFB,PDGFRB,T / NK cell,Border macrophage,0.007425649166107178,400,0.3938959394299083,0.36318407960199006,11,1,0.794825734921065,0.09090909090909091,False
GAS6_AXL,generic,GAS6,AXL,Border macrophage,Fibroblast / VLMC,0.034432249326331946,408,0.39667554988278275,0.3681592039800995,7,1,0.7970854930176001,0.14285714285714285,False
PDGFA_PDGFRA,generic,PDGFA,PDGFRA,T / NK cell,Astrocyte,0.014221920021649065,232,0.3963686780869762,0.35323383084577115,4,0,0.7970854930176001,0.0,False
SEMA3A_NRP1,generic,SEMA3A,NRP1,Astrocyte,Oligodendrocyte,0.00387935993964212,342,0.39568097748089914,0.3880597014925373,6,0,0.7970854930176001,0.0,False
SEMA3A_NRP1,generic,SEMA3A,NRP1,Erythrocyte (blood),Fibroblast / VLMC,0.003272323238524751,477,0.3962016470491347,0.27860696517412936,8,0,0.7970854930176001,0.0,False
VEGFA_FLT1,generic,VEGFA,FLT1,Inhibitory neuron,Astrocyte,0.04594224432240362,46,0.4001813925279435,0.3582089552238806,0,0,0.7974569035748749,0.0,False
GAS6_AXL,generic,GAS6,AXL,Pericyte,Excitatory neuron,0.03511551127714269,255,0.3994565786011504,0.3582089552238806,7,0,0.7974569035748749,0.0,False
GAS6_AXL,generic,GAS6,AXL,Oligodendrocyte,OPC,0.024098979930082958,48,0.39770655849338626,0.27860696517412936,0,0,0.7974569035748749,0.0,False
VEGFA_FLT1,generic,VEGFA,FLT1,Fibroblast / VLMC,Excitatory neuron,0.012457667109005914,499,0.39832720370734304,0.3034825870646766,7,0,0.7974569035748749,0.0,False
JAG1_NOTCH1,generic,JAG1,NOTCH1,Border macrophage,Astrocyte,0.008029443349025046,516,0.3994073457144544,0.31840796019900497,8,0,0.7974569035748749,0.0,False
JAG1_NOTCH2,generic,JAG1,NOTCH2,Erythrocyte (blood),T / NK cell,0.004755740383278735,526,0.39893655846012666,0.38308457711442784,12,1,0.7974569035748749,0.08333333333333333,False
JAG1_NOTCH1,generic,JAG1,NOTCH1,Excitatory neuron,Endothelial,0.004108846087415679,595,0.4001803730251339,0.31343283582089554,12,1,0.7974569035748749,0.08333333333333333,False
DLL4_NOTCH1,generic,DLL4,NOTCH1,T / NK cell,T / NK cell,0.001869405373866424,462,0.39762753963790354,0.3781094527363184,10,0,0.7974569035748749,0.0,False
JAG1_NOTCH2,generic,JAG1,NOTCH2,T / NK cell,Endothelial,0.008480698223641739,253,0.4007782574682686,0.34328358208955223,7,0,0.797818686628543,0.0,False
MIF_CD74,generic,MIF,CD74,Microglia,T / NK cell,0.7592583000659943,80,0.40286356427632647,0.3582089552238806,0,0,0.7982659095812605,0.0,False
VEGFB_FLT1,generic,VEGFB,FLT1,Choroid plexus,Pericyte,0.047836899757385254,41,0.40310400829555415,0.30845771144278605,0,0,0.7982659095812605,0.0,False
SPP1_CD44,generic,SPP1,CD44,T / NK cell,Choroid plexus,0.04183326815736705,116,0.40506943621461844,0.3681592039800995,2,0,0.7982659095812605,0.0,False
PDGFA_PDGFRA,generic,PDGFA,PDGFRA,Erythrocyte (blood),Pericyte,0.018955530590481228,225,0.4039937466399723,0.3333333333333333,5,0,0.7982659095812605,0.0,False
PDGFA_PDGFRA,generic,PDGFA,PDGFRA,Choroid plexus,Oligodendrocyte,0.01794997090878694,230,0.4050217903183854,0.36318407960199006,6,0,0.7982659095812605,0.0,False
PDGFA_PDGFRA,generic,PDGFA,PDGFRA,Endothelial,Choroid plexus,0.016570813599086943,84,0.40206290113447707,0.31840796019900497,0,0,0.7982659095812605,0.0,False
TGFB2_TGFBR2,generic,TGFB2,TGFBR2,Microglia,Ependymal,0.012174930837419298,63,0.4048201539914546,0.16417910447761194,1,0,0.7982659095812605,0.0,False
PDGFA_PDGFRA,generic,PDGFA,PDGFRA,Ependymal,Excitatory neuron,0.008649641579955163,274,0.40515838721589226,0.3482587064676617,7,0,0.7982659095812605,0.0,False
FGF7_FGFR2,generic,FGF7,FGFR2,Oligodendrocyte,Border macrophage,0.008354580485737407,429,0.40315983296887836,0.3681592039800995,9,1,0.7982659095812605,0.1111111111111111,False
JAG1_NOTCH2,generic,JAG1,NOTCH2,Fibroblast / VLMC,Excitatory neuron,0.006753986369154018,499,0.4032810779796714,0.3482587064676617,7,0,0.7982659095812605,0.0,False
GAS6_AXL,generic,GAS6,AXL,Astrocyte,Erythrocyte (blood),0.02815371884980015,537,0.4093566097623951,0.3781094527363184,11,0,0.8006753783123702,0.0,False
PDGFA_PDGFRA,generic,PDGFA,PDGFRA,Vascular smooth muscle,T / NK cell,0.018324950908092743,94,0.40706932304671356,0.3383084577114428,0,0,0.8006753783123702,0.0,False
TGFB2_TGFBR2,generic,TGFB2,TGFBR2,Astrocyte,Choroid plexus,0.007953360676765442,152,0.40823057321906325,0.2885572139303483,2,0,0.8006753783123702,0.0,False
JAG1_NOTCH1,generic,JAG1,NOTCH1,Excitatory neuron,Astrocyte,0.00697040061155955,336,0.40830737638989284,0.3681592039800995,9,0,0.8006753783123702,0.0,False
CSF1_CSF1R,generic,CSF1,CSF1R,Astrocyte,Border macrophage,0.006320869737817336,516,0.4077542798762385,0.31343283582089554,8,1,0.8006753783123702,0.125,False
PDGFB_PDGFRB,generic,PDGFB,PDGFRB,Erythrocyte (blood),Ependymal,0.005596526430850207,241,0.40971571935505463,0.23880597014925373,6,0,0.8006753783123702,0.0,False
TGFB2_TGFBR2,generic,TGFB2,TGFBR2,Choroid plexus,Fibroblast / VLMC,0.004550670800001725,138,0.4087053297964053,0.3034825870646766,2,0,0.8006753783123702,0.0,False
TGFB1_TGFBR2,generic,TGFB1,TGFBR2,Oligodendrocyte,T / NK cell,0.004023323390657539,453,0.4097150866063888,0.31343283582089554,9,0,0.8006753783123702,0.0,False
MIF_CD74,generic,MIF,CD74,T / NK cell,Ependymal,0.8496710332501837,119,0.41120873379232675,0.39303482587064675,1,0,0.8011480503195332,0.0,False
PDGFB_PDGFRB,generic,PDGFB,PDGFRB,T / NK cell,Choroid plexus,0.009033352136611938,116,0.4110062007945622,0.30845771144278605,2,0,0.8011480503195332,0.0,False
CSF1_CSF1R,generic,CSF1,CSF1R,Fibroblast / VLMC,Border macrophage,0.005746553925906911,408,0.41120483810538705,0.3781094527363184,7,0,0.8011480503195332,0.0,False
HBEGF_EGFR,generic,HBEGF,EGFR,Oligodendrocyte,Erythrocyte (blood),0.002284351208881543,1342,0.41209314695686106,0.3482587064676617,10,1,0.8020576852118846,0.1,False
SPP1_CD44,generic,SPP1,CD44,Choroid plexus,Fibroblast / VLMC,0.04311204021391661,138,0.4128138337622209,0.36318407960199006,2,0,0.8026471403413221,0.0,False
SPP1_CD44,generic,SPP1,CD44,Border macrophage,Ependymal,0.03078259867751252,241,0.4135837797223667,0.39303482587064675,5,0,0.8033310827569935,0.0,False
SPP1_CD44,generic,SPP1,CD44,Ependymal,Oligodendrocyte,0.06977639586677378,221,0.4143550143815031,0.417910447761194,3,0,0.8040161440675428,0.0,False
VEGFB_FLT1,generic,VEGFB,FLT1,Microglia,Ependymal,0.047601211638677685,63,0.41638105723888896,0.3482587064676617,1,0,0.8042819879247562,0.0,False
PDGFA_PDGFRA,generic,PDGFA,PDGFRA,Choroid plexus,Vascular smooth muscle,0.038452307708927845,61,0.41515830352581085,0.3482587064676617,0,0,0.8042819879247562,0.0,False
PDGFA_PDGFRA,generic,PDGFA,PDGFRA,Fibroblast / VLMC,Pericyte,0.02335311796354211,92,0.41658541279809086,0.3482587064676617,1,0,0.8042819879247562,0.0,False
PDGFB_PDGFRB,generic,PDGFB,PDGFRB,Endothelial,Endothelial,0.010001226731225953,282,0.4158475631887728,0.34328358208955223,7,0,0.8042819879247562,0.0,False
CSF1_CSF1R,generic,CSF1,CSF1R,Pericyte,Excitatory neuron,0.00649572680978214,255,0.41574636783589125,0.3781094527363184,7,0,0.8042819879247562,0.0,False
GAS6_AXL,generic,GAS6,AXL,Vascular smooth muscle,Excitatory neuron,0.0468533722559611,225,0.41839998761097547,0.40298507462686567,4,0,0.8046016984982906,0.0,False
FGF2_FGFR1,generic,FGF2,FGFR1,Border macrophage,Astrocyte,0.008505483468373617,516,0.4186543734285663,0.373134328358209,8,1,0.8046016984982906,0.125,False
TGFB2_TGFBR2,generic,TGFB2,TGFBR2,Erythrocyte (blood),Ependymal,0.004071478527116578,241,0.4191292649413472,0.27860696517412936,6,0,0.8046016984982906,0.0,False
DLL1_NOTCH1,generic,DLL1,NOTCH1,Fibroblast / VLMC,Fibroblast / VLMC,0.003279116994516861,1242,0.41895198213564516,0.36318407960199006,9,1,0.8046016984982906,0.1111111111111111,False
AREG_EGFR,generic,AREG,EGFR,Fibroblast / VLMC,Oligodendrocyte,0.002654494671280034,722,0.41926408131014514,0.30845771144278605,10,1,0.8046016984982906,0.1,False
FGF10_FGFR2,generic,FGF10,FGFR2,Oligodendrocyte,Excitatory neuron,0.0014285461081442936,601,0.417697193325059,0.42786069651741293,12,0,0.8046016984982906,0.0,False
MIF_CD74,generic,MIF,CD74,Inhibitory neuron,Oligodendrocyte,1.23031065762043,40,0.41982156494678896,0.3880597014925373,0,0,0.8048674912802212,0.0,False
CXCL12_CXCR4,generic,CXCL12,CXCR4,Excitatory neuron,Border macrophage,0.0027157712230844776,1057,0.4222599826749442,0.3482587064676617,12,1,0.8087352210554015,0.08333333333333333,False
GAS6_AXL,generic,GAS6,AXL,Border macrophage,T / NK cell,0.04039092421531677,400,0.42296270504760514,0.4079601990049751,11,2,0.8092487669318842,0.18181818181818182,False
VEGFA_FLT1,generic,VEGFA,FLT1,Oligodendrocyte,T / NK cell,0.00827482415087702,453,0.4237919102204453,0.3482587064676617,9,1,0.8092487669318842,0.1111111111111111,False
KITLG_KIT,generic,KITLG,KIT,Border macrophage,Ependymal,0.0053901415148216655,241,0.42342834304229293,0.3582089552238806,5,0,0.8092487669318842,0.0,False
GAS6_AXL,generic,GAS6,AXL,Erythrocyte (blood),Choroid plexus,0.03750259709614579,279,0.4282826414277026,0.4129353233830846,7,1,0.810678482072081,0.14285714285714285,False
PDGFA_PDGFRA,generic,PDGFA,PDGFRA,Border macrophage,Pericyte,0.019461394846439363,160,0.4292560852066925,0.35323383084577115,3,1,0.810678482072081,0.3333333333333333,False
FGF2_FGFR1,generic,FGF2,FGFR1,Ependymal,Oligodendrocyte,0.013694782872005824,221,0.4296824675997165,0.3781094527363184,3,0,0.810678482072081,0.0,False
FGF2_FGFR1,generic,FGF2,FGFR1,Oligodendrocyte,Border macrophage,0.011575175887776977,429,0.4265635847330004,0.3582089552238806,9,0,0.810678482072081,0.0,False
FGF2_FGFR1,generic,FGF2,FGFR1,Erythrocyte (blood),Oligodendrocyte,0.011520121740690819,1342,0.43044875154269796,0.39303482587064675,10,0,0.810678482072081,0.0,False
FGF2_FGFR1,generic,FGF2,FGFR1,Erythrocyte (blood),Pericyte,0.01049409098095364,225,0.42891576323868674,0.373134328358209,5,0,0.810678482072081,0.0,False
FGF2_FGFR1,generic,FGF2,FGFR1,T / NK cell,T / NK cell,0.010087494468276118,462,0.4252901687735696,0.3781094527363184,10,0,0.810678482072081,0.0,False
PDGFB_PDGFRB,generic,PDGFB,PDGFRB,Astrocyte,Excitatory neuron,0.008878691565422784,336,0.42751691527621105,0.34328358208955223,9,0,0.810678482072081,0.0,False
FGF7_FGFR2,generic,FGF7,FGFR2,Excitatory neuron,Astrocyte,0.005567493005877449,336,0.42817895446428667,0.43781094527363185,9,0,0.810678482072081,0.0,False
JAG1_NOTCH1,generic,JAG1,NOTCH1,Oligodendrocyte,T / NK cell,0.005257919134683167,453,0.42963806936300003,0.39303482587064675,9,1,0.810678482072081,0.1111111111111111,False
PDGFB_PDGFRB,generic,PDGFB,PDGFRB,Oligodendrocyte,Astrocyte,0.0051238791287293904,342,0.42937470767998737,0.3482587064676617,6,0,0.810678482072081,0.0,False
HGF_MET,generic,HGF,MET,Fibroblast / VLMC,Erythrocyte (blood),0.0015270315126303107,477,0.4285102700152883,0.3482587064676617,8,0,0.810678482072081,0.0,False
AREG_EGFR,generic,AREG,EGFR,Erythrocyte (blood),Oligodendrocyte,0.0010193600562219292,1342,0.4255331814653416,0.3383084577114428,10,0,0.810678482072081,0.0,False
IFNG_IFNGR1,generic,IFNG,IFNGR1,Oligodendrocyte,Oligodendrocyte,7.440090543997761e-05,19620,0.4300291152984841,0.3681592039800995,12,0,0.810678482072081,0.0,False
GAS6_AXL,generic,GAS6,AXL,Choroid plexus,Border macrophage,0.02837964615870997,194,0.4313720684170027,0.38308457711442784,3,0,0.8116216879814518,0.0,False
SPP1_CD44,generic,SPP1,CD44,Vascular smooth muscle,Vascular smooth muscle,0.05978863817804,408,0.4336580916225189,0.43283582089552236,7,2,0.81273872586035,0.2857142857142857,False
FGF2_FGFR1,generic,FGF2,FGFR1,Endothelial,Fibroblast / VLMC,0.004783288245778447,223,0.4333480883410291,0.2885572139303483,5,1,0.81273872586035,0.2,False
FGF10_FGFR2,generic,FGF10,FGFR2,Astrocyte,Border macrophage,0.004574028096457784,516,0.4328709881919667,0.43781094527363185,8,0,0.81273872586035,0.0,False
DLL4_NOTCH1,generic,DLL4,NOTCH1,Border macrophage,Endothelial,0.0029715537399131794,381,0.4334225748336028,0.2885572139303483,10,1,0.81273872586035,0.1,False
TGFB1_TGFBR1,generic,TGFB1,TGFBR1,Fibroblast / VLMC,T / NK cell,0.006347998235020702,221,0.43533910597566833,0.3582089552238806,4,0,0.8150939791220846,0.0,False
VEGFB_FLT1,generic,VEGFB,FLT1,Inhibitory neuron,Border macrophage,0.0511909655804904,53,0.437683286923075,0.39800995024875624,0,0,0.8155088207363987,0.0,False
GAS6_AXL,generic,GAS6,AXL,Oligodendrocyte,Erythrocyte (blood),0.024848973253622494,1342,0.4372648168747128,0.4228855721393035,10,0,0.8155088207363987,0.0,False
PDGFB_PDGFRB,generic,PDGFB,PDGFRB,Vascular smooth muscle,Erythrocyte (blood),0.01358056722311028,237,0.437059358121377,0.39303482587064675,5,0,0.8155088207363987,0.0,False
KITLG_KIT,generic,KITLG,KIT,Excitatory neuron,T / NK cell,0.008912451805606965,651,0.43643987409060536,0.373134328358209,12,0,0.8155088207363987,0.0,False
DLL4_NOTCH1,generic,DLL4,NOTCH1,Border macrophage,T / NK cell,0.0023472285270690917,400,0.43730017766255824,0.263681592039801,11,0,0.8155088207363987,0.0,False
SPP1_CD44,generic,SPP1,CD44,Inhibitory neuron,Border macrophage,0.030530587682184182,53,0.4391164137552577,0.34328358208955223,0,0,0.815805252247437,0.0,False
PDGFB_PDGFRB,generic,PDGFB,PDGFRB,Astrocyte,Astrocyte,0.004755788831309383,1758,0.4388502404164211,0.4079601990049751,11,0,0.815805252247437,0.0,False
KITLG_KIT,generic,KITLG,KIT,Astrocyte,Astrocyte,0.0033113201052391216,1758,0.4384623446600166,0.373134328358209,11,2,0.815805252247437,0.18181818181818182,False
VEGFB_FLT1,generic,VEGFB,FLT1,Inhibitory neuron,Excitatory neuron,0.05311645838347348,88,0.44018552396061056,0.4129353233830846,0,0,0.8162127331354564,0.0,False
SEMA3A_NRP1,generic,SEMA3A,NRP1,Oligodendrocyte,Excitatory neuron,0.0019919370454480364,601,0.4397927073348251,0.3283582089552239,12,1,0.8162127331354564,0.08333333333333333,False
VEGFB_FLT1,generic,VEGFB,FLT1,Microglia,Astrocyte,0.03813346734283664,141,0.4421557237798302,0.3781094527363184,4,0,0.8182862672264488,0.0,False
SEMA3A_NRP1,generic,SEMA3A,NRP1,Erythrocyte (blood),Ependymal,0.0029124451870740204,241,0.4420286238673625,0.208955223880597,6,0,0.8182862672264488,0.0,False
GAS6_AXL,generic,GAS6,AXL,Fibroblast / VLMC,Oligodendrocyte,0.01974583117915653,722,0.44591240198135157,0.44776119402985076,10,0,0.8244443928837116,0.0,False
CSF1_CSF1R,generic,CSF1,CSF1R,T / NK cell,Oligodendrocyte,0.012060466717936872,453,0.44664772242739476,0.3681592039800995,9,0,0.8250098795990628,0.0,False
CXCL12_CXCR4,generic,CXCL12,CXCR4,Border macrophage,Border macrophage,0.0027273648584897987,638,0.44793982564440166,0.3482587064676617,12,0,0.8250166875003793,0.0,False
VEGFA_KDR,generic,VEGFA,KDR,Erythrocyte (blood),Endothelial,0.0016076846756919064,594,0.4476152910295963,0.31343283582089554,12,1,0.8250166875003793,0.08333333333333333,False
TGFB1_TGFBR2,generic,TGFB1,TGFBR2,Erythrocyte (blood),Fibroblast / VLMC,0.001447998877591307,477,0.44741903522219273,0.2935323383084577,8,0,0.8250166875003793,0.0,False
MIF_CD74,generic,MIF,CD74,Pericyte,Vascular smooth muscle,0.4820502531730523,59,0.44930005342080626,0.43781094527363185,0,0,0.8259381843266688,0.0,False
PDGFB_PDGFRB,generic,PDGFB,PDGFRB,Choroid plexus,Oligodendrocyte,0.006920885003131369,230,0.44897019335941785,0.3880597014925373,6,0,0.8259381843266688,0.0,False
KITLG_KIT,generic,KITLG,KIT,Choroid plexus,Fibroblast / VLMC,0.009002871271492779,138,0.4502420226672185,0.2885572139303483,2,0,0.8268785139041366,0.0,False
JAG1_NOTCH1,generic,JAG1,NOTCH1,T / NK cell,Erythrocyte (blood),0.005669708940919361,526,0.45095206420373823,0.39800995024875624,12,1,0.8273915141694185,0.08333333333333333,False
MIF_CD74,generic,MIF,CD74,T / NK cell,Vascular smooth muscle,0.8541296352731421,94,0.45150398109871037,0.43781094527363185,0,0,0.8276136905444873,0.0,False
FGF2_FGFR1,generic,FGF2,FGFR1,Ependymal,Erythrocyte (blood),0.016541418198233324,241,0.45292830368855524,0.43781094527363185,6,0,0.8294330518452951,0.0,False
FGF7_FGFR2,generic,FGF7,FGFR2,Pericyte,Erythrocyte (blood),0.011914851930406358,225,0.4562925384478793,0.3681592039800995,5,0,0.8324197211380591,0.0,False
KITLG_KIT,generic,KITLG,KIT,T / NK cell,Choroid plexus,0.00956089948785716,116,0.4556487069750595,0.39303482587064675,2,0,0.8324197211380591,0.0,False
FGF2_FGFR1,generic,FGF2,FGFR1,Oligodendrocyte,Pericyte,0.006034649855701636,141,0.4552509671158236,0.35323383084577115,1,0,0.8324197211380591,0.0,False
JAG1_NOTCH2,generic,JAG1,NOTCH2,Pericyte,Excitatory neuron,0.004915194417916092,255,0.4559339650774176,0.3681592039800995,7,1,0.8324197211380591,0.14285714285714285,False
VEGFA_FLT1,generic,VEGFA,FLT1,Fibroblast / VLMC,Astrocyte,0.007530078213876455,382,0.4575751055600301,0.3383084577114428,7,0,0.8335114784286499,0.0,False
TGFB2_TGFBR2,generic,TGFB2,TGFBR2,Excitatory neuron,Pericyte,0.004003302723753686,255,0.45794545258538244,0.3283582089552239,7,0,0.8335114784286499,0.0,False
TGFB2_TGFBR2,generic,TGFB2,TGFBR2,Erythrocyte (blood),Endothelial,0.0033676679487581605,594,0.45819267111954937,0.31840796019900497,12,0,0.8335114784286499,0.0,False
GAS6_AXL,generic,GAS6,AXL,Fibroblast / VLMC,Inhibitory neuron,0.04565148170177753,26,0.4587481399813578,0.2935323383084577,0,0,0.8337324284807837,0.0,False
CSF1_CSF1R,generic,CSF1,CSF1R,Border macrophage,Fibroblast / VLMC,0.004782188172433891,408,0.45919616925404083,0.4129353233830846,7,0,0.8337578838724125,0.0,False
GAS6_AXL,generic,GAS6,AXL,Oligodendrocyte,T / NK cell,0.026725539308510078,453,0.4621036106523641,0.40298507462686567,9,0,0.8382446044033913,0.0,False
SPP1_CD44,generic,SPP1,CD44,Erythrocyte (blood),T / NK cell,0.03532422268798596,526,0.462627980357122,0.42786069651741293,12,1,0.8384041040245578,0.08333333333333333,False
MIF_CD74,generic,MIF,CD74,Erythrocyte (blood),T / NK cell,0.8457379502035366,526,0.46434177438385227,0.4427860696517413,12,0,0.8389816397442322,0.0,False
MIF_CD74,generic,MIF,CD74,Ependymal,Endothelial,0.5810899652283767,203,0.4659041993551162,0.47761194029850745,3,0,0.8389816397442322,0.0,False
MIF_CD74,generic,MIF,CD74,Astrocyte,Inhibitory neuron,0.39037748264229816,46,0.46520494892633246,0.4427860696517413,0,0,0.8389816397442322,0.0,False
GAS6_AXL,generic,GAS6,AXL,Border macrophage,Microglia,0.04063437421337452,153,0.464296590956651,0.43283582089552236,3,0,0.8389816397442322,0.0,False
SPP1_CD44,generic,SPP1,CD44,Excitatory neuron,Ependymal,0.023776232326117745,274,0.46365754475756304,0.40298507462686567,7,1,0.8389816397442322,0.14285714285714285,False
TGFB2_TGFBR2,generic,TGFB2,TGFBR2,Excitatory neuron,Endothelial,0.00395927268917821,595,0.46521188040171163,0.36318407960199006,12,1,0.8389816397442322,0.08333333333333333,False
TGFB1_TGFBR2,generic,TGFB1,TGFBR2,Fibroblast / VLMC,Excitatory neuron,0.0031268063910260707,499,0.4660038571614242,0.3582089552238806,7,0,0.8389816397442322,0.0,False
JAG1_NOTCH2,generic,JAG1,NOTCH2,Erythrocyte (blood),Pericyte,0.006935535007052952,225,0.4668009030143502,0.2885572139303483,5,0,0.8391118534727464,0.0,False
CXCL12_CXCR4,generic,CXCL12,CXCR4,T / NK cell,Border macrophage,0.0033071023225784302,400,0.46694980289555743,0.3333333333333333,11,1,0.8391118534727464,0.09090909090909091,False
MIF_CD74,generic,MIF,CD74,Erythrocyte (blood),Microglia,0.911357965890099,170,0.46761139597928686,0.4427860696517413,4,0,0.839513666027906,0.0,False
SPP1_CD44,generic,SPP1,CD44,Pericyte,Border macrophage,0.03526832982897758,160,0.47039403763932824,0.4527363184079602,3,1,0.839513666027906,0.3333333333333333,False
GAS6_AXL,generic,GAS6,AXL,Fibroblast / VLMC,Excitatory neuron,0.03224092196367069,499,0.47054504686942367,0.46766169154228854,7,0,0.839513666027906,0.0,False
VEGFB_FLT1,generic,VEGFB,FLT1,Fibroblast / VLMC,Choroid plexus,0.030958465044049248,138,0.4705880724442402,0.36318407960199006,2,0,0.839513666027906,0.0,False
VEGFA_FLT1,generic,VEGFA,FLT1,Vascular smooth muscle,T / NK cell,0.010681185316532216,94,0.46876334640483225,0.3383084577114428,0,0,0.839513666027906,0.0,False
KITLG_KIT,generic,KITLG,KIT,Fibroblast / VLMC,Erythrocyte (blood),0.008661092577240502,477,0.46850767139483107,0.417910447761194,8,0,0.839513666027906,0.0,False
CSF1_CSF1R,generic,CSF1,CSF1R,Endothelial,Fibroblast / VLMC,0.005929347645541478,223,0.47066955664344334,0.3283582089552239,5,0,0.839513666027906,0.0,False
JAG1_NOTCH2,generic,JAG1,NOTCH2,Fibroblast / VLMC,Oligodendrocyte,0.00455894694764198,722,0.46928502628940866,0.4079601990049751,10,1,0.839513666027906,0.1,False
MIF_CD74,generic,MIF,CD74,T / NK cell,Choroid plexus,1.044194150587608,116,0.4734292171619984,0.48756218905472637,2,1,0.8398449111971523,0.5,False
MIF_CD74,generic,MIF,CD74,Erythrocyte (blood),Fibroblast / VLMC,0.8181995871931752,477,0.4749852544577494,0.472636815920398,8,0,0.8398449111971523,0.0,False
SPP1_CD44,generic,SPP1,CD44,Oligodendrocyte,Ependymal,0.08620485245372375,221,0.4749710855950757,0.43283582089552236,3,0,0.8398449111971523,0.0,False
VEGFB_FLT1,generic,VEGFB,FLT1,Fibroblast / VLMC,Erythrocyte (blood),0.040189629893132975,477,0.4732079538352711,0.43781094527363185,8,0,0.8398449111971523,0.0,False
VEGFB_FLT1,generic,VEGFB,FLT1,Erythrocyte (blood),Border macrophage,0.03455187647410159,848,0.47477383991073346,0.42786069651741293,12,0,0.8398449111971523,0.0,False
GAS6_AXL,generic,GAS6,AXL,Endothelial,Vascular smooth muscle,0.03432755433876096,131,0.47831465659551975,0.4228855721393035,1,0,0.8398449111971523,0.0,False
PDGFA_PDGFRA,generic,PDGFA,PDGFRA,T / NK cell,Fibroblast / VLMC,0.025805447705730594,221,0.47673197330349537,0.42786069651741293,4,0,0.8398449111971523,0.0,False
PDGFA_PDGFRA,generic,PDGFA,PDGFRA,Pericyte,Oligodendrocyte,0.018958857718934404,141,0.4778350903302407,0.3880597014925373,1,0,0.8398449111971523,0.0,False
FGF7_FGFR2,generic,FGF7,FGFR2,Erythrocyte (blood),Ependymal,0.015555128516992592,241,0.4779508621962787,0.40298507462686567,6,0,0.8398449111971523,0.0,False
PDGFB_PDGFRB,generic,PDGFB,PDGFRB,Pericyte,T / NK cell,0.009130022525787353,100,0.4779361633074422,0.39800995024875624,0,0,0.8398449111971523,0.0,False
JAG1_NOTCH1,generic,JAG1,NOTCH1,Microglia,Border macrophage,0.007686971059811661,153,0.4766706641094739,0.42786069651741293,3,0,0.8398449111971523,0.0,False
VEGFA_FLT1,generic,VEGFA,FLT1,Oligodendrocyte,Erythrocyte (blood),0.0061375560952369925,1342,0.4791619066486616,0.4228855721393035,10,1,0.8398449111971523,0.1,False
KITLG_KIT,generic,KITLG,KIT,Choroid plexus,Border macrophage,0.006038710628588175,194,0.47239373356530306,0.39303482587064675,3,0,0.8398449111971523,0.0,False
TGFB2_TGFBR2,generic,TGFB2,TGFBR2,Astrocyte,Oligodendrocyte,0.005972519952651353,342,0.4729232901903656,0.4228855721393035,6,0,0.8398449111971523,0.0,False
TGFB2_TGFBR2,generic,TGFB2,TGFBR2,Choroid plexus,Excitatory neuron,0.0059618248003665535,321,0.4733124790056838,0.417910447761194,7,0,0.8398449111971523,0.0,False
PDGFB_PDGFRB,generic,PDGFB,PDGFRB,Choroid plexus,Excitatory neuron,0.005547695070783669,321,0.47875850453856356,0.40298507462686567,7,0,0.8398449111971523,0.0,False
KITLG_KIT,generic,KITLG,KIT,Astrocyte,Ependymal,0.0026781184230735915,334,0.4739621314786068,0.263681592039801,5,0,0.8398449111971523,0.0,False
DLL1_NOTCH1,generic,DLL1,NOTCH1,Excitatory neuron,Erythrocyte (blood),0.0017352348818452817,1535,0.47792296515729693,0.43283582089552236,12,0,0.8398449111971523,0.0,False
CXCL12_CXCR4,generic,CXCL12,CXCR4,Excitatory neuron,Oligodendrocyte,0.001729549068381108,601,0.47539599773834135,0.373134328358209,12,0,0.8398449111971523,0.0,False
PDGFA_PDGFRA,generic,PDGFA,PDGFRA,Vascular smooth muscle,Pericyte,0.030877169916185283,59,0.4803008277150661,0.4079601990049751,0,0,0.8405583498382028,0.0,False
FGF2_FGFR1,generic,FGF2,FGFR1,Border macrophage,T / NK cell,0.007979261875152587,400,0.4809597465629471,0.4626865671641791,11,0,0.8405583498382028,0.0,False
KITLG_KIT,generic,KITLG,KIT,Astrocyte,Border macrophage,0.002162668825119965,516,0.4813192008443639,0.3880597014925373,8,0,0.8405583498382028,0.0,False
EGF_EGFR,generic,EGF,EGFR,Excitatory neuron,Excitatory neuron,0.00029939589931227866,2258,0.4810822245650707,0.3333333333333333,12,0,0.8405583498382028,0.0,False
JAG1_NOTCH2,generic,JAG1,NOTCH2,Vascular smooth muscle,Pericyte,0.01683410345497778,59,0.48177410229065476,0.19900497512437812,0,0,0.8405886017260199,0.0,False
JAG1_NOTCH2,generic,JAG1,NOTCH2,Excitatory neuron,T / NK cell,0.004593285867878552,651,0.48268721911827256,0.4228855721393035,12,1,0.8414175571018164,0.08333333333333333,False
SPP1_CD44,generic,SPP1,CD44,Inhibitory neuron,Fibroblast / VLMC,0.04179224142661461,26,0.4844460206486763,0.38308457711442784,0,0,0.8437178655177763,0.0,False
MIF_CD74,generic,MIF,CD74,Vascular smooth muscle,Oligodendrocyte,0.7312650933410182,99,0.4879108326193792,0.47761194029850745,0,0,0.8474472960776016,0.0,False
MIF_CD74,generic,MIF,CD74,Vascular smooth muscle,Vascular smooth muscle,0.7148874977640077,408,0.4876853106903236,0.4925373134328358,7,0,0.8474472960776016,0.0,False
KITLG_KIT,generic,KITLG,KIT,Oligodendrocyte,Border macrophage,0.003836296655081369,429,0.4870977233140041,0.39303482587064675,9,1,0.8474472960776016,0.1111111111111111,False
CSF1_CSF1R,generic,CSF1,CSF1R,Excitatory neuron,T / NK cell,0.0034946250842280467,651,0.4890016182839732,0.40298507462686567,12,1,0.8485746239598125,0.08333333333333333,False
JAG1_NOTCH2,generic,JAG1,NOTCH2,Endothelial,Border macrophage,0.004107086364365626,381,0.4909847297012057,0.44776119402985076,10,1,0.8501608457290714,0.1,False
PDGFB_PDGFRB,generic,PDGFB,PDGFRB,Border macrophage,Astrocyte,0.002736352441846862,516,0.4912433830084691,0.44776119402985076,8,0,0.8501608457290714,0.0,False
FGF10_FGFR2,generic,FGF10,FGFR2,Excitatory neuron,Excitatory neuron,0.0009582851501140476,2258,0.4904635279146694,0.39800995024875624,12,0,0.8501608457290714,0.0,False
MIF_CD74,generic,MIF,CD74,Ependymal,Microglia,0.5937244305534969,63,0.49220663775586426,0.47761194029850745,1,0,0.8502875077590115,0.0,False
PDGFB_PDGFRB,generic,PDGFB,PDGFRB,Erythrocyte (blood),Oligodendrocyte,0.005693183126463798,1342,0.4924732416973408,0.4129353233830846,10,1,0.8502875077590115,0.1,False
DLL1_NOTCH1,generic,DLL1,NOTCH1,Oligodendrocyte,Excitatory neuron,0.005095250792987335,601,0.49308708154270636,0.4228855721393035,12,0,0.8502875077590115,0.0,False
FGF10_FGFR2,generic,FGF10,FGFR2,Fibroblast / VLMC,Fibroblast / VLMC,0.0014484893296651793,1242,0.49296713101522865,0.4129353233830846,9,0,0.8502875077590115,0.0,False
SPP1_CD44,generic,SPP1,CD44,Oligodendrocyte,Microglia,0.12010999906410291,103,0.494040906981126,0.4129353233830846,2,0,0.8509166828939447,0.0,False
JAG1_NOTCH2,generic,JAG1,NOTCH2,Excitatory neuron,Ependymal,0.011135853990151065,274,0.4943378542996577,0.43283582089552236,7,0,0.8509166828939447,0.0,False
CSF1_CSF1R,generic,CSF1,CSF1R,Erythrocyte (blood),Fibroblast / VLMC,0.0033167168279363926,477,0.4962881281291501,0.4079601990049751,8,0,0.8527455224830924,0.0,False
JAG1_NOTCH1,generic,JAG1,NOTCH1,Fibroblast / VLMC,Fibroblast / VLMC,0.003097008775781702,1242,0.49609430924016695,0.4527363184079602,9,0,0.8527455224830924,0.0,False
MIF_CD74,generic,MIF,CD74,Fibroblast / VLMC,Oligodendrocyte,0.42125488813564055,722,0.4972973364393308,0.5024875621890548,10,1,0.852953735089245,0.1,False
TGFB1_TGFBR1,generic,TGFB1,TGFBR1,Excitatory neuron,T / NK cell,0.0011801049456618348,651,0.49699217881647295,0.4527363184079602,12,0,0.852953735089245,0.0,False
SPP1_CD44,generic,SPP1,CD44,Border macrophage,Choroid plexus,0.029566154959275552,194,0.4984337911528528,0.43283582089552236,3,1,0.8533790666707934,0.3333333333333333,False
GAS6_AXL,generic,GAS6,AXL,Ependymal,Astrocyte,0.011400809545003011,334,0.49811519112216485,0.4129353233830846,5,0,0.8533790666707934,0.0,False
MIF_CD74,generic,MIF,CD74,Choroid plexus,Inhibitory neuron,0.7514648795127868,20,0.499800217716105,0.47761194029850745,0,0,0.8549565612044859,0.0,False
VEGFB_FLT1,generic,VEGFB,FLT1,Vascular smooth muscle,Border macrophage,0.03578509717452817,164,0.5006694223592282,0.472636815920398,1,0,0.8556814593879691,0.0,False
FGF10_FGFR2,generic,FGF10,FGFR2,Erythrocyte (blood),Endothelial,0.001200301378262966,594,0.5022288683159589,0.4975124378109453,12,0,0.8575836942532953,0.0,False
FGF7_FGFR2,generic,FGF7,FGFR2,Pericyte,Choroid plexus,0.029992653102409547,41,0.5028124419989737,0.5223880597014925,0,0,0.8578176741385688,0.0,False
JAG1_NOTCH1,generic,JAG1,NOTCH1,Astrocyte,Excitatory neuron,0.007535385943594433,336,0.5042489475120713,0.4427860696517413,9,0,0.8595050826714188,0.0,False
SPP1_CD44,generic,SPP1,CD44,Erythrocyte (blood),Astrocyte,0.0236109677195771,537,0.5051525635258313,0.48258706467661694,11,0,0.8602819809690797,0.0,False
CSF1_CSF1R,generic,CSF1,CSF1R,Endothelial,Erythrocyte (blood),0.0039155951353034586,594,0.5068143238006577,0.4427860696517413,12,0,0.8622494040497705,0.0,False
CXCL12_CXCR4,generic,CXCL12,CXCR4,Fibroblast / VLMC,Border macrophage,0.001727515429842706,408,0.5072055317939826,0.32338308457711445,7,0,0.8622494040497705,0.0,False
VEGFB_FLT1,generic,VEGFB,FLT1,Excitatory neuron,Excitatory neuron,0.035375671670751514,2258,0.5077339643082355,0.472636815920398,12,1,0.8623845671406899,0.08333333333333333,False
GAS6_AXL,generic,GAS6,AXL,Astrocyte,Border macrophage,0.014766145122143649,516,0.5089365199425354,0.4228855721393035,8,1,0.8632549034276605,0.125,False
DLL1_NOTCH1,generic,DLL1,NOTCH1,Fibroblast / VLMC,Excitatory neuron,0.0012489578766908818,499,0.5091451356499423,0.36318407960199006,7,0,0.8632549034276605,0.0,False
MIF_CD74,generic,MIF,CD74,T / NK cell,Astrocyte,0.7268931593360572,232,0.5138191811312842,0.5124378109452736,4,0,0.8637533744844106,0.0,False
SPP1_CD44,generic,SPP1,CD44,Excitatory neuron,Inhibitory neuron,0.0350393612276424,88,0.5135893677771166,0.417910447761194,0,0,0.8637533744844106,0.0,False
SPP1_CD44,generic,SPP1,CD44,Astrocyte,Pericyte,0.023779505491256715,120,0.5132132516235682,0.43283582089552236,1,0,0.8637533744844106,0.0,False
PDGFA_PDGFRA,generic,PDGFA,PDGFRA,Microglia,Ependymal,0.021489758340139237,63,0.5139355060050397,0.4427860696517413,1,0,0.8637533744844106,0.0,False
PDGFA_PDGFRA,generic,PDGFA,PDGFRA,Endothelial,Endothelial,0.015431631435739232,282,0.5115470648332756,0.4577114427860697,7,0,0.8637533744844106,0.0,False
PDGFA_PDGFRA,generic,PDGFA,PDGFRA,Vascular smooth muscle,Fibroblast / VLMC,0.009694926924519724,154,0.5112564864155158,0.4427860696517413,2,0,0.8637533744844106,0.0,False
CSF1_CSF1R,generic,CSF1,CSF1R,T / NK cell,Endothelial,0.005623508819007119,253,0.5126032076187821,0.44776119402985076,7,0,0.8637533744844106,0.0,False
FGF7_FGFR2,generic,FGF7,FGFR2,Fibroblast / VLMC,Fibroblast / VLMC,0.0052703840961010944,1242,0.5126196840149625,0.472636815920398,9,0,0.8637533744844106,0.0,False
TGFB2_TGFBR2,generic,TGFB2,TGFBR2,Excitatory neuron,Excitatory neuron,0.0039770235204401,2258,0.5120159155465586,0.4626865671641791,12,1,0.8637533744844106,0.08333333333333333,False
TGFB1_TGFBR2,generic,TGFB1,TGFBR2,Fibroblast / VLMC,Endothelial,0.0037155375886925666,223,0.5106842796707737,0.24875621890547264,5,0,0.8637533744844106,0.0,False
SPP1_CD44,generic,SPP1,CD44,Astrocyte,Border macrophage,0.016374407350554947,516,0.5147947056086246,0.46766169154228854,8,1,0.8644411096802167,0.125,False
MIF_CD74,generic,MIF,CD74,Inhibitory neuron,Border macrophage,1.094395491312135,53,0.5154768255715708,0.4925373134328358,0,0,0.8648305518978057,0.0,False
GAS6_AXL,generic,GAS6,AXL,Fibroblast / VLMC,Endothelial,0.023410080794261708,223,0.5163558056304859,0.4626865671641791,5,0,0.8655493042025858,0.0,False
PDGFA_PDGFRA,generic,PDGFA,PDGFRA,Microglia,Border macrophage,0.011042997727986255,153,0.516811082528755,0.4228855721393035,3,0,0.8655571835551336,0.0,False
PDGFB_PDGFRB,generic,PDGFB,PDGFRB,Excitatory neuron,Oligodendrocyte,0.004972951186080146,601,0.5178976234140776,0.4527363184079602,12,0,0.8665409547810023,0.0,False
HBEGF_EGFR,generic,HBEGF,EGFR,T / NK cell,Oligodendrocyte,0.003685553605456489,453,0.5183006543692721,0.43781094527363185,9,1,0.8665409547810023,0.1111111111111111,False
MIF_CD74,generic,MIF,CD74,Inhibitory neuron,Endothelial,0.9064729469163078,42,0.5195137164841199,0.5522388059701493,0,0,0.8670028343287448,0.0,False
PDGFA_PDGFRA,generic,PDGFA,PDGFRA,Endothelial,T / NK cell,0.01062062370918485,253,0.5208335610699487,0.417910447761194,7,0,0.8670028343287448,0.0,False
HBEGF_EGFR,generic,HBEGF,EGFR,Oligodendrocyte,Oligodendrocyte,0.004338730797247541,19620,0.5207607522041724,0.4925373134328358,12,1,0.8670028343287448,0.08333333333333333,False
HBEGF_EGFR,generic,HBEGF,EGFR,Border macrophage,Excitatory neuron,0.0011019561238861807,1057,0.5206864501457346,0.4527363184079602,12,0,0.8670028343287448,0.0,False
SEMA3A_NRP1,generic,SEMA3A,NRP1,Erythrocyte (blood),Endothelial,0.0005174796990673952,594,0.5190989112340221,0.208955223880597,12,0,0.8670028343287448,0.0,False
VEGFB_FLT1,generic,VEGFB,FLT1,Excitatory neuron,Microglia,0.0375630431705051,225,0.5214363990517481,0.4626865671641791,5,0,0.8670569165593135,0.0,False
JAG1_NOTCH2,generic,JAG1,NOTCH2,Vascular smooth muscle,Fibroblast / VLMC,0.012428209379121855,154,0.5222201210094355,0.4925373134328358,2,0,0.8670569165593135,0.0,False
KITLG_KIT,generic,KITLG,KIT,Excitatory neuron,Border macrophage,0.010101816963224673,1057,0.5221827911558089,0.5074626865671642,12,1,0.8670569165593135,0.08333333333333333,False
VEGFB_FLT1,generic,VEGFB,FLT1,Endothelial,Microglia,0.035832977876430604,82,0.5243924515190836,0.46766169154228854,0,0,0.8696168856331172,0.0,False
KITLG_KIT,generic,KITLG,KIT,Excitatory neuron,Oligodendrocyte,0.008333061578468158,601,0.5246673453663627,0.46766169154228854,12,1,0.8696168856331172,0.08333333333333333,False
FGF2_FGFR1,generic,FGF2,FGFR1,Oligodendrocyte,Oligodendrocyte,0.009647444215632604,19620,0.5252849646203462,0.5174129353233831,12,1,0.8698900146859355,0.08333333333333333,False
GAS6_AXL,generic,GAS6,AXL,Inhibitory neuron,Excitatory neuron,0.023268824273889713,88,0.5276676781351457,0.46766169154228854,0,0,0.8706451000727821,0.0,False
PDGFA_PDGFRA,generic,PDGFA,PDGFRA,Fibroblast / VLMC,Astrocyte,0.00797110452701908,382,0.5269776343139057,0.4527363184079602,7,0,0.8706451000727821,0.0,False
CSF1_CSF1R,generic,CSF1,CSF1R,Fibroblast / VLMC,Astrocyte,0.007234114626939384,382,0.5277342277719379,0.4975124378109453,7,0,0.8706451000727821,0.0,False
TGFB2_TGFBR2,generic,TGFB2,TGFBR2,Fibroblast / VLMC,Endothelial,0.0037173810561141624,223,0.5268853750194507,0.39800995024875624,5,0,0.8706451000727821,0.0,False
TGFB1_TGFBR1,generic,TGFB1,TGFBR1,Oligodendrocyte,T / NK cell,0.0026165933798480505,453,0.5280070492372676,0.43781094527363185,9,0,0.8706451000727821,0.0,False
VEGFB_FLT1,generic,VEGFB,FLT1,Ependymal,Ependymal,0.026559563888900583,174,0.5291844612585013,0.4626865671641791,4,0,0.8718382076137058,0.0,False
PDGFB_PDGFRB,generic,PDGFB,PDGFRB,Endothelial,Border macrophage,0.006274716591271829,381,0.5300387459327787,0.5074626865671642,10,0,0.8724973701258508,0.0,False
TGFB1_TGFBR2,generic,TGFB1,TGFBR2,Fibroblast / VLMC,Oligodendrocyte,0.001423437179290687,722,0.53083076762506,0.39800995024875624,10,0,0.8730530005203255,0.0,False
PDGFB_PDGFRB,generic,PDGFB,PDGFRB,Excitatory neuron,Erythrocyte (blood),0.0065294915767756655,1535,0.5313312194865475,0.47761194029850745,12,0,0.8731285480185267,0.0,False
JAG1_NOTCH2,generic,JAG1,NOTCH2,Oligodendrocyte,Fibroblast / VLMC,0.0018363031984366207,722,0.5318862144713333,0.4129353233830846,10,0,0.8732935196576336,0.0,False
VEGFB_FLT1,generic,VEGFB,FLT1,Pericyte,T / NK cell,0.04323755502700806,100,0.5329727196117601,0.4427860696517413,0,0,0.8743301403707865,0.0,False
MIF_CD74,generic,MIF,CD74,Astrocyte,Endothelial,0.6180427320283666,417,0.5433659237307313,0.5472636815920398,6,0,0.876110720666047,0.0,False
VEGFB_FLT1,generic,VEGFB,FLT1,Inhibitory neuron,T / NK cell,0.04488600151879447,28,0.5439904478083364,0.5024875621890548,0,0,0.876110720666047,0.0,False
SPP1_CD44,generic,SPP1,CD44,Choroid plexus,Pericyte,0.042124780212960594,41,0.5366217554145019,0.44776119402985076,0,0,0.876110720666047,0.0,False
SPP1_CD44,generic,SPP1,CD44,Choroid plexus,Excitatory neuron,0.03421193166313884,321,0.5452722200639789,0.48756218905472637,7,0,0.876110720666047,0.0,False
VEGFB_FLT1,generic,VEGFB,FLT1,Ependymal,Pericyte,0.02721425725354089,72,0.540791464270627,0.39303482587064675,0,0,0.876110720666047,0.0,False
GAS6_AXL,generic,GAS6,AXL,Erythrocyte (blood),T / NK cell,0.025566912762565758,526,0.5408901188002624,0.5373134328358209,12,1,0.876110720666047,0.08333333333333333,False
JAG1_NOTCH2,generic,JAG1,NOTCH2,Vascular smooth muscle,Border macrophage,0.024172064734668267,164,0.5419974525791648,0.46766169154228854,1,0,0.876110720666047,0.0,False
VEGFB_FLT1,generic,VEGFB,FLT1,Oligodendrocyte,Fibroblast / VLMC,0.020517825791380083,722,0.5438042767143797,0.5174129353233831,10,0,0.876110720666047,0.0,False
VEGFB_FLT1,generic,VEGFB,FLT1,Endothelial,Vascular smooth muscle,0.018882503946318883,131,0.5429567086281242,0.4626865671641791,1,0,0.876110720666047,0.0,False
FGF2_FGFR1,generic,FGF2,FGFR1,Pericyte,Oligodendrocyte,0.009958999376770453,141,0.5370353754959264,0.48756218905472637,1,0,0.876110720666047,0.0,False
PDGFA_PDGFRA,generic,PDGFA,PDGFRA,Pericyte,Endothelial,0.008597989877065023,108,0.5424208402597716,0.39800995024875624,0,0,0.876110720666047,0.0,False
KITLG_KIT,generic,KITLG,KIT,Fibroblast / VLMC,Excitatory neuron,0.007951370938746389,499,0.5399132041605439,0.4626865671641791,7,0,0.876110720666047,0.0,False
VEGFA_FLT1,generic,VEGFA,FLT1,Erythrocyte (blood),Fibroblast / VLMC,0.007150570426597036,477,0.5376599376446343,0.4626865671641791,8,0,0.876110720666047,0.0,False
PDGFA_PDGFRA,generic,PDGFA,PDGFRA,Astrocyte,Astrocyte,0.006343264967643903,1758,0.5420818366717778,0.48756218905472637,11,1,0.876110720666047,0.09090909090909091,False
CSF1_CSF1R,generic,CSF1,CSF1R,Astrocyte,Oligodendrocyte,0.005802260504828559,342,0.5418236354357582,0.5174129353233831,6,0,0.876110720666047,0.0,False
TGFB2_TGFBR2,generic,TGFB2,TGFBR2,Astrocyte,T / NK cell,0.005611191021985021,232,0.5452588716342773,0.4427860696517413,4,0,0.876110720666047,0.0,False
FGF2_FGFR1,generic,FGF2,FGFR1,Choroid plexus,Fibroblast / VLMC,0.005400364813597306,138,0.5424278776576794,0.31343283582089554,2,0,0.876110720666047,0.0,False
DLL4_NOTCH1,generic,DLL4,NOTCH1,Pericyte,Excitatory neuron,0.005073914808385513,255,0.5452669145617081,0.5124378109452736,7,0,0.876110720666047,0.0,False
TGFB2_TGFBR2,generic,TGFB2,TGFBR2,Choroid plexus,Border macrophage,0.004210685024556425,194,0.5419849135173281,0.42786069651741293,3,0,0.876110720666047,0.0,False
TGFB2_TGFBR2,generic,TGFB2,TGFBR2,Border macrophage,Fibroblast / VLMC,0.003687122288872214,408,0.5415984014702314,0.44776119402985076,7,0,0.876110720666047,0.0,False
KITLG_KIT,generic,KITLG,KIT,Oligodendrocyte,Fibroblast / VLMC,0.003378499577910616,722,0.5374182128240649,0.4228855721393035,10,1,0.876110720666047,0.1,False
KITLG_KIT,generic,KITLG,KIT,Astrocyte,Erythrocyte (blood),0.002967906397814191,537,0.5372165748763357,0.5223880597014925,11,0,0.876110720666047,0.0,False
DLL4_NOTCH1,generic,DLL4,NOTCH1,T / NK cell,Erythrocyte (blood),0.0014022465214529871,526,0.5429224285302447,0.5174129353233831,12,0,0.876110720666047,0.0,False
HGF_MET,generic,HGF,MET,Erythrocyte (blood),T / NK cell,0.001212232693066615,526,0.5421853139340189,0.43781094527363185,12,0,0.876110720666047,0.0,False
ANGPT1_TEK,generic,ANGPT1,TEK,Oligodendrocyte,Oligodendrocyte,0.0005481671090033684,19620,0.5454598760627758,0.48756218905472637,12,0,0.876110720666047,0.0,False
MIF_CD74,generic,MIF,CD74,Pericyte,Microglia,0.7733865651217374,33,0.5480447135314044,0.5472636815920398,0,0,0.8764304757936321,0.0,False
MIF_CD74,generic,MIF,CD74,Erythrocyte (blood),Inhibitory neuron,0.7454351522705772,55,0.5517061775961889,0.4975124378109453,0,0,0.8764304757936321,0.0,False
MIF_CD74,generic,MIF,CD74,Microglia,Astrocyte,0.6391263071526873,141,0.5578510811550843,0.5621890547263682,4,0,0.8764304757936321,0.0,False
VEGFB_FLT1,generic,VEGFB,FLT1,Fibroblast / VLMC,Excitatory neuron,0.031615807441527956,499,0.5558198225306775,0.5074626865671642,7,0,0.8764304757936321,0.0,False
GAS6_AXL,generic,GAS6,AXL,Pericyte,Endothelial,0.029678901036580402,108,0.5539634191656098,0.48258706467661694,0,0,0.8764304757936321,0.0,False
PDGFA_PDGFRA,generic,PDGFA,PDGFRA,Choroid plexus,Endothelial,0.027153057356675465,84,0.5503897112038574,0.46766169154228854,0,0,0.8764304757936321,0.0,False
GAS6_AXL,generic,GAS6,AXL,Erythrocyte (blood),Fibroblast / VLMC,0.02645900751809654,477,0.5525020016823882,0.5024875621890548,8,0,0.8764304757936321,0.0,False
GAS6_AXL,generic,GAS6,AXL,Fibroblast / VLMC,T / NK cell,0.024187177554514612,221,0.5533668990868437,0.4925373134328358,4,0,0.8764304757936321,0.0,False
VEGFB_FLT1,generic,VEGFB,FLT1,Choroid plexus,Excitatory neuron,0.022678189931257493,321,0.5579324820407865,0.5223880597014925,7,0,0.8764304757936321,0.0,False
SPP1_CD44,generic,SPP1,CD44,Vascular smooth muscle,T / NK cell,0.021703182382786526,94,0.5556840787887675,0.4527363184079602,0,0,0.8764304757936321,0.0,False
VEGFB_FLT1,generic,VEGFB,FLT1,Endothelial,Oligodendrocyte,0.02048555016517639,220,0.5579773409139053,0.5074626865671642,4,0,0.8764304757936321,0.0,False
PDGFA_PDGFRA,generic,PDGFA,PDGFRA,Excitatory neuron,Border macrophage,0.01653898884467393,1057,0.5479492483607376,0.5323383084577115,12,1,0.8764304757936321,0.08333333333333333,False
FGF2_FGFR1,generic,FGF2,FGFR1,Astrocyte,Pericyte,0.008986138304074605,120,0.5576306410312788,0.4228855721393035,1,0,0.8764304757936321,0.0,False
PDGFA_PDGFRA,generic,PDGFA,PDGFRA,Endothelial,Astrocyte,0.008955383186431812,417,0.5553557732069971,0.47761194029850745,6,1,0.8764304757936321,0.16666666666666666,False
VEGFA_FLT1,generic,VEGFA,FLT1,Astrocyte,Border macrophage,0.006204235923382663,516,0.5478380115034504,0.48258706467661694,8,0,0.8764304757936321,0.0,False
VEGFA_FLT1,generic,VEGFA,FLT1,Oligodendrocyte,Pericyte,0.006134945872827625,141,0.5554976545433461,0.39303482587064675,1,0,0.8764304757936321,0.0,False
VEGFA_FLT1,generic,VEGFA,FLT1,Border macrophage,Choroid plexus,0.006073265346055178,194,0.5554509256032252,0.4577114427860697,3,0,0.8764304757936321,0.0,False
VEGFA_FLT1,generic,VEGFA,FLT1,Excitatory neuron,Pericyte,0.00604323803209791,255,0.5517074941358868,0.4626865671641791,7,1,0.8764304757936321,0.14285714285714285,False
FGF2_FGFR1,generic,FGF2,FGFR1,Erythrocyte (blood),Fibroblast / VLMC,0.005718400518349382,477,0.553843084465183,0.48258706467661694,8,0,0.8764304757936321,0.0,False
KITLG_KIT,generic,KITLG,KIT,Border macrophage,Fibroblast / VLMC,0.004948817631777595,408,0.5492235212566717,0.4527363184079602,7,0,0.8764304757936321,0.0,False
PDGFB_PDGFRB,generic,PDGFB,PDGFRB,T / NK cell,Fibroblast / VLMC,0.004819184406850133,221,0.5507136720003976,0.43781094527363185,4,0,0.8764304757936321,0.0,False
TGFB2_TGFBR2,generic,TGFB2,TGFBR2,Astrocyte,Erythrocyte (blood),0.004771943420893209,537,0.5551535750905079,0.47761194029850745,11,0,0.8764304757936321,0.0,False
DLL4_NOTCH1,generic,DLL4,NOTCH1,Choroid plexus,Excitatory neuron,0.004418861457491961,321,0.5569300084073376,0.4925373134328358,7,0,0.8764304757936321,0.0,False
JAG1_NOTCH1,generic,JAG1,NOTCH1,Erythrocyte (blood),Endothelial,0.0031800031260609224,594,0.5499460384085825,0.4527363184079602,12,0,0.8764304757936321,0.0,False
TGFB2_TGFBR2,generic,TGFB2,TGFBR2,Oligodendrocyte,Border macrophage,0.0026366424449396023,429,0.5472682605958371,0.44776119402985076,9,0,0.8764304757936321,0.0,False
TGFB1_TGFBR1,generic,TGFB1,TGFBR1,Erythrocyte (blood),Border macrophage,0.0014567900941057025,848,0.5553848722208274,0.472636815920398,12,1,0.8764304757936321,0.08333333333333333,False
WNT5A_FZD5,generic,WNT5A,FZD5,Excitatory neuron,Excitatory neuron,0.0002336618750363562,2258,0.556618490027196,0.3681592039800995,12,0,0.8764304757936321,0.0,False
VEGFB_FLT1,generic,VEGFB,FLT1,T / NK cell,Astrocyte,0.03943927123628814,232,0.5606162728075433,0.5124378109452736,4,0,0.87985609482295,0.0,False
VEGFB_FLT1,generic,VEGFB,FLT1,Excitatory neuron,Pericyte,0.03443013850380393,255,0.5638931242835911,0.5024875621890548,7,0,0.8828313217885071,0.0,False
PDGFA_PDGFRA,generic,PDGFA,PDGFRA,Microglia,Oligodendrocyte,0.03390057341566364,103,0.5645427072679332,0.48258706467661694,2,0,0.8828313217885071,0.0,False
FGF7_FGFR2,generic,FGF7,FGFR2,Choroid plexus,Border macrophage,0.018825642226897563,194,0.5643175425036991,0.5124378109452736,3,0,0.8828313217885071,0.0,False
PDGFA_PDGFRA,generic,PDGFA,PDGFRA,Erythrocyte (blood),T / NK cell,0.015441327493906927,526,0.5666829163341629,0.4925373134328358,12,0,0.8828313217885071,0.0,False
JAG1_NOTCH1,generic,JAG1,NOTCH1,Vascular smooth muscle,Astrocyte,0.01191240121543659,237,0.5642090994822038,0.48258706467661694,7,0,0.8828313217885071,0.0,False
JAG1_NOTCH2,generic,JAG1,NOTCH2,T / NK cell,Border macrophage,0.007934060990810394,400,0.5680990951526231,0.5323383084577115,11,0,0.8828313217885071,0.0,False
JAG1_NOTCH1,generic,JAG1,NOTCH1,Erythrocyte (blood),Astrocyte,0.00632608292045096,537,0.5654737091492097,0.4925373134328358,11,0,0.8828313217885071,0.0,False
KITLG_KIT,generic,KITLG,KIT,Border macrophage,Erythrocyte (blood),0.005987719228526331,848,0.5676549656216591,0.5223880597014925,12,0,0.8828313217885071,0.0,False
CSF1_CSF1R,generic,CSF1,CSF1R,Erythrocyte (blood),T / NK cell,0.004947462802604124,526,0.5659922057264436,0.5074626865671642,12,0,0.8828313217885071,0.0,False
TGFB2_TGFBR2,generic,TGFB2,TGFBR2,Astrocyte,Astrocyte,0.004851822967008519,1758,0.5660102816618329,0.48756218905472637,11,1,0.8828313217885071,0.09090909090909091,False
CSF1_CSF1R,generic,CSF1,CSF1R,T / NK cell,Border macrophage,0.004454077482223511,400,0.5672997675800167,0.5422885572139303,11,0,0.8828313217885071,0.0,False
TGFB1_TGFBR2,generic,TGFB1,TGFBR2,Oligodendrocyte,Oligodendrocyte,0.0027864917945667387,19620,0.5676683926563807,0.5572139303482587,12,0,0.8828313217885071,0.0,False
CXCL12_CXCR4,generic,CXCL12,CXCR4,Erythrocyte (blood),Border macrophage,0.0023470150552830607,848,0.5684863847227398,0.4975124378109453,12,0,0.8828313217885071,0.0,False
PDGFA_PDGFRA,generic,PDGFA,PDGFRA,Excitatory neuron,Choroid plexus,0.012650374682892892,321,0.5690523278790774,0.527363184079602,7,0,0.8829963827590532,0.0,False
SPP1_CD44,generic,SPP1,CD44,Pericyte,Erythrocyte (blood),0.02579324351416694,225,0.5702616970724361,0.5373134328358209,5,0,0.8832710458133513,0.0,False
GAS6_AXL,generic,GAS6,AXL,Oligodendrocyte,Choroid plexus,0.025760631716769674,230,0.5710106034741939,0.5373134328358209,6,0,0.8832710458133513,0.0,False
FGF7_FGFR2,generic,FGF7,FGFR2,Choroid plexus,Choroid plexus,0.007244698082407315,96,0.5710685262364301,0.4079601990049751,1,0,0.8832710458133513,0.0,False
EGF_EGFR,generic,EGF,EGFR,Oligodendrocyte,Oligodendrocyte,0.00016375293425463755,19620,0.5701274004767843,0.5223880597014925,12,0,0.8832710458133513,0.0,False
VEGFA_FLT1,generic,VEGFA,FLT1,Erythrocyte (blood),Excitatory neuron,0.00772110017969088,1535,0.5715528703397448,0.5323383084577115,12,0,0.8833089814341509,0.0,False
FGF2_FGFR1,generic,FGF2,FGFR1,Astrocyte,Fibroblast / VLMC,0.013017313642651622,382,0.5723706408679664,0.5223880597014925,7,0,0.8838617372245686,0.0,False
GAS6_AXL,generic,GAS6,AXL,Vascular smooth muscle,Erythrocyte (blood),0.029906143116045603,237,0.5733990896924336,0.5373134328358209,5,0,0.8847386757423013,0.0,False
GAS6_AXL,generic,GAS6,AXL,Excitatory neuron,Excitatory neuron,0.03780421718915444,2258,0.5770896032808991,0.5522388059701493,12,0,0.8851857404110989,0.0,False
GAS6_AXL,generic,GAS6,AXL,Endothelial,Astrocyte,0.028046269210980093,417,0.5761042131773838,0.5373134328358209,6,0,0.8851857404110989,0.0,False
SPP1_CD44,generic,SPP1,CD44,Border macrophage,Endothelial,0.02199961569678439,381,0.5770573311730405,0.5522388059701493,10,0,0.8851857404110989,0.0,False
PDGFA_PDGFRA,generic,PDGFA,PDGFRA,Excitatory neuron,Microglia,0.01157446649339464,225,0.5746772724013045,0.5074626865671642,5,0,0.8851857404110989,0.0,False
FGF7_FGFR2,generic,FGF7,FGFR2,Oligodendrocyte,Excitatory neuron,0.009885194297638194,601,0.5758668661780882,0.5373134328358209,12,1,0.8851857404110989,0.08333333333333333,False
PDGFA_PDGFRA,generic,PDGFA,PDGFRA,Oligodendrocyte,Vascular smooth muscle,0.00597054007077458,99,0.5778359804661728,0.30845771144278605,0,0,0.8851857404110989,0.0,False
CSF1_CSF1R,generic,CSF1,CSF1R,Erythrocyte (blood),Choroid plexus,0.005791088586212486,279,0.577104049074043,0.4975124378109453,7,0,0.8851857404110989,0.0,False
TGFB2_TGFBR2,generic,TGFB2,TGFBR2,T / NK cell,Border macrophage,0.002620205879211426,400,0.5751160698066343,0.46766169154228854,11,1,0.8851857404110989,0.09090909090909091,False
CXCL12_CXCR4,generic,CXCL12,CXCR4,T / NK cell,T / NK cell,0.001780336940443361,462,0.5775758251379168,0.4427860696517413,10,0,0.8851857404110989,0.0,False
MIF_CD74,generic,MIF,CD74,Astrocyte,Vascular smooth muscle,0.5339787695478286,237,0.5785483891546237,0.5771144278606966,7,0,0.8855708809291093,0.0,False
VEGFB_FLT1,generic,VEGFB,FLT1,Endothelial,Choroid plexus,0.020614021235988253,84,0.5792111393751985,0.48258706467661694,0,0,0.8858794575953475,0.0,False
PDGFA_PDGFRA,generic,PDGFA,PDGFRA,Excitatory neuron,Ependymal,0.01777024034165988,274,0.5799399438234242,0.5472636815920398,7,1,0.8859803995643049,0.14285714285714285,False
PDGFA_PDGFRA,generic,PDGFA,PDGFRA,T / NK cell,Border macrophage,0.009918449223041534,400,0.5801995536969784,0.5323383084577115,11,0,0.8859803995643049,0.0,False
MIF_CD74,generic,MIF,CD74,Excitatory neuron,Microglia,1.053085719479455,225,0.5820777712505428,0.582089552238806,5,0,0.8865648075085802,0.0,False
GAS6_AXL,generic,GAS6,AXL,Choroid plexus,T / NK cell,0.030107741212022716,116,0.5833513361222517,0.527363184079602,2,0,0.8865648075085802,0.0,False
FGF7_FGFR2,generic,FGF7,FGFR2,Microglia,Border macrophage,0.008759250827864105,153,0.5828388015856436,0.48756218905472637,3,0,0.8865648075085802,0.0,False
VEGFA_FLT1,generic,VEGFA,FLT1,Oligodendrocyte,Choroid plexus,0.006920885003131369,230,0.5832024964576784,0.4626865671641791,6,0,0.8865648075085802,0.0,False
JAG1_NOTCH2,generic,JAG1,NOTCH2,Border macrophage,Endothelial,0.003505276256971785,381,0.581788701592084,0.48258706467661694,10,0,0.8865648075085802,0.0,False
JAG1_NOTCH2,generic,JAG1,NOTCH2,Erythrocyte (blood),Endothelial,0.0031380473764657173,594,0.5824276961723551,0.4975124378109453,12,0,0.8865648075085802,0.0,False
PDGFB_PDGFRB,generic,PDGFB,PDGFRB,Fibroblast / VLMC,Erythrocyte (blood),0.0050035222771282716,477,0.5844587462811529,0.47761194029850745,8,0,0.8868445905261412,0.0,False
TGFB1_TGFBR2,generic,TGFB1,TGFBR2,Excitatory neuron,Endothelial,0.0011341516711130865,595,0.5840171811724983,0.5124378109452736,12,0,0.8868445905261412,0.0,False
PDGFB_PDGFRB,generic,PDGFB,PDGFRB,Endothelial,Excitatory neuron,0.007560357576658746,595,0.585033978856505,0.572139303482587,12,0,0.8870167903578106,0.0,False
VEGFB_FLT1,generic,VEGFB,FLT1,Astrocyte,Choroid plexus,0.027635965692369563,152,0.5862878280419294,0.47761194029850745,2,0,0.8882168120414402,0.0,False
GAS6_AXL,generic,GAS6,AXL,Endothelial,Fibroblast / VLMC,0.021118441504747877,223,0.5871125257116735,0.5671641791044776,5,0,0.8887652969993104,0.0,False
FGF2_FGFR1,generic,FGF2,FGFR1,Border macrophage,Oligodendrocyte,0.006380880907143191,429,0.5880880544070648,0.5323383084577115,9,1,0.8891132504018436,0.1111111111111111,False
FGF7_FGFR2,generic,FGF7,FGFR2,Fibroblast / VLMC,Pericyte,0.005744974898255389,92,0.5882680589592625,0.5223880597014925,1,0,0.8891132504018436,0.0,False
GAS6_AXL,generic,GAS6,AXL,T / NK cell,Erythrocyte (blood),0.024362804771829467,526,0.5903945079764495,0.5671641791044776,12,0,0.8913739841173325,0.0,False
JAG1_NOTCH2,generic,JAG1,NOTCH2,Erythrocyte (blood),Oligodendrocyte,0.005059651131068541,1342,0.5906918697456347,0.5522388059701493,10,0,0.8913739841173325,0.0,False
DLL1_NOTCH1,generic,DLL1,NOTCH1,Erythrocyte (blood),Excitatory neuron,0.003267401126774592,1535,0.5919763927868897,0.5572139303482587,12,0,0.8926111856700276,0.0,False
JAG1_NOTCH1,generic,JAG1,NOTCH1,Oligodendrocyte,Erythrocyte (blood),0.005047807128525349,1342,0.5937445473389057,0.5522388059701493,10,0,0.893987448889946,0.0,False
PDGFB_PDGFRB,generic,PDGFB,PDGFRB,Fibroblast / VLMC,Fibroblast / VLMC,0.0019267849060264379,1242,0.5938198775552166,0.5223880597014925,9,0,0.893987448889946,0.0,False
VEGFB_FLT1,generic,VEGFB,FLT1,Border macrophage,Choroid plexus,0.029854483211163393,194,0.59480476605714,0.5323383084577115,3,0,0.8940688228448874,0.0,False
JAG1_NOTCH2,generic,JAG1,NOTCH2,Oligodendrocyte,T / NK cell,0.0023966127673521738,453,0.5944142560451615,0.527363184079602,9,0,0.8940688228448874,0.0,False
CXCL12_CXCR4,generic,CXCL12,CXCR4,T / NK cell,Excitatory neuron,0.0019358451465307843,651,0.5964351985932675,0.5124378109452736,12,1,0.8958186211866044,0.08333333333333333,False
TGFB2_TGFBR2,generic,TGFB2,TGFBR2,T / NK cell,Erythrocyte (blood),0.0021037504700200187,526,0.5983899555359958,0.5223880597014925,12,0,0.8980524254567562,0.0,False
VEGFA_FLT1,generic,VEGFA,FLT1,Endothelial,Choroid plexus,0.0051936496581350055,84,0.600335450057342,0.43283582089552236,0,0,0.899566614321493,0.0,False
CXCL12_CXCR4,generic,CXCL12,CXCR4,T / NK cell,Erythrocyte (blood),0.002066589353655681,526,0.6002017496710261,0.5572139303482587,12,1,0.899566614321493,0.08333333333333333,False
SPP1_CD44,generic,SPP1,CD44,Inhibitory neuron,Erythrocyte (blood),0.024733770977367054,55,0.6008515051031376,0.5522388059701493,0,0,0.8996381459884077,0.0,False
VEGFB_FLT1,generic,VEGFB,FLT1,Choroid plexus,T / NK cell,0.017538286488631677,116,0.6028777766567522,0.5621890547263682,2,0,0.9013846936369867,0.0,False
DLL1_NOTCH1,generic,DLL1,NOTCH1,T / NK cell,Fibroblast / VLMC,0.003079782244306884,221,0.6029564452491035,0.4626865671641791,4,0,0.9013846936369867,0.0,False
DLL1_NOTCH1,generic,DLL1,NOTCH1,Fibroblast / VLMC,Erythrocyte (blood),0.0011902451515197754,477,0.6043451026461486,0.4975124378109453,8,0,0.9027581198936637,0.0,False
VEGFB_FLT1,generic,VEGFB,FLT1,Erythrocyte (blood),Choroid plexus,0.029109878352038748,279,0.6066427498705066,0.5671641791044776,7,0,0.9033804050397234,0.0,False
FGF2_FGFR1,generic,FGF2,FGFR1,OPC,Oligodendrocyte,0.02824953446785609,48,0.6061331390882764,0.5771144278606966,0,0,0.9033804050397234,0.0,False
PDGFA_PDGFRA,generic,PDGFA,PDGFRA,T / NK cell,T / NK cell,0.011006282908575875,462,0.6055348826563053,0.5323383084577115,10,0,0.9033804050397234,0.0,False
HGF_MET,generic,HGF,MET,Erythrocyte (blood),Border macrophage,0.0005976136000651233,848,0.6064261813834512,0.4427860696517413,12,0,0.9033804050397234,0.0,False
VEGFA_FLT1,generic,VEGFA,FLT1,T / NK cell,T / NK cell,0.007083028425901999,462,0.6083448305633922,0.5074626865671642,10,0,0.9039142923214823,0.0,False
CSF1_CSF1R,generic,CSF1,CSF1R,Oligodendrocyte,Excitatory neuron,0.00552399721796223,601,0.6080070443600636,0.572139303482587,12,0,0.9039142923214823,0.0,False
PDGFB_PDGFRB,generic,PDGFB,PDGFRB,Border macrophage,Excitatory neuron,0.00447773499204623,1057,0.6084128995167499,0.5223880597014925,12,0,0.9039142923214823,0.0,False
FGF7_FGFR2,generic,FGF7,FGFR2,Endothelial,Choroid plexus,0.003131619876339322,84,0.6091046038133865,0.5323383084577115,0,0,0.9042426150892701,0.0,False
TGFB2_TGFBR2,generic,TGFB2,TGFBR2,Erythrocyte (blood),Microglia,0.002259377171011532,170,0.6114997293132484,0.3383084577114428,4,0,0.9070972818615831,0.0,False
GAS6_AXL,generic,GAS6,AXL,Pericyte,Oligodendrocyte,0.025759096686721692,141,0.6148850957432938,0.582089552238806,1,0,0.9071107583639956,0.0,False
PDGFB_PDGFRB,generic,PDGFB,PDGFRB,Excitatory neuron,Choroid plexus,0.005227409233556729,321,0.6155364410608053,0.5472636815920398,7,1,0.9071107583639956,0.14285714285714285,False
DLL1_NOTCH1,generic,DLL1,NOTCH1,Endothelial,Border macrophage,0.005187033981163045,381,0.6124915532273563,0.5323383084577115,10,0,0.9071107583639956,0.0,False
JAG1_NOTCH2,generic,JAG1,NOTCH2,Microglia,Border macrophage,0.005102377701428981,153,0.6121541339137877,0.47761194029850745,3,0,0.9071107583639956,0.0,False
PDGFB_PDGFRB,generic,PDGFB,PDGFRB,Erythrocyte (blood),Astrocyte,0.00473929561494227,537,0.6129372959951186,0.5621890547263682,11,1,0.9071107583639956,0.09090909090909091,False
JAG1_NOTCH1,generic,JAG1,NOTCH1,Choroid plexus,Border macrophage,0.003218876332351842,194,0.6157586824084592,0.5174129353233831,3,0,0.9071107583639956,0.0,False
FGF2_FGFR1,generic,FGF2,FGFR1,Erythrocyte (blood),Microglia,0.002970385551452637,170,0.6155445985878575,0.40298507462686567,4,0,0.9071107583639956,0.0,False
TGFB2_TGFBR2,generic,TGFB2,TGFBR2,Border macrophage,Microglia,0.0029246943448883256,153,0.6149859271009186,0.3333333333333333,3,0,0.9071107583639956,0.0,False
ICAM1_ITGAL,generic,ICAM1,ITGAL,Erythrocyte (blood),Erythrocyte (blood),7.65951542039384e-05,6296,0.6139972973010216,0.4577114427860697,12,0,0.9071107583639956,0.0,False
PDGFB_PDGFRB,generic,PDGFB,PDGFRB,Endothelial,T / NK cell,0.004501379996891549,253,0.616836129572339,0.527363184079602,7,0,0.9080016895850294,0.0,False
FGF7_FGFR2,generic,FGF7,FGFR2,Pericyte,Border macrophage,0.01497776210308075,160,0.6176483070744024,0.5522388059701493,3,0,0.9081985369424093,0.0,False
DLL1_NOTCH1,generic,DLL1,NOTCH1,Border macrophage,Fibroblast / VLMC,0.0011846628405299841,408,0.6179154022820036,0.4975124378109453,7,0,0.9081985369424093,0.0,False
SPP1_CD44,generic,SPP1,CD44,T / NK cell,Endothelial,0.026943505045924732,253,0.6191889902496333,0.5373134328358209,7,0,0.9086799467299813,0.0,False
CXCL12_CXCR4,generic,CXCL12,CXCR4,Vascular smooth muscle,Excitatory neuron,0.003663302262624105,225,0.6191250861469466,0.48756218905472637,4,0,0.9086799467299813,0.0,False
VEGFA_FLT1,generic,VEGFA,FLT1,Erythrocyte (blood),Astrocyte,0.004193966615133445,537,0.6197281150293402,0.5472636815920398,11,0,0.9087768770773761,0.0,False
MIF_CD74,generic,MIF,CD74,Choroid plexus,Erythrocyte (blood),0.8440570827026094,279,0.6209424399171698,0.6467661691542289,7,0,0.9096731105547422,0.0,False
GAS6_AXL,generic,GAS6,AXL,Ependymal,Excitatory neuron,0.03186559633616984,274,0.6227069965536106,0.5870646766169154,7,0,0.9096731105547422,0.0,False
VEGFB_FLT1,generic,VEGFB,FLT1,Endothelial,Pericyte,0.015544776563291196,108,0.6219719726859618,0.5422885572139303,0,0,0.9096731105547422,0.0,False
PDGFA_PDGFRA,generic,PDGFA,PDGFRA,Border macrophage,Endothelial,0.007011946730726347,381,0.6224282861160378,0.572139303482587,10,1,0.9096731105547422,0.1,False
TGFB2_TGFBR2,generic,TGFB2,TGFBR2,Oligodendrocyte,Excitatory neuron,0.002546895363564896,601,0.6215193557946488,0.5671641791044776,12,0,0.9096731105547422,0.0,False
JAG1_NOTCH2,generic,JAG1,NOTCH2,Fibroblast / VLMC,Fibroblast / VLMC,0.003414852511671622,1242,0.6234488008403469,0.5870646766169154,9,0,0.9100647009227252,0.0,False
MIF_CD74,generic,MIF,CD74,Vascular smooth muscle,Fibroblast / VLMC,0.7534368042047922,154,0.625207165170363,0.6169154228855721,2,0,0.9105347058212455,0.0,False
MIF_CD74,generic,MIF,CD74,Microglia,Oligodendrocyte,0.4781664314779263,103,0.6285608236669992,0.6019900497512438,2,0,0.9105347058212455,0.0,False
GAS6_AXL,generic,GAS6,AXL,Fibroblast / VLMC,Border macrophage,0.029493938108869626,408,0.6283262023026628,0.6218905472636815,7,0,0.9105347058212455,0.0,False
SPP1_CD44,generic,SPP1,CD44,Excitatory neuron,Vascular smooth muscle,0.01971618122524685,225,0.628927437461636,0.5572139303482587,4,2,0.9105347058212455,0.5,False
VEGFB_FLT1,generic,VEGFB,FLT1,Choroid plexus,Vascular smooth muscle,0.013271247754331495,61,0.6243918058202311,0.5074626865671642,0,0,0.9105347058212455,0.0,False
CSF1_CSF1R,generic,CSF1,CSF1R,Border macrophage,Oligodendrocyte,0.005782260761394368,429,0.62702877987474,0.5572139303482587,9,0,0.9105347058212455,0.0,False
VEGFA_FLT1,generic,VEGFA,FLT1,Fibroblast / VLMC,Border macrophage,0.004446461796760559,408,0.6249756643685154,0.5124378109452736,7,0,0.9105347058212455,0.0,False
FGF2_FGFR1,generic,FGF2,FGFR1,Choroid plexus,Excitatory neuron,0.0038319198513328103,321,0.6280377902702436,0.527363184079602,7,0,0.9105347058212455,0.0,False
CXCL12_CXCR4,generic,CXCL12,CXCR4,Oligodendrocyte,Oligodendrocyte,0.0016630780168265013,19620,0.6289846718504908,0.6268656716417911,12,0,0.9105347058212455,0.0,False
SEMA3A_NRP1,generic,SEMA3A,NRP1,Excitatory neuron,Erythrocyte (blood),0.001323006712264269,1535,0.6281342470264999,0.582089552238806,12,0,0.9105347058212455,0.0,False
TGFB1_TGFBR1,generic,TGFB1,TGFBR1,Border macrophage,Erythrocyte (blood),0.0005976136000651233,848,0.6261201876745562,0.47761194029850745,12,0,0.9105347058212455,0.0,False
MIF_CD74,generic,MIF,CD74,Excitatory neuron,Oligodendrocyte,0.7448938981863901,601,0.640997253186367,0.6616915422885572,12,0,0.9106620308779941,0.0,False
MIF_CD74,generic,MIF,CD74,Erythrocyte (blood),Oligodendrocyte,0.6322290984422368,1342,0.6323962510427615,0.6268656716417911,10,0,0.9106620308779941,0.0,False
MIF_CD74,generic,MIF,CD74,Oligodendrocyte,Fibroblast / VLMC,0.5292847058284316,722,0.6333242615871911,0.6318407960199005,10,1,0.9106620308779941,0.1,False
SPP1_CD44,generic,SPP1,CD44,Microglia,Oligodendrocyte,0.090053109289373,103,0.6384894648881068,0.6169154228855721,2,0,0.9106620308779941,0.0,False
GAS6_AXL,generic,GAS6,AXL,Choroid plexus,Inhibitory neuron,0.05349194407463074,20,0.6339255565545848,0.5074626865671642,0,0,0.9106620308779941,0.0,False
GAS6_AXL,generic,GAS6,AXL,Excitatory neuron,Ependymal,0.0320255269099326,274,0.6423462008535565,0.6119402985074627,7,0,0.9106620308779941,0.0,False
VEGFB_FLT1,generic,VEGFB,FLT1,Erythrocyte (blood),Excitatory neuron,0.029915733679109754,1535,0.6421366795114963,0.6169154228855721,12,1,0.9106620308779941,0.08333333333333333,False
SPP1_CD44,generic,SPP1,CD44,Border macrophage,Pericyte,0.021570587903261183,160,0.6403734203682743,0.572139303482587,3,0,0.9106620308779941,0.0,False
GAS6_AXL,generic,GAS6,AXL,Fibroblast / VLMC,Vascular smooth muscle,0.02129683556494775,154,0.6312162620412105,0.5771144278606966,2,0,0.9106620308779941,0.0,False
VEGFB_FLT1,generic,VEGFB,FLT1,Oligodendrocyte,Astrocyte,0.019686726101657802,342,0.6367927094094673,0.5621890547263682,6,1,0.9106620308779941,0.16666666666666666,False
FGF7_FGFR2,generic,FGF7,FGFR2,Excitatory neuron,Vascular smooth muscle,0.018818972375657824,225,0.6329707862712104,0.6069651741293532,4,0,0.9106620308779941,0.0,False
SPP1_CD44,generic,SPP1,CD44,Astrocyte,Astrocyte,0.018066965747069445,1758,0.6300186631414212,0.5771144278606966,11,0,0.9106620308779941,0.0,False
GAS6_AXL,generic,GAS6,AXL,Astrocyte,Ependymal,0.011092154922599564,334,0.6315281821657713,0.5621890547263682,5,0,0.9106620308779941,0.0,False
GAS6_AXL,generic,GAS6,AXL,Microglia,Endothelial,0.009635360502615207,82,0.6417984478004026,0.5074626865671642,0,0,0.9106620308779941,0.0,False
JAG1_NOTCH2,generic,JAG1,NOTCH2,Astrocyte,Border macrophage,0.006157294262287228,516,0.6419215624505089,0.5771144278606966,8,1,0.9106620308779941,0.125,False
FGF7_FGFR2,generic,FGF7,FGFR2,Vascular smooth muscle,Border macrophage,0.005811240978357269,164,0.6388570596909771,0.5522388059701493,1,0,0.9106620308779941,0.0,False
FGF2_FGFR1,generic,FGF2,FGFR1,Fibroblast / VLMC,Endothelial,0.005102606899535175,223,0.6406096655179951,0.5671641791044776,5,0,0.9106620308779941,0.0,False
VEGFA_FLT1,generic,VEGFA,FLT1,Border macrophage,Excitatory neuron,0.004879059775775632,1057,0.6384653028396254,0.6119402985074627,12,0,0.9106620308779941,0.0,False
VEGFA_FLT1,generic,VEGFA,FLT1,Erythrocyte (blood),Pericyte,0.004615286721123589,225,0.6363640815147424,0.5771144278606966,5,0,0.9106620308779941,0.0,False
FGF2_FGFR1,generic,FGF2,FGFR1,Fibroblast / VLMC,Border macrophage,0.004120450247736538,408,0.634516052726538,0.572139303482587,7,0,0.9106620308779941,0.0,False
PDGFB_PDGFRB,generic,PDGFB,PDGFRB,Erythrocyte (blood),Excitatory neuron,0.0037900282816312214,1535,0.6387795493427799,0.6119402985074627,12,0,0.9106620308779941,0.0,False
PDGFB_PDGFRB,generic,PDGFB,PDGFRB,Excitatory neuron,Astrocyte,0.0034895063865752448,336,0.6373036149774527,0.5373134328358209,9,0,0.9106620308779941,0.0,False
KITLG_KIT,generic,KITLG,KIT,Astrocyte,Excitatory neuron,0.0023412301781631653,336,0.6350862733497624,0.4975124378109453,9,0,0.9106620308779941,0.0,False
TGFB1_TGFBR2,generic,TGFB1,TGFBR2,Erythrocyte (blood),Border macrophage,0.0014165864800507167,848,0.6419135824508483,0.5671641791044776,12,1,0.9106620308779941,0.08333333333333333,False
VEGFA_KDR,generic,VEGFA,KDR,Excitatory neuron,Oligodendrocyte,0.0013581598657934916,601,0.6331785611725853,0.5422885572139303,12,1,0.9106620308779941,0.08333333333333333,False
SEMA3A_NRP1,generic,SEMA3A,NRP1,Erythrocyte (blood),Choroid plexus,0.0011084511288605282,279,0.6313209755249298,0.4079601990049751,7,0,0.9106620308779941,0.0,False
HBEGF_EGFR,generic,HBEGF,EGFR,Excitatory neuron,Excitatory neuron,0.0007581065142439783,2258,0.6399401626217359,0.582089552238806,12,0,0.9106620308779941,0.0,False
SEMA3A_NRP1,generic,SEMA3A,NRP1,Erythrocyte (blood),Excitatory neuron,0.0007174851451712245,1535,0.6414037563423252,0.5920398009950248,12,0,0.9106620308779941,0.0,False
SPP1_CD44,generic,SPP1,CD44,Oligodendrocyte,Endothelial,0.07087364196777343,220,0.6449124660395351,0.6019900497512438,4,0,0.9109049996468509,0.0,False
VEGFB_FLT1,generic,VEGFB,FLT1,Vascular smooth muscle,Excitatory neuron,0.022963067160712346,225,0.645836860759506,0.6069651741293532,4,0,0.9109049996468509,0.0,False
KITLG_KIT,generic,KITLG,KIT,Ependymal,Excitatory neuron,0.004073833462095609,274,0.6449806980849178,0.527363184079602,7,0,0.9109049996468509,0.0,False
VEGFA_FLT1,generic,VEGFA,FLT1,Oligodendrocyte,Astrocyte,0.003883309183064957,342,0.6455916899257017,0.5621890547263682,6,0,0.9109049996468509,0.0,False
KITLG_KIT,generic,KITLG,KIT,Choroid plexus,Oligodendrocyte,0.003583833186522774,230,0.6444054306756308,0.5771144278606966,6,0,0.9109049996468509,0.0,False
CXCL12_CXCR4,generic,CXCL12,CXCR4,Erythrocyte (blood),T / NK cell,0.0017594399334359984,526,0.6443657619735556,0.5572139303482587,12,0,0.9109049996468509,0.0,False
HBEGF_EGFR,generic,HBEGF,EGFR,Excitatory neuron,Border macrophage,0.0006546312722825959,1057,0.6440088567343193,0.5422885572139303,12,0,0.9109049996468509,0.0,False
GAS6_AXL,generic,GAS6,AXL,Ependymal,Fibroblast / VLMC,0.01629598870569346,245,0.6470145185628445,0.582089552238806,6,0,0.9112279253366746,0.0,False
DLL4_NOTCH1,generic,DLL4,NOTCH1,Erythrocyte (blood),Border macrophage,0.0013006553053855896,848,0.6466084241831733,0.5621890547263682,12,0,0.9112279253366746,0.0,False
MIF_CD74,generic,MIF,CD74,OPC,Astrocyte,0.3258209228515625,23,0.6492021543542023,0.6318407960199005,0,0,0.91199916242112,0.0,False
GAS6_AXL,generic,GAS6,AXL,Endothelial,Endothelial,0.0245976393104445,282,0.6491274098444746,0.6318407960199005,7,0,0.91199916242112,0.0,False
PDGFA_PDGFRA,generic,PDGFA,PDGFRA,Pericyte,Border macrophage,0.01612616628408432,160,0.6504106468073578,0.6467661691542289,3,0,0.91199916242112,0.0,False
KITLG_KIT,generic,KITLG,KIT,Excitatory neuron,Ependymal,0.005342019300391204,274,0.6503649316183485,0.582089552238806,7,0,0.91199916242112,0.0,False
JAG1_NOTCH1,generic,JAG1,NOTCH1,Erythrocyte (blood),T / NK cell,0.0025497267001482016,526,0.6486393765074294,0.5870646766169154,12,1,0.91199916242112,0.08333333333333333,False
TGFB2_TGFBR2,generic,TGFB2,TGFBR2,Erythrocyte (blood),Erythrocyte (blood),0.0023586390187355583,6296,0.649803182260613,0.6318407960199005,12,0,0.91199916242112,0.0,False
GAS6_AXL,generic,GAS6,AXL,Endothelial,Erythrocyte (blood),0.026374039224502616,594,0.6513643454425988,0.6169154228855721,12,0,0.9126702462401403,0.0,False
KITLG_KIT,generic,KITLG,KIT,Ependymal,Erythrocyte (blood),0.005148969745240271,241,0.6523032858393486,0.5522388059701493,6,0,0.9127255960214933,0.0,False
FGF2_FGFR1,generic,FGF2,FGFR1,Excitatory neuron,Endothelial,0.004079912490203601,595,0.6542013815533388,0.6268656716417911,12,0,0.9127255960214933,0.0,False
HBEGF_EGFR,generic,HBEGF,EGFR,Oligodendrocyte,T / NK cell,0.0023099249825046025,453,0.6526827358487947,0.572139303482587,9,0,0.9127255960214933,0.0,False
JAG1_NOTCH2,generic,JAG1,NOTCH2,Excitatory neuron,Pericyte,0.0022106451146742877,255,0.6538654557010014,0.472636815920398,7,0,0.9127255960214933,0.0,False
CXCL12_CXCR4,generic,CXCL12,CXCR4,Excitatory neuron,T / NK cell,0.0009296172042413058,651,0.6542546307764686,0.5671641791044776,12,0,0.9127255960214933,0.0,False
ICAM1_ITGAL,generic,ICAM1,ITGAL,Oligodendrocyte,Oligodendrocyte,0.0002570056587184241,19620,0.6541522122464757,0.6169154228855721,12,0,0.9127255960214933,0.0,False
FGF10_FGFR2,generic,FGF10,FGFR2,Erythrocyte (blood),Excitatory neuron,0.0014513736050757989,1535,0.6553007105202915,0.6169154228855721,12,0,0.9130734029488335,0.0,False
DLL4_NOTCH1,generic,DLL4,NOTCH1,Erythrocyte (blood),Excitatory neuron,0.0012160847163744004,1535,0.6554545667186057,0.5771144278606966,12,0,0.9130734029488335,0.0,False
JAG1_NOTCH2,generic,JAG1,NOTCH2,Oligodendrocyte,Oligodendrocyte,0.003781937067297256,19620,0.658074107744019,0.6019900497512438,12,0,0.916058232591493,0.0,False
PDGFA_PDGFRA,generic,PDGFA,PDGFRA,Inhibitory neuron,Excitatory neuron,0.009755677120252089,88,0.6602935235912146,0.6019900497512438,0,0,0.9178460476801278,0.0,False
VEGFA_FLT1,generic,VEGFA,FLT1,Astrocyte,T / NK cell,0.004198606928874706,232,0.6603140228495245,0.582089552238806,4,0,0.9178460476801278,0.0,False
JAG1_NOTCH2,generic,JAG1,NOTCH2,Choroid plexus,Vascular smooth muscle,0.007999606796952545,61,0.6610111180473284,0.5373134328358209,0,0,0.9181506563766578,0.0,False
DLL4_NOTCH1,generic,DLL4,NOTCH1,Vascular smooth muscle,Vascular smooth muscle,0.0054569799526065004,408,0.6615036011058154,0.6318407960199005,7,0,0.9181708220551094,0.0,False
MIF_CD74,generic,MIF,CD74,Inhibitory neuron,Erythrocyte (blood),0.9154192425987937,55,0.704639010131314,0.681592039800995,0,0,0.9193113041796335,0.0,False
MIF_CD74,generic,MIF,CD74,Endothelial,Endothelial,0.8790709490471698,282,0.6947444233647657,0.6865671641791045,7,0,0.9193113041796335,0.0,False
MIF_CD74,generic,MIF,CD74,Endothelial,Border macrophage,0.837404981059978,381,0.7137991454822232,0.7313432835820896,10,2,0.9193113041796335,0.2,False
MIF_CD74,generic,MIF,CD74,T / NK cell,Excitatory neuron,0.8314521785613762,651,0.7019407447245067,0.681592039800995,12,1,0.9193113041796335,0.08333333333333333,False
MIF_CD74,generic,MIF,CD74,Excitatory neuron,Inhibitory neuron,0.8304645351388238,88,0.6854162473399379,0.6865671641791045,0,0,0.9193113041796335,0.0,False
MIF_CD74,generic,MIF,CD74,Choroid plexus,Endothelial,0.8217941107494491,84,0.6755188548663555,0.6666666666666666,0,0,0.9193113041796335,0.0,False
MIF_CD74,generic,MIF,CD74,Endothelial,Astrocyte,0.7077291617862327,417,0.6671315127573947,0.6268656716417911,6,0,0.9193113041796335,0.0,False
MIF_CD74,generic,MIF,CD74,Ependymal,Astrocyte,0.5423277359522746,334,0.6783687452971503,0.6716417910447762,5,1,0.9193113041796335,0.2,False
MIF_CD74,generic,MIF,CD74,Pericyte,Astrocyte,0.46296210984388986,120,0.6913888666066439,0.6517412935323383,1,0,0.9193113041796335,0.0,False
MIF_CD74,generic,MIF,CD74,Ependymal,Fibroblast / VLMC,0.33263131136796914,245,0.7068025162593632,0.746268656716418,6,0,0.9193113041796335,0.0,False
SPP1_CD44,generic,SPP1,CD44,Oligodendrocyte,Choroid plexus,0.11350672866987145,230,0.7074185202244307,0.7014925373134329,6,0,0.9193113041796335,0.0,False
SPP1_CD44,generic,SPP1,CD44,Oligodendrocyte,Excitatory neuron,0.07636603331208824,601,0.7128264850264205,0.6766169154228856,12,1,0.9193113041796335,0.08333333333333333,False
SPP1_CD44,generic,SPP1,CD44,Fibroblast / VLMC,T / NK cell,0.05136657125270205,221,0.7093312507569702,0.6716417910447762,4,0,0.9193113041796335,0.0,False
SPP1_CD44,generic,SPP1,CD44,Oligodendrocyte,OPC,0.05107157429059347,48,0.6996437382193433,0.47761194029850745,0,0,0.9193113041796335,0.0,False
SPP1_CD44,generic,SPP1,CD44,Oligodendrocyte,Vascular smooth muscle,0.04420573181576199,99,0.6981771599858456,0.6119402985074627,0,0,0.9193113041796335,0.0,False
VEGFB_FLT1,generic,VEGFB,FLT1,T / NK cell,Oligodendrocyte,0.034342355022893574,453,0.6768168556804536,0.6169154228855721,9,0,0.9193113041796335,0.0,False
VEGFB_FLT1,generic,VEGFB,FLT1,T / NK cell,Excitatory neuron,0.031519923341988415,651,0.6805128430482711,0.6915422885572139,12,1,0.9193113041796335,0.08333333333333333,False
VEGFB_FLT1,generic,VEGFB,FLT1,T / NK cell,Erythrocyte (blood),0.030541170799233613,526,0.6815242102261033,0.6766169154228856,12,0,0.9193113041796335,0.0,False
VEGFB_FLT1,generic,VEGFB,FLT1,Erythrocyte (blood),T / NK cell,0.02620241873164594,526,0.6839021383297315,0.6368159203980099,12,0,0.9193113041796335,0.0,False
VEGFB_FLT1,generic,VEGFB,FLT1,Choroid plexus,Astrocyte,0.0255688256339023,152,0.7074725989343565,0.6218905472636815,2,0,0.9193113041796335,0.0,False
GAS6_AXL,generic,GAS6,AXL,Choroid plexus,Endothelial,0.025517431043443225,84,0.6651823788768124,0.6119402985074627,0,0,0.9193113041796335,0.0,False
VEGFB_FLT1,generic,VEGFB,FLT1,Excitatory neuron,T / NK cell,0.024968405289950275,651,0.7129762557238439,0.6965174129353234,12,1,0.9193113041796335,0.08333333333333333,False
VEGFB_FLT1,generic,VEGFB,FLT1,Astrocyte,Pericyte,0.02448854347070058,120,0.7025622937473734,0.6467661691542289,1,0,0.9193113041796335,0.0,False
SPP1_CD44,generic,SPP1,CD44,Fibroblast / VLMC,Pericyte,0.024006348589192265,92,0.6871549711352657,0.6417910447761194,1,0,0.9193113041796335,0.0,False
GAS6_AXL,generic,GAS6,AXL,Fibroblast / VLMC,Erythrocyte (blood),0.023823017906592827,477,0.6764461880543347,0.6368159203980099,8,0,0.9193113041796335,0.0,False
VEGFB_FLT1,generic,VEGFB,FLT1,Ependymal,Erythrocyte (blood),0.02353419777763335,241,0.7117078552179916,0.6716417910447762,6,0,0.9193113041796335,0.0,False
GAS6_AXL,generic,GAS6,AXL,Choroid plexus,Fibroblast / VLMC,0.023482782253320667,138,0.6679411517870972,0.6218905472636815,2,0,0.9193113041796335,0.0,False
GAS6_AXL,generic,GAS6,AXL,Vascular smooth muscle,Border macrophage,0.02287404130144817,164,0.6928074483931967,0.6169154228855721,1,0,0.9193113041796335,0.0,False
VEGFB_FLT1,generic,VEGFB,FLT1,Excitatory neuron,Choroid plexus,0.02180286016419669,321,0.6874776300761072,0.6517412935323383,7,1,0.9193113041796335,0.14285714285714285,False
VEGFB_FLT1,generic,VEGFB,FLT1,Endothelial,Border macrophage,0.021418452419321055,381,0.6917797493540254,0.6567164179104478,10,0,0.9193113041796335,0.0,False
VEGFB_FLT1,generic,VEGFB,FLT1,Choroid plexus,Border macrophage,0.02074090383716465,194,0.7144881713379452,0.6567164179104478,3,0,0.9193113041796335,0.0,False
VEGFB_FLT1,generic,VEGFB,FLT1,Oligodendrocyte,T / NK cell,0.019418087226665572,453,0.7125589237884727,0.6865671641791045,9,0,0.9193113041796335,0.0,False
SPP1_CD44,generic,SPP1,CD44,Astrocyte,Erythrocyte (blood),0.019071930169615222,537,0.7061043260889155,0.6766169154228856,11,0,0.9193113041796335,0.0,False
SPP1_CD44,generic,SPP1,CD44,Vascular smooth muscle,Choroid plexus,0.018912000734297954,61,0.6855206213355775,0.6318407960199005,0,0,0.9193113041796335,0.0,False
VEGFB_FLT1,generic,VEGFB,FLT1,Ependymal,Vascular smooth muscle,0.017794992436062206,88,0.6823137284639791,0.582089552238806,0,0,0.9193113041796335,0.0,False
JAG1_NOTCH2,generic,JAG1,NOTCH2,Vascular smooth muscle,Vascular smooth muscle,0.017514211582202538,408,0.6630094641163027,0.5621890547263682,7,0,0.9193113041796335,0.0,False
FGF7_FGFR2,generic,FGF7,FGFR2,T / NK cell,Erythrocyte (blood),0.01693573333464648,526,0.6796498699061494,0.6517412935323383,12,0,0.9193113041796335,0.0,False
GAS6_AXL,generic,GAS6,AXL,Vascular smooth muscle,Vascular smooth muscle,0.016653104447850994,408,0.705629406659885,0.6666666666666666,7,0,0.9193113041796335,0.0,False
FGF7_FGFR2,generic,FGF7,FGFR2,Excitatory neuron,Choroid plexus,0.016103095169007965,321,0.7022409265159064,0.6915422885572139,7,0,0.9193113041796335,0.0,False
JAG1_NOTCH1,generic,JAG1,NOTCH1,Vascular smooth muscle,Border macrophage,0.015934750801179468,164,0.707151955557645,0.6169154228855721,1,0,0.9193113041796335,0.0,False
GAS6_AXL,generic,GAS6,AXL,Vascular smooth muscle,Fibroblast / VLMC,0.013602906233304507,154,0.7004391300305726,0.6467661691542289,2,0,0.9193113041796335,0.0,False
PDGFA_PDGFRA,generic,PDGFA,PDGFRA,T / NK cell,Oligodendrocyte,0.01330834035052369,453,0.6681577677000015,0.6069651741293532,9,0,0.9193113041796335,0.0,False
VEGFB_FLT1,generic,VEGFB,FLT1,Endothelial,Ependymal,0.013268924111803177,203,0.6699695571622412,0.5522388059701493,3,0,0.9193113041796335,0.0,False
PDGFA_PDGFRA,generic,PDGFA,PDGFRA,Excitatory neuron,Pericyte,0.013022755174075857,255,0.6971993580009035,0.6417910447761194,7,0,0.9193113041796335,0.0,False
VEGFB_FLT1,generic,VEGFB,FLT1,Microglia,Excitatory neuron,0.01260589811537001,225,0.6863920367447509,0.6218905472636815,5,0,0.9193113041796335,0.0,False
SPP1_CD44,generic,SPP1,CD44,Endothelial,Astrocyte,0.012484095365309315,417,0.669541472891399,0.6517412935323383,6,0,0.9193113041796335,0.0,False
PDGFA_PDGFRA,generic,PDGFA,PDGFRA,Excitatory neuron,T / NK cell,0.012278744976641396,651,0.7057141981060289,0.6467661691542289,12,0,0.9193113041796335,0.0,False
VEGFB_FLT1,generic,VEGFB,FLT1,Vascular smooth muscle,Oligodendrocyte,0.01181836561723189,99,0.6655069312114952,0.5572139303482587,0,0,0.9193113041796335,0.0,False
VEGFB_FLT1,generic,VEGFB,FLT1,Vascular smooth muscle,Choroid plexus,0.011581020277054583,61,0.6945954356914749,0.572139303482587,0,0,0.9193113041796335,0.0,False
PDGFA_PDGFRA,generic,PDGFA,PDGFRA,Oligodendrocyte,Border macrophage,0.01155055069423222,429,0.6914190749983911,0.6417910447761194,9,0,0.9193113041796335,0.0,False
FGF7_FGFR2,generic,FGF7,FGFR2,Endothelial,Border macrophage,0.011351485264895782,381,0.6932197591796402,0.6666666666666666,10,0,0.9193113041796335,0.0,False
PDGFA_PDGFRA,generic,PDGFA,PDGFRA,Endothelial,Border macrophage,0.009401449068324772,381,0.6851003568509337,0.6517412935323383,10,0,0.9193113041796335,0.0,False
PDGFA_PDGFRA,generic,PDGFA,PDGFRA,Fibroblast / VLMC,Choroid plexus,0.009339138001635454,138,0.6914691228707142,0.6169154228855721,2,0,0.9193113041796335,0.0,False
FGF7_FGFR2,generic,FGF7,FGFR2,Erythrocyte (blood),Endothelial,0.009186865705432314,594,0.6702924573886607,0.572139303482587,12,0,0.9193113041796335,0.0,False
PDGFA_PDGFRA,generic,PDGFA,PDGFRA,Choroid plexus,Astrocyte,0.008991548889561704,152,0.6830116197358779,0.6119402985074627,2,0,0.9193113041796335,0.0,False
PDGFA_PDGFRA,generic,PDGFA,PDGFRA,Oligodendrocyte,Pericyte,0.008917693550705064,141,0.681309804557481,0.6218905472636815,1,0,0.9193113041796335,0.0,False
FGF7_FGFR2,generic,FGF7,FGFR2,Choroid plexus,T / NK cell,0.007799816028825168,116,0.6783330400260545,0.6169154228855721,2,0,0.9193113041796335,0.0,False
PDGFA_PDGFRA,generic,PDGFA,PDGFRA,Astrocyte,Erythrocyte (blood),0.0077922534010263795,537,0.7093409765352381,0.6268656716417911,11,0,0.9193113041796335,0.0,False
FGF7_FGFR2,generic,FGF7,FGFR2,Excitatory neuron,Microglia,0.00773546642727322,225,0.6944963271564789,0.6467661691542289,5,0,0.9193113041796335,0.0,False
VEGFA_FLT1,generic,VEGFA,FLT1,Astrocyte,Astrocyte,0.006472230906915068,1758,0.6642235906742997,0.6268656716417911,11,0,0.9193113041796335,0.0,False
PDGFA_PDGFRA,generic,PDGFA,PDGFRA,T / NK cell,Endothelial,0.006430213630435024,253,0.6936415654528761,0.6169154228855721,7,0,0.9193113041796335,0.0,False
KITLG_KIT,generic,KITLG,KIT,Choroid plexus,Erythrocyte (blood),0.006223215424459041,279,0.7015379426123272,0.6417910447761194,7,0,0.9193113041796335,0.0,False
VEGFA_FLT1,generic,VEGFA,FLT1,Choroid plexus,Oligodendrocyte,0.006116982128309167,230,0.7075436361239028,0.6666666666666666,6,0,0.9193113041796335,0.0,False
VEGFA_FLT1,generic,VEGFA,FLT1,Endothelial,Excitatory neuron,0.0058939532572481815,595,0.7060832997535149,0.7014925373134329,12,0,0.9193113041796335,0.0,False
PDGFB_PDGFRB,generic,PDGFB,PDGFRB,T / NK cell,Erythrocyte (blood),0.005523065083833702,526,0.6996140846191061,0.6616915422885572,12,0,0.9193113041796335,0.0,False
KITLG_KIT,generic,KITLG,KIT,Erythrocyte (blood),Choroid plexus,0.005415484469424012,279,0.700726685255861,0.6666666666666666,7,0,0.9193113041796335,0.0,False
FGF7_FGFR2,generic,FGF7,FGFR2,Endothelial,T / NK cell,0.004882276293788503,253,0.6750524261296192,0.6218905472636815,7,0,0.9193113041796335,0.0,False
VEGFA_FLT1,generic,VEGFA,FLT1,Endothelial,Erythrocyte (blood),0.0046631651695328525,594,0.682283451355774,0.6716417910447762,12,1,0.9193113041796335,0.08333333333333333,False
KITLG_KIT,generic,KITLG,KIT,Excitatory neuron,Choroid plexus,0.004464547582133166,321,0.709140896866436,0.6517412935323383,7,0,0.9193113041796335,0.0,False
VEGFA_FLT1,generic,VEGFA,FLT1,Fibroblast / VLMC,Oligodendrocyte,0.004183804807240283,722,0.6954831967333154,0.6318407960199005,10,0,0.9193113041796335,0.0,False
FGF2_FGFR1,generic,FGF2,FGFR1,Astrocyte,Excitatory neuron,0.00385013542004994,336,0.6832269926514779,0.6567164179104478,9,0,0.9193113041796335,0.0,False
DLL1_NOTCH1,generic,DLL1,NOTCH1,Oligodendrocyte,Erythrocyte (blood),0.0037631087793500873,1342,0.6671627674516701,0.6069651741293532,10,0,0.9193113041796335,0.0,False
JAG1_NOTCH2,generic,JAG1,NOTCH2,T / NK cell,Erythrocyte (blood),0.003620448561222381,526,0.669005250745758,0.6019900497512438,12,0,0.9193113041796335,0.0,False
CSF1_CSF1R,generic,CSF1,CSF1R,Erythrocyte (blood),Endothelial,0.0035512515591451213,594,0.6773641163478502,0.6069651741293532,12,0,0.9193113041796335,0.0,False
KITLG_KIT,generic,KITLG,KIT,Endothelial,Erythrocyte (blood),0.0035108480389270716,594,0.6735896889711328,0.6019900497512438,12,0,0.9193113041796335,0.0,False
CSF1_CSF1R,generic,CSF1,CSF1R,Erythrocyte (blood),Border macrophage,0.003433792588283431,848,0.6802887449485926,0.6368159203980099,12,0,0.9193113041796335,0.0,False
PDGFB_PDGFRB,generic,PDGFB,PDGFRB,Border macrophage,Erythrocyte (blood),0.003321178187176866,848,0.7131271217630505,0.681592039800995,12,0,0.9193113041796335,0.0,False
VEGFA_FLT1,generic,VEGFA,FLT1,Fibroblast / VLMC,T / NK cell,0.0033074593112479506,221,0.71347227733738,0.6567164179104478,4,0,0.9193113041796335,0.0,False
VEGFA_FLT1,generic,VEGFA,FLT1,Endothelial,Fibroblast / VLMC,0.003299433019663721,223,0.6938898233071755,0.5522388059701493,5,0,0.9193113041796335,0.0,False
JAG1_NOTCH1,generic,JAG1,NOTCH1,Choroid plexus,Excitatory neuron,0.0028864102571552787,321,0.6931828070083059,0.6417910447761194,7,0,0.9193113041796335,0.0,False
CXCL12_CXCR4,generic,CXCL12,CXCR4,Endothelial,Fibroblast / VLMC,0.002879824339007048,223,0.6774921672311006,0.5373134328358209,5,0,0.9193113041796335,0.0,False
DLL4_NOTCH1,generic,DLL4,NOTCH1,Oligodendrocyte,Border macrophage,0.0028315310155872975,429,0.6795864100583643,0.6616915422885572,9,0,0.9193113041796335,0.0,False
KITLG_KIT,generic,KITLG,KIT,Ependymal,Fibroblast / VLMC,0.002778696770570716,245,0.7025498045801117,0.5472636815920398,6,0,0.9193113041796335,0.0,False
JAG1_NOTCH1,generic,JAG1,NOTCH1,Border macrophage,T / NK cell,0.002724665105342865,400,0.671215627991606,0.582089552238806,11,0,0.9193113041796335,0.0,False
CSF1_CSF1R,generic,CSF1,CSF1R,Pericyte,Erythrocyte (blood),0.002672612402174208,225,0.6770468869918058,0.5472636815920398,5,0,0.9193113041796335,0.0,False
PDGFB_PDGFRB,generic,PDGFB,PDGFRB,Border macrophage,Border macrophage,0.002532487799381388,638,0.6731688275756375,0.6169154228855721,12,1,0.9193113041796335,0.08333333333333333,False
DLL1_NOTCH1,generic,DLL1,NOTCH1,Erythrocyte (blood),Endothelial,0.0025319414909439858,594,0.67038163422295,0.5870646766169154,12,0,0.9193113041796335,0.0,False
JAG1_NOTCH2,generic,JAG1,NOTCH2,Excitatory neuron,Border macrophage,0.002431544190662135,1057,0.6989866856743906,0.6666666666666666,12,0,0.9193113041796335,0.0,False
TGFB2_TGFBR2,generic,TGFB2,TGFBR2,Excitatory neuron,Choroid plexus,0.0022434122465852637,321,0.6957409543251774,0.6069651741293532,7,0,0.9193113041796335,0.0,False
PDGFA_PDGFRA,generic,PDGFA,PDGFRA,Fibroblast / VLMC,Ependymal,0.002141524820911641,245,0.7142243052533028,0.5323383084577115,6,0,0.9193113041796335,0.0,False
JAG1_NOTCH1,generic,JAG1,NOTCH1,Fibroblast / VLMC,Excitatory neuron,0.002123026427381741,499,0.6918677871645437,0.6169154228855721,7,0,0.9193113041796335,0.0,False
FGF7_FGFR2,generic,FGF7,FGFR2,Fibroblast / VLMC,T / NK cell,0.0021085280638474682,221,0.7064919136074953,0.6019900497512438,4,0,0.9193113041796335,0.0,False
TGFB2_TGFBR2,generic,TGFB2,TGFBR2,Border macrophage,Excitatory neuron,0.002006883821965617,1057,0.6924165045390077,0.6517412935323383,12,0,0.9193113041796335,0.0,False
JAG1_NOTCH2,generic,JAG1,NOTCH2,Excitatory neuron,Endothelial,0.0019286352045395794,595,0.7078293614067611,0.6915422885572139,12,0,0.9193113041796335,0.0,False
TGFB1_TGFBR2,generic,TGFB1,TGFBR2,Astrocyte,Astrocyte,0.0018733174320780784,1758,0.6643725942856761,0.6019900497512438,11,1,0.9193113041796335,0.09090909090909091,False
JAG1_NOTCH2,generic,JAG1,NOTCH2,Endothelial,T / NK cell,0.001845680088864956,253,0.7058884674722856,0.5522388059701493,7,0,0.9193113041796335,0.0,False
CXCL12_CXCR4,generic,CXCL12,CXCR4,Excitatory neuron,Excitatory neuron,0.0017619374529042003,2258,0.6642093487488518,0.6119402985074627,12,0,0.9193113041796335,0.0,False
JAG1_NOTCH1,generic,JAG1,NOTCH1,Border macrophage,Erythrocyte (blood),0.0017468826669567036,848,0.6684612188740102,0.5970149253731343,12,0,0.9193113041796335,0.0,False
CXCL12_CXCR4,generic,CXCL12,CXCR4,Erythrocyte (blood),Erythrocyte (blood),0.0017168636905950088,6296,0.6983844268517123,0.6666666666666666,12,0,0.9193113041796335,0.0,False
JAG1_NOTCH2,generic,JAG1,NOTCH2,Border macrophage,T / NK cell,0.0016793592274188995,400,0.6967848964217415,0.582089552238806,11,0,0.9193113041796335,0.0,False
CSF1_CSF1R,generic,CSF1,CSF1R,Erythrocyte (blood),Astrocyte,0.0016193369913367586,537,0.6904479232849225,0.5671641791044776,11,0,0.9193113041796335,0.0,False
DLL1_NOTCH1,generic,DLL1,NOTCH1,Erythrocyte (blood),Fibroblast / VLMC,0.001486406386273462,477,0.6896482193105742,0.582089552238806,8,0,0.9193113041796335,0.0,False
CXCL12_CXCR4,generic,CXCL12,CXCR4,Erythrocyte (blood),Excitatory neuron,0.0014586608650629994,1535,0.710256015776337,0.6716417910447762,12,1,0.9193113041796335,0.08333333333333333,False
DLL4_NOTCH1,generic,DLL4,NOTCH1,Excitatory neuron,Border macrophage,0.0013622018449579417,1057,0.7140480796192168,0.6716417910447762,12,1,0.9193113041796335,0.08333333333333333,False
TGFB1_TGFBR1,generic,TGFB1,TGFBR1,Border macrophage,Excitatory neuron,0.0005890688133781094,1057,0.7012613401720994,0.5522388059701493,12,0,0.9193113041796335,0.0,False
DLL1_NOTCH1,generic,DLL1,NOTCH1,Border macrophage,Erythrocyte (blood),0.000502621684715433,848,0.6788020742883336,0.5771144278606966,12,0,0.9193113041796335,0.0,False
SEMA3A_NRP1,generic,SEMA3A,NRP1,Erythrocyte (blood),Border macrophage,0.00044881106125858596,848,0.7126674135115801,0.5621890547263682,12,0,0.9193113041796335,0.0,False
TNF_TNFRSF1A,generic,TNF,TNFRSF1A,Oligodendrocyte,Oligodendrocyte,0.0001731241484543842,19620,0.687393379847164,0.6517412935323383,12,0,0.9193113041796335,0.0,False
FGF10_FGFR2,generic,FGF10,FGFR2,Oligodendrocyte,Oligodendrocyte,6.159086475313986e-05,19620,0.679590375861495,0.6268656716417911,12,0,0.9193113041796335,0.0,False
VEGFB_FLT1,generic,VEGFB,FLT1,Astrocyte,Oligodendrocyte,0.011190370509498998,342,0.7158372403790496,0.6766169154228856,6,0,0.9200964703368099,0.0,False
FGF2_FGFR1,generic,FGF2,FGFR1,Endothelial,Endothelial,0.007976349046889772,282,0.7160563368836703,0.7014925373134329,7,0,0.9200964703368099,0.0,False
DLL1_NOTCH1,generic,DLL1,NOTCH1,Fibroblast / VLMC,Oligodendrocyte,0.0015378982406573942,722,0.7170571135101725,0.6517412935323383,10,0,0.9207665207573806,0.0,False
HBEGF_EGFR,generic,HBEGF,EGFR,Erythrocyte (blood),Fibroblast / VLMC,0.0006571619515648928,477,0.7178115370888829,0.582089552238806,8,0,0.9211195475936834,0.0,False
FGF2_FGFR1,generic,FGF2,FGFR1,T / NK cell,Choroid plexus,0.004675342091198625,116,0.7183459096060696,0.6268656716417911,2,0,0.9211899147885578,0.0,False
SPP1_CD44,generic,SPP1,CD44,Microglia,T / NK cell,0.016241741180419923,80,0.7194863406244776,0.681592039800995,0,0,0.9214221735597475,0.0,False
FGF7_FGFR2,generic,FGF7,FGFR2,Oligodendrocyte,Vascular smooth muscle,0.007296938486773558,99,0.7191238193208377,0.6218905472636815,0,0,0.9214221735597475,0.0,False
MIF_CD74,generic,MIF,CD74,Microglia,Choroid plexus,0.4109681298335393,24,0.7215183089203367,0.7064676616915423,0,0,0.9215669357951908,0.0,False
VEGFB_FLT1,generic,VEGFB,FLT1,Excitatory neuron,Astrocyte,0.022221672393026807,336,0.7215119143238198,0.681592039800995,9,0,0.9215669357951908,0.0,False
VEGFB_FLT1,generic,VEGFB,FLT1,Astrocyte,T / NK cell,0.01882828566534766,232,0.7212482262229535,0.6616915422885572,4,0,0.9215669357951908,0.0,False
GAS6_AXL,generic,GAS6,AXL,Endothelial,Ependymal,0.016732967252214553,203,0.7204231448900247,0.6865671641791045,3,0,0.9215669357951908,0.0,False
MIF_CD74,generic,MIF,CD74,Inhibitory neuron,Excitatory neuron,0.9380495487288996,88,0.7303193742803132,0.7263681592039801,0,0,0.921947717765047,0.0,False
MIF_CD74,generic,MIF,CD74,Fibroblast / VLMC,Pericyte,0.49598815648452094,92,0.7370862968477454,0.7263681592039801,1,0,0.921947717765047,0.0,False
SPP1_CD44,generic,SPP1,CD44,Fibroblast / VLMC,Erythrocyte (blood),0.03305379724602529,477,0.7332416677343944,0.736318407960199,8,1,0.921947717765047,0.125,False
VEGFB_FLT1,generic,VEGFB,FLT1,T / NK cell,Vascular smooth muscle,0.021492329049617686,94,0.7264414276003477,0.6417910447761194,0,0,0.921947717765047,0.0,False
VEGFB_FLT1,generic,VEGFB,FLT1,Oligodendrocyte,Erythrocyte (blood),0.02089667386873646,1342,0.7238558309216766,0.7164179104477612,10,0,0.921947717765047,0.0,False
VEGFB_FLT1,generic,VEGFB,FLT1,T / NK cell,Choroid plexus,0.020371396993768626,116,0.7315034985642885,0.6965174129353234,2,0,0.921947717765047,0.0,False
GAS6_AXL,generic,GAS6,AXL,Border macrophage,Pericyte,0.019816865026950837,160,0.7243398094328213,0.7064676616915423,3,0,0.921947717765047,0.0,False
GAS6_AXL,generic,GAS6,AXL,Endothelial,Choroid plexus,0.01797073831160863,84,0.7333599599024179,0.6766169154228856,0,0,0.921947717765047,0.0,False
SPP1_CD44,generic,SPP1,CD44,Astrocyte,Vascular smooth muscle,0.01751400398302682,237,0.7261017056161403,0.7213930348258707,7,1,0.921947717765047,0.14285714285714285,False
GAS6_AXL,generic,GAS6,AXL,Vascular smooth muscle,Endothelial,0.015788072848138008,131,0.731987044285907,0.6865671641791045,1,0,0.921947717765047,0.0,False
FGF7_FGFR2,generic,FGF7,FGFR2,Erythrocyte (blood),T / NK cell,0.012499267497443428,526,0.7352366613119161,0.7213930348258707,12,0,0.921947717765047,0.0,False
JAG1_NOTCH1,generic,JAG1,NOTCH1,Vascular smooth muscle,Excitatory neuron,0.011448820432027182,225,0.7331478807073452,0.7114427860696517,4,0,0.921947717765047,0.0,False
FGF7_FGFR2,generic,FGF7,FGFR2,Oligodendrocyte,Endothelial,0.009513204206119884,220,0.7344439268965547,0.6865671641791045,4,0,0.921947717765047,0.0,False
SPP1_CD44,generic,SPP1,CD44,Astrocyte,Endothelial,0.009367905074743915,417,0.7359753024968669,0.7064676616915423,6,1,0.921947717765047,0.16666666666666666,False
FGF7_FGFR2,generic,FGF7,FGFR2,Astrocyte,Excitatory neuron,0.007943745525110336,336,0.7280862460516103,0.7014925373134329,9,0,0.921947717765047,0.0,False
GAS6_AXL,generic,GAS6,AXL,Astrocyte,Fibroblast / VLMC,0.0075095501869760885,382,0.7269909516668579,0.681592039800995,7,0,0.921947717765047,0.0,False
FGF7_FGFR2,generic,FGF7,FGFR2,Choroid plexus,Fibroblast / VLMC,0.007404781770015108,138,0.7235820045531287,0.7213930348258707,2,0,0.921947717765047,0.0,False
PDGFA_PDGFRA,generic,PDGFA,PDGFRA,Excitatory neuron,Vascular smooth muscle,0.006799702644348145,225,0.7317468236982682,0.6965174129353234,4,1,0.921947717765047,0.25,False
FGF2_FGFR1,generic,FGF2,FGFR1,Erythrocyte (blood),Border macrophage,0.005128506571054459,848,0.7265031264360733,0.7064676616915423,12,1,0.921947717765047,0.08333333333333333,False
PDGFB_PDGFRB,generic,PDGFB,PDGFRB,Excitatory neuron,Endothelial,0.004307215554373605,595,0.7235623238215712,0.6915422885572139,12,0,0.921947717765047,0.0,False
JAG1_NOTCH1,generic,JAG1,NOTCH1,Erythrocyte (blood),Excitatory neuron,0.0036210383188452705,1535,0.7361597845197494,0.7014925373134329,12,0,0.921947717765047,0.0,False
VEGFA_FLT1,generic,VEGFA,FLT1,Choroid plexus,Excitatory neuron,0.0028962064012188777,321,0.7362682068448219,0.681592039800995,7,0,0.921947717765047,0.0,False
JAG1_NOTCH1,generic,JAG1,NOTCH1,Excitatory neuron,Excitatory neuron,0.002707210893225522,2258,0.7327206481047601,0.7164179104477612,12,1,0.921947717765047,0.08333333333333333,False
PDGFB_PDGFRB,generic,PDGFB,PDGFRB,Fibroblast / VLMC,Oligodendrocyte,0.0021428492260771774,722,0.7251261941825069,0.6567164179104478,10,0,0.921947717765047,0.0,False
TGFB2_TGFBR2,generic,TGFB2,TGFBR2,T / NK cell,T / NK cell,0.0018840736640996232,462,0.7343387301635284,0.6965174129353234,10,0,0.921947717765047,0.0,False
FGF2_FGFR1,generic,FGF2,FGFR1,Erythrocyte (blood),Choroid plexus,0.0015766053430495723,279,0.7371742293009433,0.6318407960199005,7,0,0.921947717765047,0.0,False
CXCL12_CXCR4,generic,CXCL12,CXCR4,Border macrophage,Excitatory neuron,0.0015196044600675324,1057,0.7334156089086178,0.6616915422885572,12,1,0.921947717765047,0.08333333333333333,False
TGFB1_TGFBR1,generic,TGFB1,TGFBR1,Oligodendrocyte,Erythrocyte (blood),0.0009054518492140109,1342,0.7295516015442328,0.7263681592039801,10,0,0.921947717765047,0.0,False
VEGFA_KDR,generic,VEGFA,KDR,Excitatory neuron,Erythrocyte (blood),0.0007832453382908328,1535,0.7359338966833409,0.6716417910447762,12,1,0.921947717765047,0.08333333333333333,False
SEMA3A_NRP1,generic,SEMA3A,NRP1,Excitatory neuron,Border macrophage,0.0006296661177556698,1057,0.7280625456172808,0.6666666666666666,12,0,0.921947717765047,0.0,False
TGFB2_TGFBR2,generic,TGFB2,TGFBR2,Fibroblast / VLMC,Oligodendrocyte,0.0006163765436394393,722,0.7341142056879417,0.5373134328358209,10,0,0.921947717765047,0.0,False
VEGFA_KDR,generic,VEGFA,KDR,Excitatory neuron,Border macrophage,0.0004442131451649156,1057,0.7240733196883591,0.5771144278606966,12,0,0.921947717765047,0.0,False
GAS6_AXL,generic,GAS6,AXL,Astrocyte,Vascular smooth muscle,0.008519770223883134,237,0.7376701782427044,0.7164179104477612,7,0,0.9219677374132955,0.0,False
TGFB2_TGFBR2,generic,TGFB2,TGFBR2,Excitatory neuron,T / NK cell,0.002255077735619611,651,0.7385259749850093,0.6567164179104478,12,0,0.9224371898219784,0.0,False
VEGFB_FLT1,generic,VEGFB,FLT1,Oligodendrocyte,Border macrophage,0.017077196172345214,429,0.7392781902939325,0.7014925373134329,9,0,0.9225763412290464,0.0,False
GAS6_AXL,generic,GAS6,AXL,Fibroblast / VLMC,Astrocyte,0.013195669307758671,382,0.7395978997879914,0.7164179104477612,7,0,0.9225763412290464,0.0,False
PDGFA_PDGFRA,generic,PDGFA,PDGFRA,Vascular smooth muscle,Excitatory neuron,0.009837479061550565,225,0.7409670700510896,0.7114427860696517,4,0,0.9236844526723837,0.0,False
FGF7_FGFR2,generic,FGF7,FGFR2,Oligodendrocyte,Erythrocyte (blood),0.013173478770717957,1342,0.7418248851786757,0.7164179104477612,10,0,0.9241540884748614,0.0,False
SPP1_CD44,generic,SPP1,CD44,Pericyte,T / NK cell,0.01570958137512207,100,0.7428703258268972,0.7064676616915423,0,0,0.9242577046071694,0.0,False
GAS6_AXL,generic,GAS6,AXL,Choroid plexus,Choroid plexus,0.015402541806300482,96,0.7426012398740821,0.6666666666666666,1,0,0.9242577046071694,0.0,False
SPP1_CD44,generic,SPP1,CD44,Excitatory neuron,Microglia,0.008342466884189182,225,0.7442704706335567,0.7164179104477612,5,0,0.9254003715773866,0.0,False
GAS6_AXL,generic,GAS6,AXL,Inhibitory neuron,Erythrocyte (blood),0.020666506073691627,55,0.7448860985415716,0.7213930348258707,0,0,0.9255667498695724,0.0,False
MIF_CD74,generic,MIF,CD74,Oligodendrocyte,Choroid plexus,0.6051113869832909,230,0.7512834532738114,0.736318407960199,6,0,0.9258574045791436,0.0,False
GAS6_AXL,generic,GAS6,AXL,Endothelial,Excitatory neuron,0.02489432612387072,595,0.7459522715063823,0.7213930348258707,12,0,0.9258574045791436,0.0,False
SPP1_CD44,generic,SPP1,CD44,Fibroblast / VLMC,Choroid plexus,0.023229208545408386,138,0.7523495099156914,0.7313432835820896,2,0,0.9258574045791436,0.0,False
SPP1_CD44,generic,SPP1,CD44,Erythrocyte (blood),Vascular smooth muscle,0.013042835243643587,237,0.7493994756353397,0.7611940298507462,5,0,0.9258574045791436,0.0,False
VEGFB_FLT1,generic,VEGFB,FLT1,Choroid plexus,Choroid plexus,0.011848852038383484,96,0.7499906169378164,0.681592039800995,1,0,0.9258574045791436,0.0,False
PDGFA_PDGFRA,generic,PDGFA,PDGFRA,Border macrophage,T / NK cell,0.00957322895526886,400,0.7500862926884317,0.7114427860696517,11,0,0.9258574045791436,0.0,False
PDGFA_PDGFRA,generic,PDGFA,PDGFRA,Pericyte,Excitatory neuron,0.007944986399482278,255,0.7506119692119109,0.7114427860696517,7,1,0.9258574045791436,0.14285714285714285,False
FGF7_FGFR2,generic,FGF7,FGFR2,Ependymal,Erythrocyte (blood),0.005651692879150517,241,0.7467656640032497,0.681592039800995,6,0,0.9258574045791436,0.0,False
PDGFA_PDGFRA,generic,PDGFA,PDGFRA,Erythrocyte (blood),Ependymal,0.0052064983676577995,241,0.7502294632181906,0.7114427860696517,6,0,0.9258574045791436,0.0,False
PDGFA_PDGFRA,generic,PDGFA,PDGFRA,Oligodendrocyte,Endothelial,0.00457509918646379,220,0.7497977858595538,0.6915422885572139,4,0,0.9258574045791436,0.0,False
JAG1_NOTCH2,generic,JAG1,NOTCH2,Vascular smooth muscle,Astrocyte,0.00416452950063134,237,0.752053258852911,0.7114427860696517,7,0,0.9258574045791436,0.0,False
VEGFA_FLT1,generic,VEGFA,FLT1,Border macrophage,Border macrophage,0.0037034036223791236,638,0.7520000077359184,0.7213930348258707,12,0,0.9258574045791436,0.0,False
FGF2_FGFR1,generic,FGF2,FGFR1,T / NK cell,Erythrocyte (blood),0.0030243454550608934,526,0.7476238126499626,0.736318407960199,12,0,0.9258574045791436,0.0,False
CSF1_CSF1R,generic,CSF1,CSF1R,Erythrocyte (blood),Erythrocyte (blood),0.0028069852656073006,6296,0.7519105190164461,0.7512437810945274,12,0,0.9258574045791436,0.0,False
VEGFA_FLT1,generic,VEGFA,FLT1,Astrocyte,Excitatory neuron,0.002677935574735914,336,0.7506855549561466,0.7213930348258707,9,0,0.9258574045791436,0.0,False
VEGFA_FLT1,generic,VEGFA,FLT1,Excitatory neuron,Fibroblast / VLMC,0.004309670480793129,499,0.7529455491489504,0.736318407960199,7,0,0.9259976952081521,0.0,False
FGF2_FGFR1,generic,FGF2,FGFR1,Ependymal,Endothelial,0.002219437671999626,203,0.7539692752864802,0.6069651741293532,3,0,0.9266634535030892,0.0,False
MIF_CD74,generic,MIF,CD74,Choroid plexus,Fibroblast / VLMC,0.7232041289840919,138,0.7628625266169373,0.7860696517412935,2,0,0.928343472463075,0.0,False
MIF_CD74,generic,MIF,CD74,Choroid plexus,Astrocyte,0.5205360933354026,152,0.7640348932660705,0.7412935323383084,2,0,0.928343472463075,0.0,False
VEGFB_FLT1,generic,VEGFB,FLT1,Astrocyte,Fibroblast / VLMC,0.022194848634809725,382,0.7607304939913339,0.746268656716418,7,0,0.928343472463075,0.0,False
PDGFA_PDGFRA,generic,PDGFA,PDGFRA,Excitatory neuron,Erythrocyte (blood),0.015885327479738365,1535,0.7619413574385978,0.736318407960199,12,0,0.928343472463075,0.0,False
PDGFA_PDGFRA,generic,PDGFA,PDGFRA,Oligodendrocyte,Choroid plexus,0.01059866366179093,230,0.7620056003261444,0.7064676616915423,6,0,0.928343472463075,0.0,False
SPP1_CD44,generic,SPP1,CD44,Microglia,Excitatory neuron,0.007377726766798231,225,0.761910194942996,0.7014925373134329,5,0,0.928343472463075,0.0,False
PDGFA_PDGFRA,generic,PDGFA,PDGFRA,Border macrophage,Fibroblast / VLMC,0.006190641399692087,408,0.7604325313958247,0.7412935323383084,7,0,0.928343472463075,0.0,False
FGF2_FGFR1,generic,FGF2,FGFR1,Oligodendrocyte,T / NK cell,0.0046230333530350234,453,0.7623902707211689,0.7014925373134329,9,0,0.928343472463075,0.0,False
KITLG_KIT,generic,KITLG,KIT,Excitatory neuron,Astrocyte,0.004175935827550434,336,0.7596852779830947,0.7412935323383084,9,0,0.928343472463075,0.0,False
FGF2_FGFR1,generic,FGF2,FGFR1,T / NK cell,Border macrophage,0.0034950295090675353,400,0.7624399684208978,0.7412935323383084,11,0,0.928343472463075,0.0,False
KITLG_KIT,generic,KITLG,KIT,Border macrophage,Oligodendrocyte,0.002821281517580117,429,0.7572514781811899,0.7512437810945274,9,0,0.928343472463075,0.0,False
PDGFB_PDGFRB,generic,PDGFB,PDGFRB,Erythrocyte (blood),T / NK cell,0.0023493848372774886,526,0.7637498183466281,0.7512437810945274,12,0,0.928343472463075,0.0,False
PDGFA_PDGFRA,generic,PDGFA,PDGFRA,Astrocyte,Excitatory neuron,0.0023408798234803335,336,0.7631947918460142,0.681592039800995,9,0,0.928343472463075,0.0,False
JAG1_NOTCH2,generic,JAG1,NOTCH2,Endothelial,Excitatory neuron,0.0012816671563797637,595,0.7609063363266682,0.7512437810945274,12,0,0.928343472463075,0.0,False
JAG1_NOTCH1,generic,JAG1,NOTCH1,Excitatory neuron,T / NK cell,0.0012368800636443856,651,0.7607103381739069,0.7064676616915423,12,0,0.928343472463075,0.0,False
DLL1_NOTCH1,generic,DLL1,NOTCH1,Endothelial,Excitatory neuron,0.0011792463414809283,595,0.76020410784801,0.6567164179104478,12,0,0.928343472463075,0.0,False
TGFB2_TGFBR2,generic,TGFB2,TGFBR2,Endothelial,Excitatory neuron,0.001121106668680656,595,0.7594769531085732,0.6766169154228856,12,0,0.928343472463075,0.0,False
FGF10_FGFR2,generic,FGF10,FGFR2,Erythrocyte (blood),Border macrophage,0.0010181552958938311,848,0.7559389694755416,0.7611940298507462,12,0,0.928343472463075,0.0,False
MIF_CD74,generic,MIF,CD74,Inhibitory neuron,Choroid plexus,0.7071389853954315,20,0.7729730688374552,0.7562189054726368,0,0,0.9286915825289741,0.0,False
MIF_CD74,generic,MIF,CD74,Pericyte,Ependymal,0.5346824129422506,72,0.7700099412890353,0.7711442786069652,0,0,0.9286915825289741,0.0,False
MIF_CD74,generic,MIF,CD74,Pericyte,Fibroblast / VLMC,0.5344580249941867,92,0.7697075900974426,0.7562189054726368,1,0,0.9286915825289741,0.0,False
VEGFB_FLT1,generic,VEGFB,FLT1,Microglia,Oligodendrocyte,0.0315067397737966,103,0.7723021588468465,0.7611940298507462,2,0,0.9286915825289741,0.0,False
VEGFB_FLT1,generic,VEGFB,FLT1,Border macrophage,Excitatory neuron,0.02836921729337752,1057,0.7753194155520154,0.7910447761194029,12,0,0.9286915825289741,0.0,False
GAS6_AXL,generic,GAS6,AXL,Excitatory neuron,Choroid plexus,0.02178050730830041,321,0.7665614427018483,0.7263681592039801,7,0,0.9286915825289741,0.0,False
SPP1_CD44,generic,SPP1,CD44,Endothelial,Choroid plexus,0.017679117974780854,84,0.7756772730356243,0.7810945273631841,0,0,0.9286915825289741,0.0,False
VEGFB_FLT1,generic,VEGFB,FLT1,Pericyte,Excitatory neuron,0.015195881151685528,255,0.7699868281548381,0.7412935323383084,7,0,0.9286915825289741,0.0,False
SPP1_CD44,generic,SPP1,CD44,Vascular smooth muscle,Excitatory neuron,0.013917415406968859,225,0.7734803259935059,0.736318407960199,4,0,0.9286915825289741,0.0,False
FGF7_FGFR2,generic,FGF7,FGFR2,Endothelial,Erythrocyte (blood),0.013137300357674107,594,0.7714099766806525,0.7412935323383084,12,0,0.9286915825289741,0.0,False
GAS6_AXL,generic,GAS6,AXL,Oligodendrocyte,Endothelial,0.012949880415743048,220,0.7733951397057506,0.7512437810945274,4,0,0.9286915825289741,0.0,False
VEGFB_FLT1,generic,VEGFB,FLT1,T / NK cell,Ependymal,0.011869363424156894,119,0.7737683170184958,0.746268656716418,1,0,0.9286915825289741,0.0,False
GAS6_AXL,generic,GAS6,AXL,Oligodendrocyte,Vascular smooth muscle,0.011150785166807849,99,0.7730813064822213,0.736318407960199,0,0,0.9286915825289741,0.0,False
GAS6_AXL,generic,GAS6,AXL,Vascular smooth muscle,Choroid plexus,0.007999606796952545,61,0.7764137888732588,0.7164179104477612,0,0,0.9286915825289741,0.0,False
KITLG_KIT,generic,KITLG,KIT,Excitatory neuron,Excitatory neuron,0.0072470355656846,2258,0.7747625252040846,0.7761194029850746,12,1,0.9286915825289741,0.08333333333333333,False
PDGFA_PDGFRA,generic,PDGFA,PDGFRA,Border macrophage,Border macrophage,0.006636184211061292,638,0.7768908761707763,0.7512437810945274,12,0,0.9286915825289741,0.0,False
FGF7_FGFR2,generic,FGF7,FGFR2,Astrocyte,Endothelial,0.006471421792924547,417,0.7672720259923905,0.7213930348258707,6,0,0.9286915825289741,0.0,False
VEGFA_FLT1,generic,VEGFA,FLT1,Excitatory neuron,Excitatory neuron,0.005268803019772809,2258,0.7697176895032922,0.7263681592039801,12,0,0.9286915825289741,0.0,False
FGF7_FGFR2,generic,FGF7,FGFR2,Astrocyte,Fibroblast / VLMC,0.004453400042668687,382,0.7738748011103913,0.7512437810945274,7,0,0.9286915825289741,0.0,False
FGF7_FGFR2,generic,FGF7,FGFR2,Border macrophage,Oligodendrocyte,0.004027888769314284,429,0.7717354521990683,0.7562189054726368,9,0,0.9286915825289741,0.0,False
JAG1_NOTCH1,generic,JAG1,NOTCH1,Endothelial,Excitatory neuron,0.0017607869220381024,595,0.7733446873046881,0.7860696517412935,12,0,0.9286915825289741,0.0,False
KITLG_KIT,generic,KITLG,KIT,Oligodendrocyte,Excitatory neuron,0.0014899164785362917,601,0.775418724646268,0.7313432835820896,12,0,0.9286915825289741,0.0,False
PDGFA_PDGFRA,generic,PDGFA,PDGFRA,Ependymal,Erythrocyte (blood),0.0013102889060974121,241,0.774272496179376,0.6218905472636815,6,0,0.9286915825289741,0.0,False
CXCL12_CXCR4,generic,CXCL12,CXCR4,Excitatory neuron,Erythrocyte (blood),0.0009878462999573748,1535,0.7730440477194075,0.746268656716418,12,0,0.9286915825289741,0.0,False
HGF_MET,generic,HGF,MET,Erythrocyte (blood),Excitatory neuron,0.00032601166237449024,1535,0.7760368058027782,0.746268656716418,12,0,0.9286915825289741,0.0,False
TGFB1_TGFBR2,generic,TGFB1,TGFBR2,Excitatory neuron,Excitatory neuron,0.0003163682031251352,2258,0.7714211708669197,0.736318407960199,12,0,0.9286915825289741,0.0,False
MIF_CD74,generic,MIF,CD74,Pericyte,T / NK cell,0.6199766707420349,100,0.778055073295672,0.7611940298507462,0,0,0.9292047173043139,0.0,False
MIF_CD74,generic,MIF,CD74,Astrocyte,Ependymal,0.4981695559924234,334,0.7787648017979704,0.7512437810945274,5,0,0.9292047173043139,0.0,False
VEGFB_FLT1,generic,VEGFB,FLT1,Oligodendrocyte,Choroid plexus,0.014765677763068157,230,0.7791057318062009,0.7661691542288557,6,1,0.9292047173043139,0.16666666666666666,False
VEGFB_FLT1,generic,VEGFB,FLT1,Pericyte,Border macrophage,0.010255653038620948,160,0.7793610792904289,0.7761194029850746,3,0,0.9292047173043139,0.0,False
DLL1_NOTCH1,generic,DLL1,NOTCH1,Oligodendrocyte,Border macrophage,0.0028315310155872975,429,0.7797386800075763,0.7761194029850746,9,0,0.9292047173043139,0.0,False
SPP1_CD44,generic,SPP1,CD44,Border macrophage,Border macrophage,0.016471542908480175,638,0.7824285269272907,0.746268656716418,12,0,0.9295270254961815,0.0,False
PDGFA_PDGFRA,generic,PDGFA,PDGFRA,Erythrocyte (blood),Endothelial,0.010222608994955968,594,0.7813887277453122,0.7860696517412935,12,0,0.9295270254961815,0.0,False
FGF7_FGFR2,generic,FGF7,FGFR2,Astrocyte,Choroid plexus,0.0073760363616441425,152,0.7810023370205732,0.7562189054726368,2,0,0.9295270254961815,0.0,False
DLL1_NOTCH1,generic,DLL1,NOTCH1,Border macrophage,Excitatory neuron,0.000874151513614853,1057,0.7822405780318027,0.7810945273631841,12,0,0.9295270254961815,0.0,False
TGFB2_TGFBR2,generic,TGFB2,TGFBR2,Fibroblast / VLMC,Fibroblast / VLMC,0.0006763996037500108,1242,0.781858035600297,0.736318407960199,9,0,0.9295270254961815,0.0,False
VEGFB_FLT1,generic,VEGFB,FLT1,Excitatory neuron,Fibroblast / VLMC,0.028676507109869458,499,0.7834273856934545,0.7611940298507462,7,0,0.9299505925371747,0.0,False
FGF7_FGFR2,generic,FGF7,FGFR2,Oligodendrocyte,Pericyte,0.01403475061376044,141,0.784237355497253,0.7860696517412935,1,0,0.9299505925371747,0.0,False
FGF2_FGFR1,generic,FGF2,FGFR1,Fibroblast / VLMC,Erythrocyte (blood),0.003900898077702872,477,0.7839144082064577,0.7562189054726368,8,0,0.9299505925371747,0.0,False
MIF_CD74,generic,MIF,CD74,Inhibitory neuron,Fibroblast / VLMC,0.6723767060499924,26,0.7885088419973754,0.7711442786069652,0,0,0.9304362246413688,0.0,False
MIF_CD74,generic,MIF,CD74,Endothelial,Pericyte,0.661003319201646,108,0.7908724366954585,0.7711442786069652,0,0,0.9304362246413688,0.0,False
MIF_CD74,generic,MIF,CD74,Microglia,Pericyte,0.5188587398240061,33,0.7910818147431795,0.7860696517412935,0,0,0.9304362246413688,0.0,False
VEGFB_FLT1,generic,VEGFB,FLT1,Fibroblast / VLMC,T / NK cell,0.02189718409361343,221,0.7905691797079992,0.7810945273631841,4,0,0.9304362246413688,0.0,False
SPP1_CD44,generic,SPP1,CD44,Endothelial,Erythrocyte (blood),0.021431495645632247,594,0.7886420570127635,0.7711442786069652,12,0,0.9304362246413688,0.0,False
GAS6_AXL,generic,GAS6,AXL,Endothelial,Oligodendrocyte,0.0137003708969463,220,0.7914277933701179,0.7661691542288557,4,0,0.9304362246413688,0.0,False
VEGFB_FLT1,generic,VEGFB,FLT1,Border macrophage,Pericyte,0.012457484751939774,160,0.7861634577199108,0.7860696517412935,3,0,0.9304362246413688,0.0,False
GAS6_AXL,generic,GAS6,AXL,Oligodendrocyte,Pericyte,0.009453683880204004,141,0.7901827619796158,0.7412935323383084,1,0,0.9304362246413688,0.0,False
VEGFB_FLT1,generic,VEGFB,FLT1,Vascular smooth muscle,Fibroblast / VLMC,0.008334046834475034,154,0.7908266843449105,0.8009950248756219,2,0,0.9304362246413688,0.0,False
PDGFA_PDGFRA,generic,PDGFA,PDGFRA,Erythrocyte (blood),Choroid plexus,0.004658654599206849,279,0.7888932040664522,0.7960199004975125,7,0,0.9304362246413688,0.0,False
KITLG_KIT,generic,KITLG,KIT,Excitatory neuron,Fibroblast / VLMC,0.004164954524240895,499,0.7908408016575792,0.7810945273631841,7,0,0.9304362246413688,0.0,False
PDGFB_PDGFRB,generic,PDGFB,PDGFRB,T / NK cell,Excitatory neuron,0.0031796915831470637,651,0.7867664464414675,0.7810945273631841,12,0,0.9304362246413688,0.0,False
KITLG_KIT,generic,KITLG,KIT,Choroid plexus,Excitatory neuron,0.0018292767607905782,321,0.7865862453343295,0.7014925373134329,7,0,0.9304362246413688,0.0,False
JAG1_NOTCH2,generic,JAG1,NOTCH2,Excitatory neuron,Fibroblast / VLMC,0.001118772971128414,499,0.7912003187562708,0.7960199004975125,7,0,0.9304362246413688,0.0,False
VEGFB_FLT1,generic,VEGFB,FLT1,Endothelial,Fibroblast / VLMC,0.006629330160371926,223,0.7935758130323973,0.7960199004975125,5,0,0.9318209882855961,0.0,False
CSF1_CSF1R,generic,CSF1,CSF1R,Endothelial,Excitatory neuron,0.0013050845691135952,595,0.7934533658924052,0.7960199004975125,12,0,0.9318209882855961,0.0,False
SPP1_CD44,generic,SPP1,CD44,Ependymal,Fibroblast / VLMC,0.005909192562103272,245,0.795083802239184,0.7412935323383084,6,0,0.9324517607457097,0.0,False
SPP1_CD44,generic,SPP1,CD44,Choroid plexus,Choroid plexus,0.003269663080573082,96,0.794623577642833,0.7313432835820896,1,0,0.9324517607457097,0.0,False
FGF2_FGFR1,generic,FGF2,FGFR1,Excitatory neuron,T / NK cell,0.0035703747136984734,651,0.7958286308470731,0.7860696517412935,12,0,0.9327558266365025,0.0,False
PDGFA_PDGFRA,generic,PDGFA,PDGFRA,Choroid plexus,Border macrophage,0.006886778725791224,194,0.7972595156990729,0.7711442786069652,3,0,0.9332940461047649,0.0,False
VEGFA_FLT1,generic,VEGFA,FLT1,Border macrophage,Fibroblast / VLMC,0.0009048703838797176,408,0.796911502911312,0.6965174129353234,7,0,0.9332940461047649,0.0,False
SPP1_CD44,generic,SPP1,CD44,T / NK cell,Excitatory neuron,0.022880781081414992,651,0.7994360937473978,0.7810945273631841,12,0,0.9352720682635512,0.0,False
VEGFA_FLT1,generic,VEGFA,FLT1,T / NK cell,Erythrocyte (blood),0.002547234410115521,526,0.7999307443124402,0.8009950248756219,12,0,0.9352811684870344,0.0,False
MIF_CD74,generic,MIF,CD74,Ependymal,Choroid plexus,0.5422644419748275,61,0.8028530268390267,0.8059701492537313,0,0,0.9379180925969496,0.0,False
MIF_CD74,generic,MIF,CD74,Ependymal,Ependymal,0.3642869708181798,174,0.8041946947795088,0.8009950248756219,4,0,0.9379180925969496,0.0,False
FGF7_FGFR2,generic,FGF7,FGFR2,Border macrophage,T / NK cell,0.008791381865739823,400,0.804363740703472,0.8009950248756219,11,0,0.9379180925969496,0.0,False
JAG1_NOTCH1,generic,JAG1,NOTCH1,Vascular smooth muscle,Endothelial,0.005369291050743511,131,0.8051155308133107,0.7313432835820896,1,0,0.9379180925969496,0.0,False
KITLG_KIT,generic,KITLG,KIT,Excitatory neuron,Endothelial,0.005009612416018959,595,0.8049161518768456,0.8258706467661692,12,0,0.9379180925969496,0.0,False
PDGFB_PDGFRB,generic,PDGFB,PDGFRB,Oligodendrocyte,Oligodendrocyte,0.004072718068607964,19620,0.804498322401362,0.7711442786069652,12,0,0.9379180925969496,0.0,False
MIF_CD74,generic,MIF,CD74,Astrocyte,Astrocyte,0.5429806328199558,1758,0.8059941751091264,0.8159203980099502,11,0,0.9383726123543223,0.0,False
PDGFA_PDGFRA,generic,PDGFA,PDGFRA,Choroid plexus,Erythrocyte (blood),0.00817864321465988,279,0.8079224053778669,0.8258706467661692,7,0,0.9389104299642361,0.0,False
SPP1_CD44,generic,SPP1,CD44,Vascular smooth muscle,Astrocyte,0.006872861194208202,237,0.8075660649788066,0.7810945273631841,7,0,0.9389104299642361,0.0,False
WNT5A_FZD5,generic,WNT5A,FZD5,Erythrocyte (blood),Erythrocyte (blood),7.227876873301126e-05,6296,0.8072564621626793,0.746268656716418,12,0,0.9389104299642361,0.0,False
MIF_CD74,generic,MIF,CD74,Pericyte,Border macrophage,0.5302531562745572,160,0.8183796466071943,0.8407960199004975,3,0,0.9392181117644133,0.0,False
MIF_CD74,generic,MIF,CD74,Ependymal,Pericyte,0.45841215882036424,72,0.8216749772006295,0.7810945273631841,0,0,0.9392181117644133,0.0,False
GAS6_AXL,generic,GAS6,AXL,Excitatory neuron,Endothelial,0.02742134773430704,595,0.8117827910794155,0.8208955223880597,12,0,0.9392181117644133,0.0,False
VEGFB_FLT1,generic,VEGFB,FLT1,Astrocyte,Astrocyte,0.02622427915957194,1758,0.8126112546457632,0.8109452736318408,11,1,0.9392181117644133,0.09090909090909091,False
GAS6_AXL,generic,GAS6,AXL,Erythrocyte (blood),Oligodendrocyte,0.018676346620397667,1342,0.8200983200240721,0.8308457711442786,10,1,0.9392181117644133,0.1,False
VEGFB_FLT1,generic,VEGFB,FLT1,Endothelial,Astrocyte,0.017768387028353393,417,0.8146844550583419,0.845771144278607,6,0,0.9392181117644133,0.0,False
VEGFB_FLT1,generic,VEGFB,FLT1,Vascular smooth muscle,Vascular smooth muscle,0.013840651979633406,408,0.8159674301212337,0.8258706467661692,7,0,0.9392181117644133,0.0,False
FGF7_FGFR2,generic,FGF7,FGFR2,T / NK cell,Endothelial,0.011765305232624763,253,0.8107772106717618,0.7810945273631841,7,0,0.9392181117644133,0.0,False
SPP1_CD44,generic,SPP1,CD44,Ependymal,Erythrocyte (blood),0.011738317141394398,241,0.8215854875145765,0.8208955223880597,6,0,0.9392181117644133,0.0,False
SPP1_CD44,generic,SPP1,CD44,Erythrocyte (blood),Ependymal,0.008852245402039334,241,0.8160305778256423,0.8258706467661692,6,0,0.9392181117644133,0.0,False
SPP1_CD44,generic,SPP1,CD44,Fibroblast / VLMC,Vascular smooth muscle,0.008334046834475034,154,0.8095684675022917,0.7860696517412935,2,0,0.9392181117644133,0.0,False
PDGFA_PDGFRA,generic,PDGFA,PDGFRA,Oligodendrocyte,Excitatory neuron,0.007943395370254897,601,0.8118068044986408,0.8407960199004975,12,0,0.9392181117644133,0.0,False
GAS6_AXL,generic,GAS6,AXL,Ependymal,Oligodendrocyte,0.007896819805128002,221,0.8172459601877979,0.8258706467661692,3,0,0.9392181117644133,0.0,False
FGF2_FGFR1,generic,FGF2,FGFR1,Astrocyte,Erythrocyte (blood),0.006280181128219519,537,0.8162308496181414,0.7960199004975125,11,1,0.9392181117644133,0.09090909090909091,False
KITLG_KIT,generic,KITLG,KIT,Erythrocyte (blood),Excitatory neuron,0.004618325256757705,1535,0.8131034029451343,0.8109452736318408,12,0,0.9392181117644133,0.0,False
VEGFA_FLT1,generic,VEGFA,FLT1,T / NK cell,Excitatory neuron,0.003854418130514259,651,0.817405598568409,0.7860696517412935,12,0,0.9392181117644133,0.0,False
PDGFB_PDGFRB,generic,PDGFB,PDGFRB,Excitatory neuron,Border macrophage,0.003640595030536489,1057,0.8145844676220468,0.8159203980099502,12,0,0.9392181117644133,0.0,False
FGF7_FGFR2,generic,FGF7,FGFR2,Ependymal,Endothelial,0.0034788030708951903,203,0.8218769629755225,0.8109452736318408,3,0,0.9392181117644133,0.0,False
VEGFA_FLT1,generic,VEGFA,FLT1,Astrocyte,Erythrocyte (blood),0.0033575822521188406,537,0.8108590237271635,0.7810945273631841,11,0,0.9392181117644133,0.0,False
JAG1_NOTCH1,generic,JAG1,NOTCH1,Microglia,Excitatory neuron,0.003051576879289415,225,0.8196266498733278,0.845771144278607,5,0,0.9392181117644133,0.0,False
JAG1_NOTCH2,generic,JAG1,NOTCH2,Erythrocyte (blood),Erythrocyte (blood),0.0026044668830940655,6296,0.8205456451505033,0.8159203980099502,12,0,0.9392181117644133,0.0,False
FGF2_FGFR1,generic,FGF2,FGFR1,T / NK cell,Excitatory neuron,0.002208002335098665,651,0.8199318848774098,0.8208955223880597,12,0,0.9392181117644133,0.0,False
FGF2_FGFR1,generic,FGF2,FGFR1,Border macrophage,Border macrophage,0.0020275732566570415,638,0.8176932648300022,0.7860696517412935,12,0,0.9392181117644133,0.0,False
JAG1_NOTCH1,generic,JAG1,NOTCH1,T / NK cell,Excitatory neuron,0.001970154715390066,651,0.820092581467752,0.8258706467661692,12,0,0.9392181117644133,0.0,False
FGF2_FGFR1,generic,FGF2,FGFR1,Erythrocyte (blood),Endothelial,0.0019428952775820338,594,0.8180426127917784,0.8159203980099502,12,0,0.9392181117644133,0.0,False
FGF2_FGFR1,generic,FGF2,FGFR1,Excitatory neuron,Fibroblast / VLMC,0.001822553082315143,499,0.8151236103804459,0.7960199004975125,7,0,0.9392181117644133,0.0,False
DLL1_NOTCH1,generic,DLL1,NOTCH1,Excitatory neuron,Excitatory neuron,0.0012564633513468362,2258,0.8155993371766054,0.8059701492537313,12,1,0.9392181117644133,0.08333333333333333,False
TGFB2_TGFBR2,generic,TGFB2,TGFBR2,Oligodendrocyte,Erythrocyte (blood),0.00073297457261519,1342,0.8141671728564058,0.8258706467661692,10,0,0.9392181117644133,0.0,False
MIF_CD74,generic,MIF,CD74,Fibroblast / VLMC,Endothelial,0.6379619553484724,223,0.8248209106497674,0.8109452736318408,5,0,0.939439911067173,0.0,False
MIF_CD74,generic,MIF,CD74,Ependymal,Erythrocyte (blood),0.5560905015814849,241,0.8244155250297738,0.8059701492537313,6,0,0.939439911067173,0.0,False
GAS6_AXL,generic,GAS6,AXL,Erythrocyte (blood),Pericyte,0.014520280096266006,225,0.8253531678522068,0.8507462686567164,5,0,0.939439911067173,0.0,False
FGF7_FGFR2,generic,FGF7,FGFR2,Excitatory neuron,Oligodendrocyte,0.011735591832889296,601,0.8254943101933305,0.8159203980099502,12,1,0.939439911067173,0.08333333333333333,False
GAS6_AXL,generic,GAS6,AXL,Oligodendrocyte,Border macrophage,0.011488758600675143,429,0.8252575348258524,0.8208955223880597,9,0,0.939439911067173,0.0,False
GAS6_AXL,generic,GAS6,AXL,Astrocyte,Choroid plexus,0.004051273198504197,152,0.8228324743086051,0.7910447761194029,2,0,0.939439911067173,0.0,False
PDGFA_PDGFRA,generic,PDGFA,PDGFRA,Oligodendrocyte,Fibroblast / VLMC,0.00168952222015719,722,0.8231774157065,0.835820895522388,10,0,0.939439911067173,0.0,False
MIF_CD74,generic,MIF,CD74,Pericyte,Erythrocyte (blood),0.7019660478168064,225,0.826558429689656,0.8208955223880597,5,0,0.93961571119631,0.0,False
VEGFB_FLT1,generic,VEGFB,FLT1,Vascular smooth muscle,Astrocyte,0.018300617797465266,237,0.8271161726355858,0.8009950248756219,7,1,0.93961571119631,0.14285714285714285,False
JAG1_NOTCH2,generic,JAG1,NOTCH2,Vascular smooth muscle,Excitatory neuron,0.005416657659742567,225,0.8266490222150031,0.845771144278607,4,0,0.93961571119631,0.0,False
FGF7_FGFR2,generic,FGF7,FGFR2,Oligodendrocyte,Fibroblast / VLMC,0.005785728425530516,722,0.8276934907738098,0.8109452736318408,10,0,0.9397158367473337,0.0,False
MIF_CD74,generic,MIF,CD74,Fibroblast / VLMC,Inhibitory neuron,0.44992877886845517,26,0.8311420662723299,0.8258706467661692,0,0,0.940512899924521,0.0,False
SPP1_CD44,generic,SPP1,CD44,Pericyte,Oligodendrocyte,0.02415539778716175,141,0.8313331098760212,0.8208955223880597,1,0,0.940512899924521,0.0,False
SPP1_CD44,generic,SPP1,CD44,Border macrophage,T / NK cell,0.02282999485731125,400,0.8294999423956976,0.8208955223880597,11,0,0.940512899924521,0.0,False
FGF7_FGFR2,generic,FGF7,FGFR2,Fibroblast / VLMC,Border macrophage,0.002172486747012419,408,0.8291422967547182,0.8059701492537313,7,0,0.940512899924521,0.0,False
FGF7_FGFR2,generic,FGF7,FGFR2,Ependymal,Border macrophage,0.0016279869801770603,241,0.8301446968634837,0.8706467661691543,5,0,0.940512899924521,0.0,False
TGFB2_TGFBR2,generic,TGFB2,TGFBR2,Erythrocyte (blood),Border macrophage,0.0009212268270411581,848,0.8306678476327991,0.8407960199004975,12,0,0.940512899924521,0.0,False
MIF_CD74,generic,MIF,CD74,Choroid plexus,Border macrophage,0.6687705095895787,194,0.8340590028332918,0.8208955223880597,3,0,0.9424866732016197,0.0,False
GAS6_AXL,generic,GAS6,AXL,Choroid plexus,Oligodendrocyte,0.005265934570975925,230,0.8339255374878992,0.8407960199004975,6,0,0.9424866732016197,0.0,False
GAS6_AXL,generic,GAS6,AXL,T / NK cell,Ependymal,0.0046689680644444054,119,0.8355826527612594,0.845771144278607,1,0,0.9436533074393765,0.0,False
VEGFB_FLT1,generic,VEGFB,FLT1,Excitatory neuron,Oligodendrocyte,0.017594510029238987,601,0.8396167154074803,0.8308457711442786,12,0,0.9447345305127924,0.0,False
VEGFB_FLT1,generic,VEGFB,FLT1,T / NK cell,Fibroblast / VLMC,0.01615602236527663,221,0.8396878006612781,0.8557213930348259,4,0,0.9447345305127924,0.0,False
FGF7_FGFR2,generic,FGF7,FGFR2,Oligodendrocyte,T / NK cell,0.01446231732568467,453,0.8416338664266192,0.835820895522388,9,0,0.9447345305127924,0.0,False
VEGFB_FLT1,generic,VEGFB,FLT1,Ependymal,Astrocyte,0.014260850266782109,334,0.8419497741998442,0.8308457711442786,5,0,0.9447345305127924,0.0,False
FGF7_FGFR2,generic,FGF7,FGFR2,Erythrocyte (blood),Fibroblast / VLMC,0.009117594180117114,477,0.8407716696223018,0.845771144278607,8,0,0.9447345305127924,0.0,False
GAS6_AXL,generic,GAS6,AXL,Erythrocyte (blood),Ependymal,0.008856515914078076,241,0.8413501932918177,0.835820895522388,6,0,0.9447345305127924,0.0,False
FGF7_FGFR2,generic,FGF7,FGFR2,Border macrophage,Fibroblast / VLMC,0.006884296223813412,408,0.8398239079880012,0.8258706467661692,7,0,0.9447345305127924,0.0,False
PDGFA_PDGFRA,generic,PDGFA,PDGFRA,Erythrocyte (blood),Astrocyte,0.005164278286129403,537,0.8408992112221374,0.835820895522388,11,1,0.9447345305127924,0.09090909090909091,False
JAG1_NOTCH2,generic,JAG1,NOTCH2,Erythrocyte (blood),Border macrophage,0.0009231970135895712,848,0.8412211796056146,0.8258706467661692,12,0,0.9447345305127924,0.0,False
JAG1_NOTCH1,generic,JAG1,NOTCH1,Erythrocyte (blood),Border macrophage,0.000502621684715433,848,0.8377781959846409,0.835820895522388,12,0,0.9447345305127924,0.0,False
TGFB1_TGFBR1,generic,TGFB1,TGFBR1,Erythrocyte (blood),Excitatory neuron,0.0004568158609471026,1535,0.838786422621149,0.8059701492537313,12,0,0.9447345305127924,0.0,False
SPP1_CD44,generic,SPP1,CD44,Vascular smooth muscle,Erythrocyte (blood),0.015769507311567475,237,0.8445698615204413,0.8557213930348259,5,0,0.946568672100798,0.0,False
VEGFB_FLT1,generic,VEGFB,FLT1,Fibroblast / VLMC,Oligodendrocyte,0.011553771773203589,722,0.8442991000365829,0.8407960199004975,10,1,0.946568672100798,0.1,False
MIF_CD74,generic,MIF,CD74,Oligodendrocyte,Inhibitory neuron,0.5132855713367462,40,0.8453081782977557,0.8407960199004975,0,0,0.946843737906699,0.0,False
GAS6_AXL,generic,GAS6,AXL,Excitatory neuron,Oligodendrocyte,0.02848418907397202,601,0.8463624079138716,0.8557213930348259,12,0,0.947386557323216,0.0,False
VEGFA_FLT1,generic,VEGFA,FLT1,Oligodendrocyte,Excitatory neuron,0.0013986526432132563,601,0.8467791353065912,0.8706467661691543,12,0,0.947386557323216,0.0,False
MIF_CD74,generic,MIF,CD74,Endothelial,Choroid plexus,0.7255171367100307,84,0.848202050797054,0.8656716417910447,0,0,0.9474185400258859,0.0,False
GAS6_AXL,generic,GAS6,AXL,Oligodendrocyte,Excitatory neuron,0.017065639801311018,601,0.8480770107501454,0.8407960199004975,12,0,0.9474185400258859,0.0,False
GAS6_AXL,generic,GAS6,AXL,Astrocyte,Oligodendrocyte,0.00835309948837548,342,0.8482872924750253,0.8805970149253731,6,0,0.9474185400258859,0.0,False
SPP1_CD44,generic,SPP1,CD44,Choroid plexus,T / NK cell,0.007515367248962666,116,0.8488040828156167,0.8706467661691543,2,0,0.9474448826779778,0.0,False
MIF_CD74,generic,MIF,CD74,Endothelial,Fibroblast / VLMC,0.5649219604351061,223,0.8587374137918684,0.8557213930348259,5,0,0.9483874209571765,0.0,False
MIF_CD74,generic,MIF,CD74,Choroid plexus,Microglia,0.24961855014165243,24,0.8555753822437222,0.8407960199004975,0,0,0.9483874209571765,0.0,False
VEGFB_FLT1,generic,VEGFB,FLT1,T / NK cell,T / NK cell,0.018789382207961308,462,0.8523686352054655,0.8706467661691543,10,0,0.9483874209571765,0.0,False
VEGFB_FLT1,generic,VEGFB,FLT1,Border macrophage,Astrocyte,0.01646131300186926,516,0.8572848606967061,0.8756218905472637,8,0,0.9483874209571765,0.0,False
PDGFA_PDGFRA,generic,PDGFA,PDGFRA,Erythrocyte (blood),Erythrocyte (blood),0.014347081869045389,6296,0.859127698013695,0.835820895522388,12,0,0.9483874209571765,0.0,False
PDGFA_PDGFRA,generic,PDGFA,PDGFRA,T / NK cell,Excitatory neuron,0.01299882447847756,651,0.8565016359779931,0.8855721393034826,12,0,0.9483874209571765,0.0,False
SPP1_CD44,generic,SPP1,CD44,T / NK cell,Border macrophage,0.012624882161617279,400,0.8594456730142215,0.8706467661691543,11,0,0.9483874209571765,0.0,False
FGF7_FGFR2,generic,FGF7,FGFR2,Excitatory neuron,Inhibitory neuron,0.010404200039126656,88,0.8503191943783845,0.845771144278607,0,0,0.9483874209571765,0.0,False
JAG1_NOTCH1,generic,JAG1,NOTCH1,Vascular smooth muscle,Vascular smooth muscle,0.00688285979570127,408,0.8593479864606293,0.8805970149253731,7,0,0.9483874209571765,0.0,False
GAS6_AXL,generic,GAS6,AXL,T / NK cell,Choroid plexus,0.006725780408957909,116,0.8577375542298757,0.845771144278607,2,0,0.9483874209571765,0.0,False
GAS6_AXL,generic,GAS6,AXL,Fibroblast / VLMC,Ependymal,0.005559357331723583,245,0.8515164808183155,0.8507462686567164,6,0,0.9483874209571765,0.0,False
VEGFA_FLT1,generic,VEGFA,FLT1,Erythrocyte (blood),Oligodendrocyte,0.00541442526079681,1342,0.8595223841157961,0.8656716417910447,10,0,0.9483874209571765,0.0,False
FGF7_FGFR2,generic,FGF7,FGFR2,Erythrocyte (blood),Astrocyte,0.0016193369913367586,537,0.8586715378924068,0.8606965174129353,11,0,0.9483874209571765,0.0,False
PDGFB_PDGFRB,generic,PDGFB,PDGFRB,Excitatory neuron,T / NK cell,0.00161901487183461,651,0.8511556847317011,0.8905472636815921,12,0,0.9483874209571765,0.0,False
CSF1_CSF1R,generic,CSF1,CSF1R,Erythrocyte (blood),Excitatory neuron,0.0015549119210010243,1535,0.852677114071064,0.845771144278607,12,0,0.9483874209571765,0.0,False
CSF1_CSF1R,generic,CSF1,CSF1R,Border macrophage,Border macrophage,0.001280421653885079,638,0.8583373386408032,0.845771144278607,12,0,0.9483874209571765,0.0,False
FGF7_FGFR2,generic,FGF7,FGFR2,Microglia,Excitatory neuron,0.0012494391865200466,225,0.8545353865023428,0.7512437810945274,5,0,0.9483874209571765,0.0,False
TGFB1_TGFBR2,generic,TGFB1,TGFBR2,Erythrocyte (blood),Excitatory neuron,0.00041894446755076853,1535,0.8544894816537274,0.845771144278607,12,0,0.9483874209571765,0.0,False
SEMA3A_NRP1,generic,SEMA3A,NRP1,Excitatory neuron,Excitatory neuron,0.0003822087132899079,2258,0.8530672599158308,0.8606965174129353,12,0,0.9483874209571765,0.0,False
DLL4_NOTCH1,generic,DLL4,NOTCH1,Excitatory neuron,Excitatory neuron,0.00037529861325178663,2258,0.8552495829904152,0.8706467661691543,12,0,0.9483874209571765,0.0,False
MIF_CD74,generic,MIF,CD74,Astrocyte,Border macrophage,0.5553828440895376,516,0.8600402304183727,0.8507462686567164,8,0,0.9484140543247382,0.0,False
MIF_CD74,generic,MIF,CD74,Inhibitory neuron,Astrocyte,0.6747323326442553,46,0.8610015196345246,0.8606965174129353,0,0,0.9489293856671955,0.0,False
VEGFA_FLT1,generic,VEGFA,FLT1,Oligodendrocyte,Fibroblast / VLMC,0.0015378982406573942,722,0.8615792912898397,0.8656716417910447,10,0,0.9490216849585906,0.0,False
PDGFA_PDGFRA,generic,PDGFA,PDGFRA,Oligodendrocyte,T / NK cell,0.007450472703306354,453,0.8625236129936764,0.8507462686567164,9,0,0.9495173986022076,0.0,False
MIF_CD74,generic,MIF,CD74,Pericyte,Excitatory neuron,0.6172824396806604,255,0.8644322953492944,0.8606965174129353,7,0,0.9502067985259566,0.0,False
SPP1_CD44,generic,SPP1,CD44,Erythrocyte (blood),Pericyte,0.008907918135325115,225,0.8636514525918628,0.845771144278607,5,0,0.9502067985259566,0.0,False
PDGFB_PDGFRB,generic,PDGFB,PDGFRB,Excitatory neuron,Fibroblast / VLMC,0.0004584313872343075,499,0.8646337760663051,0.845771144278607,7,0,0.9502067985259566,0.0,False
VEGFB_FLT1,generic,VEGFB,FLT1,Border macrophage,Oligodendrocyte,0.012929048015799,429,0.8653778219676584,0.8756218905472637,9,0,0.9504807295596752,0.0,False
PDGFA_PDGFRA,generic,PDGFA,PDGFRA,Border macrophage,Excitatory neuron,0.01011961033125474,1057,0.8688749314758712,0.8606965174129353,12,0,0.9526876389070483,0.0,False
SPP1_CD44,generic,SPP1,CD44,Choroid plexus,Endothelial,0.005331616671312423,84,0.8688594007405126,0.8756218905472637,0,0,0.9526876389070483,0.0,False
HGF_MET,generic,HGF,MET,Oligodendrocyte,Oligodendrocyte,7.144874996609159e-05,19620,0.8681965669716923,0.8706467661691543,12,0,0.9526876389070483,0.0,False
GAS6_AXL,generic,GAS6,AXL,T / NK cell,Excitatory neuron,0.02693958953595198,651,0.8697510233426315,0.8656716417910447,12,0,0.9531042303714747,0.0,False
MIF_CD74,generic,MIF,CD74,Astrocyte,Erythrocyte (blood),0.5230093598365784,537,0.8705305106853009,0.8805970149253731,11,1,0.9534145444848705,0.09090909090909091,False
MIF_CD74,generic,MIF,CD74,Oligodendrocyte,Astrocyte,0.47854430041117973,342,0.8735577304138393,0.8955223880597015,6,0,0.9544791456226568,0.0,False
MIF_CD74,generic,MIF,CD74,Oligodendrocyte,Ependymal,0.4358944536873658,221,0.872811682266236,0.8855721393034826,3,0,0.9544791456226568,0.0,False
MIF_CD74,generic,MIF,CD74,Fibroblast / VLMC,Ependymal,0.41599822141686266,245,0.8758877597485437,0.8955223880597015,6,0,0.9544791456226568,0.0,False
SPP1_CD44,generic,SPP1,CD44,Erythrocyte (blood),Endothelial,0.012453916899684302,594,0.8759743538431775,0.9353233830845771,12,0,0.9544791456226568,0.0,False
FGF7_FGFR2,generic,FGF7,FGFR2,Border macrophage,Erythrocyte (blood),0.011249352597965384,848,0.8759204666907606,0.8805970149253731,12,0,0.9544791456226568,0.0,False
SPP1_CD44,generic,SPP1,CD44,Fibroblast / VLMC,Endothelial,0.009503823224739109,223,0.8739069814598714,0.900497512437811,5,0,0.9544791456226568,0.0,False
VEGFB_FLT1,generic,VEGFB,FLT1,Ependymal,Fibroblast / VLMC,0.0078141416822161,245,0.8755592112423114,0.9203980099502488,6,0,0.9544791456226568,0.0,False
PDGFB_PDGFRB,generic,PDGFB,PDGFRB,Excitatory neuron,Excitatory neuron,0.004166868036040381,2258,0.8749674867534003,0.8706467661691543,12,0,0.9544791456226568,0.0,False
PDGFB_PDGFRB,generic,PDGFB,PDGFRB,Endothelial,Erythrocyte (blood),0.001979933945016829,594,0.8757612183292471,0.8606965174129353,12,0,0.9544791456226568,0.0,False
FGF7_FGFR2,generic,FGF7,FGFR2,T / NK cell,Border macrophage,0.010382433533668517,400,0.8765869574363367,0.900497512437811,11,0,0.9546051843736978,0.0,False
SPP1_CD44,generic,SPP1,CD44,Excitatory neuron,Pericyte,0.006922495598886527,255,0.8797039893216427,0.9203980099502488,7,0,0.9574568631653687,0.0,False
GAS6_AXL,generic,GAS6,AXL,Microglia,Erythrocyte (blood),0.006572402926052318,170,0.8809008885825838,0.8955223880597015,4,0,0.9582166517367743,0.0,False
MIF_CD74,generic,MIF,CD74,Vascular smooth muscle,Ependymal,0.5361472869461233,88,0.8843946989378573,0.9104477611940298,0,0,0.9592013337627229,0.0,False
VEGFB_FLT1,generic,VEGFB,FLT1,Oligodendrocyte,Excitatory neuron,0.014759039819339745,601,0.8837769800601993,0.8656716417910447,12,0,0.9592013337627229,0.0,False
FGF7_FGFR2,generic,FGF7,FGFR2,T / NK cell,Excitatory neuron,0.013512597838488226,651,0.8848020632105909,0.8955223880597015,12,0,0.9592013337627229,0.0,False
VEGFB_FLT1,generic,VEGFB,FLT1,Choroid plexus,Oligodendrocyte,0.010259876043900199,230,0.884435300962394,0.9054726368159204,6,0,0.9592013337627229,0.0,False
SPP1_CD44,generic,SPP1,CD44,Fibroblast / VLMC,Astrocyte,0.00978547178637919,382,0.8838241038483169,0.8805970149253731,7,0,0.9592013337627229,0.0,False
SEMA3A_NRP1,generic,SEMA3A,NRP1,Erythrocyte (blood),Erythrocyte (blood),0.0007725678658848948,6296,0.883880557819998,0.8905472636815921,12,0,0.9592013337627229,0.0,False
SPP1_CD44,generic,SPP1,CD44,Vascular smooth muscle,Oligodendrocyte,0.01181836561723189,99,0.8860428598675756,0.9253731343283582,0,0,0.9600047003979768,0.0,False
SPP1_CD44,generic,SPP1,CD44,Erythrocyte (blood),Erythrocyte (blood),0.035064801081465945,6296,0.8932889997754719,0.8756218905472637,12,0,0.9636068100401979,0.0,False
SPP1_CD44,generic,SPP1,CD44,Endothelial,Oligodendrocyte,0.033133403821425,220,0.8938820070232341,0.9054726368159204,4,0,0.9636068100401979,0.0,False
GAS6_AXL,generic,GAS6,AXL,Erythrocyte (blood),Endothelial,0.017411223013794382,594,0.8937753420070462,0.9104477611940298,12,0,0.9636068100401979,0.0,False
FGF7_FGFR2,generic,FGF7,FGFR2,Fibroblast / VLMC,Excitatory neuron,0.01240289808514123,499,0.8907988380430447,0.9054726368159204,7,0,0.9636068100401979,0.0,False
VEGFB_FLT1,generic,VEGFB,FLT1,Fibroblast / VLMC,Border macrophage,0.009929413888968673,408,0.8919381453254465,0.9203980099502488,7,1,0.9636068100401979,0.14285714285714285,False
PDGFA_PDGFRA,generic,PDGFA,PDGFRA,Border macrophage,Oligodendrocyte,0.008630030638688094,429,0.8919931900033631,0.8855721393034826,9,0,0.9636068100401979,0.0,False
VEGFB_FLT1,generic,VEGFB,FLT1,Vascular smooth muscle,Erythrocyte (blood),0.005096824360296193,237,0.8932299968728616,0.8955223880597015,5,0,0.9636068100401979,0.0,False
CSF1_CSF1R,generic,CSF1,CSF1R,Border macrophage,Excitatory neuron,0.002296693672407542,1057,0.8933698286603013,0.9203980099502488,12,0,0.9636068100401979,0.0,False
VEGFA_FLT1,generic,VEGFA,FLT1,T / NK cell,Oligodendrocyte,0.0022855418144209234,453,0.8912284135303055,0.900497512437811,9,0,0.9636068100401979,0.0,False
MIF_CD74,generic,MIF,CD74,Astrocyte,OPC,0.2802133145539657,23,0.8951485177280516,0.8855721393034826,0,0,0.963890304123087,0.0,False
PDGFA_PDGFRA,generic,PDGFA,PDGFRA,Astrocyte,Oligodendrocyte,0.003834899405986942,342,0.8950283122963829,0.9502487562189055,6,0,0.963890304123087,0.0,False
SPP1_CD44,generic,SPP1,CD44,Endothelial,T / NK cell,0.012988796347214771,253,0.897028455671365,0.9203980099502488,7,0,0.9653734808653738,0.0,False
GAS6_AXL,generic,GAS6,AXL,T / NK cell,Oligodendrocyte,0.012842456762890678,453,0.8994837209249875,0.8955223880597015,9,0,0.9663916263405486,0.0,False
PDGFA_PDGFRA,generic,PDGFA,PDGFRA,Endothelial,Excitatory neuron,0.005167245564340543,595,0.8991615999548446,0.8955223880597015,12,0,0.9663916263405486,0.0,False
FGF7_FGFR2,generic,FGF7,FGFR2,Erythrocyte (blood),Pericyte,0.004943874147203233,225,0.8992383391553038,0.9154228855721394,5,0,0.9663916263405486,0.0,False
MIF_CD74,generic,MIF,CD74,T / NK cell,Erythrocyte (blood),0.7896145497211485,526,0.9000776129965251,0.9104477611940298,12,0,0.9664891529157769,0.0,False
MIF_CD74,generic,MIF,CD74,Vascular smooth muscle,Border macrophage,0.7625108237673597,164,0.9025005164442822,0.9154228855721394,1,0,0.9671259362006345,0.0,False
MIF_CD74,generic,MIF,CD74,Oligodendrocyte,Endothelial,0.4320656884800304,220,0.9025511168134015,0.8805970149253731,4,0,0.9671259362006345,0.0,False
MIF_CD74,generic,MIF,CD74,Endothelial,Inhibitory neuron,0.3975783103988284,42,0.9030096920314804,0.9203980099502488,0,0,0.9671259362006345,0.0,False
VEGFB_FLT1,generic,VEGFB,FLT1,Erythrocyte (blood),Astrocyte,0.018590373033917817,537,0.9041947847039769,0.9154228855721394,11,0,0.9671259362006345,0.0,False
SPP1_CD44,generic,SPP1,CD44,Excitatory neuron,Border macrophage,0.016673511621967847,1057,0.9020570189652712,0.9104477611940298,12,0,0.9671259362006345,0.0,False
VEGFB_FLT1,generic,VEGFB,FLT1,Fibroblast / VLMC,Astrocyte,0.004882684864922968,382,0.9036801509539925,0.9402985074626866,7,0,0.9671259362006345,0.0,False
SPP1_CD44,generic,SPP1,CD44,Endothelial,Endothelial,0.0021699525363056372,282,0.903964254367515,0.9353233830845771,7,0,0.9671259362006345,0.0,False
MIF_CD74,generic,MIF,CD74,Border macrophage,Endothelial,0.7307494755179238,381,0.9057779302528808,0.9154228855721394,10,0,0.9682801357906422,0.0,False
MIF_CD74,generic,MIF,CD74,Border macrophage,Choroid plexus,0.6885175078185564,194,0.9072850238265591,0.900497512437811,3,0,0.9688129687442023,0.0,False
VEGFB_FLT1,generic,VEGFB,FLT1,Erythrocyte (blood),Pericyte,0.0032419814003838434,225,0.9070870568773597,0.9303482587064676,5,0,0.9688129687442023,0.0,False
FGF7_FGFR2,generic,FGF7,FGFR2,Erythrocyte (blood),Border macrophage,0.004212954134311316,848,0.9084598613961459,0.9104477611940298,12,0,0.9695285520788868,0.0,False
PDGFA_PDGFRA,generic,PDGFA,PDGFRA,Border macrophage,Erythrocyte (blood),0.008234062284793495,848,0.9096661613549006,0.9203980099502488,12,0,0.9700417808267345,0.0,False
FGF2_FGFR1,generic,FGF2,FGFR1,Fibroblast / VLMC,Fibroblast / VLMC,0.001769030439680901,1242,0.9099506970587068,0.9552238805970149,9,0,0.9700417808267345,0.0,False
MIF_CD74,generic,MIF,CD74,Oligodendrocyte,Pericyte,0.5093321576186106,141,0.9111667106611587,0.8955223880597015,1,0,0.9703568549280941,0.0,False
SPP1_CD44,generic,SPP1,CD44,Erythrocyte (blood),Choroid plexus,0.01017198895895353,279,0.9112565155076948,0.9353233830845771,7,0,0.9703568549280941,0.0,False
DLL1_NOTCH1,generic,DLL1,NOTCH1,Erythrocyte (blood),Erythrocyte (blood),0.0010763521021021367,6296,0.9117880245987432,0.9303482587064676,12,0,0.9703849281186625,0.0,False
MIF_CD74,generic,MIF,CD74,Excitatory neuron,Fibroblast / VLMC,0.796032389502726,499,0.9135014439223241,0.9154228855721394,7,0,0.9711324149279384,0.0,False
GAS6_AXL,generic,GAS6,AXL,Excitatory neuron,Fibroblast / VLMC,0.01707590319111734,499,0.9131084520140786,0.9303482587064676,7,0,0.9711324149279384,0.0,False
GAS6_AXL,generic,GAS6,AXL,Erythrocyte (blood),Excitatory neuron,0.024009519796029753,1535,0.9163320680618866,0.9154228855721394,12,0,0.9736028223157546,0.0,False
MIF_CD74,generic,MIF,CD74,Microglia,Erythrocyte (blood),0.8331090005005107,170,0.9173515654497539,0.9253731343283582,4,0,0.9736299307655959,0.0,False
FGF7_FGFR2,generic,FGF7,FGFR2,Endothelial,Endothelial,0.0009449015483788565,282,0.9173712517885104,0.9601990049751243,7,0,0.9736299307655959,0.0,False
PDGFA_PDGFRA,generic,PDGFA,PDGFRA,Fibroblast / VLMC,Erythrocyte (blood),0.008408418116579516,477,0.9181956128518659,0.9203980099502488,8,0,0.9739667433950493,0.0,False
VEGFA_FLT1,generic,VEGFA,FLT1,Erythrocyte (blood),Erythrocyte (blood),0.005502071714423966,6296,0.9195122998588066,0.9203980099502488,12,0,0.9748251258436905,0.0,False
KITLG_KIT,generic,KITLG,KIT,Fibroblast / VLMC,Fibroblast / VLMC,0.0004209937968691766,1242,0.9218003057774402,0.945273631840796,9,0,0.9767117415325222,0.0,False
FGF2_FGFR1,generic,FGF2,FGFR1,Excitatory neuron,Oligodendrocyte,0.0016772251160886641,601,0.9228062464440849,0.9552238805970149,12,0,0.9772385884338959,0.0,False
MIF_CD74,generic,MIF,CD74,Pericyte,Pericyte,0.41292163958916295,26,0.9254878870200479,0.9402985074626866,0,0,0.9790273270716902,0.0,False
GAS6_AXL,generic,GAS6,AXL,Microglia,Excitatory neuron,0.0020072388648986815,225,0.9255146413129565,0.9303482587064676,5,0,0.9790273270716902,0.0,False
VEGFB_FLT1,generic,VEGFB,FLT1,Excitatory neuron,Erythrocyte (blood),0.02243641696457754,1535,0.928271305443527,0.945273631840796,12,1,0.980999277502896,0.08333333333333333,False
PDGFA_PDGFRA,generic,PDGFA,PDGFRA,Excitatory neuron,Fibroblast / VLMC,0.001276782853808814,499,0.9289108202903529,0.9552238805970149,7,0,0.980999277502896,0.0,False
VEGFA_FLT1,generic,VEGFA,FLT1,Excitatory neuron,Oligodendrocyte,0.0009681768901336213,601,0.9284775688285649,0.9502487562189055,12,0,0.980999277502896,0.0,False
MIF_CD74,generic,MIF,CD74,Endothelial,Microglia,0.6379877096269189,82,0.9303841938103314,0.9253731343283582,0,0,0.9820154045657399,0.0,False
MIF_CD74,generic,MIF,CD74,Excitatory neuron,Astrocyte,0.8311304489061946,336,0.9321995241401916,0.9203980099502488,9,1,0.9823122796891433,0.1111111111111111,False
VEGFA_FLT1,generic,VEGFA,FLT1,Excitatory neuron,Erythrocyte (blood),0.004229657696590361,1535,0.9320000833916795,0.9502487562189055,12,0,0.9823122796891433,0.0,False
TGFB2_TGFBR2,generic,TGFB2,TGFBR2,Oligodendrocyte,Oligodendrocyte,0.001614026249852506,19620,0.9316118422327475,0.9303482587064676,12,1,0.9823122796891433,0.08333333333333333,False
MIF_CD74,generic,MIF,CD74,Erythrocyte (blood),Choroid plexus,0.7056365771532913,279,0.9370596303689558,0.9552238805970149,7,0,0.9850045298930037,0.0,False
MIF_CD74,generic,MIF,CD74,Vascular smooth muscle,Astrocyte,0.5587515001055561,237,0.9373020488178828,0.9402985074626866,7,0,0.9850045298930037,0.0,False
MIF_CD74,generic,MIF,CD74,T / NK cell,Pericyte,0.5545130825042724,100,0.9383437218657973,0.9601990049751243,0,0,0.9850045298930037,0.0,False
MIF_CD74,generic,MIF,CD74,Ependymal,Border macrophage,0.5005503061896043,241,0.936513515098388,0.9353233830845771,5,0,0.9850045298930037,0.0,False
PDGFA_PDGFRA,generic,PDGFA,PDGFRA,Oligodendrocyte,Erythrocyte (blood),0.012636785091479738,1342,0.9379749354687038,0.9601990049751243,10,0,0.9850045298930037,0.0,False
PDGFA_PDGFRA,generic,PDGFA,PDGFRA,Erythrocyte (blood),Excitatory neuron,0.007268699256139003,1535,0.9376978900665359,0.9502487562189055,12,0,0.9850045298930037,0.0,False
VEGFA_FLT1,generic,VEGFA,FLT1,Fibroblast / VLMC,Fibroblast / VLMC,0.0010214864775754404,1242,0.9376101496193914,0.9502487562189055,9,0,0.9850045298930037,0.0,False
SPP1_CD44,generic,SPP1,CD44,T / NK cell,Erythrocyte (blood),0.01036308473507261,526,0.9392071929576163,0.9253731343283582,12,0,0.9853724837092196,0.0,False
VEGFB_FLT1,generic,VEGFB,FLT1,Ependymal,Excitatory neuron,0.006342907021515561,274,0.9399388948552215,0.9751243781094527,7,0,0.9856018651838868,0.0,False
MIF_CD74,generic,MIF,CD74,Fibroblast / VLMC,Choroid plexus,0.5847717653150144,138,0.9441614865978044,0.9353233830845771,2,0,0.9879610086496452,0.0,False
MIF_CD74,generic,MIF,CD74,Microglia,Microglia,0.33595573334466844,42,0.9442459197713423,0.9651741293532339,0,0,0.9879610086496452,0.0,False
FGF7_FGFR2,generic,FGF7,FGFR2,Border macrophage,Border macrophage,0.01052399638304516,638,0.9438141770172717,0.9353233830845771,12,0,0.9879610086496452,0.0,False
FGF7_FGFR2,generic,FGF7,FGFR2,Astrocyte,Erythrocyte (blood),0.0019514800449989362,537,0.9437328926900372,0.9651741293532339,11,0,0.9879610086496452,0.0,False
VEGFB_FLT1,generic,VEGFB,FLT1,Erythrocyte (blood),Oligodendrocyte,0.012229897848007043,1342,0.9448051616459678,0.9701492537313433,10,0,0.9880080106270573,0.0,False
GAS6_AXL,generic,GAS6,AXL,Border macrophage,Endothelial,0.008910404102695895,381,0.9466948968812872,0.9651741293532339,10,0,0.9894455369471995,0.0,False
MIF_CD74,generic,MIF,CD74,Ependymal,Oligodendrocyte,0.36189719346853405,221,0.9493854342618683,0.9601990049751243,3,1,0.9900390851787358,0.3333333333333333,False
SPP1_CD44,generic,SPP1,CD44,Excitatory neuron,Oligodendrocyte,0.025778655402870623,601,0.9497321240283146,0.9751243781094527,12,1,0.9900390851787358,0.08333333333333333,False
FGF7_FGFR2,generic,FGF7,FGFR2,Excitatory neuron,Erythrocyte (blood),0.013250807908148253,1535,0.9503550614625659,0.9552238805970149,12,0,0.9900390851787358,0.0,False
SPP1_CD44,generic,SPP1,CD44,Choroid plexus,Erythrocyte (blood),0.011099879673304952,279,0.950161703204771,0.9800995024875622,7,0,0.9900390851787358,0.0,False
FGF7_FGFR2,generic,FGF7,FGFR2,Excitatory neuron,Border macrophage,0.01106221487528892,1057,0.9479331117722279,0.9651741293532339,12,0,0.9900390851787358,0.0,False
DLL4_NOTCH1,generic,DLL4,NOTCH1,Erythrocyte (blood),Erythrocyte (blood),0.0006492575382035145,6296,0.949500078781216,0.9601990049751243,12,0,0.9900390851787358,0.0,False
SEMA3A_NRP1,generic,SEMA3A,NRP1,Oligodendrocyte,Oligodendrocyte,0.001555130748452275,19620,0.9509039224551114,0.9353233830845771,12,0,0.9900739485291431,0.0,False
MIF_CD74,generic,MIF,CD74,Erythrocyte (blood),Astrocyte,0.6854564045838581,537,0.9514937133587762,0.9601990049751243,11,0,0.9901513669351079,0.0,False
MIF_CD74,generic,MIF,CD74,Endothelial,Erythrocyte (blood),0.8047686718931102,594,0.952508653369704,0.9651741293532339,12,0,0.9906708842031411,0.0,False
VEGFB_FLT1,generic,VEGFB,FLT1,Fibroblast / VLMC,Fibroblast / VLMC,0.008811256879769662,1242,0.95345095551352,0.9701492537313433,9,0,0.9909260928651041,0.0,False
CSF1_CSF1R,generic,CSF1,CSF1R,Oligodendrocyte,Erythrocyte (blood),0.0015786689013553626,1342,0.9537857083329399,0.9800995024875622,10,0,0.9909260928651041,0.0,False
MIF_CD74,generic,MIF,CD74,Pericyte,Choroid plexus,0.4045648109622118,41,0.9565499286447686,0.9701492537313433,0,0,0.9927809506298884,0.0,False
FGF7_FGFR2,generic,FGF7,FGFR2,Excitatory neuron,T / NK cell,0.0112332100600874,651,0.9566046536261965,0.9800995024875622,12,0,0.9927809506298884,0.0,False
SPP1_CD44,generic,SPP1,CD44,Fibroblast / VLMC,Oligodendrocyte,0.021261164851466043,722,0.9588248727929706,0.9850746268656716,10,0,0.9945478297166828,0.0,False
SPP1_CD44,generic,SPP1,CD44,Excitatory neuron,Choroid plexus,0.0007087412838623902,321,0.9596992449945712,0.9850746268656716,7,0,0.9949175659118031,0.0,False
JAG1_NOTCH1,generic,JAG1,NOTCH1,Erythrocyte (blood),Erythrocyte (blood),0.001672750611090145,6296,0.9611285804763989,0.9701492537313433,12,0,0.9958619218420509,0.0,False
MIF_CD74,generic,MIF,CD74,Excitatory neuron,Border macrophage,0.8763938799937491,1057,0.9630591266662457,0.9651741293532339,12,1,0.9973243031406243,0.08333333333333333,False
SPP1_CD44,generic,SPP1,CD44,Erythrocyte (blood),Border macrophage,0.01215295655266294,848,0.9653536906901569,0.9751243781094527,12,0,0.9986238232718316,0.0,False
VEGFA_KDR,generic,VEGFA,KDR,Erythrocyte (blood),Erythrocyte (blood),0.00012750216443777992,6296,0.9651317917450575,0.9950248756218906,12,0,0.9986238232718316,0.0,False
MIF_CD74,generic,MIF,CD74,Border macrophage,Astrocyte,0.5990666626959809,516,0.9663463318684961,0.9552238805970149,8,0,0.9991126499027885,0.0,False
MIF_CD74,generic,MIF,CD74,Microglia,Endothelial,0.554198253445509,82,0.9674387636162675,0.9651741293532339,0,0,0.9991665940359407,0.0,False
SPP1_CD44,generic,SPP1,CD44,T / NK cell,T / NK cell,0.01328393623426363,462,0.9669238972329951,0.9701492537313433,10,0,0.9991665940359407,0.0,False
SPP1_CD44,generic,SPP1,CD44,Excitatory neuron,T / NK cell,0.011285631887374385,651,0.9685141945501794,0.9850746268656716,12,0,0.9992028827770648,0.0,False
FGF7_FGFR2,generic,FGF7,FGFR2,Excitatory neuron,Endothelial,0.010282185698757652,595,0.9680574241183489,0.9701492537313433,12,0,0.9992028827770648,0.0,False
MIF_CD74,generic,MIF,CD74,Border macrophage,Ependymal,0.5926327856249829,241,0.9697296928217437,0.9701492537313433,5,1,0.999919881862893,0.2,False
MIF_CD74,generic,MIF,CD74,Microglia,Excitatory neuron,0.8343404992421468,225,0.9740323203401873,0.9751243781094527,5,0,0.9999999999999905,0.0,False
MIF_CD74,generic,MIF,CD74,Excitatory neuron,Choroid plexus,0.8056680974187881,321,0.9838997278212047,0.9900497512437811,7,0,0.9999999999999905,0.0,False
MIF_CD74,generic,MIF,CD74,Excitatory neuron,Endothelial,0.7862365689097333,595,0.9928369449492925,0.9900497512437811,12,0,0.9999999999999905,0.0,False
MIF_CD74,generic,MIF,CD74,Excitatory neuron,Erythrocyte (blood),0.7625908676304336,1535,0.9999996725507228,1.0,12,0,0.9999999999999905,0.0,False
MIF_CD74,generic,MIF,CD74,Endothelial,Excitatory neuron,0.7350979291090445,595,0.9999776739195873,1.0,12,0,0.9999999999999905,0.0,False
MIF_CD74,generic,MIF,CD74,Erythrocyte (blood),Border macrophage,0.7318416478569215,848,0.9898066512936238,0.9950248756218906,12,0,0.9999999999999905,0.0,False
MIF_CD74,generic,MIF,CD74,Border macrophage,Border macrophage,0.6893592543175975,638,0.9919460621273375,0.9850746268656716,12,0,0.9999999999999905,0.0,False
MIF_CD74,generic,MIF,CD74,Excitatory neuron,Excitatory neuron,0.6890397166735942,2258,0.9999999999999905,1.0,12,0,0.9999999999999905,0.0,False
MIF_CD74,generic,MIF,CD74,Erythrocyte (blood),Endothelial,0.6822683498112843,594,0.9984926880037762,1.0,12,0,0.9999999999999905,0.0,False
MIF_CD74,generic,MIF,CD74,Choroid plexus,Excitatory neuron,0.6462116201997175,321,0.9943075523497996,1.0,7,0,0.9999999999999905,0.0,False
MIF_CD74,generic,MIF,CD74,Border macrophage,Erythrocyte (blood),0.6340255283943887,848,0.9999890592640698,1.0,12,0,0.9999999999999905,0.0,False
MIF_CD74,generic,MIF,CD74,Erythrocyte (blood),Excitatory neuron,0.6330830209612458,1535,0.9999999946464581,1.0,12,0,0.9999999999999905,0.0,False
MIF_CD74,generic,MIF,CD74,Erythrocyte (blood),Erythrocyte (blood),0.6321889145164886,6296,0.9999999998774594,1.0,12,0,0.9999999999999905,0.0,False
MIF_CD74,generic,MIF,CD74,Excitatory neuron,Ependymal,0.6277252775039116,274,0.9953465416541101,1.0,7,0,0.9999999999999905,0.0,False
MIF_CD74,generic,MIF,CD74,Excitatory neuron,Pericyte,0.6187394864418927,255,0.9803074055592296,0.9751243781094527,7,0,0.9999999999999905,0.0,False
MIF_CD74,generic,MIF,CD74,Border macrophage,Excitatory neuron,0.6047545484810813,1057,0.999999430067951,1.0,12,0,0.9999999999999905,0.0,False
MIF_CD74,generic,MIF,CD74,Vascular smooth muscle,Erythrocyte (blood),0.5940057979857368,237,0.9916047276386947,0.9850746268656716,5,0,0.9999999999999905,0.0,False
MIF_CD74,generic,MIF,CD74,Fibroblast / VLMC,Excitatory neuron,0.5920091492379596,499,0.9998445868033041,1.0,7,0,0.9999999999999905,0.0,False
MIF_CD74,generic,MIF,CD74,Fibroblast / VLMC,Border macrophage,0.5856706197647488,408,0.991781152173153,0.9850746268656716,7,0,0.9999999999999905,0.0,False
MIF_CD74,generic,MIF,CD74,Erythrocyte (blood),Pericyte,0.584024801519182,225,0.9841986810933576,0.9900497512437811,5,0,0.9999999999999905,0.0,False
MIF_CD74,generic,MIF,CD74,Oligodendrocyte,Excitatory neuron,0.5835918815877791,601,0.982922642425452,0.9900497512437811,12,0,0.9999999999999905,0.0,False
MIF_CD74,generic,MIF,CD74,Border macrophage,Pericyte,0.5804732397198678,160,0.9865043778360089,1.0,3,0,0.9999999999999905,0.0,False
MIF_CD74,generic,MIF,CD74,Oligodendrocyte,Erythrocyte (blood),0.5765659789570042,1342,0.9835984005420932,0.9800995024875622,10,0,0.9999999999999905,0.0,False
MIF_CD74,generic,MIF,CD74,Astrocyte,Excitatory neuron,0.5665730284083457,336,0.9775311228362233,0.9701492537313433,9,0,0.9999999999999905,0.0,False
MIF_CD74,generic,MIF,CD74,Ependymal,Excitatory neuron,0.5196264201272143,274,0.9953262413727363,1.0,7,0,0.9999999999999905,0.0,False
MIF_CD74,generic,MIF,CD74,Vascular smooth muscle,Excitatory neuron,0.49417361471388077,225,0.9997064871788665,1.0,4,0,0.9999999999999905,0.0,False
MIF_CD74,generic,MIF,CD74,Choroid plexus,Pericyte,0.4627754048603337,41,0.9767577481320283,0.9800995024875622,0,0,0.9999999999999905,0.0,False
MIF_CD74,generic,MIF,CD74,Astrocyte,Choroid plexus,0.45049063390807104,152,0.9729385004242376,0.9751243781094527,2,0,0.9999999999999905,0.0,False
MIF_CD74,generic,MIF,CD74,Erythrocyte (blood),Ependymal,0.41717647121160356,241,0.9983990882728521,0.9950248756218906,6,0,0.9999999999999905,0.0,False
MIF_CD74,generic,MIF,CD74,Choroid plexus,Choroid plexus,0.41603868268430233,96,0.990544612027293,0.9950248756218906,1,0,0.9999999999999905,0.0,False
MIF_CD74,generic,MIF,CD74,Vascular smooth muscle,Choroid plexus,0.4099217418764458,61,0.9855840750136458,0.9900497512437811,0,0,0.9999999999999905,0.0,False
MIF_CD74,generic,MIF,CD74,Endothelial,Ependymal,0.38204830561952635,203,0.9939359776125767,0.9950248756218906,3,0,0.9999999999999905,0.0,False
MIF_CD74,generic,MIF,CD74,Choroid plexus,Ependymal,0.35965481644771136,61,0.9979462998454977,1.0,0,0,0.9999999999999905,0.0,False
MIF_CD74,generic,MIF,CD74,Vascular smooth muscle,Pericyte,0.3244232505054797,59,0.9991001174913896,1.0,0,0,0.9999999999999905,0.0,False
MIF_CD74,generic,MIF,CD74,Astrocyte,Pericyte,0.3019268880287806,120,0.9905947292594053,0.9900497512437811,1,0,0.9999999999999905,0.0,False
MIF_CD74,generic,MIF,CD74,Microglia,Ependymal,0.29107653716253856,63,0.9992163222574858,1.0,1,0,0.9999999999999905,0.0,False
SPP1_CD44,generic,SPP1,CD44,Oligodendrocyte,T / NK cell,0.024977166657942546,453,0.9739905520832152,0.9900497512437811,9,0,0.9999999999999905,0.0,False
VEGFB_FLT1,generic,VEGFB,FLT1,Erythrocyte (blood),Erythrocyte (blood),0.021063926524401012,6296,0.9889642188462991,0.9850746268656716,12,0,0.9999999999999905,0.0,False
GAS6_AXL,generic,GAS6,AXL,Oligodendrocyte,Oligodendrocyte,0.01938736717331543,19620,0.9746049703359733,0.9751243781094527,12,0,0.9999999999999905,0.0,False
VEGFB_FLT1,generic,VEGFB,FLT1,Oligodendrocyte,Oligodendrocyte,0.01788718842281357,19620,0.9999999977613472,1.0,12,0,0.9999999999999905,0.0,False
SPP1_CD44,generic,SPP1,CD44,Erythrocyte (blood),Excitatory neuron,0.01626202627191326,1535,0.9776538943029814,0.9850746268656716,12,0,0.9999999999999905,0.0,False
FGF7_FGFR2,generic,FGF7,FGFR2,Excitatory neuron,Excitatory neuron,0.014111096691092735,2258,0.9737479254621645,0.9950248756218906,12,0,0.9999999999999905,0.0,False
FGF7_FGFR2,generic,FGF7,FGFR2,Erythrocyte (blood),Erythrocyte (blood),0.013169102067792884,6296,0.9967352846707225,0.9950248756218906,12,1,0.9999999999999905,0.08333333333333333,False
SPP1_CD44,generic,SPP1,CD44,Border macrophage,Excitatory neuron,0.011892672180565552,1057,0.9787922109599302,0.9900497512437811,12,0,0.9999999999999905,0.0,False
FGF7_FGFR2,generic,FGF7,FGFR2,Excitatory neuron,Fibroblast / VLMC,0.01091873406886099,499,0.9733371880845896,0.9900497512437811,7,0,0.9999999999999905,0.0,False
SPP1_CD44,generic,SPP1,CD44,Excitatory neuron,Excitatory neuron,0.008961131764894254,2258,0.9998617087341998,1.0,12,0,0.9999999999999905,0.0,False
SPP1_CD44,generic,SPP1,CD44,Endothelial,Excitatory neuron,0.007872050249276041,595,0.9889644473206962,1.0,12,0,0.9999999999999905,0.0,False
SPP1_CD44,generic,SPP1,CD44,Excitatory neuron,Erythrocyte (blood),0.007808591973898077,1535,0.9987025978163898,1.0,12,0,0.9999999999999905,0.0,False
FGF7_FGFR2,generic,FGF7,FGFR2,Endothelial,Excitatory neuron,0.007090669369497219,595,0.9775954342326852,0.9950248756218906,12,0,0.9999999999999905,0.0,False
VEGFA_FLT1,generic,VEGFA,FLT1,Oligodendrocyte,Oligodendrocyte,0.00666948070827488,19620,0.9936678574275501,1.0,12,0,0.9999999999999905,0.0,False
SPP1_CD44,generic,SPP1,CD44,Border macrophage,Erythrocyte (blood),0.004618391886634647,848,0.9899004458918199,1.0,12,0,0.9999999999999905,0.0,False
SPP1_CD44,generic,SPP1,CD44,Excitatory neuron,Endothelial,0.0039086897834008484,595,0.9849127020302588,1.0,12,0,0.9999999999999905,0.0,False
FGF7_FGFR2,generic,FGF7,FGFR2,Border macrophage,Excitatory neuron,0.0032546645983729367,1057,0.9750462489081929,0.9900497512437811,12,0,0.9999999999999905,0.0,False
FGF7_FGFR2,generic,FGF7,FGFR2,Erythrocyte (blood),Excitatory neuron,0.002765095311578011,1535,0.9984549207780014,1.0,12,0,0.9999999999999905,0.0,False
PDGFB_PDGFRB,generic,PDGFB,PDGFRB,Erythrocyte (blood),Erythrocyte (blood),0.002320834597646054,6296,0.9762815344600785,0.9900497512437811,12,0,0.9999999999999905,0.0,False
FGF7_FGFR2,generic,FGF7,FGFR2,T / NK cell,T / NK cell,0.0020411713814838623,462,0.984157405614156,1.0,10,0,0.9999999999999905,0.0,False
KITLG_KIT,generic,KITLG,KIT,Oligodendrocyte,Oligodendrocyte,0.002018439742403293,19620,0.9788631451302272,0.9900497512437811,12,0,0.9999999999999905,0.0,False
TGFB1_TGFBR1,generic,TGFB1,TGFBR1,Erythrocyte (blood),Erythrocyte (blood),0.00024522275792901064,6296,0.9703290239728825,0.9900497512437811,12,0,0.9999999999999905,0.0,False
